Year,Player,Pos,School,Height,Weight,40yd,Vertical,Bench,Broad Jump,3Cone,Shuttle,Drafted,Round,Pick,clean_name,season,defensive_PD,defensive_QB HUR,defensive_SACKS,defensive_SOLO,defensive_TD,defensive_TFL,defensive_TOT,fumbles_FUM,fumbles_LOST,fumbles_REC,interceptions_AVG,interceptions_INT,interceptions_TD,interceptions_YDS,kickReturns_AVG,kickReturns_LONG,kickReturns_NO,kickReturns_TD,kickReturns_YDS,kicking_FGA,kicking_FGM,kicking_LONG,kicking_PCT,kicking_PTS,kicking_XPA,kicking_XPM,passing_ATT,passing_COMPLETIONS,passing_INT,passing_PCT,passing_TD,passing_YDS,passing_YPA,puntReturns_AVG,puntReturns_LONG,puntReturns_NO,puntReturns_TD,puntReturns_YDS,punting_In 20,punting_LONG,punting_NO,punting_TB,punting_YDS,punting_YPP,receiving_LONG,receiving_REC,receiving_TD,receiving_YDS,receiving_YPR,rushing_CAR,rushing_LONG,rushing_TD,rushing_YDS,rushing_YPC
2010,seyi ajirotutu,WR,Fresno State,6-3,204.0,4.6,36.0,14.0,115.0,7.22,4.39,False,,,seyi ajirotutu,2009.0,,,,,,,,,,,,,,,,,,,,,,,,,,,,,,,,,,0.0,0.0,1.0,0.0,0.0,,,,,,,46.0,49.0,7.0,677.0,13.8,,,,,
2010,rahim alem,DE,LSU,6-3,251.0,4.75,30.5,,106.0,7.54,4.8,False,,,rahim alem,,,,,,,,,,,,,,,,,,,,,,,,,,,,,,,,,,,,,,,,,,,,,,,,,,,,,,,
2010,charles alexander,DT,LSU,6-4,300.0,5.4,,,,,,False,,,charles alexander,,,,,,,,,,,,,,,,,,,,,,,,,,,,,,,,,,,,,,,,,,,,,,,,,,,,,,,
2010,danario alexander,WR,Missouri,6-5,215.0,4.62,,,,,,False,,,danario alexander,2009.0,,,,,,,,,,,,,,,,,,,,,,,,,,,2.0,1.0,0.0,0.5,1.0,40.0,20.0,,,,,,,,,,,,84.0,113.0,14.0,1781.0,15.8,1.0,10.0,0.0,10.0,10.0
2010,nate allen,S,South Florida,6-0,207.0,4.5,,16.0,,,,True,2.0,37.0,nate allen,2009.0,,,,,,,,,,,11.0,5.0,0.0,55.0,,,,,,,,,,,,,,,,,,,,,,,,,,,,,,,,,,,,,,,,
2010,tyson alualu,DE,California,6-2,295.0,4.87,35.5,21.0,116.0,7.15,4.43,True,1.0,10.0,tyson alualu,,,,,,,,,,,,,,,,,,,,,,,,,,,,,,,,,,,,,,,,,,,,,,,,,,,,,,,
2010,jonathon amaya,S,Nevada,6-1,203.0,4.43,28.0,8.0,118.0,,,False,,,jonathon amaya,2009.0,,,,,,,,,,,0.0,1.0,0.0,0.0,,,,,,,,,,,,,,,,,,,,,0.0,3.0,0.0,,,,,,,,,,,,,,,,,
2010,pat angerer,ILB,Iowa,6-0,235.0,4.71,35.0,26.0,110.0,7.04,4.29,True,2.0,63.0,pat angerer,2009.0,,,,,,,,,,,38.0,1.0,0.0,38.0,,,,,,,,,,,,,,,,,,,,,,,,,,,,,,,,,,,,,,,,
2010,lucien antoine,S,Oklahoma State,6-0,215.0,4.62,32.0,28.0,120.0,7.38,4.47,False,,,lucien antoine,2009.0,,,,,,,,,,,26.0,2.0,1.0,52.0,,,,,,,,,,,,,,,,,,,,8.0,8.0,1.0,0.0,8.0,,,,,,,,,,,,,,,,
2010,javier arenas,CB,Alabama,5-9,197.0,4.6,,,112.0,,,True,2.0,50.0,javier arenas,2009.0,,,,,,,,,,,5.0,5.0,0.0,25.0,29.0,61.0,19.0,0.0,551.0,,,,,,,,,,,,,,,9.3,66.0,53.0,1.0,493.0,,,,,,,,,,,,,,,,
2010,alric arnett,WR,West Virginia,6-2,188.0,4.52,40.0,,122.0,7.03,4.43,False,,,alric arnett,2009.0,,,,,,,,,,,,,,,,,,,,,,,,,,,,,,,,,,,,,,,,,,,,,46.0,43.0,3.0,586.0,13.6,,,,,
2010,jon asamoah,OG,Illinois,6-4,305.0,5.07,,,,,,True,3.0,68.0,jon asamoah,,,,,,,,,,,,,,,,,,,,,,,,,,,,,,,,,,,,,,,,,,,,,,,,,,,,,,,
2010,larry asante,S,Nebraska,6-0,212.0,4.62,37.5,14.0,118.0,7.0,4.17,True,5.0,160.0,larry asante,2009.0,,,,,,,,,,,37.0,2.0,1.0,74.0,,,,,,,,,,,,,,,,,,,,,,,,,,,,,,,,,,,,,,,,
2010,geno atkins,DT,Georgia,6-1,293.0,4.75,33.0,34.0,117.0,7.33,4.43,True,4.0,120.0,geno atkins,,,,,,,,,,,,,,,,,,,,,,,,,,,,,,,,,,,,,,,,,,,,,,,,,,,,,,,
2010,brandon banks,WR,Kansas State,5-7,149.0,4.37,31.0,,113.0,6.88,4.29,False,,,brandon banks,2009.0,,,,,,,,,,,,,,,28.9,98.0,39.0,4.0,1127.0,,,,,,,,,,,,,,,6.2,26.0,25.0,0.0,155.0,,,,,,,64.0,56.0,1.0,705.0,12.6,11.0,20.0,0.0,110.0,10.0
2010,kevin basped,DE,Nevada,6-4,258.0,4.75,29.0,26.0,104.0,7.54,4.88,False,,,kevin basped,,,,,,,,,,,,,,,,,,,,,,,,,,,,,,,,,,,,,,,,,,,,,,,,,,,,,,,
2010,zane beadles,OG,Utah,6-4,310.0,5.28,,27.0,,,,True,2.0,45.0,zane beadles,,,,,,,,,,,,,,,,,,,,,,,,,,,,,,,,,,,,,,,,,,,,,,,,,,,,,,,
2010,jason beauchamp,ILB,UNLV,6-3,244.0,4.89,39.5,21.0,120.0,7.1,,False,,,jason beauchamp,,,,,,,,,,,,,,,,,,,,,,,,,,,,,,,,,,,,,,,,,,,,,,,,,,,,,,,
2010,chris bell,WR,Norfolk State,6-2,211.0,4.5,35.0,15.0,117.0,6.76,4.35,False,,,chris bell,,,,,,,,,,,,,,,,,,,,,,,,,,,,,,,,,,,,,,,,,,,,,,,,,,,,,,,
2010,joique bell,RB,Wayne State (MI),5-11,220.0,4.68,36.5,,120.0,6.84,4.17,False,,,joique bell,,,,,,,,,,,,,,,,,,,,,,,,,,,,,,,,,,,,,,,,,,,,,,,,,,,,,,,
2010,arrelious benn,WR,Illinois,6-1,219.0,4.57,37.0,20.0,118.0,,,True,2.0,39.0,arrelious benn,2009.0,,,,,,,,,,,,,,,26.5,40.0,12.0,0.0,318.0,,,,,,,,,,,,,,,,,,,,,,,,,,58.0,38.0,2.0,490.0,12.9,7.0,8.0,1.0,23.0,3.3
2010,eric berry,S,Tennessee,6-0,211.0,4.4,43.0,19.0,130.0,6.8,4.23,True,1.0,5.0,eric berry,2009.0,,,,,,,,,,,3.5,2.0,0.0,7.0,25.0,31.0,4.0,0.0,100.0,,,,,,,,,,,,,,,,,,,,,,,,,,,,,,,,,,,
2010,jahvid best,RB,California,5-10,199.0,4.34,32.5,18.0,113.0,6.75,4.17,True,1.0,30.0,jahvid best,2009.0,,,,,,,,,,,,,,,18.0,18.0,1.0,0.0,18.0,,,,,,,,,,,,,,,,,,,,,,,,,,51.0,22.0,4.0,213.0,9.7,141.0,93.0,12.0,867.0,6.1
2010,ciron black,OG,LSU,6-4,327.0,5.53,25.5,23.0,91.0,8.52,5.13,False,,,ciron black,,,,,,,,,,,,,,,,,,,,,,,,,,,,,,,,,,,,,,,,,,,,,,,,,,,,,,,
2010,legarrette blount,RB,Oregon,6-0,241.0,4.7,35.0,18.0,117.0,6.85,4.49,False,,,legarrette blount,2009.0,,,,,,,,,,,,,,,,,,,,,,,,,,,,,,,,,,,,,,,,,,,,,7.0,2.0,0.0,13.0,6.5,22.0,30.0,2.0,82.0,3.7
2010,nyan boateng,WR,California,6-1,204.0,4.66,36.0,14.0,112.0,7.35,4.69,False,,,nyan boateng,2009.0,,,,,,,,,,,,,,,,,,,,,,,,,,,,,,,,,,,,,,,,,,,,,39.0,13.0,2.0,191.0,14.7,,,,,
2010,kyle bosworth,OLB,UCLA,6-1,236.0,4.69,32.5,25.0,117.0,6.67,4.11,False,,,kyle bosworth,,,,,,,,,,,,,,,,,,,,,,,,,,,,,,,,,,,,,,,,,,,,,,,,,,,,,,,
2010,brent bowden,P,Virginia Tech,6-2,202.0,4.8,,,,,,True,6.0,172.0,brent bowden,2009.0,,,,,,,,,,,,,,,,,,,,,,,,,,,,,,,,,,,,,,,0.0,60.0,57.0,0.0,2495.0,43.8,,,,,,,,,,
2010,navorro bowman,OLB,Penn State,6-0,242.0,4.7,29.5,26.0,115.0,6.91,4.59,True,3.0,91.0,navorro bowman,,,,,,,,,,,,,,,,,,,,,,,,,,,,,,,,,,,,,,,,,,,,,,,,,,,,,,,
2010,sam bradford,QB,Oklahoma,6-4,236.0,4.79,,,,,,True,1.0,1.0,sam bradford,2009.0,,,,,,,,,,,,,,,,,,,,,,,,,,,69.0,39.0,0.0,0.565,2.0,562.0,8.1,,,,,,,,,,,,,,,,,4.0,5.0,0.0,,
2010,dezmon briscoe,WR,Kansas,6-2,207.0,4.66,33.0,9.0,115.0,7.1,4.57,True,6.0,191.0,dezmon briscoe,2009.0,,,,,,,,,,,,,,,22.7,98.0,19.0,1.0,432.0,,,,,,,,,,,,,,,,,,,,,,,,,,74.0,84.0,9.0,1337.0,15.9,2.0,20.0,1.0,19.0,9.5
2010,dorian brooks,OG,James Madison,6-2,306.0,5.15,23.0,26.0,100.0,7.73,4.66,False,,,dorian brooks,,,,,,,,,,,,,,,,,,,,,,,,,,,,,,,,,,,,,,,,,,,,,,,,,,,,,,,
2010,chris brown,RB,Oklahoma,5-10,210.0,4.55,36.0,17.0,115.0,,,False,,,chris brown,2020.0,7.0,0.0,0.0,42.0,0.0,2.0,46.0,0.0,0.0,1.0,22.0,1.0,0.0,22.0,,,,,,,,,,,,,,,,,,,,,,,,,,,,,,,,,,,,,,,,
2010,antonio brown,WR,Central Michigan,5-10,186.0,4.56,33.5,13.0,105.0,6.98,4.18,True,6.0,195.0,antonio brown,2009.0,,,,,,,,,,,,,,,22.1,95.0,35.0,1.0,773.0,,,,,,,,2.0,1.0,0.0,0.5,0.0,24.0,12.0,9.6,75.0,28.0,2.0,270.0,,,,,,,82.0,110.0,9.0,1198.0,10.9,42.0,29.0,3.0,341.0,8.1
2010,charles brown,OT,USC,6-5,303.0,5.21,31.5,21.0,,,,True,2.0,64.0,charles brown,2011.0,,,,,,,,,,,0.0,2.0,0.0,0.0,19.9,39.0,9.0,0.0,179.0,,,,,,,,,,,,,,,1.3,18.0,24.0,0.0,30.0,,,,,,,27.0,8.0,0.0,101.0,12.6,1.0,0.0,0.0,,
2010,cornelius brown,CB,Texas-El Paso,5-11,198.0,4.59,31.5,11.0,118.0,6.87,4.24,False,,,cornelius brown,2009.0,,,,,,,,,,,,,,,24.5,31.0,2.0,0.0,49.0,,,,,,,,,,,,,,,,,,,,,,,,,,,,,,,,,,,
2010,jarrett brown,QB,West Virginia,6-3,224.0,4.5,34.5,,114.0,7.24,4.39,False,,,jarrett brown,2009.0,,,,,,,,,,,,,,,,,,,,,,,,,,,296.0,187.0,9.0,0.632,11.0,2144.0,7.2,,,,,,,,,,,,,,,,,118.0,36.0,6.0,452.0,3.8
2010,levi brown,QB,Troy,6-3,229.0,4.93,31.5,20.0,106.0,7.07,4.43,True,7.0,209.0,levi brown,2009.0,,,,,,,,,,,,,,,,,,,,,,,,,,,504.0,321.0,9.0,0.637,23.0,4254.0,8.4,,,,,,,,,,,,17.0,1.0,0.0,17.0,17.0,54.0,37.0,1.0,7.0,0.1
2010,dez bryant,WR,Oklahoma State,6-2,225.0,4.52,,,,,,True,1.0,24.0,dez bryant,2009.0,,,,,,,,,,,,,,,21.5,25.0,2.0,0.0,43.0,,,,,,,,,,,,,,,37.0,82.0,3.0,1.0,111.0,,,,,,,46.0,17.0,4.0,323.0,19.0,,,,,
2010,bryan bulaga,OT,Iowa,6-5,314.0,5.2,27.5,26.0,98.0,7.7,4.75,True,1.0,23.0,bryan bulaga,,,,,,,,,,,,,,,,,,,,,,,,,,,,,,,,,,,,,,,,,,,,,,,,,,,,,,,
2010,morgan burnett,S,Georgia Tech,6-1,209.0,4.51,,16.0,,,,True,3.0,71.0,morgan burnett,2009.0,,,,,,,,,,,10.0,4.0,0.0,40.0,,,,,,,,,,,,,,,,,,,,,,,,,,,,,,,,,,,,,,,,
2010,crezdon butler,CB,Clemson,6-0,191.0,4.43,39.5,17.0,121.0,7.08,4.23,True,5.0,164.0,crezdon butler,2009.0,,,,,,,,,,,47.0,1.0,0.0,47.0,,,,,,,,,,,,,,,,,,,,2.3,5.0,3.0,0.0,7.0,,,,,,,,,,,,,,,,
2010,donald butler,ILB,Washington,6-1,245.0,4.61,,35.0,,,,True,3.0,79.0,donald butler,2009.0,,,,,,,,,,,7.5,2.0,0.0,15.0,,,,,,,,,,,,,,,,,,,,,,,,,,,,,,,,,,,,,,,,
2010,jeff byers,C,USC,6-3,301.0,5.04,,33.0,,,,False,,,jeff byers,,,,,,,,,,,,,,,,,,,,,,,,,,,,,,,,,,,,,,,,,,,,,,,,,,,,,,,
2010,nate byham,TE,Pittsburgh,6-4,268.0,4.97,29.0,,109.0,,,True,6.0,182.0,nate byham,,,,,,,,,,,,,,,,,,,,,,,,,,,,,,,,,,,,,,,,,,,,,,,,,,,,,,,
2010,kyle calloway,OT,Iowa,6-6,323.0,5.46,23.5,22.0,92.0,7.96,4.86,True,7.0,216.0,kyle calloway,,,,,,,,,,,,,,,,,,,,,,,,,,,,,,,,,,,,,,,,,,,,,,,,,,,,,,,
2010,lee campbell,ILB,Minnesota,6-2,247.0,4.88,34.0,17.0,108.0,7.27,4.4,False,,,lee campbell,2009.0,,,,,,,,,,,32.0,1.0,0.0,32.0,,,,,,,,,,,,,,,,,,,,,,,,,,,,,,,,,,,,,,,,
2010,bruce campbell,OT,Maryland,6-6,314.0,4.75,32.0,34.0,101.0,7.58,4.69,True,4.0,106.0,bruce campbell,,,,,,,,,,,,,,,,,,,,,,,,,,,,,,,,,,,,,,,,,,,,,,,,,,,,,,,
2010,sean canfield,QB,Oregon State,6-4,223.0,4.93,29.5,,100.0,7.26,4.39,True,7.0,239.0,sean canfield,2009.0,,,,,,,,,,,,,,,,,,,,,,,,,,,446.0,303.0,7.0,0.679,21.0,3271.0,7.3,,,,,,,,,,,,,,,,,48.0,7.0,2.0,,
2010,selvish capers,OT,West Virginia,6-5,308.0,5.11,30.5,19.0,106.0,7.68,4.68,True,7.0,231.0,selvish capers,2008.0,,,,,,,,,,,,,,,,,,,,,,,,,,,,,,,,,,,,,,,,,,,,,,1.0,0.0,,,,,,,
2010,alex carrington,DE,Arkansas State,6-5,285.0,4.92,,26.0,,,,True,3.0,72.0,alex carrington,2008.0,,,,,,,,,,,18.0,1.0,0.0,18.0,,,,,,,,,,,,,,,,,,,,,,,,,,,,,,,,,,,,,,,,
2010,nolan carroll,CB,Maryland,5-11,204.0,4.42,,,,,,True,5.0,145.0,nolan carroll,,,,,,,,,,,,,,,,,,,,,,,,,,,,,,,,,,,,,,,,,,,,,,,,,,,,,,,
2010,brandon carter,OG,Texas Tech,6-6,329.0,5.34,24.5,22.0,102.0,7.82,4.94,False,,,brandon carter,,,,,,,,,,,,,,,,,,,,,,,,,,,,,,,,,,,,,,,,,,,,,,,,,,,,,,,
2010,chris carter,WR,California-Davis,5-11,191.0,4.49,,12.0,,,,True,5.0,162.0,chris carter,,,,,,,,,,,,,,,,,,,,,,,,,,,,,,,,,,,,,,,,,,,,,,,,,,,,,,,
2010,chris chancellor,CB,Clemson,5-9,177.0,4.49,34.0,14.0,115.0,6.85,4.07,False,,,chris chancellor,2009.0,,,,,,,,,,,37.0,1.0,0.0,37.0,,,,,,,,,,,,,,,,,,,,,,,,,,,,,,,,,,,,,,,,
2010,kam chancellor,S,Virginia Tech,6-3,231.0,4.62,32.0,22.0,116.0,7.36,4.41,True,5.0,133.0,kam chancellor,2009.0,,,,,,,,,,,,2.0,0.0,,,,,,,,,,,,,,,,,,,,,,,,,,,,,,,,,,,,,,,,,
2010,jamar chaney,ILB,Mississippi State,6-1,242.0,4.54,39.0,26.0,124.0,6.9,4.29,True,7.0,220.0,jamar chaney,2009.0,,,,,,,,,,,9.5,2.0,0.0,19.0,,,,,,,,,,,,,,,,,,,,,,,,,,,,,,,,,,,,,,,,
2010,barry church,S,Toledo,6-1,222.0,4.69,36.0,19.0,121.0,6.65,4.17,False,,,barry church,2009.0,,,,,,,,,,,4.0,1.0,0.0,4.0,,,,,,,,,,,,,,,,,,,,,,,,,,,,,,,,,,,,,,,,
2010,daryll clark,QB,Penn State,6-2,235.0,4.72,,21.0,,,,False,,,daryll clark,2009.0,,,,,,,,,,,,,,,,,,,,,,,,,,,381.0,232.0,10.0,0.609,24.0,3003.0,7.9,,,,,,,,,,,,,,,,,84.0,51.0,7.0,211.0,2.5
2010,jimmy clausen,QB,Notre Dame,6-3,222.0,4.76,,,,,,True,2.0,48.0,jimmy clausen,2009.0,,,,,,,,,,,,,,,,,,,,,,,,,,,425.0,289.0,4.0,0.68,28.0,3722.0,8.8,,,,,,,,,,,,,,,,,59.0,11.0,3.0,,
2010,keenan clayton,OLB,Oklahoma,6-1,229.0,4.59,41.5,27.0,124.0,,,True,4.0,121.0,keenan clayton,2009.0,,,,,,,,,,,4.5,2.0,0.0,9.0,,,,,,,,,,,,,,,,,,,,,,,,,,,,,,,,,,,,,,,,
2010,terrence cody,DT,Alabama,6-4,354.0,5.71,20.5,,90.0,8.19,5.03,True,2.0,57.0,terrence cody,,,,,,,,,,,,,,,,,,,,,,,,,,,,,,,,,,,,,,,,,,,,,,,,,,,,,,,
2010,justin cole,OLB,San Jose State,6-3,242.0,4.76,34.5,22.0,117.0,7.13,4.42,False,,,justin cole,2008.0,,,,,,,,,,,62.0,1.0,1.0,62.0,,,,,,,,,,,,,,,,,,,,,,,,,,,,,,,,,,,,,,,,
2010,harry coleman,S,LSU,6-1,211.0,4.56,33.0,13.0,115.0,7.24,4.42,False,,,harry coleman,,,,,,,,,,,,,,,,,,,,,,,,,,,,,,,,,,,,,,,,,,,,,,,,,,,,,,,
2010,antonio coleman,OLB,Auburn,6-1,255.0,4.76,,18.0,113.0,,,False,,,antonio coleman,2009.0,,,,,,,,,,,20.0,1.0,1.0,20.0,,,,,,,,,,,,,,,,,,,,,,,,,,,,,,,,,,,,,,,,
2010,kurt coleman,S,Ohio State,5-10,192.0,4.55,,19.0,,,,True,7.0,244.0,kurt coleman,2009.0,,,,,,,,,,,25.8,5.0,1.0,129.0,,,,,,,,,,,,,,,,,,,,,,,,,,,,,,,,,,,,,,,,
2010,john conner,FB,Kentucky,5-11,246.0,4.64,35.0,24.0,111.0,7.15,4.32,True,5.0,139.0,john conner,2009.0,,,,,,,,,,,,,,,4.0,4.0,1.0,0.0,4.0,,,,,,,,,,,,,,,,,,,,,,,,,,25.0,5.0,1.0,46.0,9.2,31.0,39.0,2.0,158.0,5.1
2010,kavell conner,OLB,Clemson,6-0,242.0,4.59,33.5,24.0,110.0,7.36,4.6,True,7.0,240.0,kavell conner,2008.0,,,,,,,,,,,0.0,1.0,0.0,0.0,,,,,,,,,,,,,,,,,,,,,,,,,,,,,,,,,,,,,,,,
2010,chris cook,CB,Virginia,6-2,212.0,4.45,38.0,7.0,132.0,6.88,4.23,True,2.0,34.0,chris cook,2009.0,,,,,,,,,,,16.5,4.0,1.0,66.0,16.8,28.0,6.0,0.0,101.0,,,,,,,,,,,,,,,,,,,,,,,,,,,,,,,,,,,
2010,erik cook,C,New Mexico,6-6,318.0,5.55,25.0,19.0,94.0,8.24,4.99,True,7.0,229.0,erik cook,,,,,,,,,,,,,,,,,,,,,,,,,,,,,,,,,,,,,,,,,,,,,,,,,,,,,,,
2010,riley cooper,WR,Florida,6-3,222.0,4.53,33.0,,114.0,,,True,5.0,159.0,riley cooper,2009.0,,,,,,,,,,,,,,,,,,,,,,,,,,,1.0,0.0,0.0,0.0,0.0,0.0,0.0,,,,,,,,,,,,80.0,51.0,9.0,961.0,18.8,1.0,14.0,0.0,14.0,14.0
2010,perrish cox,CB,Oklahoma State,5-11,195.0,4.58,32.5,12.0,113.0,,,True,5.0,137.0,perrish cox,2009.0,,,,,,,,,,,3.0,4.0,0.0,12.0,20.9,74.0,31.0,0.0,649.0,,,,,,,,,,,,,,,7.9,67.0,25.0,1.0,198.0,,,,,,,,,,,,,,,,
2010,jermaine cunningham,DE,Florida,6-3,266.0,4.89,,,,,,True,2.0,53.0,jermaine cunningham,,,,,,,,,,,,,,,,,,,,,,,,,,,,,,,,,,,,,,,,,,,,,,,,,,,,,,,
2010,rennie curran,OLB,Georgia,5-11,235.0,4.75,34.5,25.0,,,,True,3.0,97.0,rennie curran,,,,,,,,,,,,,,,,,,,,,,,,,,,,,,,,,,,,,,,,,,,,,,,,,,,,,,,
2010,anthony davis,OT,Rutgers,6-5,323.0,5.36,33.0,21.0,99.0,8.17,4.97,True,1.0,11.0,anthony davis,2009.0,,,,,,,,,,,,,,,22.0,22.0,1.0,0.0,22.0,,,,,,,,,,,,,,,,,,,,,,,,,,4.0,1.0,1.0,4.0,4.0,,,,,
2010,dexter davis,OLB,Arizona State,6-1,244.0,4.62,35.0,25.0,109.0,7.08,4.3,True,7.0,236.0,dexter davis,2009.0,,,,,,,,,,,3.0,1.0,0.0,3.0,,,,,,,,,,,,,,,,,,,,,,,,,,,,,,,,,,,,,,,,
2010,hall davis,DE,Louisiana-Lafayette,6-4,271.0,4.84,,28.0,,,,True,5.0,149.0,hall davis,2009.0,,,,,,,,,,,0.0,1.0,0.0,0.0,,,,,,,,,,,,,,,,,,,,,,,,,,,,,,,,,,,,,,,,
2010,brandon deaderick,DT,Alabama,6-4,314.0,5.08,,,,,,True,7.0,247.0,brandon deaderick,,,,,,,,,,,,,,,,,,,,,,,,,,,,,,,,,,,,,,,,,,,,,,,,,,,,,,,
2010,eric decker,WR,Minnesota,6-3,217.0,4.54,,15.0,,,,True,3.0,87.0,eric decker,2009.0,,,,,,,,,,,,,,,,,,,,,,,,,,,2.0,1.0,0.0,0.5,1.0,7.0,3.5,,,,,,,,,,,,53.0,50.0,5.0,758.0,15.2,,,,,
2010,chris degeare,OG,Wake Forest,6-4,325.0,5.12,32.5,27.0,103.0,7.84,4.9,True,5.0,161.0,chris degeare,,,,,,,,,,,,,,,,,,,,,,,,,,,,,,,,,,,,,,,,,,,,,,,,,,,,,,,
2010,dorin dickerson,TE,Pittsburgh,6-1,226.0,4.4,43.5,24.0,125.0,6.96,4.3,True,7.0,227.0,dorin dickerson,2009.0,,,,,,,,,,,,,,,13.0,20.0,2.0,0.0,26.0,,,,,,,,,,,,,,,,,,,,,,,,,,53.0,49.0,10.0,529.0,10.8,,,,,
2010,ed dickson,TE,Oregon,6-4,249.0,4.59,34.0,23.0,115.0,7.32,4.59,True,3.0,70.0,ed dickson,2009.0,,,,,,,,,,,,,,,,,,,,,,,,,,,,,,,,,,,,,,,,,,,,,36.0,42.0,6.0,551.0,13.1,,,,,
2010,phillip dillard,ILB,Nebraska,6-0,245.0,4.65,31.5,,106.0,7.16,4.43,True,4.0,115.0,phillip dillard,2009.0,,,,,,,,,,,9.0,1.0,0.0,9.0,,,,,,,,,,,,,,,,,,,,,,,,,,,,,,,,,,,,,,,,
2010,andre dixon,RB,Connecticut,6-1,205.0,4.56,40.0,,117.0,6.99,4.19,False,,,andre dixon,2009.0,,,,,,,,,,,,,,,0.0,0.0,1.0,0.0,0.0,,,,,,,,,,,,,,,,,,,,,,,,,,27.0,11.0,1.0,112.0,10.2,239.0,45.0,14.0,1093.0,4.6
2010,anthony dixon,RB,Mississippi State,6-1,233.0,4.67,33.0,15.0,121.0,7.09,4.49,True,6.0,173.0,anthony dixon,,,,,,,,,,,,,,,,,,,,,,,,,,,,,,,,,,,,,,,,,,,,,,,,,,,,,,,
2010,matt dodge,P,East Carolina,6-1,224.0,,,,,,,True,7.0,221.0,matt dodge,2009.0,,,,,,,,,,,,,,,,,,,,,,,,,,,,,,,,,,,,,,,0.0,73.0,67.0,0.0,3069.0,45.8,,,,,,2.0,19.0,0.0,17.0,8.5
2010,jim dray,TE,Stanford,6-5,246.0,4.82,,17.0,,,,True,7.0,233.0,jim dray,2009.0,,,,,,,,,,,,,,,,,,,,,,,,,,,,,,,,,,,,,,,,,,,,,30.0,11.0,3.0,149.0,13.5,,,,,
2010,vladimir ducasse,OT,Massachusetts,6-4,332.0,5.21,26.0,29.0,91.0,8.25,4.97,True,2.0,61.0,vladimir ducasse,,,,,,,,,,,,,,,,,,,,,,,,,,,,,,,,,,,,,,,,,,,,,,,,,,,,,,,
2010,carlos dunlap,DE,Florida,6-6,277.0,4.68,31.5,21.0,111.0,7.21,4.61,True,2.0,54.0,carlos dunlap,2008.0,,,,,,,,,,,,,,,,,,,,,,,,,,,,,,,,,,12.0,12.0,1.0,0.0,12.0,,,,,,,,,,,,,,,,
2010,jonathan dwyer,RB,Georgia Tech,5-11,229.0,4.64,33.0,15.0,107.0,7.56,4.67,True,6.0,188.0,jonathan dwyer,2009.0,,,,,,,,,,,,,,,,,,,,,,,,,,,,,,,,,,,,,,,,,,,,,21.0,5.0,0.0,37.0,7.4,235.0,74.0,14.0,1395.0,5.9
2010,marcus easley,WR,Connecticut,6-3,210.0,4.39,34.0,16.0,123.0,6.94,4.6,True,4.0,107.0,marcus easley,2009.0,,,,,,,,,,,,,,,,,,,,,,,,,,,,,,,,,,,,,,,,,,,,,88.0,48.0,8.0,893.0,18.6,1.0,11.0,0.0,11.0,11.0
2010,a.j. edds,OLB,Iowa,6-4,246.0,4.62,33.0,16.0,117.0,7.19,4.28,True,4.0,119.0,aj edds,2009.0,,,,,,,,,,,5.8,5.0,0.0,29.0,,,,,,,,,,,,,,,,,,,,,,,,,,,,,,,,,,,,,,,,
2010,armanti edwards,WR,Appalachian State,5-11,187.0,4.41,,,,,,True,3.0,89.0,armanti edwards,,,,,,,,,,,,,,,,,,,,,,,,,,,,,,,,,,,,,,,,,,,,,,,,,,,,,,,
2010,brody eldridge,TE,Oklahoma,6-5,261.0,4.72,31.5,,,,,True,5.0,162.0,brody eldridge,2009.0,,,,,,,,,,,,,,,,,,,,,,,,,,,,,,,,,,,,,,,,,,,,,10.0,2.0,0.0,19.0,9.5,,,,,
2010,dedrick epps,TE,Miami (FL),6-3,250.0,4.7,,19.0,,,,True,7.0,235.0,dedrick epps,2009.0,,,,,,,,,,,,,,,,,,,,,,,,,,,,,,,,,,,,,,,,,,,,,33.0,19.0,3.0,247.0,13.0,,,,,
2010,jacoby ford,WR,Clemson,5-9,186.0,4.28,33.5,15.0,115.0,7.0,4.44,True,4.0,108.0,jacoby ford,2009.0,,,,,,,,,,,,,,,19.3,39.0,9.0,0.0,174.0,,,,,,,,2.0,2.0,0.0,1.0,1.0,55.0,27.5,7.9,61.0,18.0,1.0,143.0,,,,,,,77.0,56.0,6.0,779.0,13.9,18.0,17.0,2.0,122.0,6.8
2010,jason fox,OT,Miami (FL),6-7,303.0,5.45,,23.0,,,,True,4.0,128.0,jason fox,2008.0,,,,,,,,,,,,,,,,,,,,,,,,,,,,,,,,,,,,,,,,,,,,,,,,,,1.0,5.0,1.0,5.0,5.0
2010,dominique franks,CB,Oklahoma,5-11,194.0,4.46,33.5,10.0,117.0,7.32,4.33,True,5.0,135.0,dominique franks,2009.0,,,,,,,,,,,48.5,2.0,1.0,97.0,19.3,28.0,7.0,0.0,135.0,,,,,,,,,,,,,,,9.4,51.0,20.0,0.0,187.0,,,,,,,,,,,,,,,,
2010,junior galette,OLB,Temple,6-2,257.0,4.77,33.5,25.0,113.0,7.04,4.16,False,,,junior galette,,,,,,,,,,,,,,,,,,,,,,,,,,,,,,,,,,,,,,,,,,,,,,,,,,,,,,,
2010,clifton geathers,DE,South Carolina,6-7,299.0,4.98,36.0,26.0,112.0,7.69,,True,6.0,186.0,clifton geathers,,,,,,,,,,,,,,,,,,,,,,,,,,,,,,,,,,,,,,,,,,,,,,,,,,,,,,,
2010,riar geer,FB,Colorado,6-3,256.0,5.0,33.0,13.0,106.0,7.13,4.29,False,,,riar geer,2009.0,,,,,,,,,,,,,,,,,,,,,,,,,,,,,,,,,,,,,,,,,,,,,29.0,36.0,4.0,402.0,11.2,,,,,
2010,toby gerhart,RB,Stanford,6-0,231.0,4.5,38.0,22.0,118.0,6.94,4.25,True,2.0,51.0,toby gerhart,2009.0,,,,,,,,,,,,,,,,,,,,,,,,,,,1.0,1.0,0.0,1.0,1.0,18.0,18.0,,,,,,,,,,,,33.0,11.0,0.0,157.0,14.3,343.0,61.0,27.0,1871.0,5.5
2010,david gettis,WR,Baylor,6-3,217.0,4.43,34.5,15.0,124.0,6.94,4.41,True,6.0,198.0,david gettis,,,,,,,,,,,,,,,,,,,,,,,,,,,,,,,,,,,,,,,,,,,,,,,,,,,,,,,
2010,brandon ghee,CB,Wake Forest,6-0,192.0,4.37,37.0,15.0,127.0,6.75,4.07,True,3.0,96.0,brandon ghee,2008.0,,,,,,,,,,,0.0,1.0,0.0,0.0,,,,,,,,,,,,,,,,,,,,10.0,10.0,1.0,0.0,10.0,,,,,,,,,,,,,,,,
2010,thaddeus gibson,OLB,Ohio State,6-2,243.0,4.78,32.0,32.0,115.0,6.84,4.27,True,4.0,116.0,thaddeus gibson,2009.0,,,,,,,,,,,5.0,1.0,0.0,5.0,,,,,,,,,,,,,,,,,,,,,,,,,,,,,,,,,,,,,,,,
2010,mardy gilyard,WR,Cincinnati,6-0,187.0,4.61,39.0,,116.0,6.92,4.4,True,4.0,99.0,mardy gilyard,2009.0,,,,,,,,,,,,,,,30.5,99.0,42.0,2.0,1281.0,,,,,,,,,,,,,,,5.6,53.0,36.0,1.0,202.0,,,,,,,68.0,87.0,11.0,1191.0,13.7,5.0,5.0,1.0,16.0,3.2
2010,travis goethel,ILB,Arizona State,6-2,240.0,4.81,35.0,21.0,111.0,6.93,4.54,True,6.0,190.0,travis goethel,2009.0,,,,,,,,,,,34.0,1.0,0.0,34.0,,,,,,,,,,,,,,,,,,,,,,,,,,,,,,,,,,,,,,,,
2010,brandon graham,OLB,Michigan,6-1,268.0,4.71,,31.0,,,,True,1.0,13.0,brandon graham,2009.0,,,,,,,,,,,,,,,,,,,,,,,,,,,,,,,,,,12.0,26.0,3.0,1.0,36.0,,,,,,,,,,,,,,,,
2010,garrett graham,TE,Wisconsin,6-3,243.0,4.71,34.5,20.0,112.0,7.09,4.35,True,4.0,118.0,garrett graham,2009.0,,,,,,,,,,,,,,,,,,,,,,,,,,,,,,,,,,,,,,,,,,,,,27.0,51.0,7.0,624.0,12.2,,,,,
2010,jimmy graham,TE,Miami (FL),6-6,260.0,4.53,38.5,,120.0,6.9,4.45,True,3.0,95.0,jimmy graham,2009.0,,,,,,,,,,,,,,,10.0,12.0,3.0,0.0,30.0,,,,,,,,,,,,,,,,,,,,,,,,,,22.0,17.0,5.0,213.0,12.5,,,,,
2010,marshay green,CB,Mississippi,5-9,180.0,4.52,35.5,,124.0,6.66,4.11,False,,,marshay green,2009.0,,,,,,,,,,,,,,,,,,,,,,,,,,,,,,,,,,6.3,63.0,42.0,0.0,264.0,,,,,,,,,,,,,,,,
2010,kurtis gregory,OG,Missouri,6-4,305.0,5.31,25.5,26.0,91.0,7.62,4.93,False,,,kurtis gregory,,,,,,,,,,,,,,,,,,,,,,,,,,,,,,,,,,,,,,,,,,,,,,,,,,,,,,,
2010,clint gresham,LS,TCU,6-3,236.0,5.08,,,,,,False,,,clint gresham,,,,,,,,,,,,,,,,,,,,,,,,,,,,,,,,,,,,,,,,,,,,,,,,,,,,,,,
2010,jermaine gresham,TE,Oklahoma,6-5,261.0,4.66,35.0,20.0,113.0,7.07,4.53,True,1.0,21.0,jermaine gresham,2008.0,,,,,,,,,,,,,,,,,,,,,,,,,,,,,,,,,,,,,,,,,,,,,73.0,66.0,14.0,950.0,14.4,1.0,5.0,0.0,5.0,5.0
2010,everson griffen,DE,USC,6-3,273.0,4.65,,32.0,,,,True,4.0,100.0,everson griffen,,,,,,,,,,,,,,,,,,,,,,,,,,,,,,,,,,,,,,,,,,,,,,,,,,,,,,,
2010,cody grimm,S,Virginia Tech,5-11,203.0,4.55,35.5,11.0,117.0,6.58,,True,7.0,210.0,cody grimm,2008.0,,,,,,,,,,,10.0,2.0,0.0,20.0,,,,,,,,,,,,,,,,,,,,,,,,,,,,,,,,,,,,,,,,
2010,rob gronkowski,TE,Arizona,6-6,264.0,4.68,,23.0,,,,True,2.0,42.0,rob gronkowski,2008.0,,,,,,,,,,,,,,,,,,,,,,,,,,,,,,,,,,,,,,,,,,,,,43.0,47.0,10.0,672.0,14.3,,,,,
2010,joe haden,CB,Florida,5-11,193.0,4.52,35.0,18.0,125.0,6.94,4.34,True,1.0,7.0,joe haden,2009.0,,,,,,,,,,,5.0,4.0,0.0,20.0,,,,,,,,,,,,,,,,,,,,0.0,0.0,1.0,0.0,0.0,,,,,,,,,,,,,,,,
2010,max hall,QB,BYU,6-1,209.0,4.84,32.0,,102.0,7.07,4.35,False,,,max hall,2009.0,,,,,,,,,,,,,,,,,,,,,,,,,,,409.0,275.0,14.0,0.672,33.0,3560.0,8.7,,,,,,,,,,,,,,,,,72.0,20.0,2.0,75.0,1.0
2010,clay harbor,FB,Missouri State,6-3,252.0,4.62,40.0,30.0,120.0,,4.37,True,4.0,125.0,clay harbor,,,,,,,,,,,,,,,,,,,,,,,,,,,,,,,,,,,,,,,,,,,,,,,,,,,,,,,
2010,montario hardesty,RB,Tennessee,6-0,225.0,4.49,41.0,21.0,124.0,6.87,4.14,True,2.0,59.0,montario hardesty,2009.0,,,,,,,,,,,,,,,,,,,,,,,,,,,1.0,0.0,0.0,0.0,0.0,0.0,0.0,,,,,,,,,,,,47.0,25.0,1.0,302.0,12.1,282.0,43.0,13.0,1345.0,4.8
2010,greg hardy,DE,Mississippi,6-4,281.0,4.82,35.0,21.0,117.0,7.25,4.65,True,6.0,175.0,greg hardy,2008.0,,,,,,,,,,,22.0,1.0,0.0,22.0,,,,,,,,,,,,,,,,,,,,,,,,,,,,,,,,,,,,,,,,
2010,chris hawkins,CB,LSU,6-0,187.0,4.43,35.0,16.0,118.0,6.91,4.46,False,,,chris hawkins,2009.0,,,,,,,,,,,3.0,2.0,0.0,6.0,,,,,,,,,,,,,,,,,,,,,,,,,,,,,,,,,,,,,,,,
2010,joe hawley,C,UNLV,6-3,297.0,5.21,26.0,35.0,105.0,7.5,4.73,True,4.0,117.0,joe hawley,,,,,,,,,,,,,,,,,,,,,,,,,,,,,,,,,,,,,,,,,,,,,,,,,,,,,,,
2010,aaron hernandez,TE,Florida,6-2,245.0,4.64,,,,,,True,4.0,113.0,aaron hernandez,2009.0,,,,,,,,,,,,,,,,,,,,,,,,,,,,,,,,,,,,,,,,,,,,,64.0,68.0,5.0,850.0,12.5,1.0,16.0,0.0,16.0,16.0
2010,tim hiller,QB,West. Michigan,6-4,229.0,4.97,32.5,18.0,118.0,7.1,4.54,False,,,tim hiller,2009.0,,,,,,,,,,,,,,,,,,,,,,,,,,,514.0,309.0,13.0,0.601,23.0,3249.0,6.3,,,,,,,,,,,,0.0,0.0,0.0,,0.0,39.0,22.0,0.0,,
2010,shay hodge,WR,Mississippi,6-1,209.0,4.62,33.5,11.0,117.0,6.9,4.32,False,,,shay hodge,2009.0,,,,,,,,,,,,,,,,,,,,,,,,,,,,,,,,,,,,,,,,,,,,,65.0,70.0,8.0,1135.0,16.2,,,,,
2010,trindon holliday,WR,LSU,5-5,166.0,4.34,42.0,10.0,116.0,6.54,4.48,True,6.0,197.0,trindon holliday,2009.0,,,,,,,,,,,,,,,24.4,49.0,22.0,0.0,537.0,,,,,,,,,,,,,,,13.9,87.0,26.0,1.0,362.0,,,,,,,26.0,3.0,0.0,36.0,12.0,27.0,19.0,1.0,126.0,4.7
2010,michael hoomanawanui,TE,Illinois,6-4,264.0,4.77,,25.0,,,,True,5.0,132.0,michael hoomanawanui,2009.0,,,,,,,,,,,,,,,9.0,12.0,2.0,0.0,18.0,,,,,,,,,,,,,,,,,,,,,,,,,,30.0,10.0,0.0,114.0,11.4,,,,,
2010,lamarr houston,DT,Texas,6-3,305.0,4.84,33.5,30.0,114.0,7.61,4.71,True,2.0,44.0,lamarr houston,,,,,,,,,,,,,,,,,,,,,,,,,,,,,,,,,,,,,,,,,,,,,,,,,,,,,,,
2010,jerry hughes,OLB,TCU,6-2,255.0,4.65,34.5,26.0,118.0,6.99,4.15,True,1.0,31.0,jerry hughes,2008.0,,,,,,,,,,,16.0,2.0,1.0,32.0,,,,,,,,,,,,,,,,,,,,,,,,,,,,,,,,,,,,,,,,
2010,josh hull,ILB,Penn State,6-3,237.0,4.93,32.5,25.0,115.0,6.86,4.07,True,7.0,254.0,josh hull,2009.0,,,,,,,,,,,0.0,2.0,0.0,0.0,,,,,,,,,,,,,,,,,,,,,,,,,,,,,,,,,,,,,,,,
2010,carl ihenacho,OLB,San Jose State,6-2,255.0,4.86,,20.0,,,,False,,,carl ihenacho,,,,,,,,,,,,,,,,,,,,,,,,,,,,,,,,,,,,,,,,,,,,,,,,,,,,,,,
2010,mike iupati,OG,Idaho,6-5,331.0,5.24,27.5,27.0,92.0,7.85,4.93,True,1.0,17.0,mike iupati,,,,,,,,,,,,,,,,,,,,,,,,,,,,,,,,,,,,,,,,,,,,,,,,,,,,,,,
2010,brian jackson,CB,Oklahoma,6-1,202.0,4.65,35.5,20.0,120.0,6.76,4.22,False,,,brian jackson,2010.0,,,,,,,,,,,6.0,1.0,0.0,6.0,,,,,,,,,,,,,,,,,,,,,,,,,,,,,,,,,,,,,,,,
2010,kareem jackson,CB,Alabama,5-10,196.0,4.4,37.5,13.0,118.0,6.92,4.14,True,1.0,20.0,kareem jackson,2009.0,,,,,,,,,,,79.0,1.0,0.0,79.0,,,,,,,,,,,,,,,,,,,,0.0,0.0,1.0,0.0,0.0,,,,,,,,,,,,,,,,
2010,rashawn jackson,FB,Virginia,6-1,239.0,4.75,34.5,,117.0,,,False,,,rashawn jackson,2009.0,,,,,,,,,,,,,,,13.0,13.0,1.0,0.0,13.0,,,,,,,,,,,,,,,,,,,,,,,,,,34.0,25.0,0.0,222.0,8.9,96.0,34.0,2.0,461.0,4.8
2010,brandon james,RB,Florida,5-6,176.0,4.47,,14.0,,,,False,,,brandon james,2009.0,,,,,,,,,,,,,,,26.1,85.0,29.0,1.0,756.0,,,,,,,,,,,,,,,5.5,49.0,44.0,0.0,244.0,,,,,,,32.0,24.0,1.0,215.0,9.0,20.0,25.0,0.0,109.0,5.5
2010,javarris james,RB,Miami (FL),6-0,212.0,4.58,36.0,21.0,115.0,,,False,,,javarris james,2009.0,,,,,,,,,,,,,,,,,,,,,,,,,,,,,,,,,,,,,,,,,,,,,20.0,13.0,0.0,85.0,6.5,103.0,50.0,6.0,492.0,4.8
2010,a.j. jefferson,CB,Fresno State,6-0,193.0,4.42,44.0,7.0,126.0,6.72,4.0,False,,,aj jefferson,2009.0,,,,,,,,,,,,,,,23.2,48.0,26.0,0.0,602.0,,,,,,,,,,,,,,,,,,,,0.0,49.0,1.0,0.0,49.0,49.0,,,,,,,,,,
2010,john jerry,OT,Mississippi,6-5,328.0,5.15,27.5,,101.0,7.93,4.69,True,3.0,73.0,john jerry,,,,,,,,,,,,,,,,,,,,,,,,,,,,,,,,,,,,,,,,,,,,,,,,,,,,,,,
2010,micah johnson,ILB,Kentucky,6-1,258.0,4.99,29.0,31.0,,,,False,,,micah johnson,,,,,,,,,,,,,,,,,,,,,,,,,,,,,,,,,,,,,,,,,,,,,,,,,,,,,,,
2010,mike johnson,OG,Alabama,6-5,312.0,5.37,25.0,,91.0,8.15,5.01,True,3.0,98.0,mike johnson,,,,,,,,,,,,,,,,,,,,,,,,,,,,,,,,,,,,,,,,,,,,,,,,,,,,,,,
2010,stafon johnson,RB,USC,5-11,214.0,4.62,35.5,13.0,118.0,,,False,,,stafon johnson,2009.0,,,,,,,,,,,,,,,13.0,16.0,3.0,0.0,39.0,,,,,,,,,,,,,,,,,,,,,,,,,,2.0,1.0,0.0,2.0,2.0,32.0,29.0,5.0,157.0,4.9
2010,kyle jolly,OT,North Carolina,6-6,311.0,5.36,21.5,20.0,89.0,7.89,4.87,False,,,kyle jolly,,,,,,,,,,,,,,,,,,,,,,,,,,,,,,,,,,,,,,,,,,,,,,,,,,,,,,,
2010,arthur jones,DT,Syracuse,6-3,301.0,5.04,,,,,,True,5.0,157.0,arthur jones,,,,,,,,,,,,,,,,,,,,,,,,,,,,,,,,,,,,,,,,,,,,,,,,,,,,,,,
2010,donald jones,WR,Youngstown State,6-0,214.0,4.46,41.0,20.0,119.0,6.9,4.2,False,,,donald jones,,,,,,,,,,,,,,,,,,,,,,,,,,,,,,,,,,,,,,,,,,,,,,,,,,,,,,,
2010,reshad jones,S,Georgia,6-1,214.0,4.51,39.5,24.0,118.0,7.43,4.54,True,5.0,163.0,reshad jones,2009.0,,,,,,,,,,,22.3,4.0,0.0,89.0,,,,,,,,,,,,,,,,,,,,,,,,,,,,,,,,,,,,,,,,
2010,chad jones,S,LSU,6-2,221.0,4.59,36.0,9.0,115.0,6.83,4.14,True,3.0,76.0,chad jones,2009.0,,,,,,,,,,,23.7,3.0,0.0,71.0,5.0,5.0,1.0,0.0,5.0,,,,,,,,,,,,,,,14.3,93.0,9.0,1.0,129.0,,,,,,,,,,,,,,,,
2010,linval joseph,DT,East Carolina,6-4,328.0,5.09,30.0,39.0,100.0,8.12,4.71,True,2.0,46.0,linval joseph,2009.0,,,,,,,,,,,,,,,,,,,,,,,,,,,,,,,,,,,,,,,,,,,,,,,,,,1.0,1.0,1.0,1.0,1.0
2010,kevin jurovich,WR,San Jose State,5-11,188.0,4.45,,14.0,,,,False,,,kevin jurovich,2009.0,,,,,,,,,,,,,,,,,,,,,,,,,,,,,,,,,,1.6,12.0,12.0,0.0,19.0,,,,,,,38.0,60.0,1.0,777.0,13.0,3.0,0.0,0.0,,
2010,mike kafka,QB,Northwestern,6-3,225.0,4.93,32.0,,110.0,6.96,4.37,True,4.0,122.0,mike kafka,2009.0,,,,,,,,,,,,,,,,,,,,,,,,,,,492.0,319.0,12.0,0.648,16.0,3430.0,7.0,,,,,,,,,,,,24.0,1.0,1.0,24.0,24.0,150.0,18.0,8.0,299.0,2.0
2010,sergio kindle,OLB,Texas,6-3,250.0,4.65,36.5,25.0,118.0,7.26,4.53,True,2.0,43.0,sergio kindle,,,,,,,,,,,,,,,,,,,,,,,,,,,,,,,,,,,,,,,,,,,,,,,,,,,,,,,
2010,jammie kirlew,DE,Indiana,6-1,260.0,5.05,33.0,26.0,111.0,7.5,4.74,True,7.0,232.0,jammie kirlew,,,,,,,,,,,,,,,,,,,,,,,,,,,,,,,,,,,,,,,,,,,,,,,,,,,,,,,
2010,matt kopa,OT,Stanford,6-6,300.0,5.14,,,,,,False,,,matt kopa,,,,,,,,,,,,,,,,,,,,,,,,,,,,,,,,,,,,,,,,,,,,,,,,,,,,,,,
2010,keaton kristick,OLB,Oregon State,6-3,234.0,4.7,34.0,16.0,120.0,6.96,4.21,False,,,keaton kristick,2009.0,,,,,,,,,,,7.0,2.0,0.0,14.0,,,,,,,,,,,,,,,,,,,,,,,,,,,,,,,,,,,,,,,,
2010,brandon lafell,WR,LSU,6-2,211.0,4.58,36.0,,115.0,6.81,4.23,True,3.0,78.0,brandon lafell,2009.0,,,,,,,,,,,,,,,,,,,,,,,,,,,,,,,,,,,,,,,,,,,,,58.0,57.0,11.0,792.0,13.9,5.0,7.0,0.0,13.0,2.6
2010,brandon lang,DE,Troy,6-4,266.0,5.0,28.5,20.0,104.0,,4.68,False,,,brandon lang,,,,,,,,,,,,,,,,,,,,,,,,,,,,,,,,,,,,,,,,,,,,,,,,,,,,,,,
2010,ted larsen,C,North Carolina State,6-3,304.0,5.19,24.0,26.0,96.0,7.81,4.66,True,6.0,205.0,ted larsen,,,,,,,,,,,,,,,,,,,,,,,,,,,,,,,,,,,,,,,,,,,,,,,,,,,,,,,
2010,shawn lauvao,OG,Arizona State,6-3,315.0,5.22,26.5,33.0,101.0,7.56,4.51,True,3.0,92.0,shawn lauvao,,,,,,,,,,,,,,,,,,,,,,,,,,,,,,,,,,,,,,,,,,,,,,,,,,,,,,,
2010,simoni lawrence,OLB,Minnesota,6-0,232.0,4.59,40.0,21.0,123.0,7.3,4.43,False,,,simoni lawrence,2009.0,,,,,,,,,,,29.0,1.0,0.0,29.0,,,,,,,,,,,,,,,,,,,,,,,,,,,,,,,,,,,,,,,,
2010,boris lee,ILB,Troy,6-0,238.0,4.94,32.5,27.0,112.0,,,False,,,boris lee,2009.0,,,,,,,,,,,30.0,1.0,1.0,30.0,,,,,,,,,,,,,,,,,,,,,,,,,,,,,,,,,,,,,,,,
2010,sean lee,ILB,Penn State,6-2,236.0,4.71,37.5,24.0,120.0,,,True,2.0,55.0,sean lee,2009.0,,,,,,,,,,,13.0,1.0,0.0,13.0,,,,,,,,,,,,,,,,,,,,,,,,,,,,,,,,,,,,,,,,
2010,dan lefevour,QB,Central Michigan,6-3,230.0,4.6,29.5,,110.0,6.93,4.22,True,6.0,181.0,dan lefevour,2009.0,,,,,,,,,,,,,,,,,,,,,,,,,,,456.0,318.0,7.0,0.697,28.0,3438.0,7.5,,,,,,0.0,42.0,3.0,0.0,97.0,32.3,24.0,1.0,0.0,24.0,24.0,183.0,53.0,15.0,713.0,3.9
2010,kendrick lewis,S,Mississippi,6-0,198.0,4.73,31.5,16.0,116.0,6.88,4.33,True,5.0,136.0,kendrick lewis,2009.0,,,,,,,,,,,3.0,2.0,0.0,6.0,,,,,,,,,,,,,,,,,,,,,,,,,,,,,,,,,,,,,,,,
2010,myron lewis,S,Vanderbilt,6-2,203.0,4.42,37.0,10.0,126.0,,,True,3.0,67.0,myron lewis,2009.0,,,,,,,,,,,12.5,4.0,0.0,50.0,,,,,,,,,,,,,,,,,,,,,,,,,,,,,,,,,,,,,,,,
2010,thaddeus lewis,QB,Duke,6-0,215.0,4.84,28.0,,107.0,,,False,,,thaddeus lewis,2009.0,,,,,,,,,,,,,,,,,,,,,,,,,,,449.0,274.0,8.0,0.61,20.0,3330.0,7.4,,,,,,,,,,,,,,,,,86.0,21.0,4.0,48.0,0.6
2010,trevard lindley,CB,Kentucky,5-11,183.0,4.51,38.5,9.0,116.0,6.81,4.27,True,4.0,105.0,trevard lindley,2009.0,,,,,,,,,,,25.0,1.0,1.0,25.0,,,,,,,,,,,,,,,,,,,,,,,,,,,,,,,,,,,,,,,,
2010,scott long,WR,Louisville,6-2,216.0,4.46,41.5,20.0,123.0,6.45,4.09,False,,,scott long,2009.0,,,,,,,,,,,,,,,,,,,,,,,,,,,,,,,,,,,,,,,,,,,,,92.0,53.0,2.0,727.0,13.7,,,,,
2010,erik lorig,DE,Stanford,6-3,281.0,4.86,,,,,,True,7.0,253.0,erik lorig,,,,,,,,,,,,,,,,,,,,,,,,,,,,,,,,,,,,,,,,,,,,,,,,,,,,,,,
2010,robert malone,P,Fresno State,6-2,235.0,4.84,,19.0,,,,False,,,robert malone,2009.0,,,,,,,,,,,,,,,,,,,,,,,,,,,,,,,,,,,,,,,0.0,69.0,43.0,0.0,1941.0,45.1,,,,,,,,,,
2010,darius marshall,RB,Marshall,5-9,190.0,4.59,35.5,14.0,109.0,,4.39,False,,,darius marshall,2009.0,,,,,,,,,,,,,,,22.1,43.0,22.0,0.0,486.0,,,,,,,,1.0,1.0,0.0,1.0,0.0,27.0,27.0,,,,,,,,,,,,7.0,12.0,0.0,27.0,2.3,227.0,80.0,11.0,1131.0,5.0
2010,jeron mastrud,TE,Kansas State,6-5,256.0,4.82,,,,,,False,,,jeron mastrud,2009.0,,,,,,,,,,,,,,,,,,,,,,,,,,,,,,,,,,,,,,,,,,,,,45.0,21.0,1.0,233.0,11.1,,,,,
2010,ryan mathews,RB,Fresno State,6-0,218.0,4.37,36.0,19.0,121.0,7.0,4.33,True,1.0,12.0,ryan mathews,2009.0,,,,,,,,,,,,,,,,,,,,,,,,,,,1.0,0.0,0.0,0.0,0.0,0.0,0.0,,,,,,,,,,,,27.0,11.0,0.0,122.0,11.1,276.0,77.0,19.0,1808.0,6.6
2010,sam maxwell,OLB,Kentucky,6-2,246.0,4.98,33.0,,108.0,7.37,4.52,False,,,sam maxwell,2009.0,,,,,,,,,,,15.3,6.0,1.0,92.0,13.5,17.0,2.0,0.0,27.0,,,,,,,,,,,,,,,,,,,,,,,,,,,,,,,,,,,
2010,taylor mays,S,USC,6-3,230.0,4.31,41.0,24.0,125.0,,,True,2.0,49.0,taylor mays,2009.0,,,,,,,,,,,0.0,1.0,0.0,0.0,,,,,,,,,,,,,,,,,,,,,,,,,,,,,,,,,,,,,,,,
2010,kyle mccarthy,S,Notre Dame,6-0,205.0,4.58,34.0,24.0,117.0,6.74,4.13,False,,,kyle mccarthy,2009.0,,,,,,,,,,,18.0,5.0,0.0,90.0,,,,,,,,,,,,,,,,,,,,,,,,,,,,,,,,,,,,,,,,
2010,rolando mcclain,ILB,Alabama,6-3,254.0,4.68,,24.0,,,,True,1.0,8.0,rolando mcclain,2009.0,,,,,,,,,,,10.5,2.0,0.0,21.0,,,,,,,,,,,,,,,,,,,,,,,,,,,,,,,,,,,,,,,,
2010,albert mcclellan,ILB,Marshall,6-1,247.0,4.75,36.5,26.0,119.0,7.24,4.21,False,,,albert mcclellan,,,,,,,,,,,,,,,,,,,,,,,,,,,,,,,,,,,,,,,,,,,,,,,,,,,,,,,
2010,dexter mccluster,WR,Mississippi,5-9,172.0,4.53,37.5,20.0,118.0,,4.06,True,2.0,36.0,dexter mccluster,2009.0,,,,,,,,,,,,,,,,,,,,,,,,,,,1.0,1.0,0.0,1.0,1.0,27.0,27.0,9.3,19.0,3.0,0.0,28.0,,,,,,,64.0,44.0,3.0,520.0,11.8,181.0,86.0,8.0,1169.0,6.5
2010,devin mccourty,CB,Rutgers,5-11,193.0,4.38,36.0,16.0,126.0,6.7,4.07,True,1.0,27.0,devin mccourty,,,,,,,,,,,,,,,,,,,,,,,,,,,,,,,,,,,,,,,,,,,,,,,,,,,,,,,
2010,anthony mccoy,TE,USC,6-4,259.0,4.71,35.5,19.0,113.0,6.99,4.57,True,6.0,185.0,anthony mccoy,2009.0,,,,,,,,,,,,,,,,,,,,,,,,,,,,,,,,,,,,,,,,,,,,,60.0,22.0,1.0,457.0,20.8,1.0,2.0,0.0,2.0,2.0
2010,colt mccoy,QB,Texas,6-1,216.0,4.79,,,114.0,,,True,3.0,85.0,colt mccoy,2009.0,,,,,,,,,,,,,,,,,,,,,,,,,,,470.0,332.0,12.0,0.706,27.0,3521.0,7.5,,,,,,0.0,38.0,4.0,0.0,131.0,32.8,,,,,,129.0,65.0,3.0,348.0,2.7
2010,gerald mccoy,DT,Oklahoma,6-4,295.0,5.04,30.5,23.0,114.0,7.32,4.48,True,1.0,3.0,gerald mccoy,2008.0,,,,,,,,,,,12.0,1.0,0.0,12.0,,,,,,,,,,,,,,,,,,,,,,,,,,,,,,,,,,,,,,,,
2010,chris mcgaha,WR,Arizona State,6-1,201.0,4.52,40.0,19.0,122.0,,4.21,False,,,chris mcgaha,2009.0,,,,,,,,,,,,,,,,,,,,,,,,,,,,,,,,,,,,,,,,,,,,,50.0,57.0,4.0,690.0,12.1,,,,,
2010,joe mcknight,RB,USC,5-11,198.0,4.4,36.5,18.0,120.0,,,True,4.0,112.0,joe mcknight,2009.0,,,,,,,,,,,,,,,25.0,26.0,2.0,0.0,50.0,,,,,,,,,,,,,,,8.2,18.0,5.0,0.0,41.0,,,,,,,24.0,22.0,0.0,146.0,6.6,164.0,54.0,8.0,1014.0,6.2
2010,mike mclaughlin,ILB,Boston Col.,6-0,242.0,4.84,38.5,29.0,114.0,6.85,4.11,False,,,mike mclaughlin,2008.0,,,,,,,,,,,36.0,1.0,0.0,36.0,,,,,,,,,,,,,,,,,,,,,,,,,,,,,,,,,,,,,,,,
2010,sherrick mcmanis,CB,Northwestern,5-11,195.0,4.48,,,,,,True,5.0,144.0,sherrick mcmanis,2009.0,,,,,,,,,,,0.0,5.0,0.0,0.0,,,,,,,,,,,,,,,,,,,,,,,,,,,,,,,,,,,,,,,,
2010,shawnbrey mcneal,RB,SMU,5-9,194.0,4.53,36.0,14.0,117.0,,,False,,,shawnbrey mcneal,2009.0,,,,,,,,,,,,,,,22.0,33.0,3.0,0.0,66.0,,,,,,,,,,,,,,,,,,,,,,,,,,46.0,31.0,2.0,283.0,9.1,236.0,58.0,12.0,1188.0,5.0
2010,kerry meier,WR,Kansas,6-2,224.0,4.62,35.0,13.0,115.0,,4.23,True,5.0,165.0,kerry meier,2009.0,,,,,,,,,,,,,,,,,,,,,,,,,,,3.0,2.0,0.0,0.667,0.0,70.0,23.3,,,,,,,,,,,,71.0,102.0,8.0,985.0,9.7,2.0,6.0,0.0,,
2010,zoltan mesko,P,Michigan,6-4,240.0,4.79,,16.0,,,,True,5.0,150.0,zoltan mesko,2009.0,,,,,,,,,,,,,,,,,,,,,,,,,,,,,,,,,,,,,,,0.0,66.0,52.0,0.0,2312.0,44.5,,,,,,1.0,0.0,0.0,,
2010,greg middleton,DE,Indiana,6-3,268.0,4.96,38.0,,116.0,7.65,4.69,False,,,greg middleton,,,,,,,,,,,,,,,,,,,,,,,,,,,,,,,,,,,,,,,,,,,,,,,,,,,,,,,
2010,lonyae miller,RB,Fresno State,5-11,221.0,4.43,36.5,26.0,120.0,7.2,4.54,False,,,lonyae miller,2009.0,,,,,,,,,,,,,,,24.5,31.0,2.0,0.0,49.0,,,,,,,,,,,,,,,,,,,,,,,,,,17.0,9.0,0.0,38.0,4.2,68.0,33.0,4.0,354.0,5.2
2010,brandon minor,RB,Michigan,6-0,214.0,4.59,,,,,,False,,,brandon minor,2009.0,,,,,,,,,,,,,,,,,,,,,,,,,,,,,,,,,,,,,,,,,,,,,1.0,1.0,0.0,1.0,1.0,96.0,55.0,8.0,502.0,5.2
2010,koa misi,OLB,Utah,6-3,251.0,4.75,38.0,,127.0,7.07,4.27,True,2.0,40.0,koa misi,,,,,,,,,,,,,,,,,,,,,,,,,,,,,,,,,,,,,,,,,,,,,,,,,,,,,,,
2010,carlton mitchell,WR,South Florida,6-3,215.0,4.46,36.0,16.0,122.0,6.96,4.55,True,6.0,177.0,carlton mitchell,2009.0,,,,,,,,,,,,,,,,,,,,,,,,,,,,,,,,,,,,,,,,,,,,,85.0,40.0,4.0,706.0,17.7,,,,,
2010,earl mitchell,DT,Arizona,6-2,296.0,4.75,28.5,25.0,107.0,7.68,4.55,True,3.0,81.0,earl mitchell,,,,,,,,,,,,,,,,,,,,,,,,,,,,,,,,,,,,,,,,,,,,,,,,,,,,,,,
2010,arthur moats,OLB,James Madison,6-0,246.0,4.64,36.5,24.0,122.0,7.22,4.37,True,6.0,178.0,arthur moats,,,,,,,,,,,,,,,,,,,,,,,,,,,,,,,,,,,,,,,,,,,,,,,,,,,,,,,
2010,tony moeaki,TE,Iowa,6-3,245.0,4.69,34.0,18.0,113.0,7.1,4.42,True,3.0,93.0,tony moeaki,2009.0,,,,,,,,,,,,,,,,,,,,,,,,,,,,,,,,,,,,,,,,,,,,,54.0,30.0,4.0,387.0,12.9,,,,,
2010,joshua moore,CB,Kansas State,5-11,188.0,4.5,36.5,2.0,122.0,6.74,4.07,True,5.0,141.0,joshua moore,2009.0,,,,,,,,,,,11.0,2.0,0.0,22.0,,,,,,,,,,,,,,,,,,,,,,,,,,,,,,,,,,,,,,,,
2010,derrick morgan,DE,Georgia Tech,6-3,266.0,4.77,34.0,,112.0,7.12,4.43,True,1.0,16.0,derrick morgan,2008.0,,,,,,,,,,,,,,,,,,,,,,,,,,,,,,,,,,,,,,,,,,,,,,,,,,1.0,2.0,0.0,2.0,2.0
2010,roddrick muckelroy,OLB,Texas,6-2,246.0,4.68,31.0,19.0,110.0,7.25,4.39,True,4.0,131.0,roddrick muckelroy,2009.0,,,,,,,,,,,4.0,1.0,0.0,4.0,,,,,,,,,,,,,,,,,,,,,,,,,,,,,,,,,,,,,,,,
2010,aleric mullins,DT,North Carolina,6-1,321.0,4.95,,,,,,False,,,aleric mullins,,,,,,,,,,,,,,,,,,,,,,,,,,,,,,,,,,,,,,,,,,,,,,,,,,,,,,,
2010,jerome murphy,CB,South Florida,6-0,196.0,4.5,38.0,16.0,127.0,6.87,4.05,True,3.0,65.0,jerome murphy,2009.0,,,,,,,,,,,14.8,4.0,0.0,59.0,15.0,21.0,2.0,0.0,30.0,,,,,,,,,,,,,,,,,,,,,,,,,,,,,,,,,,,
2010,mike neal,DT,Purdue,6-3,294.0,4.87,33.0,31.0,113.0,7.53,4.53,True,2.0,56.0,mike neal,,,,,,,,,,,,,,,,,,,,,,,,,,,,,,,,,,,,,,,,,,,,,,,,,,,,,,,
2010,marshall newhouse,OG,TCU,6-4,319.0,4.99,25.0,25.0,97.0,7.4,4.6,True,5.0,169.0,marshall newhouse,,,,,,,,,,,,,,,,,,,,,,,,,,,,,,,,,,,,,,,,,,,,,,,,,,,,,,,
2010,eric norwood,OLB,South Carolina,6-1,245.0,4.71,36.5,,115.0,7.08,4.23,True,4.0,124.0,eric norwood,2009.0,,,,,,,,,,,18.0,2.0,1.0,36.0,,,,,,,,,,,,,,,,,,,,,,,,,,,,,,,,,,,,,,,,
2010,jared odrick,DT,Penn State,6-5,304.0,5.03,29.0,26.0,106.0,7.22,4.59,True,1.0,28.0,jared odrick,,,,,,,,,,,,,,,,,,,,,,,,,,,,,,,,,,,,,,,,,,,,,,,,,,,,,,,
2010,vince oghobaase,DT,Duke,6-5,303.0,5.46,26.0,27.0,90.0,7.84,,False,,,vince oghobaase,,,,,,,,,,,,,,,,,,,,,,,,,,,,,,,,,,,,,,,,,,,,,,,,,,,,,,,
2010,russell okung,OT,Oklahoma State,6-5,307.0,5.18,,38.0,,,,True,1.0,6.0,russell okung,,,,,,,,,,,,,,,,,,,,,,,,,,,,,,,,,,,,,,,,,,,,,,,,,,,,,,,
2010,eric olsen,C,Notre Dame,6-4,306.0,5.25,29.5,35.0,93.0,7.5,4.82,True,6.0,183.0,eric olsen,,,,,,,,,,,,,,,,,,,,,,,,,,,,,,,,,,,,,,,,,,,,,,,,,,,,,,,
2010,jeff owens,DT,Georgia,6-1,304.0,4.97,30.0,44.0,101.0,,4.68,True,7.0,243.0,jeff owens,,,,,,,,,,,,,,,,,,,,,,,,,,,,,,,,,,,,,,,,,,,,,,,,,,,,,,,
2010,akwasi owusu-ansah,CB,Indiana (PA),6-0,207.0,4.32,35.5,,120.0,6.84,4.32,True,4.0,126.0,akwasi owusuansah,,,,,,,,,,,,,,,,,,,,,,,,,,,,,,,,,,,,,,,,,,,,,,,,,,,,,,,
2010,preston parker,WR,Florida State,5-11,199.0,4.59,35.0,16.0,117.0,,4.16,False,,,preston parker,,,,,,,,,,,,,,,,,,,,,,,,,,,,,,,,,,,,,,,,,,,,,,,,,,,,,,,
2010,alex parsons,OG,USC,6-4,309.0,5.12,27.0,23.0,99.0,,,False,,,alex parsons,,,,,,,,,,,,,,,,,,,,,,,,,,,,,,,,,,,,,,,,,,,,,,,,,,,,,,,
2010,pat paschall,RB,North Dakota State,6-0,209.0,4.65,38.5,15.0,118.0,7.02,4.33,False,,,pat paschall,,,,,,,,,,,,,,,,,,,,,,,,,,,,,,,,,,,,,,,,,,,,,,,,,,,,,,,
2010,colin peek,TE,Alabama,6-5,254.0,4.93,,19.0,,,,False,,,colin peek,2009.0,,,,,,,,,,,,,,,,,,,,,,,,,,,,,,,,,,,,,,,,,,,,,33.0,26.0,3.0,313.0,12.0,,,,,
2010,cole pemberton,OT,Colorado State,6-7,315.0,5.37,22.5,18.0,96.0,7.65,4.77,False,,,cole pemberton,,,,,,,,,,,,,,,,,,,,,,,,,,,,,,,,,,,,,,,,,,,,,,,,,,,,,,,
2010,david pender,CB,Purdue,6-0,180.0,4.37,39.0,8.0,124.0,,,False,,,david pender,2009.0,,,,,,,,,,,0.0,1.0,0.0,0.0,,,,,,,,,,,,,,,,,,,,,,,,,,,,,,,,,,,,,,,,
2010,jared perry,WR,Missouri,6-1,178.0,4.51,33.5,11.0,121.0,6.75,4.39,False,,,jared perry,2009.0,,,,,,,,,,,,,,,,,,,,,,,,,,,,,,,,,,,,,,,,,,,,,48.0,46.0,6.0,696.0,15.1,2.0,5.0,0.0,7.0,3.5
2010,corey peters,DT,Kentucky,6-3,300.0,4.98,33.0,,98.0,7.56,4.76,True,3.0,83.0,corey peters,,,,,,,,,,,,,,,,,,,,,,,,,,,,,,,,,,,,,,,,,,,,,,,,,,,,,,,
2010,mitch petrus,OG,Arkansas,6-3,310.0,5.34,,45.0,,,,True,5.0,147.0,mitch petrus,,,,,,,,,,,,,,,,,,,,,,,,,,,,,,,,,,,,,,,,,,,,,,,,,,,,,,,
2010,aaron pettrey,K,Ohio State,6-1,202.0,4.94,,,,,,False,,,aaron pettrey,2009.0,,,,,,,,,,,,,,,,,,,,20.0,14.0,52.0,0.7,72.0,31.0,30.0,,,,,,,,,,,,,,,,,,,,,,,,,,,,
2010,jason pierre-paul,DE,South Florida,6-5,270.0,4.71,30.5,19.0,115.0,7.18,4.67,True,1.0,15.0,jason pierrepaul,2009.0,,,,,,,,,,,18.0,1.0,1.0,18.0,,,,,,,,,,,,,,,,,,,,,,,,,,,,,,,,,,,,,,,,
2010,tony pike,QB,Cincinnati,6-6,223.0,4.9,28.5,,108.0,7.06,4.53,True,6.0,204.0,tony pike,2009.0,,,,,,,,,,,,,,,,,,,,,,,,,,,338.0,211.0,6.0,0.624,29.0,2520.0,7.5,,,,,,0.0,21.0,1.0,0.0,21.0,21.0,,,,,,31.0,16.0,2.0,6.0,0.2
2010,josh pinkard,S,USC,6-1,214.0,4.58,,,,,,False,,,josh pinkard,2009.0,,,,,,,,,,,21.5,2.0,0.0,43.0,,,,,,,,,,,,,,,,,,,,,,,,,,,,,,,,,,,,,,,,
2010,dennis pitta,TE,BYU,6-4,245.0,4.68,34.0,27.0,113.0,6.72,4.17,True,4.0,114.0,dennis pitta,2009.0,,,,,,,,,,,,,,,,,,,,,,,,,,,,,,,,,,,,,,,,,,,,,35.0,62.0,8.0,829.0,13.4,,,,,
2010,nick polk,S,Indiana,5-11,211.0,4.55,38.0,14.0,121.0,,,False,,,nick polk,2009.0,,,,,,,,,,,2.0,2.0,0.0,4.0,29.0,29.0,1.0,0.0,29.0,,,,,,,,,,,,,,,,,,,,,,,,,,,,,,,,,,,
2010,maurkice pouncey,C,Florida,6-4,304.0,5.25,,,95.0,7.74,4.92,True,1.0,18.0,maurkice pouncey,,,,,,,,,,,,,,,,,,,,,,,,,,,,,,,,,,,,,,,,,,,,,,,,,,,,,,,
2010,brian price,DT,UCLA,6-1,303.0,5.12,28.5,34.0,96.0,,,True,2.0,35.0,brian price,2008.0,,,,,,,,,,,1.0,1.0,0.0,1.0,,,,,,,,,,,,,,,,,,,,,,,,,,,,,,,,,,,,,,,,
2010,taylor price,WR,Ohio,6-0,204.0,4.4,37.0,16.0,114.0,6.82,4.34,True,3.0,90.0,taylor price,2009.0,,,,,,,,,,,,,,,,,,,,,,,,,,,1.0,1.0,0.0,1.0,1.0,29.0,29.0,,,,,,,,,,,,50.0,56.0,5.0,784.0,14.0,10.0,25.0,0.0,94.0,9.4
2010,andrew quarless,TE,Penn State,6-4,254.0,4.68,32.0,23.0,112.0,,,True,5.0,154.0,andrew quarless,2009.0,,,,,,,,,,,,,,,,,,,,,,,,,,,,,,,,,,,,,,,,,,,,,60.0,41.0,3.0,536.0,13.1,,,,,
2010,scott ravanesi,P,Southern Illinois,6-0,191.0,4.85,,,,,,False,,,scott ravanesi,,,,,,,,,,,,,,,,,,,,,,,,,,,,,,,,,,,,,,,,,,,,,,,,,,,,,,,
2010,david reed,WR,Utah,6-0,191.0,4.56,37.0,15.0,114.0,6.95,4.38,True,5.0,156.0,david reed,2009.0,,,,,,,,,,,,,,,20.1,29.0,8.0,0.0,161.0,,,,,,,,,,,,,,,,,,,,,,,,,,90.0,81.0,5.0,1188.0,14.7,4.0,10.0,0.0,4.0,1.0
2010,dace richardson,OG,Iowa,6-5,320.0,5.76,23.5,19.0,87.0,8.58,5.38,False,,,dace richardson,,,,,,,,,,,,,,,,,,,,,,,,,,,,,,,,,,,,,,,,,,,,,,,,,,,,,,,
2010,perry riley,OLB,LSU,6-1,239.0,4.69,35.5,,119.0,6.97,4.25,True,4.0,103.0,perry riley,,,,,,,,,,,,,,,,,,,,,,,,,,,,,,,,,,,,,,,,,,,,,,,,,,,,,,,
2010,andre roberts,WR,Citadel,5-11,195.0,4.4,36.0,15.0,120.0,6.77,4.15,True,3.0,88.0,andre roberts,,,,,,,,,,,,,,,,,,,,,,,,,,,,,,,,,,,,,,,,,,,,,,,,,,,,,,,
2010,patrick robinson,CB,Florida State,5-11,190.0,4.46,39.0,15.0,122.0,6.78,,True,1.0,32.0,patrick robinson,2009.0,,,,,,,,,,,,,,,19.8,32.0,11.0,0.0,218.0,,,,,,,,,,,,,,,,,,,,,,,,,,,,,,,,,,,
2010,zac robinson,QB,Oklahoma State,6-2,214.0,4.68,35.0,,110.0,7.24,4.4,True,7.0,250.0,zac robinson,2009.0,,,,,,,,,,,,,,,,,,,,,,,,,,,301.0,180.0,12.0,0.598,15.0,2084.0,6.9,,,,,,,,,,,,,,,,,111.0,22.0,4.0,305.0,2.7
2010,dennis rogan,S,Tennessee,5-9,185.0,4.73,38.0,,118.0,,4.1,False,,,dennis rogan,2009.0,,,,,,,,,,,0.0,1.0,0.0,0.0,17.3,24.0,3.0,0.0,52.0,,,,,,,,,,,,,,,2.7,23.0,17.0,0.0,46.0,,,,,,,,,,,,,,,,
2010,myron rolle,S,Florida State,6-2,215.0,4.59,36.0,21.0,124.0,6.94,4.15,True,6.0,207.0,myron rolle,,,,,,,,,,,,,,,,,,,,,,,,,,,,,,,,,,,,,,,,,,,,,,,,,,,,,,,
2010,devin ross,CB,Arizona,5-10,183.0,4.64,40.0,16.0,119.0,7.07,,False,,,devin ross,2009.0,,,,,,,,,,,12.0,1.0,0.0,12.0,,,,,,,,,,,,,,,,,,,,,,,,,,,,,,,,,,,,,,,,
2010,jay ross,DT,East Carolina,6-3,313.0,5.1,32.0,30.0,100.0,7.83,4.64,False,,,jay ross,2009.0,,,,,,,,,,,0.0,1.0,0.0,0.0,,,,,,,,,,,,,,,,,,,,,,,,,,,,,,,,,,,,,,,,
2010,rodger saffold,OT,Indiana,6-5,316.0,5.21,29.5,27.0,113.0,7.42,4.67,True,2.0,33.0,rodger saffold,,,,,,,,,,,,,,,,,,,,,,,,,,,,,,,,,,,,,,,,,,,,,,,,,,,,,,,
2010,emmanuel sanders,WR,SMU,5-11,186.0,4.4,39.5,12.0,126.0,6.64,4.1,True,3.0,82.0,emmanuel sanders,2009.0,,,,,,,,,,,,,,,,,,,,,,,,,,,,,,,,,,6.9,79.0,40.0,1.0,275.0,,,,,,,75.0,98.0,7.0,1339.0,13.7,1.0,6.0,0.0,6.0,6.0
2010,ricky sapp,OLB,Clemson,6-4,252.0,4.65,34.0,23.0,114.0,7.29,4.41,True,5.0,134.0,ricky sapp,,,,,,,,,,,,,,,,,,,,,,,,,,,,,,,,,,,,,,,,,,,,,,,,,,,,,,,
2010,o'brien schofield,OLB,Wisconsin,6-2,221.0,4.63,,,,,,True,4.0,130.0,obrien schofield,,,,,,,,,,,,,,,,,,,,,,,,,,,,,,,,,,,,,,,,,,,,,,,,,,,,,,,
2010,charles scott,RB,LSU,5-11,238.0,4.68,30.5,,111.0,6.98,4.47,True,6.0,200.0,charles scott,2009.0,,,,,,,,,,,,,,,,,,,,,,,,,,,,,,,,,,,,,,,,,,,,,16.0,8.0,1.0,54.0,6.8,116.0,34.0,4.0,542.0,4.7
2010,chris scott,OG,Tennessee,6-5,319.0,5.52,22.5,19.0,90.0,8.24,5.03,True,5.0,151.0,chris scott,,,,,,,,,,,,,,,,,,,,,,,,,,,,,,,,,,,,,,,,,,,,,,,,,,,,,,,
2010,george selvie,DE,South Florida,6-4,252.0,4.93,30.5,24.0,109.0,7.48,4.63,True,7.0,226.0,george selvie,,,,,,,,,,,,,,,,,,,,,,,,,,,,,,,,,,,,,,,,,,,,,,,,,,,,,,,
2010,darryl sharpton,ILB,Miami (FL),5-11,236.0,4.81,,24.0,,7.19,4.42,True,4.0,102.0,darryl sharpton,2009.0,,,,,,,,,,,73.0,1.0,1.0,73.0,11.0,13.0,2.0,0.0,22.0,,,,,,,,,,,,,,,,,,,,,,,,,,,,,,,,,,,
2010,cameron sheffield,OLB,Troy,6-2,257.0,4.92,33.0,,115.0,7.23,4.53,True,5.0,142.0,cameron sheffield,,,,,,,,,,,,,,,,,,,,,,,,,,,,,,,,,,,,,,,,,,,,,,,,,,,,,,,
2010,malcolm sheppard,DT,Arkansas,6-2,285.0,5.11,28.0,19.0,100.0,7.81,4.78,False,,,malcolm sheppard,,,,,,,,,,,,,,,,,,,,,,,,,,,,,,,,,,,,,,,,,,,,,,,,,,,,,,,
2010,jordan shipley,WR,Texas,5-11,193.0,4.6,36.5,16.0,116.0,,,True,3.0,84.0,jordan shipley,2009.0,,,,,,,,,,,,,,,18.5,23.0,4.0,0.0,74.0,,,,,,,,,,,,,,,5.4,74.0,58.0,2.0,311.0,,,,,,,88.0,116.0,13.0,1485.0,12.8,1.0,0.0,0.0,0.0,0.0
2010,john skelton,QB,Fordham,6-5,243.0,4.85,33.5,,108.0,7.17,4.33,True,5.0,155.0,john skelton,,,,,,,,,,,,,,,,,,,,,,,,,,,,,,,,,,,,,,,,,,,,,,,,,,,,,,,
2010,riley skinner,QB,Wake Forest,6-0,214.0,5.05,30.0,,101.0,7.04,4.29,False,,,riley skinner,2009.0,,,,,,,,,,,,,,,,,,,,,,,,,,,400.0,264.0,12.0,0.66,26.0,3160.0,7.9,,,,,,,,,,,,20.0,4.0,0.0,50.0,12.5,70.0,20.0,2.0,56.0,0.8
2010,d'anthony smith,DT,Louisiana Tech,6-2,304.0,5.01,,,,,,True,3.0,74.0,danthony smith,,,,,,,,,,,,,,,,,,,,,,,,,,,,,,,,,,,,,,,,,,,,,,,,,,,,,,,
2010,shelley smith,OG,Colorado State,6-3,300.0,5.03,34.0,26.0,112.0,7.67,4.71,True,6.0,187.0,shelley smith,,,,,,,,,,,,,,,,,,,,,,,,,,,,,,,,,,,,,,,,,,,,,,,,,,,,,,,
2010,jevan snead,QB,Mississippi,6-3,219.0,5.04,33.0,,106.0,7.08,4.33,False,,,jevan snead,2009.0,,,,,,,,,,,,,,,,,,,,,,,,,,,351.0,191.0,20.0,0.544,20.0,2632.0,7.5,,,,,,,,,,,,,,,,,52.0,24.0,3.0,101.0,1.9
2010,amari spievey,CB,Iowa,5-11,195.0,4.52,35.0,,116.0,,,True,3.0,66.0,amari spievey,2009.0,,,,,,,,,,,0.0,2.0,0.0,0.0,18.3,20.0,4.0,0.0,73.0,,,,,,,,,,,,,,,1.4,5.0,5.0,0.0,7.0,,,,,,,,,,,,,,,,
2010,brandon spikes,ILB,Florida,6-3,249.0,5.05,29.0,,111.0,6.97,,True,2.0,62.0,brandon spikes,2009.0,,,,,,,,,,,23.0,2.0,2.0,46.0,,,,,,,,,,,,,,,,,,,,,,,,,,,,,,,,,,,,,,,,
2010,c.j. spiller,RB,Clemson,5-11,196.0,4.37,,18.0,,,,True,1.0,9.0,cj spiller,2009.0,,,,,,,,,,,,,,,32.8,96.0,23.0,4.0,755.0,,,,,,,,2.0,1.0,0.0,0.5,1.0,17.0,8.5,15.0,77.0,14.0,1.0,210.0,,,,,,,63.0,36.0,4.0,503.0,14.0,216.0,66.0,12.0,1212.0,5.6
2010,james starks,RB,Buffalo,6-2,218.0,4.5,36.0,15.0,119.0,6.89,4.23,True,6.0,193.0,james starks,2008.0,,,,,,,,,,,,,,,,,,,,,,,,,,,,,,,,,,,,,,,,,,,,,65.0,52.0,1.0,361.0,6.9,272.0,66.0,16.0,1333.0,4.9
2010,darian stewart,S,South Carolina,5-11,213.0,4.53,37.0,12.0,122.0,,4.32,False,,,darian stewart,,,,,,,,,,,,,,,,,,,,,,,,,,,,,,,,,,,,,,,,,,,,,,,,,,,,,,,
2010,darrell stuckey,S,Kansas,5-11,205.0,4.46,39.5,17.0,120.0,,,True,4.0,110.0,darrell stuckey,2009.0,,,,,,,,,,,0.0,1.0,0.0,0.0,25.6,67.0,14.0,0.0,358.0,,,,,,,,,,,,,,,,,,,,,,,,,,,,,,,,,,,
2010,ndamukong suh,DT,Nebraska,6-4,307.0,5.03,35.5,32.0,105.0,7.21,4.44,True,1.0,2.0,ndamukong suh,2009.0,,,,,,,,,,,0.0,1.0,0.0,0.0,,,,,,,,,,,,,,,,,,,,,,,,,,,,,,,,,,,,,,,,
2010,brett swenson,K,Michigan State,5-8,178.0,,,12.0,,,,False,,,brett swenson,2009.0,,,,,,,,,,,,,,,,,,,,22.0,19.0,52.0,0.864,101.0,45.0,44.0,,,,,,,,,,,,,,,,,,,,,,,,,,,,
2010,stevenson sylvester,OLB,Utah,6-2,231.0,4.71,,23.0,,,,True,5.0,166.0,stevenson sylvester,2009.0,,,,,,,,,,,27.0,1.0,1.0,27.0,,,,,,,,,,,,,,,,,,,,,,,,,,,,,,,,,,,,,,,,
2010,ben tate,RB,Auburn,5-11,220.0,4.34,40.5,26.0,124.0,6.91,4.12,True,2.0,58.0,ben tate,2009.0,,,,,,,,,,,,,,,27.8,36.0,5.0,0.0,139.0,,,,,,,,,,,,,,,,,,,,,,,,,,19.0,20.0,0.0,105.0,5.3,263.0,60.0,10.0,1362.0,5.2
2010,golden tate,WR,Notre Dame,5-10,199.0,4.42,35.0,17.0,120.0,7.12,4.34,True,2.0,60.0,golden tate,2009.0,,,,,,,,,,,,,,,20.7,24.0,3.0,0.0,62.0,,,,,,,,,,,,,,,5.3,87.0,32.0,1.0,171.0,,,,,,,78.0,93.0,15.0,1496.0,16.1,25.0,33.0,2.0,186.0,7.4
2010,daniel te'o-nesheim,DE,Washington,6-3,263.0,4.73,37.0,29.0,121.0,6.91,4.18,True,3.0,86.0,daniel teonesheim,,,,,,,,,,,,,,,,,,,,,,,,,,,,,,,,,,,,,,,,,,,,,,,,,,,,,,,
2010,tim tebow,QB,Florida,6-3,236.0,4.71,38.5,,115.0,6.66,4.17,True,1.0,25.0,tim tebow,2009.0,,,,,,,,,,,,,,,,,,,,,,,,,,,314.0,213.0,5.0,0.678,21.0,2895.0,9.2,,,,,,,,,,,,,,,,,217.0,55.0,14.0,910.0,4.2
2010,matt tennant,C,Boston Col.,6-5,300.0,5.15,25.0,27.0,98.0,7.6,4.62,True,5.0,158.0,matt tennant,,,,,,,,,,,,,,,,,,,,,,,,,,,,,,,,,,,,,,,,,,,,,,,,,,,,,,,
2010,mike tepper,OG,California,6-5,324.0,5.31,26.5,28.0,94.0,7.95,5.25,False,,,mike tepper,,,,,,,,,,,,,,,,,,,,,,,,,,,,,,,,,,,,,,,,,,,,,,,,,,,,,,,
2010,cam thomas,DT,North Carolina,6-4,330.0,5.16,29.0,31.0,102.0,7.68,4.78,True,5.0,146.0,cam thomas,,,,,,,,,,,,,,,,,,,,,,,,,,,,,,,,,,,,,,,,,,,,,,,,,,,,,,,
2010,demaryius thomas,WR,Georgia Tech,6-3,224.0,4.52,,,,,,True,1.0,22.0,demaryius thomas,2009.0,,,,,,,,,,,,,,,,,,,,,,,,,,,,,,,,,,,,,,,,,,,,,76.0,46.0,8.0,1154.0,25.1,1.0,3.0,0.0,3.0,3.0
2010,earl thomas,CB,Texas,5-10,208.0,4.43,,21.0,113.0,,,True,1.0,14.0,earl thomas,2009.0,,,,,,,,,,,18.6,8.0,2.0,149.0,,,,,,,,,,,,,,,,,,,,7.7,50.0,7.0,0.0,54.0,,,,,,,,,,,,,,,,
2010,kevin thomas,CB,USC,6-0,192.0,4.41,34.5,19.0,126.0,6.82,4.18,True,3.0,94.0,kevin thomas,2008.0,,,,,,,,,,,17.7,3.0,1.0,53.0,,,,,,,,,,,,,,,,,,,,,,,,,,,,,,,,,,,,,,,,
2010,syd'quan thompson,CB,California,5-9,186.0,4.75,33.0,,117.0,6.73,4.26,True,7.0,225.0,sydquan thompson,2009.0,,,,,,,,,,,38.0,1.0,0.0,38.0,,,,,,,,,,,,,,,,,,,,2.1,12.0,21.0,0.0,45.0,,,,,,,,,,,,,,,,
2010,walter thurmond,CB,Oregon,5-11,189.0,4.53,,,,,,True,4.0,111.0,walter thurmond,2009.0,,,,,,,,,,,18.0,1.0,1.0,18.0,24.3,41.0,8.0,0.0,194.0,,,,,,,,,,,,,,,11.0,78.0,15.0,1.0,165.0,,,,,,,,,,,,,,,,
2010,leigh tiffin,K,Alabama,6-1,209.0,,,,,,,False,,,leigh tiffin,2009.0,,,,,,,,,,,,,,,,,,,,35.0,30.0,50.0,0.857,132.0,46.0,42.0,,,,,,,,,,,,,,,,,,,,,,,,,,,,
2010,manase tonga,FB,BYU,5-11,245.0,4.84,32.0,19.0,105.0,7.44,4.69,False,,,manase tonga,2009.0,,,,,,,,,,,,,,,3.0,3.0,1.0,0.0,3.0,,,,,,,,,,,,,,,,,,,,,,,,,,24.0,21.0,3.0,197.0,9.4,22.0,18.0,3.0,94.0,4.3
2010,keith toston,RB,Oklahoma State,6-0,213.0,4.66,32.0,22.0,110.0,,4.67,False,,,keith toston,2009.0,,,,,,,,,,,,,,,11.0,11.0,1.0,0.0,11.0,,,,,,,,1.0,1.0,0.0,1.0,1.0,1.0,1.0,,,,,,,,,,,,47.0,25.0,1.0,261.0,10.4,227.0,69.0,11.0,1218.0,5.4
2010,adrian tracy,OLB,William & Mary,6-3,248.0,4.76,35.5,20.0,110.0,7.08,4.34,True,6.0,184.0,adrian tracy,,,,,,,,,,,,,,,,,,,,,,,,,,,,,,,,,,,,,,,,,,,,,,,,,,,,,,,
2010,nate triplett,OLB,Minnesota,6-3,250.0,4.7,33.0,20.0,115.0,7.02,4.37,True,5.0,167.0,nate triplett,,,,,,,,,,,,,,,,,,,,,,,,,,,,,,,,,,,,,,,,,,,,,,,,,,,,,,,
2010,torell troup,DT,Central Florida,6-3,314.0,5.12,29.0,34.0,98.0,7.61,4.73,True,2.0,41.0,torell troup,,,,,,,,,,,,,,,,,,,,,,,,,,,,,,,,,,,,,,,,,,,,,,,,,,,,,,,
2010,verran tucker,WR,California,6-2,200.0,4.65,,,,,,False,,,verran tucker,2009.0,,,,,,,,,,,,,,,,,,,,,,,,,,,,,,,,,,,,,,,,,,,,,59.0,29.0,1.0,453.0,15.6,,,,,
2010,adam ulatoski,OG,Texas,6-5,300.0,5.52,26.0,24.0,94.0,7.98,4.99,False,,,adam ulatoski,,,,,,,,,,,,,,,,,,,,,,,,,,,,,,,,,,,,,,,,,,,,,,,,,,,,,,,
2010,jared veldheer,OT,Hillsdale,6-8,312.0,5.06,33.5,32.0,109.0,7.4,4.51,True,3.0,69.0,jared veldheer,,,,,,,,,,,,,,,,,,,,,,,,,,,,,,,,,,,,,,,,,,,,,,,,,,,,,,,
2010,alterraun verner,CB,UCLA,5-10,189.0,4.52,32.0,11.0,116.0,6.7,4.12,True,4.0,104.0,alterraun verner,2009.0,,,,,,,,,,,31.6,5.0,1.0,158.0,,,,,,,,,,,,,,,,,,,,,,,,,,,,,,,,,,,,,,,,
2010,stephan virgil,CB,Virginia Tech,5-11,183.0,4.69,34.0,12.0,113.0,7.11,4.35,False,,,stephan virgil,2009.0,,,,,,,,,,,6.0,1.0,0.0,6.0,,,,,,,,,,,,,,,,,,,,,,,,,,,,,,,,,,,,,,,,
2010,jamar wall,CB,Texas Tech,5-10,204.0,4.52,,15.0,,,,True,6.0,196.0,jamar wall,2009.0,,,,,,,,,,,7.5,2.0,0.0,15.0,,,,,,,,,,,,,,,,,,,,8.8,24.0,5.0,0.0,44.0,,,,,,,,,,,,,,,,
2010,j.d. walton,C,Baylor,6-3,300.0,5.19,27.0,24.0,101.0,7.6,4.69,True,3.0,80.0,jd walton,,,,,,,,,,,,,,,,,,,,,,,,,,,,,,,,,,,,,,,,,,,,,,,,,,,,,,,
2010,ed wang,OT,Virginia Tech,6-5,314.0,5.18,27.0,29.0,96.0,,4.7,True,5.0,140.0,ed wang,,,,,,,,,,,,,,,,,,,,,,,,,,,,,,,,,,,,,,,,,,,,,,,,,,,,,,,
2010,t.j. ward,S,Oregon,5-10,211.0,4.56,34.0,19.0,121.0,,,True,2.0,38.0,tj ward,2009.0,,,,,,,,,,,7.0,1.0,0.0,7.0,,,,,,,,,,,,,,,,,,,,,,,,,,,,,,,,,,,,,,,,
2010,donovan warren,S,Michigan,5-11,193.0,4.62,,12.0,113.0,,,False,,,donovan warren,2009.0,,,,,,,,,,,10.5,4.0,1.0,42.0,,,,,,,,,,,,,,,,,,,,0.0,0.0,1.0,0.0,0.0,,,,,,,,,,,,,,,,
2010,lorenzo washington,DT,Alabama,6-4,291.0,5.21,30.0,25.0,107.0,7.4,4.68,False,,,lorenzo washington,2009.0,,,,,,,,,,,,,,,,,,,,,,,,,,,,,,,,,,16.0,16.0,1.0,0.0,16.0,,,,,,,,,,,,,,,,
2010,daryl washington,OLB,TCU,6-2,230.0,4.58,31.0,17.0,114.0,,,True,2.0,47.0,daryl washington,2009.0,,,,,,,,,,,16.0,3.0,1.0,48.0,,,,,,,,,,,,,,,,,,,,,,,,,,,,,,,,,,,,,,,,
2010,tony washington,OT,Appalachian State,6-6,311.0,5.25,29.5,33.0,114.0,7.52,4.84,False,,,tony washington,2013.0,,,,,,,,,,,,,,,20.2,30.0,6.0,0.0,121.0,,,,,,,,,,,,,,,,,,,,,,,,,,25.0,5.0,0.0,78.0,15.6,,,,,
2010,dekoda watson,OLB,Florida State,6-1,240.0,4.55,40.0,24.0,134.0,7.06,4.11,True,7.0,217.0,dekoda watson,2008.0,,,,,,,,,,,4.0,1.0,0.0,4.0,,,,,,,,,,,,,,,,,,,,3.0,3.0,1.0,0.0,3.0,,,,,,,,,,,,,,,,
2010,sean weatherspoon,OLB,Missouri,6-1,239.0,4.62,40.0,34.0,123.0,6.99,4.38,True,1.0,19.0,sean weatherspoon,2009.0,,,,,,,,,,,6.0,1.0,0.0,6.0,,,,,,,,,,,,,,,,,,,,,,,,,,,,,,,,,,,,,,,,
2010,thomas welch,OT,Vanderbilt,6-6,307.0,5.42,29.0,29.0,105.0,7.67,4.8,True,7.0,208.0,thomas welch,,,,,,,,,,,,,,,,,,,,,,,,,,,,,,,,,,,,,,,,,,,,,,,,,,,,,,,
2010,chastin west,WR,Fresno State,6-0,212.0,4.59,33.5,15.0,113.0,,,False,,,chastin west,2009.0,,,,,,,,,,,,,,,22.8,29.0,8.0,0.0,182.0,,,,,,,,2.0,1.0,0.0,0.5,1.0,43.0,21.5,9.2,88.0,13.0,1.0,119.0,,,,,,,41.0,30.0,2.0,472.0,15.7,1.0,0.0,0.0,,
2010,blair white,WR,Michigan State,6-2,209.0,4.49,33.5,18.0,115.0,6.69,4.03,False,,,blair white,2009.0,,,,,,,,,,,,,,,,,,,,,,,,,,,,,,,,,,27.0,27.0,1.0,0.0,27.0,,,,,,,49.0,70.0,9.0,990.0,14.1,,,,,
2010,jeremy williams,WR,Tulane,6-0,206.0,4.59,36.0,14.0,117.0,6.73,,False,,,jeremy williams,2009.0,,,,,,,,,,,,,,,24.2,88.0,20.0,1.0,483.0,,,,,,,,2.0,0.0,0.0,0.0,0.0,0.0,0.0,,,,,,,,,,,,68.0,84.0,7.0,1113.0,13.3,38.0,27.0,0.0,167.0,4.4
2010,damian williams,WR,USC,6-1,197.0,4.52,38.0,19.0,118.0,6.79,4.24,True,3.0,77.0,damian williams,2009.0,,,,,,,,,,,,,,,,,,,,,,,,,,,,,,,,,,7.7,66.0,44.0,2.0,340.0,,,,,,,75.0,70.0,6.0,1010.0,14.4,2.0,9.0,0.0,16.0,8.0
2010,dan williams,DT,Tennessee,6-2,327.0,5.19,32.0,27.0,96.0,7.88,4.87,True,1.0,26.0,dan williams,,,,,,,,,,,,,,,,,,,,,,,,,,,,,,,,,,,,,,,,,,,,,,,,,,,,,,,
2010,keiland williams,RB,LSU,5-11,233.0,4.52,,,,,,False,,,keiland williams,2009.0,,,,,,,,,,,,,,,7.0,7.0,1.0,0.0,7.0,,,,,,,,,,,,,,,,,,,,,,,,,,20.0,4.0,0.0,22.0,5.5,70.0,25.0,4.0,368.0,5.3
2010,kyle williams,WR,Arizona State,5-10,188.0,4.4,33.0,11.0,118.0,7.0,4.19,True,6.0,206.0,kyle williams,2009.0,,,,,,,,,,,,,,,,,,,,,,,,,,,1.0,1.0,0.0,1.0,1.0,32.0,32.0,5.3,53.0,43.0,0.0,229.0,,,,,,,80.0,57.0,8.0,815.0,14.3,5.0,53.0,0.0,73.0,14.6
2010,mike williams,WR,Syracuse,6-1,221.0,4.53,33.5,8.0,116.0,6.9,4.31,True,4.0,101.0,mike williams,2016.0,0.0,0.0,0.0,2.0,0.0,0.0,2.0,2.0,2.0,0.0,,,,,,,,,,,,,,,,,,,,,,,,,,,,,,,,,,,50.0,98.0,11.0,1361.0,13.9,,,,,
2010,stephen williams,WR,Toledo,6-4,210.0,4.5,36.5,15.0,125.0,6.81,4.11,False,,,stephen williams,2009.0,,,,,,,,,,,,,,,,,,,,,,,,,,,,,,,,,,,,,,,,,,,,,56.0,79.0,5.0,1065.0,13.5,,,,,
2010,trent williams,OT,Oklahoma,6-5,315.0,4.81,34.5,23.0,113.0,7.64,4.63,True,1.0,4.0,trent williams,,,,,,,,,,,,,,,,,,,,,,,,,,,,,,,,,,,,,,,,,,,,,,,,,,,,,,,
2010,c.j. wilson,DE,East Carolina,6-3,290.0,4.83,33.0,32.0,116.0,,4.77,True,7.0,230.0,cj wilson,2010.0,,,,,,,,,,,35.5,2.0,2.0,71.0,,,,,,,,,,,,,,,,,,,,,,,,,,,,,,,,,,,,,,,,
2010,e.j. wilson,DE,North Carolina,6-2,286.0,4.97,29.5,23.0,,,,True,4.0,127.0,ej wilson,,,,,,,,,,,,,,,,,,,,,,,,,,,,,,,,,,,,,,,,,,,,,,,,,,,,,,,
2010,kion wilson,ILB,South Florida,6-0,239.0,4.87,36.5,27.0,123.0,,4.53,False,,,kion wilson,2009.0,,,,,,,,,,,7.0,1.0,0.0,7.0,,,,,,,,,,,,,,,,,,,,,,,,,,,,,,,,,,,,,,,,
2010,kyle wilson,CB,Boise State,5-10,194.0,4.43,,25.0,,,,True,1.0,29.0,kyle wilson,2009.0,,,,,,,,,,,32.7,3.0,2.0,98.0,16.0,20.0,2.0,0.0,32.0,,,,,,,,,,,,,,,5.3,59.0,47.0,0.0,250.0,,,,,,,,,,,,,,,,
2010,lindsey witten,DE,Connecticut,6-4,250.0,4.7,36.5,23.0,115.0,7.32,4.62,False,,,lindsey witten,,,,,,,,,,,,,,,,,,,,,,,,,,,,,,,,,,,,,,,,,,,,,,,,,,,,,,,
2010,ryan wolfe,WR,UNLV,6-1,205.0,4.65,,13.0,,,,False,,,ryan wolfe,2009.0,,,,,,,,,,,,,,,,,,,,,,,,,,,1.0,0.0,0.0,0.0,0.0,0.0,0.0,1.5,9.0,13.0,0.0,20.0,,,,,,,52.0,74.0,2.0,760.0,10.3,11.0,10.0,0.0,41.0,3.7
2010,justin woodall,S,Alabama,6-1,223.0,4.64,34.0,13.0,118.0,6.88,4.17,False,,,justin woodall,2009.0,,,,,,,,,,,11.0,3.0,0.0,33.0,,,,,,,,,,,,,,,,,,,,,,,,,,,,,,,,,,,,,,,,
2010,al woods,DT,LSU,6-4,309.0,5.15,37.0,,109.0,7.45,4.67,True,4.0,123.0,al woods,,,,,,,,,,,,,,,,,,,,,,,,,,,,,,,,,,,,,,,,,,,,,,,,,,,,,,,
2010,corey wootton,DE,Northwestern,6-6,270.0,4.92,,20.0,,,,True,4.0,109.0,corey wootton,2008.0,,,,,,,,,,,0.0,1.0,0.0,0.0,,,,,,,,,,,,,,,,,,,,,,,,,,,,,,,,,,,,,,,,
2010,jason worilds,OLB,Virginia Tech,6-1,254.0,4.65,38.0,24.0,114.0,6.95,4.29,True,2.0,52.0,jason worilds,,,,,,,,,,,,,,,,,,,,,,,,,,,,,,,,,,,,,,,,,,,,,,,,,,,,,,,
2010,doug worthington,DT,Ohio State,6-5,292.0,5.02,,19.0,,,,True,7.0,242.0,doug worthington,,,,,,,,,,,,,,,,,,,,,,,,,,,,,,,,,,,,,,,,,,,,,,,,,,,,,,,
2010,major wright,S,Florida,5-11,206.0,4.44,37.5,14.0,119.0,6.95,4.36,True,3.0,75.0,major wright,2009.0,,,,,,,,,,,11.3,3.0,0.0,34.0,,,,,,,,,,,,,,,,,,,,,,,,,,,,,,,,,,,,,,,,
2010,sam young,OT,Notre Dame,6-8,316.0,5.2,29.5,29.0,104.0,7.73,4.87,True,6.0,179.0,sam young,,,,,,,,,,,,,,,,,,,,,,,,,,,,,,,,,,,,,,,,,,,,,,,,,,,,,,,
2010,willie young,DE,North Carolina State,6-5,251.0,4.88,38.0,25.0,118.0,7.24,4.56,True,7.0,213.0,willie young,2009.0,,,,,,,,,,,8.0,1.0,0.0,8.0,,,,,,,,,,,,,,,,,,,,,,,,,,,,,,,,,,,,,,,,
2011,sam acho,OLB,Texas,6-2,262.0,4.67,33.5,23.0,112.0,6.69,4.32,True,4.0,103.0,sam acho,,,,,,,,,,,,,,,,,,,,,,,,,,,,,,,,,,,,,,,,,,,,,,,,,,,,,,,
2011,darvin adams,WR,Auburn,6-2,190.0,4.56,,,,,,False,,,darvin adams,2010.0,,,,,,,,,,,,,,,,,,,,,,,,,,,,,,,,,,4.2,11.0,5.0,0.0,21.0,,,,,,,62.0,52.0,7.0,963.0,18.5,,,,,
2011,danny aiken,LS,Virginia,6-4,244.0,5.0,,11.0,,,,False,,,danny aiken,,,,,,,,,,,,,,,,,,,,,,,,,,,,,,,,,,,,,,,,,,,,,,,,,,,,,,,
2011,ladi ajiboye,DT,South Carolina,6-1,297.0,5.3,24.0,23.0,91.0,7.72,4.71,False,,,ladi ajiboye,,,,,,,,,,,,,,,,,,,,,,,,,,,,,,,,,,,,,,,,,,,,,,,,,,,,,,,
2011,anthony allen,RB,Georgia Tech,6-1,228.0,4.56,41.5,24.0,120.0,6.79,4.06,True,7.0,225.0,anthony allen,2010.0,,,,,,,,,,,,,,,,,,,,,,,,,,,,,,,,,,,,,,,,,,,,,50.0,3.0,1.0,88.0,29.3,240.0,48.0,7.0,1316.0,5.5
2011,armando allen,RB,Notre Dame,5-8,199.0,4.59,,23.0,,,,False,,,armando allen,2010.0,,,,,,,,,,,,,,,,,,,,,,,,,,,1.0,1.0,0.0,1.0,0.0,3.0,3.0,6.7,38.0,7.0,0.0,47.0,,,,,,,24.0,17.0,0.0,138.0,8.1,107.0,30.0,2.0,514.0,4.8
2011,cortez allen,CB,Citadel,6-1,197.0,4.5,35.5,18.0,129.0,6.76,4.01,True,4.0,128.0,cortez allen,,,,,,,,,,,,,,,,,,,,,,,,,,,,,,,,,,,,,,,,,,,,,,,,,,,,,,,
2011,pierre allen,DE,Nebraska,6-3,273.0,4.78,,,,,,False,,,pierre allen,,,,,,,,,,,,,,,,,,,,,,,,,,,,,,,,,,,,,,,,,,,,,,,,,,,,,,,
2011,prince amukamara,CB,Nebraska,6-0,206.0,4.38,38.0,15.0,128.0,6.97,4.08,True,1.0,19.0,prince amukamara,2009.0,,,,,,,,,,,12.6,5.0,0.0,63.0,,,,,,,,,,,,,,,,,,,,,,,,,,,,,,,,,,,,,,,,
2011,david arkin,OG,Missouri State,6-5,300.0,5.31,29.0,25.0,103.0,7.6,4.63,True,4.0,110.0,david arkin,,,,,,,,,,,,,,,,,,,,,,,,,,,,,,,,,,,,,,,,,,,,,,,,,,,,,,,
2011,matt asiata,RB,Utah,5-11,229.0,4.77,30.0,22.0,104.0,7.09,4.37,False,,,matt asiata,2010.0,,,,,,,,,,,,,,,,,,,,,,,,,,,,,,,,,,,,,,,,,,,,,19.0,32.0,1.0,195.0,6.1,155.0,42.0,8.0,695.0,4.5
2011,marvin austin,DT,North Carolina,6-2,309.0,4.84,30.5,38.0,112.0,7.33,4.4,True,2.0,52.0,marvin austin,,,,,,,,,,,,,,,,,,,,,,,,,,,,,,,,,,,,,,,,,,,,,,,,,,,,,,,
2011,akeem ayers,OLB,UCLA,6-2,254.0,4.81,31.0,18.0,116.0,7.49,4.28,True,2.0,39.0,akeem ayers,2010.0,,,,,,,,,,,45.0,2.0,0.0,90.0,,,,,,,,,,,,,,,,,,,,,,,,,,,,,,,,,,,,,,,,
2011,allen bailey,DE,Miami (FL),6-3,285.0,4.71,36.5,27.0,117.0,7.43,4.56,True,3.0,86.0,allen bailey,,,,,,,,,,,,,,,,,,,,,,,,,,,,,,,,,,,,,,,,,,,,,,,,,,,,,,,
2011,dan bailey,K,Oklahoma State,6-0,193.0,4.92,,,,,,False,,,dan bailey,2010.0,,,,,,,,,,,,,,,,,,,,31.0,27.0,52.0,0.871,149.0,70.0,68.0,,,,,,,,,,,,,0.0,48.0,5.0,0.0,195.0,39.0,,,,,,,,,,
2011,brandon bair,DE,Oregon,6-6,276.0,4.92,28.0,26.0,114.0,7.07,4.37,False,,,brandon bair,,,,,,,,,,,,,,,,,,,,,,,,,,,,,,,,,,,,,,,,,,,,,,,,,,,,,,,
2011,jon baldwin,WR,Pittsburgh,6-4,228.0,4.49,42.0,20.0,129.0,7.07,4.34,True,1.0,26.0,jon baldwin,,,,,,,,,,,,,,,,,,,,,,,,,,,,,,,,,,,,,,,,,,,,,,,,,,,,,,,
2011,christian ballard,DE,Iowa,6-4,283.0,4.75,31.5,,111.0,7.54,4.51,True,4.0,106.0,christian ballard,,,,,,,,,,,,,,,,,,,,,,,,,,,,,,,,,,,,,,,,,,,,,,,,,,,,,,,
2011,joe barksdale,OT,LSU,6-5,325.0,5.31,29.0,29.0,103.0,8.27,4.75,True,3.0,92.0,joe barksdale,,,,,,,,,,,,,,,,,,,,,,,,,,,,,,,,,,,,,,,,,,,,,,,,,,,,,,,
2011,ryan bartholomew,C,Syracuse,6-1,302.0,4.93,26.5,34.0,92.0,7.62,4.62,False,,,ryan bartholomew,2010.0,,,,,,,,,,,,,,,,,,,,,,,,,,,,,,,,,,,,,,,,,,,,,,,,,,0.0,0.0,1.0,0.0,0.0
2011,jeremy beal,DE,Oklahoma,6-2,262.0,5.14,28.5,22.0,106.0,7.19,4.46,True,7.0,247.0,jeremy beal,2009.0,,,,,,,,,,,4.0,1.0,0.0,4.0,,,,,,,,,,,,,,,,,,,,,,,,,,,,,,,,,,,,,,,,
2011,nick bellore,ILB,Central Michigan,6-1,245.0,4.84,32.5,23.0,109.0,6.98,4.0,False,,,nick bellore,2010.0,,,,,,,,,,,7.0,1.0,0.0,7.0,,,,,,,,,,,,,,,,,,,,,,,,,,,,,,,,,,,,,,,,
2011,damien berry,RB,Miami (FL),5-10,211.0,4.58,33.5,23.0,120.0,7.0,4.12,False,,,damien berry,2010.0,,,,,,,,,,,,,,,,,,,,,,,,,,,,,,,,,,,,,,,,,,,,,32.0,10.0,1.0,97.0,9.7,190.0,42.0,5.0,899.0,4.7
2011,armon binns,WR,Cincinnati,6-3,209.0,4.5,31.5,13.0,118.0,6.86,4.31,False,,,armon binns,2010.0,,,,,,,,,,,,,,,,,,,,,,,,,,,,,,,,,,,,,,,,,,,,,62.0,75.0,10.0,1101.0,14.7,,,,,
2011,ahmad black,S,Florida,5-9,184.0,4.7,35.5,18.0,119.0,6.85,4.2,True,5.0,151.0,ahmad black,2010.0,,,,,,,,,,,34.2,5.0,1.0,171.0,,,,,,,,,,,,,,,,,,,,,,,,,,,,,,,,,,,,,,,,
2011,clint boling,OG,Georgia,6-5,308.0,5.28,31.0,28.0,102.0,7.66,4.64,True,4.0,101.0,clint boling,,,,,,,,,,,,,,,,,,,,,,,,,,,,,,,,,,,,,,,,,,,,,,,,,,,,,,,
2011,justin boren,OG,Ohio State,6-3,309.0,5.4,,28.0,,7.57,4.75,False,,,justin boren,,,,,,,,,,,,,,,,,,,,,,,,,,,,,,,,,,,,,,,,,,,,,,,,,,,,,,,
2011,matt bosher,P,Miami (FL),6-1,208.0,4.78,,8.0,,,,True,6.0,192.0,matt bosher,2010.0,,,,,,,,,,,,,,,,,,,,17.0,13.0,51.0,0.765,76.0,40.0,37.0,,,,,,,,,,,,,0.0,62.0,59.0,0.0,2597.0,44.0,,,,,,,,,,
2011,da'quan bowers,DE,Clemson,6-3,280.0,4.92,,22.0,,,,True,2.0,51.0,daquan bowers,2010.0,,,,,,,,,,,0.0,1.0,0.0,0.0,,,,,,,,,,,,,,,,,,,,,,,,,,,,,,,,,,,,,,,,
2011,allen bradford,RB,USC,5-11,242.0,4.53,29.0,28.0,113.0,6.97,4.39,True,6.0,187.0,allen bradford,2010.0,,,,,,,,,,,,,,,,,,,,,,,,,,,,,,,,,,,,,,,,,,,,,47.0,3.0,1.0,74.0,24.7,110.0,73.0,5.0,794.0,7.2
2011,james brewer,OT,Indiana,6-6,323.0,5.21,26.0,25.0,100.0,7.84,4.81,True,4.0,117.0,james brewer,,,,,,,,,,,,,,,,,,,,,,,,,,,,,,,,,,,,,,,,,,,,,,,,,,,,,,,
2011,niles brinkley,CB,Wisconsin,5-9,193.0,4.54,33.5,15.0,120.0,7.23,,False,,,niles brinkley,2009.0,,,,,,,,,,,1.5,2.0,0.0,3.0,,,,,,,,,,,,,,,,,,,,,,,,,,,,,,,,,,,,,,,,
2011,deandre brown,WR,Southern Miss,6-6,233.0,4.59,29.0,20.0,117.0,6.93,4.33,False,,,deandre brown,2010.0,,,,,,,,,,,,,,,,,,,,,,,,,,,,,,,,,,,,,,,,,,,,,53.0,20.0,3.0,305.0,15.3,,,,,
2011,chykie brown,CB,Texas,5-11,190.0,4.49,36.5,,120.0,6.5,4.0,True,5.0,164.0,chykie brown,2009.0,,,,,,,,,,,7.5,2.0,0.0,15.0,,,,,,,,,,,,,,,,,,,,,,,,,,,,,,,,,,,,,,,,
2011,curtis brown,CB,Texas,6-0,185.0,4.51,39.5,10.0,128.0,6.59,4.0,True,3.0,95.0,curtis brown,2010.0,,,,,,,,,,,74.0,1.0,0.0,74.0,13.0,13.0,1.0,0.0,13.0,,,,,,,,,,,,,,,12.9,40.0,15.0,0.0,194.0,,,,,,,,,,,,,,,,
2011,jalil brown,CB,Colorado,6-1,204.0,4.52,35.5,24.0,116.0,6.85,4.25,True,4.0,118.0,jalil brown,2010.0,,,,,,,,,,,0.0,3.0,0.0,0.0,,,,,,,,,,,,,,,,,,,,,,,,,,,,,,,,,,,,,,,,
2011,vincent brown,WR,San Diego State,5-11,187.0,4.68,33.5,12.0,121.0,6.64,4.25,True,3.0,82.0,vincent brown,2010.0,,,,,,,,,,,,,,,,,,,,,,,,,,,,,,,,,,,,,,,,,,,,,90.0,69.0,10.0,1352.0,19.6,1.0,0.0,0.0,,
2011,kendric burney,CB,North Carolina,5-9,186.0,4.71,32.5,14.0,112.0,,,False,,,kendric burney,2010.0,,,,,,,,,,,5.5,2.0,0.0,11.0,,,,,,,,,,,,,,,,,,,,2.6,12.0,7.0,0.0,18.0,,,,,,,,,,,,,,,,
2011,brandon burton,CB,Utah,6-0,190.0,4.5,32.0,18.0,118.0,6.93,4.07,True,5.0,139.0,brandon burton,2010.0,,,,,,,,,,,34.5,2.0,0.0,69.0,,,,,,,,,,,,,,,,,,,,,,,,,,,,,,,,,,,,,,,,
2011,stephen burton,WR,West Texas A&M,6-1,221.0,4.5,34.5,19.0,117.0,7.04,4.31,True,7.0,236.0,stephen burton,,,,,,,,,,,,,,,,,,,,,,,,,,,,,,,,,,,,,,,,,,,,,,,,,,,,,,,
2011,mario butler,CB,Georgia Tech,6-0,182.0,4.65,30.5,,120.0,7.09,4.37,False,,,mario butler,2010.0,,,,,,,,,,,85.0,1.0,1.0,85.0,,,,,,,,,,,,,,,,,,,,,,,,,,,,,,,,,,,,,,,,
2011,jordan cameron,TE,USC,6-5,254.0,4.53,37.5,23.0,119.0,6.82,4.03,True,4.0,102.0,jordan cameron,2010.0,,,,,,,,,,,,,,,,,,,,,,,,,,,,,,,,,,,,,,,,,,,,,22.0,16.0,1.0,126.0,7.9,1.0,6.0,0.0,6.0,6.0
2011,jeff van camp,QB,Florida Atlantic,6-5,218.0,4.83,31.0,,114.0,6.87,4.16,False,,,jeff van camp,2010.0,,,,,,,,,,,,,,,,,,,,,,,,,,,335.0,192.0,13.0,0.573,17.0,2459.0,7.3,,,,,,,,,,,,,,,,,56.0,29.0,0.0,,
2011,marcus cannon,OT,TCU,6-5,358.0,5.26,30.5,33.0,105.0,8.07,4.97,True,5.0,138.0,marcus cannon,,,,,,,,,,,,,,,,,,,,,,,,,,,,,,,,,,,,,,,,,,,,,,,,,,,,,,,
2011,gabe carimi,OT,Wisconsin,6-7,314.0,5.18,31.5,29.0,109.0,,,True,1.0,29.0,gabe carimi,,,,,,,,,,,,,,,,,,,,,,,,,,,,,,,,,,,,,,,,,,,,,,,,,,,,,,,
2011,roc carmichael,CB,Virginia Tech,5-10,192.0,4.41,31.0,13.0,116.0,6.69,4.06,True,4.0,127.0,roc carmichael,,,,,,,,,,,,,,,,,,,,,,,,,,,,,,,,,,,,,,,,,,,,,,,,,,,,,,,
2011,james carpenter,OT,Alabama,6-4,321.0,5.22,,23.0,,,,True,1.0,25.0,james carpenter,,,,,,,,,,,,,,,,,,,,,,,,,,,,,,,,,,,,,,,,,,,,,,,,,,,,,,,
2011,bruce carter,OLB,North Carolina,6-1,241.0,4.57,,25.0,,,,True,2.0,40.0,bruce carter,2010.0,,,,,,,,,,,55.0,1.0,0.0,55.0,,,,,,,,,,,,,,,,,,,,17.0,17.0,1.0,0.0,17.0,,,,,,,,,,,,,,,,
2011,chris carter,OLB,Fresno State,6-1,248.0,4.58,36.0,27.0,114.0,6.88,4.34,True,5.0,162.0,chris carter,,,,,,,,,,,,,,,,,,,,,,,,,,,,,,,,,,,,,,,,,,,,,,,,,,,,,,,
2011,delone carter,RB,Syracuse,5-9,222.0,4.54,37.0,27.0,120.0,6.92,4.07,True,4.0,119.0,delone carter,2010.0,,,,,,,,,,,,,,,,,,,,,,,,,,,,,,,,,,,,,,,,,,,,,16.0,8.0,0.0,45.0,5.6,231.0,60.0,9.0,1233.0,5.3
2011,quinton carter,S,Oklahoma,6-1,208.0,4.57,34.5,23.0,121.0,7.05,4.06,True,4.0,108.0,quinton carter,2010.0,,,,,,,,,,,9.5,4.0,0.0,38.0,,,,,,,,,,,,,,,,,,,,,,,,,,,,,,,,,,,,,,,,
2011,jurrell casey,DT,USC,6-1,300.0,5.04,27.5,26.0,101.0,7.51,4.78,True,3.0,77.0,jurrell casey,2010.0,,,,,,,,,,,0.0,1.0,0.0,0.0,,,,,,,,,,,,,,,,,,,,,,,,,,,,,,,,,,,,,,,,
2011,anthony castonzo,OT,Boston Col.,6-7,311.0,5.21,29.5,28.0,105.0,7.25,4.4,True,1.0,22.0,anthony castonzo,,,,,,,,,,,,,,,,,,,,,,,,,,,,,,,,,,,,,,,,,,,,,,,,,,,,,,,
2011,shaun chapas,FB,Georgia,6-2,247.0,4.87,35.5,23.0,116.0,7.13,4.4,True,7.0,220.0,shaun chapas,2010.0,,,,,,,,,,,,,,,9.3,12.0,3.0,0.0,28.0,,,,,,,,,,,,,,,,,,,,,,,,,,12.0,5.0,2.0,29.0,5.8,15.0,7.0,2.0,44.0,2.9
2011,chimdi chekwa,CB,Ohio State,6-0,191.0,4.38,34.5,,126.0,,,True,4.0,113.0,chimdi chekwa,2010.0,,,,,,,,,,,7.3,3.0,0.0,22.0,,,,,,,,,,,,,,,,,,,,,,,,,,,,,,,,,,,,,,,,
2011,ugo chinasa,DE,Oklahoma State,6-5,264.0,4.63,28.0,22.0,117.0,7.07,4.39,False,,,ugo chinasa,2010.0,,,,,,,,,,,22.0,1.0,0.0,22.0,,,,,,,,,,,,,,,,,,,,,,,,,,,,,,,,,,,,,,,,
2011,garrett chisolm,OG,South Carolina,6-5,312.0,5.36,,,,,,False,,,garrett chisolm,,,,,,,,,,,,,,,,,,,,,,,,,,,,,,,,,,,,,,,,,,,,,,,,,,,,,,,
2011,charles clay,FB,Tulsa,6-3,245.0,4.69,33.5,18.0,118.0,7.07,4.15,True,6.0,174.0,charles clay,2011.0,,,,,,,,,,,,,,,,,,,,,,,,,,,,,,,,,,,,,,,,,,,,,6.0,2.0,0.0,9.0,4.5,,,,,
2011,john clay,RB,Wisconsin,6-0,230.0,4.83,29.0,,111.0,,,False,,,john clay,2010.0,,,,,,,,,,,,,,,,,,,,,,,,,,,,,,,,,,,,,,,,,,,,,9.0,1.0,0.0,9.0,9.0,187.0,40.0,14.0,1012.0,5.4
2011,adrian clayborn,DE,Iowa,6-3,281.0,4.78,33.0,,113.0,7.3,4.13,True,1.0,20.0,adrian clayborn,2009.0,,,,,,,,,,,,,,,,,,,,,,,,,,,,,,,,,,53.0,53.0,1.0,1.0,53.0,,,,,,,,,,,,,,,,
2011,randall cobb,WR,Kentucky,5-10,191.0,4.46,33.5,16.0,115.0,7.08,4.34,True,2.0,64.0,randall cobb,2010.0,,,,,,,,,,,,,,,23.7,40.0,31.0,0.0,736.0,,,,,,,,10.0,5.0,0.0,0.5,3.0,58.0,5.8,5.3,50.0,41.0,1.0,219.0,,,,,,,48.0,84.0,7.0,1017.0,12.1,55.0,73.0,5.0,424.0,7.7
2011,ryan colburn,QB,Fresno State,6-3,233.0,5.12,,,,6.84,4.28,False,,,ryan colburn,2010.0,,,,,,,,,,,,,,,,,,,,,,,,,,,360.0,227.0,9.0,0.631,23.0,2817.0,7.8,,,,,,,,,,,,,,,,,95.0,28.0,3.0,75.0,0.8
2011,chris conte,S,California,6-2,197.0,4.52,35.5,18.0,127.0,7.01,4.19,True,3.0,93.0,chris conte,2010.0,,,,,,,,,,,0.0,1.0,0.0,0.0,20.5,21.0,2.0,0.0,41.0,,,,,,,,,,,,,,,17.0,17.0,1.0,1.0,17.0,,,,,,,,,,,,,,,,
2011,graig cooper,RB,Miami (FL),5-10,205.0,4.6,,18.0,114.0,6.66,4.03,False,,,graig cooper,2010.0,,,,,,,,,,,,,,,16.8,34.0,12.0,0.0,202.0,,,,,,,,1.0,0.0,0.0,0.0,0.0,0.0,0.0,4.0,13.0,8.0,0.0,32.0,,,,,,,11.0,6.0,0.0,28.0,4.7,35.0,20.0,1.0,165.0,4.7
2011,vance cuff,CB,Georgia,5-10,178.0,4.53,36.0,,120.0,6.91,4.09,False,,,vance cuff,2010.0,,,,,,,,,,,30.0,1.0,1.0,30.0,,,,,,,,,,,,,,,,,,,,,,,,,,,,,,,,,,,,,,,,
2011,chris culliver,CB,South Carolina,6-0,199.0,4.36,38.5,,123.0,6.88,4.08,True,3.0,80.0,chris culliver,2010.0,,,,,,,,,,,,,,,21.8,37.0,12.0,0.0,261.0,,,,,,,,,,,,,,,,,,,,,,,,,,,,,,,,,,,
2011,andy dalton,QB,TCU,6-2,215.0,4.83,29.5,,106.0,6.93,4.27,True,2.0,35.0,andy dalton,2010.0,,,,,,,,,,,,,,,,,,,,,,,,,,,316.0,209.0,6.0,0.661,27.0,2857.0,9.0,,,,,,0.0,21.0,1.0,0.0,21.0,21.0,,,,,,86.0,47.0,6.0,435.0,5.1
2011,wayne daniels,OLB,TCU,6-0,260.0,5.03,25.0,,106.0,7.81,4.68,False,,,wayne daniels,,,,,,,,,,,,,,,,,,,,,,,,,,,,,,,,,,,,,,,,,,,,,,,,,,,,,,,
2011,marcell dareus,DT,Alabama,6-3,319.0,4.93,27.0,24.0,,7.83,4.62,True,1.0,3.0,marcell dareus,2009.0,,,,,,,,,,,28.0,1.0,1.0,28.0,,,,,,,,,,,,,,,,,,,,,,,,,,,,,,,,,,,,,,,,
2011,josh davis,OT,Georgia,6-7,313.0,5.5,24.0,,91.0,7.98,5.07,False,,,josh davis,2011.0,,,,,,,,,,,,,,,,,,,,,,,,,,,,,,,,,,,,,,,0.0,62.0,12.0,0.0,516.0,43.0,,,,,,,,,,
2011,mark dell,WR,Michigan State,6-0,193.0,4.54,,14.0,,,,False,,,mark dell,2010.0,,,,,,,,,,,,,,,,,,,,,,,,,,,,,,,,,,1.1,8.0,7.0,0.0,8.0,,,,,,,55.0,51.0,6.0,788.0,15.5,,,,,
2011,akeem dent,ILB,Georgia,6-1,242.0,4.73,37.5,24.0,123.0,,,True,3.0,91.0,akeem dent,,,,,,,,,,,,,,,,,,,,,,,,,,,,,,,,,,,,,,,,,,,,,,,,,,,,,,,
2011,noel devine,RB,West Virginia,5-7,179.0,4.43,,24.0,,,,False,,,noel devine,2010.0,,,,,,,,,,,,,,,15.5,25.0,4.0,0.0,62.0,,,,,,,,,,,,,,,,,,,,,,,,,,48.0,34.0,1.0,258.0,7.6,209.0,50.0,6.0,936.0,4.5
2011,pat devlin,QB,Pittsburgh,6-3,225.0,4.81,33.0,,116.0,7.08,4.32,False,,,pat devlin,,,,,,,,,,,,,,,,,,,,,,,,,,,,,,,,,,,,,,,,,,,,,,,,,,,,,,,
2011,demarcus dobbs,DE,Georgia,6-2,281.0,4.87,31.0,,107.0,7.22,4.37,False,,,demarcus dobbs,2008.0,,,,,,,,,,,39.0,2.0,1.0,78.0,,,,,,,,,,,,,,,,,,,,,,,,,,,,,,,,,,,,,,,,
2011,ray dominguez,OG,Arkansas,6-4,334.0,5.45,27.5,21.0,90.0,7.74,4.9,False,,,ray dominguez,,,,,,,,,,,,,,,,,,,,,,,,,,,,,,,,,,,,,,,,,,,,,,,,,,,,,,,
2011,ryan donahue,P,Iowa,6-2,193.0,4.9,,,,,,False,,,ryan donahue,2010.0,,,,,,,,,,,,,,,,,,,,,,,,,,,,,,,,,,,,,,,0.0,73.0,54.0,0.0,2408.0,44.6,,,,,,1.0,0.0,0.0,,
2011,tandon doss,WR,Indiana,6-2,201.0,4.62,,14.0,,,,True,4.0,123.0,tandon doss,2010.0,,,,,,,,,,,,,,,24.8,87.0,41.0,0.0,1016.0,,,,,,,,1.0,0.0,0.0,0.0,0.0,0.0,0.0,3.5,12.0,14.0,0.0,49.0,,,,,,,46.0,63.0,7.0,706.0,11.2,28.0,39.0,1.0,163.0,5.8
2011,ras-i dowling,CB,Virginia,6-1,198.0,4.4,,19.0,,,,True,2.0,33.0,rasi dowling,2009.0,,,,,,,,,,,23.3,3.0,0.0,70.0,,,,,,,,,,,,,,,,,,,,,,,,,,,,,,,,,,,,,,,,
2011,shaun draughn,RB,North Carolina,5-11,213.0,4.73,34.0,21.0,118.0,7.15,4.2,False,,,shaun draughn,2010.0,,,,,,,,,,,,,,,15.0,24.0,3.0,0.0,45.0,,,,,,,,,,,,,,,,,,,,,,,,,,14.0,13.0,0.0,62.0,4.8,129.0,58.0,6.0,637.0,4.9
2011,demarcus van dyke,CB,Miami (FL),6-1,176.0,4.28,33.5,5.0,121.0,6.97,4.09,True,3.0,81.0,demarcus van dyke,2010.0,,,,,,,,,,,37.0,2.0,0.0,74.0,,,,,,,,,,,,,,,,,,,,,,,,,,,,,,,,,,,,,,,,
2011,kenrick ellis,DT,Kansas State,6-5,346.0,5.19,,26.0,,,,True,3.0,94.0,kenrick ellis,,,,,,,,,,,,,,,,,,,,,,,,,,,,,,,,,,,,,,,,,,,,,,,,,,,,,,,
2011,ricky elmore,DE,Arizona,6-4,255.0,4.88,31.5,26.0,106.0,7.25,4.32,True,6.0,197.0,ricky elmore,2010.0,,,,,,,,,,,,,,,1.0,1.0,1.0,0.0,1.0,,,,,,,,,,,,,,,,,,,,,,,,,,,,,,,,,,,
2011,nathan enderle,QB,Idaho,6-4,240.0,5.12,25.5,,102.0,7.13,4.46,True,5.0,160.0,nathan enderle,,,,,,,,,,,,,,,,,,,,,,,,,,,,,,,,,,,,,,,,,,,,,,,,,,,,,,,
2011,darren evans,RB,Virginia Tech,6-0,227.0,4.56,35.0,26.0,111.0,6.96,4.46,False,,,darren evans,2010.0,,,,,,,,,,,,,,,,,,,,,,,,,,,,,,,,,,,,,,,,,,,,,30.0,9.0,0.0,100.0,11.1,151.0,54.0,11.0,854.0,5.7
2011,nick fairley,DT,Auburn,6-4,291.0,4.84,31.0,,113.0,7.14,4.56,True,1.0,13.0,nick fairley,2010.0,,,,,,,,,,,,1.0,0.0,,,,,,,,,,,,,,,,,,,,,,,,,,,,,,,,,,,,,,,,,
2011,mario fannin,RB,Auburn,5-10,231.0,4.37,37.5,21.0,115.0,6.99,4.21,False,,,mario fannin,2010.0,,,,,,,,,,,,,,,,,,,,,,,,,,,,,,,,,,,,,,,,,,,,,38.0,17.0,2.0,173.0,10.2,61.0,42.0,5.0,395.0,6.5
2011,kai forbath,K,UCLA,5-11,197.0,4.78,,,,,,False,,,kai forbath,2010.0,,,,,,,,,,,,,,,,,,,,18.0,13.0,51.0,0.722,66.0,27.0,27.0,,,,,,,,,,,,,,,,,,,,,,,,,,,,
2011,reid forrest,P,Washington State,6-0,189.0,4.69,,,,,,False,,,reid forrest,2010.0,,,,,,,,,,,,,,,,,,,,,,,,,,,1.0,0.0,0.0,0.0,0.0,0.0,0.0,,,,,,0.0,84.0,66.0,0.0,2998.0,45.4,,,,,,1.0,0.0,0.0,,
2011,mason foster,OLB,Washington,6-1,245.0,4.75,31.0,22.0,110.0,7.14,4.45,True,3.0,84.0,mason foster,2009.0,,,,,,,,,,,36.3,3.0,1.0,109.0,,,,,,,,,,,,,,,,,,,,,,,,,,,,,,,,,,,,,,,,
2011,orlando franklin,OT,Miami (FL),6-5,316.0,5.11,28.5,26.0,,,,True,2.0,46.0,orlando franklin,,,,,,,,,,,,,,,,,,,,,,,,,,,,,,,,,,,,,,,,,,,,,,,,,,,,,,,
2011,sione fua,DT,Stanford,6-1,308.0,5.28,24.0,30.0,101.0,7.54,4.54,True,3.0,97.0,sione fua,,,,,,,,,,,,,,,,,,,,,,,,,,,,,,,,,,,,,,,,,,,,,,,,,,,,,,,
2011,brandon fusco,C,Slippery Rock,6-4,306.0,5.18,28.5,26.0,108.0,7.29,4.43,True,6.0,172.0,brandon fusco,,,,,,,,,,,,,,,,,,,,,,,,,,,,,,,,,,,,,,,,,,,,,,,,,,,,,,,
2011,blaine gabbert,QB,Missouri,6-4,234.0,4.61,33.5,,120.0,6.84,4.26,True,1.0,10.0,blaine gabbert,2010.0,,,,,,,,,,,,,,,,,,,,,,,,,,,475.0,301.0,9.0,0.634,16.0,3186.0,6.7,,,,,,,,,,,,,,,,,112.0,32.0,5.0,232.0,2.1
2011,charlie gantt,TE,Michigan State,6-4,252.0,4.85,30.5,27.0,112.0,7.15,4.4,False,,,charlie gantt,2010.0,,,,,,,,,,,,,,,,,,,,,,,,,,,,,,,,,,,,,,,,,,,,,37.0,24.0,3.0,301.0,12.5,,,,,
2011,clyde gates,WR,Abilene Christian,6-0,192.0,4.31,40.0,16.0,131.0,,,True,4.0,111.0,clyde gates,,,,,,,,,,,,,,,,,,,,,,,,,,,,,,,,,,,,,,,,,,,,,,,,,,,,,,,
2011,marcus gilbert,OT,Florida,6-6,330.0,5.41,,30.0,,,,True,2.0,63.0,marcus gilbert,,,,,,,,,,,,,,,,,,,,,,,,,,,,,,,,,,,,,,,,,,,,,,,,,,,,,,,
2011,marcus gilchrist,CB,Clemson,5-10,195.0,4.45,38.5,26.0,119.0,6.81,4.12,True,2.0,50.0,marcus gilchrist,2010.0,,,,,,,,,,,0.0,1.0,0.0,0.0,22.8,76.0,28.0,0.0,639.0,,,,,,,,,,,,,,,6.9,37.0,34.0,0.0,233.0,,,,,,,,,,,,,,,,
2011,dejon gomes,S,Nebraska,5-11,208.0,4.5,31.0,13.0,110.0,,,True,5.0,146.0,dejon gomes,2010.0,,,,,,,,,,,22.3,3.0,1.0,67.0,,,,,,,,,,,,,,,,,,,,,,,,,,,,,,,,,,,,,,,,
2011,cameron graham,TE,Louisville,6-3,244.0,5.0,31.0,18.0,105.0,7.19,4.51,False,,,cameron graham,2010.0,,,,,,,,,,,,,,,,,,,,,,,,,,,,,,,,,,,,,,,,,,,,,39.0,40.0,5.0,470.0,11.8,,,,,
2011,adam grant,OT,Arizona,6-6,325.0,5.54,26.5,25.0,99.0,8.25,5.0,False,,,adam grant,,,,,,,,,,,,,,,,,,,,,,,,,,,,,,,,,,,,,,,,,,,,,,,,,,,,,,,
2011,john graves,DT,Virginia Tech,6-3,286.0,5.09,28.5,29.0,114.0,7.49,4.49,False,,,john graves,,,,,,,,,,,,,,,,,,,,,,,,,,,,,,,,,,,,,,,,,,,,,,,,,,,,,,,
2011,a.j. green,WR,Georgia,6-4,211.0,4.48,34.5,18.0,126.0,6.91,4.21,True,1.0,4.0,aj green,2019.0,5.0,0.0,0.0,39.0,1.0,1.0,49.0,,,,27.0,1.0,1.0,27.0,,,,,,,,,,,,,,,,,,,,,,,,,,,,,,,,,,,,1.0,2.0,0.0,2.0,2.0
2011,alex green,RB,Hawaii,6-0,225.0,4.45,34.0,20.0,114.0,6.91,4.15,True,3.0,96.0,alex green,2010.0,,,,,,,,,,,,,,,,,,,,,,,,,,,,,,,,,,,,,,,,,,,,,66.0,27.0,1.0,363.0,13.4,146.0,71.0,18.0,1199.0,8.2
2011,virgil green,TE,Nevada,6-3,249.0,4.54,42.5,23.0,130.0,6.9,4.4,True,7.0,204.0,virgil green,2010.0,,,,,,,,,,,,,,,,,,,,,,,,,,,,,,,,,,,,,,,,,,,,,48.0,35.0,5.0,515.0,14.7,4.0,11.0,0.0,19.0,4.8
2011,tori gurley,WR,South Carolina,6-4,216.0,4.53,33.5,15.0,118.0,7.05,4.25,False,,,tori gurley,2010.0,,,,,,,,,,,,,,,,,,,,,,,,,,,,,,,,,,,,,,,,,,,,,30.0,44.0,4.0,465.0,10.6,1.0,5.0,0.0,5.0,5.0
2011,lawrence guy,DT,Arizona State,6-4,305.0,4.96,29.0,28.0,,7.6,4.43,True,7.0,233.0,lawrence guy,,,,,,,,,,,,,,,,,,,,,,,,,,,,,,,,,,,,,,,,,,,,,,,,,,,,,,,
2011,eric hagg,S,Nebraska,6-1,209.0,4.62,34.5,18.0,121.0,6.73,4.19,True,7.0,248.0,eric hagg,2010.0,,,,,,,,,,,7.4,5.0,0.0,37.0,,,,,,,,,,,,,,,,,,,,95.0,95.0,1.0,1.0,95.0,,,,,,,,,,,,,,,,
2011,chris hairston,OT,Clemson,6-6,326.0,5.38,29.0,33.0,96.0,7.9,4.7,True,4.0,122.0,chris hairston,,,,,,,,,,,,,,,,,,,,,,,,,,,,,,,,,,,,,,,,,,,,,,,,,,,,,,,
2011,jamel hamler,WR,Fresno State,6-1,193.0,4.59,32.0,4.0,112.0,7.16,4.18,False,,,jamel hamler,2010.0,,,,,,,,,,,,,,,,,,,,,,,,,,,,,,,,,,10.0,10.0,1.0,0.0,10.0,,,,,,,41.0,54.0,6.0,812.0,15.0,1.0,0.0,0.0,,
2011,leonard hankerson,WR,Miami (FL),6-1,209.0,4.4,36.0,14.0,117.0,6.94,4.21,True,3.0,79.0,leonard hankerson,2010.0,,,,,,,,,,,,,,,,,,,,,,,,,,,,,,,,,,,,,,,,,,,,,79.0,72.0,13.0,1156.0,16.1,,,,,
2011,daniel hardy,TE,Idaho,6-4,249.0,4.78,,18.0,,,,True,7.0,238.0,daniel hardy,,,,,,,,,,,,,,,,,,,,,,,,,,,,,,,,,,,,,,,,,,,,,,,,,,,,,,,
2011,jamie harper,RB,Clemson,5-11,233.0,4.53,36.5,24.0,120.0,7.16,4.39,True,4.0,130.0,jamie harper,2010.0,,,,,,,,,,,,,,,8.5,13.0,4.0,0.0,34.0,,,,,,,,1.0,0.0,0.0,0.0,0.0,0.0,0.0,,,,,,,,,,,,40.0,37.0,3.0,320.0,8.6,197.0,63.0,7.0,760.0,3.9
2011,brandon harris,CB,Miami (FL),5-9,191.0,4.46,35.5,13.0,113.0,6.77,4.12,True,2.0,60.0,brandon harris,2010.0,,,,,,,,,,,0.0,1.0,0.0,0.0,,,,,,,,,,,,,,,,,,,,,,,,,,,,,,,,,,,,,,,,
2011,dwayne harris,WR,East Carolina,5-10,203.0,4.53,34.0,10.0,111.0,6.77,4.21,True,6.0,176.0,dwayne harris,2010.0,,,,,,,,,,,,,,,20.5,47.0,41.0,0.0,839.0,,,,,,,,3.0,2.0,0.0,0.667,1.0,38.0,12.7,8.5,56.0,26.0,0.0,222.0,,,,,,,76.0,101.0,10.0,1123.0,11.1,16.0,49.0,0.0,104.0,6.5
2011,stanley havili,FB,USC,6-0,227.0,4.64,,,,,,True,7.0,240.0,stanley havili,2010.0,,,,,,,,,,,,,,,,,,,,,,,,,,,,,,,,,,,,,,,,,,,,,58.0,32.0,2.0,396.0,12.4,26.0,59.0,1.0,166.0,6.4
2011,roy helu,RB,Nebraska,5-11,219.0,4.4,36.5,11.0,119.0,6.67,4.01,True,4.0,105.0,roy helu,2010.0,,,,,,,,,,,,,,,,,,,,,,,,,,,,,,,,,,,,,,,,,,,,,14.0,5.0,0.0,46.0,9.2,188.0,73.0,11.0,1245.0,6.6
2011,alex henery,K,Nebraska,6-1,177.0,4.87,,,,,,True,4.0,120.0,alex henery,2010.0,,,,,,,,,,,,,,,,,,,,19.0,18.0,53.0,0.947,108.0,54.0,54.0,,,,,,,,,,,,,0.0,69.0,69.0,0.0,2982.0,43.2,,,,,,1.0,27.0,0.0,27.0,27.0
2011,chas henry,P,Florida,6-3,219.0,4.85,,,,,,False,,,chas henry,2010.0,,,,,,,,,,,,,,,,,,,,11.0,7.0,47.0,0.636,49.0,29.0,28.0,,,,,,,,,,,,,0.0,75.0,50.0,0.0,2253.0,45.1,,,,,,2.0,4.0,0.0,8.0,4.0
2011,ricky henry,OG,Nebraska,6-3,308.0,5.68,24.0,20.0,90.0,7.98,4.68,False,,,ricky henry,,,,,,,,,,,,,,,,,,,,,,,,,,,,,,,,,,,,,,,,,,,,,,,,,,,,,,,
2011,mark herzlich,OLB,Boston Col.,6-4,244.0,4.91,32.5,29.0,112.0,7.32,4.46,False,,,mark herzlich,2010.0,,,,,,,,,,,4.3,4.0,0.0,17.0,,,,,,,,,,,,,,,,,,,,,,,,,,,,,,,,,,,,,,,,
2011,cameron heyward,DE,Ohio State,6-5,294.0,4.95,30.0,,,,,True,1.0,31.0,cameron heyward,2010.0,,,,,,,,,,,80.0,1.0,0.0,80.0,,,,,,,,,,,,,,,,,,,,,,,,,,,,,,,,,,,,,,,,
2011,will hill,S,Florida,6-1,202.0,4.64,31.0,,123.0,,4.19,False,,,will hill,2010.0,,,,,,,,,,,51.0,2.0,0.0,102.0,,,,,,,,,,,,,,,,,,,,,,,,,,,,,,,,,,,,,,,,
2011,jermale hines,S,Ohio State,6-1,219.0,4.59,31.0,19.0,,6.9,4.21,True,5.0,158.0,jermale hines,2010.0,,,,,,,,,,,23.0,1.0,0.0,23.0,,,,,,,,,,,,,,,,,,,,0.0,0.0,1.0,0.0,0.0,,,,,,,,,,,,,,,,
2011,kyle hix,OT,Texas,6-7,319.0,5.44,32.0,24.0,104.0,7.77,4.78,False,,,kyle hix,,,,,,,,,,,,,,,,,,,,,,,,,,,,,,,,,,,,,,,,,,,,,,,,,,,,,,,
2011,brandon hogan,CB,West Virginia,5-10,192.0,4.43,,19.0,,,,True,4.0,98.0,brandon hogan,2010.0,,,,,,,,,,,26.0,3.0,0.0,78.0,22.2,28.0,6.0,0.0,133.0,,,,,,,,,,,,,,,4.0,18.0,23.0,0.0,93.0,,,,,,,,,,,,,,,,
2011,doug hogue,OLB,Syracuse,6-2,235.0,4.62,36.0,18.0,121.0,7.09,4.57,True,5.0,157.0,doug hogue,2010.0,,,,,,,,,,,29.0,2.0,0.0,58.0,,,,,,,,,,,,,,,,,,,,,,,,,,,,,,,,,,,,,,,,
2011,andre holmes,WR,Hillsdale,6-4,210.0,4.51,35.0,11.0,130.0,6.69,4.31,False,,,andre holmes,,,,,,,,,,,,,,,,,,,,,,,,,,,,,,,,,,,,,,,,,,,,,,,,,,,,,,,
2011,ross homan,OLB,Ohio State,6-1,240.0,4.66,35.5,32.0,111.0,7.21,4.34,True,6.0,200.0,ross homan,2010.0,,,,,,,,,,,7.0,1.0,0.0,7.0,,,,,,,,,,,,,,,,,,,,,,,,,,,,,,,,,,,,,,,,
2011,davon house,CB,New Mexico State,6-0,200.0,4.44,33.5,14.0,109.0,6.65,4.12,True,4.0,131.0,davon house,2010.0,,,,,,,,,,,24.0,2.0,1.0,48.0,,,,,,,,,,,,,,,,,,,,,,,,,,,,,,,,,,,,,,,,
2011,rob housler,TE,Florida Atlantic,6-5,248.0,4.46,37.0,22.0,117.0,6.9,4.21,True,3.0,69.0,rob housler,2010.0,,,,,,,,,,,,,,,,,,,,,,,,,,,,,,,,,,,,,,,,,,,,,56.0,39.0,4.0,629.0,16.1,1.0,38.0,0.0,29.0,29.0
2011,justin houston,OLB,Georgia,6-3,270.0,4.62,36.5,30.0,125.0,6.95,4.37,True,3.0,70.0,justin houston,2010.0,,,,,,,,,,,4.0,1.0,0.0,4.0,,,,,,,,,,,,,,,,,,,,,,,,,,,,,,,,,,,,,,,,
2011,rodney hudson,C,Florida State,6-2,299.0,5.27,25.5,27.0,95.0,8.03,4.96,True,2.0,55.0,rodney hudson,2009.0,,,,,,,,,,,,,,,,,,,,,,,,,,,,,,,,,,,,,,,,,,,,,,,,,,0.0,9.0,0.0,9.0,0.0
2011,kevin hughes,OT,SE Louisiana,6-4,302.0,5.31,29.5,22.0,95.0,8.29,4.97,False,,,kevin hughes,,,,,,,,,,,,,,,,,,,,,,,,,,,,,,,,,,,,,,,,,,,,,,,,,,,,,,,
2011,jeremiha hunter,OLB,Iowa,6-0,239.0,4.77,31.5,20.0,116.0,,,False,,,jeremiha hunter,2010.0,,,,,,,,,,,4.0,1.0,0.0,4.0,,,,,,,,,,,,,,,,,,,,,,,,,,,,,,,,,,,,,,,,
2011,kendall hunter,RB,Oklahoma State,5-7,199.0,4.46,35.0,24.0,122.0,6.74,4.21,True,4.0,115.0,kendall hunter,2010.0,,,,,,,,,,,,,,,17.4,23.0,5.0,0.0,87.0,,,,,,,,,,,,,,,,,,,,,,,,,,37.0,20.0,0.0,101.0,5.1,271.0,66.0,16.0,1548.0,5.7
2011,zach hurd,OG,Connecticut,6-7,316.0,5.28,28.0,,101.0,7.73,4.77,False,,,zach hurd,,,,,,,,,,,,,,,,,,,,,,,,,,,,,,,,,,,,,,,,,,,,,,,,,,,,,,,
2011,maurice hurt,OG,Florida,6-3,318.0,5.39,,18.0,,,,True,7.0,217.0,maurice hurt,,,,,,,,,,,,,,,,,,,,,,,,,,,,,,,,,,,,,,,,,,,,,,,,,,,,,,,
2011,henry hynoski,FB,Pittsburgh,6-0,257.0,5.06,30.5,24.0,111.0,,,False,,,henry hynoski,2010.0,,,,,,,,,,,,,,,16.0,16.0,1.0,0.0,16.0,,,,,,,,,,,,,,,,,,,,,,,,,,20.0,25.0,1.0,174.0,7.0,12.0,7.0,0.0,33.0,2.8
2011,ben ijalana,OG,Villanova,6-4,317.0,5.2,,,,,,True,2.0,49.0,ben ijalana,,,,,,,,,,,,,,,,,,,,,,,,,,,,,,,,,,,,,,,,,,,,,,,,,,,,,,,
2011,mark ingram,RB,Alabama,5-9,215.0,4.62,31.5,21.0,118.0,7.13,4.62,True,1.0,28.0,mark ingram,2010.0,,,,,,,,,,,,,,,19.0,19.0,1.0,0.0,19.0,,,,,,,,,,,,,,,,,,,,,,,,,,78.0,21.0,1.0,282.0,13.4,158.0,54.0,13.0,875.0,5.5
2011,nate irving,ILB,North Carolina State,6-1,240.0,4.74,,,,,,True,3.0,67.0,nate irving,2008.0,,,,,,,,,,,20.8,4.0,1.0,83.0,,,,,,,,,,,,,,,,,,,,,,,,,,,,,,,,,,,,,,,,
2011,andrew jackson,OG,Fresno State,6-5,299.0,5.27,28.0,25.0,98.0,7.55,4.65,True,7.0,210.0,andrew jackson,2011.0,,,,,,,,,,,36.0,2.0,0.0,36.0,,,,,,,,,,,,,,,,,,,,,,,,,,,,,,,,,,,,,,,,
2011,jaiquawn jarrett,S,Temple,6-0,198.0,4.62,30.0,14.0,113.0,6.95,4.14,True,2.0,54.0,jaiquawn jarrett,2010.0,,,,,,,,,,,15.0,2.0,0.0,30.0,,,,,,,,,,,,,,,,,,,,,,,,,,,,,,,,,,,,,,,,
2011,josh jasper,K,LSU,5-10,174.0,5.06,,,,,,False,,,josh jasper,2010.0,,,,,,,,,,,,,,,,,,,,34.0,28.0,53.0,0.824,120.0,37.0,36.0,,,,,,,,,,,,,0.0,53.0,21.0,0.0,860.0,41.0,,,,,,3.0,29.0,0.0,45.0,15.0
2011,lestar jean,WR,Florida Atlantic,6-3,215.0,4.61,37.5,14.0,113.0,7.45,4.43,False,,,lestar jean,,,,,,,,,,,,,,,,,,,,,,,,,,,,,,,,,,,,,,,,,,,,,,,,,,,,,,,
2011,jarvis jenkins,DT,Clemson,6-4,310.0,5.03,26.5,17.0,98.0,7.42,4.83,True,2.0,41.0,jarvis jenkins,,,,,,,,,,,,,,,,,,,,,,,,,,,,,,,,,,,,,,,,,,,,,,,,,,,,,,,
2011,jerrel jernigan,WR,Troy,5-9,185.0,4.46,37.5,11.0,124.0,7.07,4.25,True,3.0,83.0,jerrel jernigan,2010.0,,,,,,,,,,,,,,,25.2,100.0,25.0,1.0,630.0,,,,,,,,7.0,6.0,0.0,0.857,1.0,41.0,5.9,8.3,75.0,37.0,1.0,306.0,,,,,,,70.0,84.0,6.0,822.0,9.8,45.0,55.0,3.0,322.0,7.2
2011,carl johnson,OG,Florida,6-5,361.0,5.4,25.5,25.0,96.0,,5.03,False,,,carl johnson,,,,,,,,,,,,,,,,,,,,,,,,,,,,,,,,,,,,,,,,,,,,,,,,,,,,,,,
2011,jeron johnson,S,Boise State,5-10,212.0,4.51,,23.0,,,,False,,,jeron johnson,2010.0,,,,,,,,,,,0.0,1.0,0.0,0.0,,,,,,,,,,,,,,,,,,,,8.0,8.0,1.0,0.0,8.0,,,,,,,,,,,,,,,,
2011,jerrod johnson,QB,Texas A&M,6-5,251.0,4.75,29.0,,119.0,7.28,4.31,False,,,jerrod johnson,2010.0,,,,,,,,,,,,,,,,,,,,,,,,,,,279.0,158.0,9.0,0.566,14.0,1947.0,7.0,,,,,,,,,,,,,,,,,79.0,17.0,2.0,146.0,1.8
2011,ronald johnson,WR,USC,5-11,199.0,4.46,,16.0,,,,True,6.0,182.0,ronald johnson,2010.0,,,,,,,,,,,,,,,21.8,30.0,4.0,0.0,87.0,,,,,,,,,,,,,,,10.1,89.0,31.0,1.0,312.0,,,,,,,53.0,64.0,8.0,692.0,10.8,5.0,10.0,0.0,25.0,5.0
2011,greg jones,ILB,Michigan State,6-0,242.0,4.75,31.5,21.0,117.0,7.27,4.27,True,6.0,185.0,greg jones,2010.0,,,,,,,,,,,18.0,2.0,0.0,36.0,,,,,,,,,,,,,,,,,,,,,,,,,,,,,,,85.0,33.0,5.0,662.0,20.1,5.0,53.0,0.0,106.0,21.2
2011,julio jones,WR,Alabama,6-3,220.0,4.34,38.5,17.0,135.0,6.66,4.25,True,1.0,6.0,julio jones,2010.0,,,,,,,,,,,,,,,25.8,36.0,5.0,0.0,129.0,,,,,,,,,,,,,,,5.5,41.0,8.0,0.0,44.0,,,,,,,68.0,78.0,7.0,1133.0,14.5,8.0,56.0,2.0,135.0,16.9
2011,taiwan jones,RB,East. Washington,6-0,194.0,4.33,,13.0,,,,True,4.0,125.0,taiwan jones,2014.0,,,,,,,,,,,0.0,1.0,0.0,0.0,,,,,,,,,,,,,,,,,,,,,,,,,,,,,,,,,,,,,,,,
2011,cameron jordan,DE,California,6-4,287.0,4.74,31.0,25.0,117.0,7.07,4.37,True,1.0,24.0,cameron jordan,2008.0,,,,,,,,,,,3.0,1.0,0.0,3.0,,,,,,,,,,,,,,,,,,,,,,,,,,,,,,,,,,,,,,,,
2011,elijah joseph,ILB,Temple,6-1,243.0,4.8,,,,,,False,,,elijah joseph,2010.0,,,,,,,,,,,42.0,1.0,0.0,42.0,,,,,,,,,,,,,,,,,,,,,,,,,,,,,,,,,,,,,,,,
2011,colin kaepernick,QB,Nevada,6-5,233.0,4.53,32.5,,115.0,6.85,4.18,True,2.0,36.0,colin kaepernick,2010.0,,,,,,,,,,,,,,,,,,,,,,,,,,,359.0,233.0,8.0,0.649,21.0,3022.0,8.4,,,,,,,,,,,,,,,,,173.0,59.0,20.0,1206.0,7.0
2011,jason kelce,C,Cincinnati,6-3,280.0,4.89,30.5,,110.0,7.22,4.14,True,6.0,191.0,jason kelce,,,,,,,,,,,,,,,,,,,,,,,,,,,,,,,,,,,,,,,,,,,,,,,,,,,,,,,
2011,lance kendricks,TE,Wisconsin,6-3,243.0,4.65,34.5,25.0,122.0,6.94,4.15,True,2.0,47.0,lance kendricks,2010.0,,,,,,,,,,,,,,,,,,,,,,,,,,,,,,,,,,,,,,,,,,,,,34.0,43.0,5.0,663.0,15.4,2.0,0.0,0.0,,
2011,shiloh keo,S,Idaho,5-11,219.0,4.74,32.5,24.0,110.0,6.55,3.9,True,5.0,144.0,shiloh keo,,,,,,,,,,,,,,,,,,,,,,,,,,,,,,,,,,,,,,,,,,,,,,,,,,,,,,,
2011,jeremy kerley,WR,TCU,5-9,189.0,4.56,34.5,16.0,120.0,,,True,5.0,153.0,jeremy kerley,2010.0,,,,,,,,,,,,,,,27.7,83.0,19.0,0.0,527.0,,,,,,,,2.0,2.0,0.0,1.0,1.0,37.0,18.5,6.9,45.0,56.0,0.0,388.0,,,,,,,50.0,56.0,10.0,575.0,10.3,18.0,19.0,2.0,97.0,5.4
2011,ryan kerrigan,DE,Purdue,6-4,267.0,4.67,33.5,31.0,122.0,7.18,4.39,True,1.0,16.0,ryan kerrigan,2008.0,,,,,,,,,,,8.0,1.0,0.0,8.0,,,,,,,,,,,,,,,,,,,,,,,,,,,,,,,,,,,,,,,,
2011,daniel kilgore,OG,Appalachian State,6-3,308.0,5.28,32.5,23.0,105.0,7.59,4.68,True,5.0,163.0,daniel kilgore,,,,,,,,,,,,,,,,,,,,,,,,,,,,,,,,,,,,,,,,,,,,,,,,,,,,,,,
2011,jarriel king,OT,South Carolina,6-5,317.0,5.03,30.0,23.0,114.0,7.6,4.77,False,,,jarriel king,,,,,,,,,,,,,,,,,,,,,,,,,,,,,,,,,,,,,,,,,,,,,,,,,,,,,,,
2011,karl klug,DE,Iowa,6-3,275.0,4.85,,22.0,,,,True,5.0,142.0,karl klug,,,,,,,,,,,,,,,,,,,,,,,,,,,,,,,,,,,,,,,,,,,,,,,,,,,,,,,
2011,rich lapham,OT,Boston Col.,6-8,315.0,5.34,,,,,,False,,,rich lapham,,,,,,,,,,,,,,,,,,,,,,,,,,,,,,,,,,,,,,,,,,,,,,,,,,,,,,,
2011,joe lefeged,S,Rutgers,6-0,210.0,4.42,36.5,18.0,122.0,6.82,4.13,False,,,joe lefeged,,,,,,,,,,,,,,,,,,,,,,,,,,,,,,,,,,,,,,,,,,,,,,,,,,,,,,,
2011,mark legree,S,Appalachian State,5-11,210.0,4.49,31.0,21.0,116.0,6.9,4.09,True,5.0,156.0,mark legree,,,,,,,,,,,,,,,,,,,,,,,,,,,,,,,,,,,,,,,,,,,,,,,,,,,,,,,
2011,orie lemon,ILB,Oklahoma State,6-1,242.0,4.87,30.0,27.0,113.0,7.45,4.4,False,,,orie lemon,,,,,,,,,,,,,,,,,,,,,,,,,,,,,,,,,,,,,,,,,,,,,,,,,,,,,,,
2011,mikel leshoure,RB,Illinois,6-0,227.0,4.56,38.0,21.0,122.0,6.82,4.4,True,2.0,57.0,mikel leshoure,2010.0,,,,,,,,,,,,,,,,,,,,,,,,,,,,,,,,,,,,,,,,,,,,,32.0,17.0,3.0,196.0,11.5,281.0,70.0,17.0,1697.0,6.0
2011,pep levingston,DE,LSU,6-3,292.0,4.86,29.5,,104.0,7.29,4.62,False,,,pep levingston,,,,,,,,,,,,,,,,,,,,,,,,,,,,,,,,,,,,,,,,,,,,,,,,,,,,,,,
2011,dion lewis,RB,Pittsburgh,5-7,193.0,4.56,34.5,17.0,112.0,6.9,4.18,True,5.0,149.0,dion lewis,2010.0,,,,,,,,,,,,,,,,,,,,,,,,,,,,,,,,,,,,,,,,,,,,,31.0,27.0,0.0,216.0,8.0,219.0,76.0,13.0,1061.0,4.8
2011,alex linnenkohl,C,Oregon State,6-2,304.0,5.36,26.5,24.0,89.0,7.67,4.62,False,,,alex linnenkohl,,,,,,,,,,,,,,,,,,,,,,,,,,,,,,,,,,,,,,,,,,,,,,,,,,,,,,,
2011,greg little,WR,North Carolina,6-2,231.0,4.51,40.5,27.0,129.0,6.8,4.21,True,2.0,59.0,greg little,2009.0,,,,,,,,,,,,,,,40.4,66.0,22.0,0.0,444.0,,,,,,,,,,,,,,,,,,,,,,,,,,124.0,124.0,10.0,1448.0,23.4,58.0,62.0,2.0,332.0,11.4
2011,corey liuget,DT,Illinois,6-2,298.0,4.97,27.5,27.0,102.0,7.48,4.68,True,1.0,18.0,corey liuget,,,,,,,,,,,,,,,,,,,,,,,,,,,,,,,,,,,,,,,,,,,,,,,,,,,,,,,
2011,greg lloyd,ILB,Connecticut,6-1,246.0,4.8,32.0,22.0,109.0,7.17,4.46,True,7.0,237.0,greg lloyd,2010.0,,,,,,,,,,,2.0,1.0,0.0,2.0,,,,,,,,,,,,,,,,,,,,,,,,,,,,,,,,,,,,,,,,
2011,derrick locke,RB,Kentucky,5-8,188.0,4.37,37.5,16.0,118.0,6.98,4.15,False,,,derrick locke,2010.0,,,,,,,,,,,,,,,26.3,40.0,15.0,0.0,395.0,,,,,,,,,,,,,,,4.0,8.0,2.0,0.0,8.0,,,,,,,32.0,34.0,0.0,318.0,9.4,166.0,83.0,10.0,887.0,5.3
2011,jake locker,QB,Washington,6-2,231.0,4.51,35.0,,120.0,6.77,4.12,True,1.0,8.0,jake locker,2010.0,,,,,,,,,,,,,,,,,,,,,,,,,,,332.0,184.0,9.0,0.554,17.0,2265.0,6.8,,,,,,,,,,,,16.0,1.0,0.0,16.0,16.0,114.0,54.0,6.0,385.0,3.4
2011,ricardo lockette,WR,Fort Valley State,6-2,211.0,4.34,35.5,,127.0,7.15,4.19,False,,,ricardo lockette,,,,,,,,,,,,,,,,,,,,,,,,,,,,,,,,,,,,,,,,,,,,,,,,,,,,,,,
2011,demarcus love,OT,Arkansas,6-4,315.0,5.18,26.5,27.0,97.0,7.84,4.84,True,6.0,168.0,demarcus love,,,,,,,,,,,,,,,,,,,,,,,,,,,,,,,,,,,,,,,,,,,,,,,,,,,,,,,
2011,scott lutrus,OLB,Connecticut,6-2,241.0,4.68,38.0,,121.0,6.89,4.09,False,,,scott lutrus,2010.0,,,,,,,,,,,0.0,1.0,0.0,0.0,,,,,,,,,,,,,,,,,,,,,,,,,,,,,,,,,,,,,,,,
2011,jeff maehl,WR,Oregon,6-1,190.0,4.56,33.5,,115.0,6.42,3.94,False,,,jeff maehl,2010.0,,,,,,,,,,,,,,,,,,,,,,,,,,,,,,,,,,,,,,,,,,,,,81.0,77.0,12.0,1076.0,14.0,1.0,0.0,0.0,,
2011,ryan mallett,QB,Arkansas,6-7,253.0,5.37,24.0,,103.0,,,True,3.0,74.0,ryan mallett,2010.0,,,,,,,,,,,,,,,,,,,,,,,,,,,411.0,266.0,12.0,0.647,32.0,3869.0,9.4,,,,,,0.0,43.0,1.0,0.0,43.0,43.0,,,,,,44.0,14.0,4.0,,
2011,owen marecic,FB,Stanford,6-0,248.0,4.87,28.5,22.0,102.0,7.1,4.56,True,4.0,124.0,owen marecic,2010.0,,,,,,,,,,,19.5,2.0,1.0,39.0,,,,,,,,,,,,,,,,,,,,,,,,,,,,,,,15.0,9.0,0.0,75.0,8.3,23.0,6.0,5.0,46.0,2.0
2011,curtis marsh,CB,Utah State,6-0,197.0,4.42,37.5,12.0,123.0,6.87,4.07,True,3.0,90.0,curtis marsh,2010.0,,,,,,,,,,,0.0,2.0,0.0,0.0,,,,,,,,,,,,,,,,,,,,,,,,,,,,,,,,,,,,,,,,
2011,casey matthews,ILB,Oregon,6-1,231.0,4.78,,13.0,,,,True,4.0,116.0,casey matthews,2010.0,,,,,,,,,,,5.0,3.0,0.0,15.0,15.0,15.0,1.0,0.0,15.0,,,,,,,,,,,,,,,,,,,,,,,,,,,,,,,,,,,
2011,cliff matthews,DE,South Carolina,6-3,257.0,4.81,32.0,17.0,112.0,7.21,4.37,True,7.0,230.0,cliff matthews,,,,,,,,,,,,,,,,,,,,,,,,,,,,,,,,,,,,,,,,,,,,,,,,,,,,,,,
2011,byron maxwell,CB,Clemson,6-0,202.0,4.43,33.0,24.0,124.0,,,True,6.0,173.0,byron maxwell,2010.0,,,,,,,,,,,0.0,2.0,0.0,0.0,,,,,,,,,,,,,,,,,,,,,,,,,,,,,,,,,,,,,,,,
2011,colin mccarthy,ILB,Miami (FL),6-1,238.0,4.59,36.5,23.0,119.0,6.93,4.2,True,4.0,109.0,colin mccarthy,2010.0,,,,,,,,,,,13.0,1.0,0.0,13.0,,,,,,,,,,,,,,,,,,,,,,,,,,,,,,,,,,,,,,,,
2011,terrell mcclain,DT,South Florida,6-2,297.0,4.98,28.0,29.0,104.0,7.48,4.56,True,3.0,65.0,terrell mcclain,,,,,,,,,,,,,,,,,,,,,,,,,,,,,,,,,,,,,,,,,,,,,,,,,,,,,,,
2011,deandre mcdaniel,S,Clemson,6-0,217.0,4.63,35.0,,116.0,,,False,,,deandre mcdaniel,2010.0,,,,,,,,,,,8.3,4.0,0.0,33.0,,,,,,,,,,,,,,,,,,,,0.0,0.0,1.0,0.0,0.0,,,,,,,,,,,,,,,,
2011,greg mcelroy,QB,Alabama,6-2,220.0,4.84,33.0,,107.0,7.11,4.45,True,7.0,208.0,greg mcelroy,2010.0,,,,,,,,,,,,,,,,,,,,,,,,,,,313.0,222.0,5.0,0.709,20.0,2987.0,9.5,,,,,,,,,,,,,,,,,60.0,17.0,1.0,,
2011,andrew mcgee,CB,Oklahoma State,5-11,195.0,4.71,34.0,,117.0,,,False,,,andrew mcgee,2010.0,,,,,,,,,,,18.0,5.0,0.0,90.0,,,,,,,,,,,,,,,,,,,,,,,,,,,,,,,,,,,,,,,,
2011,pernell mcphee,DE,Mississippi State,6-3,278.0,4.91,28.5,20.0,107.0,7.13,4.59,True,5.0,165.0,pernell mcphee,,,,,,,,,,,,,,,,,,,,,,,,,,,,,,,,,,,,,,,,,,,,,,,,,,,,,,,
2011,bruce miller,OLB,Central Florida,6-1,254.0,4.81,31.0,35.0,113.0,7.05,4.34,True,7.0,211.0,bruce miller,2010.0,,,,,,,,,,,22.5,2.0,2.0,45.0,,,,,,,,,,,,,,,,,,,,,,,,,,,,,,,,,,,,,,,,
2011,von miller,OLB,Texas A&M,6-3,246.0,4.42,37.0,21.0,126.0,6.7,4.06,True,1.0,2.0,von miller,2010.0,,,,,,,,,,,3.0,1.0,0.0,3.0,,,,,,,,,,,,,,,,,,,,,,,,,,,,,,,,,,,,,,,,
2011,dontay moch,OLB,Nevada,6-1,248.0,4.4,42.0,21.0,128.0,7.09,4.38,True,3.0,66.0,dontay moch,,,,,,,,,,,,,,,,,,,,,,,,,,,,,,,,,,,,,,,,,,,,,,,,,,,,,,,
2011,john moffitt,OG,Wisconsin,6-4,319.0,5.51,30.5,23.0,102.0,7.79,4.53,True,3.0,75.0,john moffitt,,,,,,,,,,,,,,,,,,,,,,,,,,,,,,,,,,,,,,,,,,,,,,,,,,,,,,,
2011,mike mohamed,ILB,California,6-3,239.0,4.65,32.0,21.0,115.0,6.7,4.0,True,6.0,189.0,mike mohamed,2010.0,,,,,,,,,,,41.0,1.0,1.0,41.0,,,,,,,,,,,,,,,,,,,,,,,,,,,,,,,,,,,,,,,,
2011,denarius moore,WR,Tennessee,6-0,194.0,4.43,36.0,13.0,118.0,6.78,4.15,True,5.0,148.0,denarius moore,2010.0,,,,,,,,,,,,,,,16.8,20.0,5.0,0.0,84.0,,,,,,,,,,,,,,,,,,,,,,,,,,64.0,47.0,9.0,981.0,20.9,7.0,58.0,1.0,82.0,11.7
2011,rahim moore,S,UCLA,6-0,202.0,4.58,35.0,11.0,115.0,6.98,3.96,True,2.0,45.0,rahim moore,2010.0,,,,,,,,,,,42.0,1.0,0.0,42.0,,,,,,,,,,,,,,,,,,,,,,,,,,,,,,,,,,,,,,,,
2011,joseph morgan,WR,Michigan State,6-0,189.0,4.38,35.5,10.0,123.0,6.91,4.25,False,,,joseph morgan,,,,,,,,,,,,,,,,,,,,,,,,,,,,,,,,,,,,,,,,,,,,,,,,,,,,,,,
2011,adrian moten,OLB,Maryland,6-2,228.0,4.53,31.0,18.0,114.0,7.05,4.21,False,,,adrian moten,2010.0,,,,,,,,,,,0.0,4.0,0.0,0.0,,,,,,,,,,,,,,,,,,,,,,,,,,,,,,,,,,,,,,,,
2011,jonas mouton,OLB,Michigan,6-1,239.0,4.84,31.5,,115.0,7.08,4.34,True,2.0,61.0,jonas mouton,2010.0,,,,,,,,,,,9.0,2.0,0.0,18.0,,,,,,,,,,,,,,,,,,,,,,,,,,,,,,,,,,,,,,,,
2011,o.j. murdock,WR,Fort Hays State,5-10,197.0,4.5,34.5,15.0,116.0,,4.37,False,,,oj murdock,,,,,,,,,,,,,,,,,,,,,,,,,,,,,,,,,,,,,,,,,,,,,,,,,,,,,,,
2011,demarco murray,RB,Oklahoma,6-0,213.0,4.37,34.5,21.0,124.0,7.28,4.18,True,3.0,71.0,demarco murray,2010.0,,,,,,,,,,,,,,,24.9,48.0,10.0,0.0,249.0,,,,,,,,,,,,,,,,,,,,,,,,,,76.0,71.0,5.0,594.0,8.4,282.0,63.0,15.0,1214.0,4.3
2011,chris neild,DT,West Virginia,6-2,319.0,5.06,29.0,30.0,106.0,7.56,4.46,True,7.0,253.0,chris neild,2009.0,,,,,,,,,,,1.0,1.0,0.0,1.0,,,,,,,,,,,,,,,,,,,,,,,,,,,,,,,,,,,,,,,,
2011,drake nevis,DT,LSU,6-1,294.0,5.06,30.5,31.0,112.0,7.71,4.65,True,3.0,87.0,drake nevis,2010.0,,,,,,,,,,,3.0,1.0,0.0,3.0,,,,,,,,,,,,,,,,,,,,,,,,,,,,,,,,,,,,,,,,
2011,jamar newsome,WR,Central Florida,6-0,200.0,4.46,38.5,13.0,129.0,6.83,4.22,False,,,jamar newsome,2010.0,,,,,,,,,,,,,,,30.6,70.0,10.0,0.0,306.0,,,,,,,,,,,,,,,,,,,,,,,,,,56.0,37.0,3.0,616.0,16.6,3.0,8.0,1.0,15.0,5.0
2011,cam newton,QB,Auburn,6-5,248.0,4.56,35.0,,126.0,6.92,4.18,True,1.0,1.0,cam newton,,,,,,,,,,,,,,,,,,,,,,,,,,,,,,,,,,,,,,,,,,,,,,,,,,,,,,,
2011,derek newton,OT,Arkansas State,6-5,311.0,5.0,25.5,24.0,100.0,7.76,5.0,True,7.0,214.0,derek newton,,,,,,,,,,,,,,,,,,,,,,,,,,,,,,,,,,,,,,,,,,,,,,,,,,,,,,,
2011,kris o'dowd,C,USC,6-4,304.0,5.12,32.5,31.0,105.0,7.67,4.59,False,,,kris odowd,,,,,,,,,,,,,,,,,,,,,,,,,,,,,,,,,,,,,,,,,,,,,,,,,,,,,,,
2011,schuylar oordt,TE,New Mexico,6-6,261.0,4.63,36.0,18.0,119.0,6.83,4.25,False,,,schuylar oordt,,,,,,,,,,,,,,,,,,,,,,,,,,,,,,,,,,,,,,,,,,,,,,,,,,,,,,,
2011,cheta ozougwu,DE,Rice,6-2,247.0,4.84,34.5,26.0,119.0,7.06,4.31,True,7.0,254.0,cheta ozougwu,,,,,,,,,,,,,,,,,,,,,,,,,,,,,,,,,,,,,,,,,,,,,,,,,,,,,,,
2011,stephen paea,DT,Oregon State,6-1,303.0,4.98,,49.0,,,,True,2.0,53.0,stephen paea,,,,,,,,,,,,,,,,,,,,,,,,,,,,,,,,,,,,,,,,,,,,,,,,,,,,,,,
2011,martin parker,DT,Richmond,6-2,303.0,4.95,29.0,22.0,104.0,7.56,4.57,False,,,martin parker,,,,,,,,,,,,,,,,,,,,,,,,,,,,,,,,,,,,,,,,,,,,,,,,,,,,,,,
2011,johnny patrick,CB,Louisville,5-11,191.0,4.59,32.0,13.0,110.0,,4.16,True,3.0,88.0,johnny patrick,2010.0,,,,,,,,,,,19.8,5.0,1.0,99.0,,,,,,,,,,,,,,,,,,,,,,,,,,,,,,,,,,,,,,,,
2011,niles paul,WR,Nebraska,6-1,224.0,4.45,34.5,24.0,117.0,6.9,4.14,True,5.0,155.0,niles paul,2010.0,,,,,,,,,,,,,,,24.4,100.0,19.0,1.0,464.0,,,,,,,,,,,,,,,7.3,31.0,22.0,0.0,160.0,,,,,,,33.0,39.0,1.0,516.0,13.2,5.0,8.0,0.0,14.0,2.8
2011,mike person,OG,Montana State,6-4,299.0,5.07,28.0,21.0,108.0,7.44,4.5,True,7.0,239.0,mike person,,,,,,,,,,,,,,,,,,,,,,,,,,,,,,,,,,,,,,,,,,,,,,,,,,,,,,,
2011,patrick peterson,CB,LSU,6-0,219.0,4.31,38.0,15.0,126.0,6.58,4.07,True,1.0,5.0,patrick peterson,2010.0,,,,,,,,,,,33.5,4.0,0.0,134.0,29.1,55.0,32.0,0.0,932.0,,,,,,,,,,,,,,,11.0,87.0,38.0,2.0,418.0,,,,,,,,,,,,,,,,
2011,austin pettis,WR,Boise State,6-3,209.0,4.56,33.5,14.0,120.0,6.68,3.88,True,3.0,78.0,austin pettis,2010.0,,,,,,,,,,,,,,,,,,,,,,,,,,,4.0,4.0,0.0,1.0,2.0,65.0,16.3,4.0,4.0,1.0,0.0,4.0,,,,,,,58.0,71.0,10.0,951.0,13.4,,,,,
2011,zack pianalto,TE,North Carolina,6-3,256.0,4.78,32.0,22.0,108.0,6.85,4.41,False,,,zack pianalto,,,,,,,,,,,,,,,,,,,,,,,,,,,,,,,,,,,,,,,,,,,,,,,,,,,,,,,
2011,kealoha pilares,WR,Hawaii,5-10,199.0,4.42,,19.0,,,,True,5.0,132.0,kealoha pilares,2010.0,,,,,,,,,,,,,,,,,,,,,,,,,,,,,,,,,,9.3,17.0,3.0,0.0,28.0,,,,,,,80.0,88.0,15.0,1306.0,14.8,,,,,
2011,jason pinkston,OT,Pittsburgh,6-3,317.0,5.39,26.5,,98.0,7.88,4.91,True,5.0,150.0,jason pinkston,2011.0,,,,,,,,,,,0.0,1.0,0.0,0.0,,,,,,,,,,,,,,,,,,,,,,,,,,,,,,,,,,,,,,,,
2011,christian ponder,QB,Florida State,6-2,229.0,4.63,34.0,,116.0,6.85,4.09,True,1.0,12.0,christian ponder,2010.0,,,,,,,,,,,,,,,,,,,,,,,,,,,299.0,184.0,8.0,0.615,20.0,2044.0,6.8,,,,,,,,,,,,,,,,,100.0,18.0,4.0,180.0,1.8
2011,josh portis,QB,California (PA),6-3,211.0,4.59,40.0,,126.0,6.84,4.12,False,,,josh portis,,,,,,,,,,,,,,,,,,,,,,,,,,,,,,,,,,,,,,,,,,,,,,,,,,,,,,,
2011,mike pouncey,OG,Florida,6-5,303.0,5.12,25.0,,96.0,7.66,4.64,True,1.0,15.0,mike pouncey,,,,,,,,,,,,,,,,,,,,,,,,,,,,,,,,,,,,,,,,,,,,,,,,,,,,,,,
2011,jerrell powe,DT,Mississippi,6-2,335.0,5.25,25.0,27.0,93.0,8.17,5.06,True,6.0,199.0,jerrell powe,2009.0,,,,,,,,,,,,,,,,,,,,,,,,,,,,,,,,,,,,,,,,,,,,,,,,,,2.0,0.0,0.0,0.0,0.0
2011,bilal powell,RB,Louisville,5-10,207.0,4.51,,18.0,,,,True,4.0,126.0,bilal powell,2010.0,,,,,,,,,,,,,,,,,,,,,,,,,,,,,,,,,,,,,,,,,,,,,57.0,18.0,3.0,158.0,8.8,229.0,85.0,11.0,1405.0,6.1
2011,robert quinn,DE,North Carolina,6-4,265.0,4.62,34.0,22.0,116.0,7.13,4.4,True,1.0,14.0,robert quinn,,,,,,,,,,,,,,,,,,,,,,,,,,,,,,,,,,,,,,,,,,,,,,,,,,,,,,,
2011,will rackley,OG,Lehigh,6-3,309.0,5.39,23.5,29.0,99.0,7.91,4.94,True,3.0,76.0,will rackley,,,,,,,,,,,,,,,,,,,,,,,,,,,,,,,,,,,,,,,,,,,,,,,,,,,,,,,
2011,brooks reed,OLB,Arizona,6-2,263.0,4.65,30.5,30.0,113.0,7.11,4.28,True,2.0,42.0,brooks reed,,,,,,,,,,,,,,,,,,,,,,,,,,,,,,,,,,,,,,,,,,,,,,,,,,,,,,,
2011,d'aundre reed,DE,Arizona,6-4,261.0,4.84,35.5,30.0,119.0,7.24,4.32,True,7.0,215.0,daundre reed,,,,,,,,,,,,,,,,,,,,,,,,,,,,,,,,,,,,,,,,,,,,,,,,,,,,,,,
2011,jah reid,OT,Central Florida,6-7,327.0,5.32,29.5,28.0,111.0,7.73,4.65,True,3.0,85.0,jah reid,,,,,,,,,,,,,,,,,,,,,,,,,,,,,,,,,,,,,,,,,,,,,,,,,,,,,,,
2011,allen reisner,FB,Iowa,6-2,248.0,4.9,28.0,14.0,108.0,7.31,4.59,False,,,allen reisner,2010.0,,,,,,,,,,,,,,,,,,,,,,,,,,,,,,,,,,,,,,,,,,,,,55.0,42.0,2.0,460.0,11.0,,,,,
2011,stevan ridley,RB,LSU,5-11,225.0,4.65,36.0,18.0,118.0,6.78,4.21,True,3.0,73.0,stevan ridley,2010.0,,,,,,,,,,,,,,,,,,,,,,,,,,,,,,,,,,,,,,,,,,,,,18.0,11.0,0.0,61.0,5.5,249.0,65.0,15.0,1147.0,4.6
2011,aldrick robinson,WR,SMU,5-10,184.0,4.35,40.0,17.0,126.0,6.65,4.09,True,6.0,178.0,aldrick robinson,2010.0,,,,,,,,,,,,,,,15.0,18.0,2.0,0.0,30.0,,,,,,,,,,,,,,,,,,,,,,,,,,82.0,65.0,14.0,1301.0,20.0,,,,,
2011,jacquizz rodgers,RB,Oregon State,5-6,196.0,4.59,33.0,,113.0,7.31,4.26,True,5.0,145.0,jacquizz rodgers,2010.0,,,,,,,,,,,,,,,,,,,,,,,,,,,1.0,1.0,0.0,1.0,1.0,11.0,11.0,,,,,,,,,,,,28.0,44.0,3.0,287.0,6.5,256.0,74.0,14.0,1184.0,4.6
2011,jake rogers,K,Cincinnati,6-2,213.0,5.06,,,,,,False,,,jake rogers,2010.0,,,,,,,,,,,,,,,,,,,,14.0,11.0,49.0,0.786,71.0,40.0,38.0,,,,,,,,,,,,,,,,,,,,,,,,,,,,
2011,justin rogers,CB,Richmond,5-10,180.0,4.45,33.0,14.0,114.0,7.21,4.2,True,7.0,206.0,justin rogers,,,,,,,,,,,,,,,,,,,,,,,,,,,,,,,,,,,,,,,,,,,,,,,,,,,,,,,
2011,brian rolle,OLB,Ohio State,5-10,229.0,4.53,33.0,28.0,115.0,6.89,4.26,True,6.0,193.0,brian rolle,2010.0,,,,,,,,,,,15.0,2.0,1.0,30.0,,,,,,,,,,,,,,,,,,,,,,,,,,,,,,,,,,,,,,,,
2011,greg romeus,DE,Pittsburgh,6-5,264.0,4.79,,,,,,True,7.0,226.0,greg romeus,2009.0,,,,,,,,,,,0.0,1.0,0.0,0.0,,,,,,,,,,,,,,,,,,,,,,,,,,,,,,,,,,,,,,,,
2011,evan royster,RB,Penn State,6-0,212.0,4.65,34.0,20.0,113.0,7.07,4.18,True,6.0,177.0,evan royster,2010.0,,,,,,,,,,,,,,,,,,,,,,,,,,,,,,,,,,,,,,,,,,,,,30.0,25.0,1.0,202.0,8.1,208.0,50.0,6.0,1014.0,4.9
2011,chris rucker,CB,Michigan State,6-0,195.0,4.54,,10.0,,,,True,6.0,188.0,chris rucker,,,,,,,,,,,,,,,,,,,,,,,,,,,,,,,,,,,,,,,,,,,,,,,,,,,,,,,
2011,kyle rudolph,TE,Notre Dame,6-6,259.0,4.83,,,,,,True,2.0,43.0,kyle rudolph,2010.0,,,,,,,,,,,,,,,,,,,,,,,,,,,,,,,,,,,,,,,,,,,,,95.0,28.0,3.0,328.0,11.7,,,,,
2011,kevin rutland,CB,Missouri,6-0,190.0,4.58,35.5,12.0,118.0,6.92,4.15,False,,,kevin rutland,2010.0,,,,,,,,,,,21.3,3.0,0.0,64.0,,,,,,,,,,,,,,,,,,,,,,,,,,,,,,,,,,,,,,,,
2011,brandon saine,RB,Ohio State,5-11,220.0,4.4,34.5,22.0,113.0,6.98,4.25,False,,,brandon saine,2010.0,,,,,,,,,,,,,,,18.0,18.0,1.0,0.0,18.0,,,,,,,,,,,,,,,,,,,,,,,,,,60.0,23.0,5.0,195.0,8.5,70.0,45.0,2.0,337.0,4.8
2011,greg salas,WR,Hawaii,6-1,210.0,4.53,37.0,15.0,120.0,6.65,4.1,True,4.0,112.0,greg salas,2010.0,,,,,,,,,,,,,,,,,,,,,,,,,,,,,,,,,,,5.0,25.0,0.0,,,,,,,,55.0,119.0,14.0,1889.0,15.9,,,,,
2011,demarco sampson,WR,San Diego State,6-2,204.0,4.41,,14.0,,,,True,7.0,249.0,demarco sampson,2010.0,,,,,,,,,,,,,,,,,,,,,,,,,,,,,,,,,,,,,,,,,,,,,71.0,67.0,8.0,1220.0,18.2,4.0,10.0,0.0,11.0,2.8
2011,jock sanders,WR,West Virginia,5-6,181.0,4.5,34.5,19.0,121.0,6.78,4.13,False,,,jock sanders,2010.0,,,,,,,,,,,,,,,24.9,60.0,12.0,0.0,299.0,,,,,,,,1.0,0.0,1.0,0.0,0.0,0.0,0.0,4.1,66.0,21.0,0.0,86.0,,,,,,,48.0,69.0,4.0,728.0,10.6,14.0,31.0,1.0,92.0,6.6
2011,robert sands,S,West Virginia,6-4,217.0,4.53,35.0,12.0,124.0,7.03,4.06,True,5.0,134.0,robert sands,2010.0,,,,,,,,,,,28.0,1.0,0.0,28.0,,,,,,,,,,,,,,,,,,,,,,,,,,,,,,,,,,,,,,,,
2011,dane sanzenbacher,WR,Ohio State,5-11,182.0,4.56,33.5,,118.0,6.46,3.97,False,,,dane sanzenbacher,2010.0,,,,,,,,,,,,,,,,,,,,,,,,,,,,,,,,,,,,,,,,,,,,,65.0,55.0,11.0,948.0,17.2,4.0,12.0,1.0,14.0,3.5
2011,tyler sash,S,Iowa,6-0,211.0,4.62,33.0,11.0,108.0,6.9,4.27,True,6.0,198.0,tyler sash,2010.0,,,,,,,,,,,54.0,2.0,1.0,108.0,,,,,,,,,,,,,,,,,,,,,,,,,,,,,,,,,,,,,,,,
2011,weslye saunders,TE,South Carolina,6-5,270.0,4.93,33.5,19.0,116.0,,,False,,,weslye saunders,2009.0,,,,,,,,,,,,,,,,,,,,,,,,,,,,,,,,,,,,,,,,,,,,,30.0,32.0,3.0,353.0,11.0,,,,,
2011,steve schilling,OG,Michigan,6-4,308.0,5.18,25.5,30.0,98.0,7.73,4.62,True,6.0,201.0,steve schilling,,,,,,,,,,,,,,,,,,,,,,,,,,,,,,,,,,,,,,,,,,,,,,,,,,,,,,,
2011,caleb schlauderaff,OG,Utah,6-4,305.0,5.18,,,,,,True,6.0,179.0,caleb schlauderaff,,,,,,,,,,,,,,,,,,,,,,,,,,,,,,,,,,,,,,,,,,,,,,,,,,,,,,,
2011,da'rel scott,RB,Maryland,5-11,211.0,4.4,34.0,19.0,117.0,7.15,4.2,True,7.0,221.0,darel scott,2010.0,,,,,,,,,,,,,,,16.5,25.0,2.0,0.0,33.0,,,,,,,,1.0,1.0,0.0,1.0,1.0,4.0,4.0,,,,,,,,,,,,71.0,14.0,3.0,170.0,12.1,122.0,91.0,5.0,708.0,5.8
2011,da'norris searcy,S,North Carolina,5-11,223.0,4.55,33.0,27.0,120.0,6.87,4.09,True,4.0,100.0,danorris searcy,2010.0,,,,,,,,,,,13.3,4.0,1.0,53.0,24.9,45.0,12.0,0.0,299.0,,,,,,,,,,,,,,,4.4,37.0,21.0,0.0,93.0,,,,,,,,,,,,,,,,
2011,jabaal sheard,DE,Pittsburgh,6-3,264.0,4.68,31.0,,115.0,,,True,2.0,37.0,jabaal sheard,,,,,,,,,,,,,,,,,,,,,,,,,,,,,,,,,,,,,,,,,,,,,,,,,,,,,,,
2011,kelvin sheppard,ILB,LSU,6-2,250.0,4.7,33.5,22.0,110.0,,4.28,True,3.0,68.0,kelvin sheppard,2010.0,,,,,,,,,,,0.0,1.0,0.0,0.0,,,,,,,,,,,,,,,,,,,,,,,,,,,,,,,,,,,,,,,,
2011,anthony sherman,FB,Connecticut,5-10,242.0,4.74,32.5,32.0,111.0,7.23,4.41,True,5.0,136.0,anthony sherman,2010.0,,,,,,,,,,,,,,,14.7,26.0,3.0,0.0,44.0,,,,,,,,,,,,,,,,,,,,,,,,,,41.0,11.0,1.0,127.0,11.5,4.0,2.0,0.0,1.0,0.3
2011,richard sherman,CB,Stanford,6-3,195.0,4.54,38.0,16.0,125.0,6.82,4.33,True,5.0,154.0,richard sherman,2010.0,,,,,,,,,,,9.8,4.0,0.0,39.0,16.0,16.0,1.0,0.0,16.0,,,,,,,,,,,,,,,,,,,,,,,,,,,,,,,,,,,
2011,derek sherrod,OT,Mississippi State,6-5,321.0,5.18,28.0,23.0,97.0,7.43,4.63,True,1.0,32.0,derek sherrod,,,,,,,,,,,,,,,,,,,,,,,,,,,,,,,,,,,,,,,,,,,,,,,,,,,,,,,
2011,cecil shorts,WR,Mount Union,6-0,205.0,4.5,34.5,21.0,114.0,6.5,4.07,True,4.0,114.0,cecil shorts,,,,,,,,,,,,,,,,,,,,,,,,,,,,,,,,,,,,,,,,,,,,,,,,,,,,,,,
2011,sealver siliga,DT,Utah,6-2,305.0,5.38,29.0,29.0,100.0,7.7,4.75,False,,,sealver siliga,,,,,,,,,,,,,,,,,,,,,,,,,,,,,,,,,,,,,,,,,,,,,,,,,,,,,,,
2011,david sims,S,Iowa State,5-9,200.0,4.5,37.5,24.0,120.0,,4.28,False,,,david sims,2011.0,,,,,,,,,,,,,,,,,,,,,,,,,,,,,,,,,,,,,,,,,,,,,12.0,3.0,1.0,29.0,9.7,135.0,41.0,7.0,698.0,5.2
2011,buster skrine,CB,Tenn-Chattanooga,5-9,186.0,4.37,37.0,20.0,122.0,6.44,3.9,True,5.0,137.0,buster skrine,,,,,,,,,,,,,,,,,,,,,,,,,,,,,,,,,,,,,,,,,,,,,,,,,,,,,,,
2011,aldon smith,DE,Missouri,6-4,263.0,4.74,34.0,20.0,118.0,7.19,4.5,True,1.0,7.0,aldon smith,2010.0,,,,,,,,,,,58.0,1.0,0.0,58.0,,,,,,,,,,,,,,,,,,,,,,,,,,,,,,,,,,,,,,,,
2011,d.j. smith,OLB,Appalachian State,5-11,239.0,4.71,31.0,20.0,104.0,7.35,4.45,True,6.0,186.0,dj smith,,,,,,,,,,,,,,,,,,,,,,,,,,,,,,,,,,,,,,,,,,,,,,,,,,,,,,,
2011,derrell smith,ILB,Syracuse,6-0,243.0,4.76,,,,,,False,,,derrell smith,2010.0,,,,,,,,,,,60.0,1.0,0.0,60.0,,,,,,,,,,,,,,,,,,,,,,,,,,,,,,,,,,,,,,,,
2011,jimmy smith,CB,Colorado,6-2,211.0,4.42,36.0,24.0,123.0,6.93,4.06,True,1.0,27.0,jimmy smith,2009.0,,,,,,,,,,,5.0,2.0,0.0,10.0,,,,,,,,,,,,,,,,,,,,,,,,,,,,,,,,,,,,,,,,
2011,keith smith,WR,San Jose State,6-2,214.0,4.65,,,,,,False,,,keith smith,2010.0,,,,,,,,,,,,,,,,,,,,,,,,,,,,,,,,,,0.8,4.0,5.0,0.0,4.0,,,,,,,16.0,18.0,0.0,123.0,6.8,,,,,
2011,lee smith,TE,Marshall,6-6,266.0,4.94,29.0,25.0,108.0,7.13,4.28,True,5.0,159.0,lee smith,2010.0,,,,,,,,,,,,,,,7.0,7.0,1.0,0.0,7.0,,,,,,,,,,,,,,,,,,,,,,,,,,32.0,38.0,3.0,358.0,9.4,,,,,
2011,torrey smith,WR,Maryland,6-1,204.0,4.41,41.0,19.0,126.0,6.72,4.13,True,2.0,58.0,torrey smith,2010.0,,,,,,,,,,,,,,,18.9,33.0,31.0,0.0,585.0,,,,,,,,,,,,,,,0.0,0.0,1.0,0.0,0.0,,,,,,,80.0,67.0,12.0,1055.0,15.7,9.0,9.0,0.0,7.0,0.8
2011,tyron smith,OT,USC,6-5,307.0,4.93,,29.0,,,,True,1.0,9.0,tyron smith,2010.0,,,,,,,,,,,,,,,,,,,,,,,,,,,,,,,,,,,,,,,,,,,,,0.0,1.0,0.0,,,,,,,
2011,willie smith,OT,East Carolina,6-5,310.0,5.4,30.5,,106.0,7.95,4.83,False,,,willie smith,,,,,,,,,,,,,,,,,,,,,,,,,,,,,,,,,,,,,,,,,,,,,,,,,,,,,,,
2011,nate solder,OT,Colorado,6-8,319.0,4.96,32.0,21.0,110.0,7.44,4.34,True,1.0,17.0,nate solder,,,,,,,,,,,,,,,,,,,,,,,,,,,,,,,,,,,,,,,,,,,,,,,,,,,,,,,
2011,owen spencer,WR,North Carolina State,6-2,195.0,4.51,37.5,6.0,125.0,6.86,4.18,False,,,owen spencer,2010.0,,,,,,,,,,,,,,,,,,,,,,,,,,,,,,,,,,,,,,,,,,,,,60.0,60.0,4.0,912.0,15.2,,,,,
2011,ricky stanzi,QB,Iowa,6-4,223.0,4.87,32.5,,110.0,6.95,4.43,True,5.0,135.0,ricky stanzi,2010.0,,,,,,,,,,,,,,,,,,,,,,,,,,,345.0,221.0,6.0,0.641,25.0,3004.0,8.7,,,,,,,,,,,,0.0,1.0,0.0,,,48.0,26.0,2.0,,
2011,luke stocker,TE,Tennessee,6-5,258.0,4.68,33.0,27.0,115.0,7.03,4.4,True,4.0,104.0,luke stocker,2010.0,,,,,,,,,,,,,,,,,,,,,,,,,,,,,,,,,,,,,,,,,,,,,32.0,39.0,2.0,417.0,10.7,,,,,
2011,quan sturdivant,ILB,North Carolina,6-1,241.0,4.75,34.0,21.0,115.0,,4.5,True,6.0,171.0,quan sturdivant,2010.0,,,,,,,,,,,0.0,1.0,0.0,0.0,,,,,,,,,,,,,,,,,,,,,,,,,,,,,,,,,,,,,,,,
2011,jerrard tarrant,S,Georgia Tech,6-0,204.0,4.57,33.0,14.0,114.0,6.92,4.21,False,,,jerrard tarrant,2010.0,,,,,,,,,,,31.0,3.0,1.0,93.0,,,,,,,,,,,,,,,,,,,,4.4,25.0,30.0,0.0,131.0,,,,,,,,,,,,,,,,
2011,vai taua,RB,Nevada,5-9,213.0,4.65,34.5,20.0,112.0,6.89,4.18,False,,,vai taua,2010.0,,,,,,,,,,,,,,,,,,,,,,,,,,,,,,,,,,,,,,,,,,,,,79.0,18.0,3.0,226.0,12.6,284.0,73.0,19.0,1610.0,5.7
2011,adrian taylor,DT,Oklahoma,6-3,311.0,5.22,,34.0,,,,False,,,adrian taylor,,,,,,,,,,,,,,,,,,,,,,,,,,,,,,,,,,,,,,,,,,,,,,,,,,,,,,,
2011,phil taylor,DT,Baylor,6-3,334.0,5.09,29.5,31.0,100.0,7.75,4.77,True,1.0,21.0,phil taylor,,,,,,,,,,,,,,,,,,,,,,,,,,,,,,,,,,,,,,,,,,,,,,,,,,,,,,,
2011,tyrod taylor,QB,Virginia Tech,6-1,217.0,4.47,37.5,,126.0,6.78,4.09,True,6.0,180.0,tyrod taylor,2010.0,,,,,,,,,,,,,,,,,,,,,,,,,,,315.0,188.0,5.0,0.597,24.0,2743.0,8.7,,,,,,,,,,,,,,,,,146.0,72.0,5.0,659.0,4.5
2011,zane taylor,C,Utah,6-2,309.0,5.52,25.5,33.0,104.0,8.15,4.77,False,,,zane taylor,,,,,,,,,,,,,,,,,,,,,,,,,,,,,,,,,,,,,,,,,,,,,,,,,,,,,,,
2011,daniel thomas,RB,Kansas State,6-0,230.0,4.62,,21.0,,,,True,2.0,62.0,daniel thomas,2019.0,1.0,0.0,0.0,47.0,0.0,5.5,74.0,0.0,0.0,1.0,,,,,,,,,,,,,,,,,,,,,,,,,,,,,,,,,,,,,,,,,,,,
2011,j.t. thomas,OLB,West Virginia,6-1,241.0,4.65,30.5,23.0,114.0,7.23,4.28,True,6.0,195.0,jt thomas,2009.0,,,,,,,,,,,10.0,1.0,0.0,10.0,,,,,,,,,,,,,,,,,,,,,,,,,,,,,,,,,,,,,,,,
2011,josh thomas,CB,Buffalo,5-10,191.0,4.46,38.5,13.0,126.0,6.99,4.15,True,5.0,143.0,josh thomas,2010.0,,,,,,,,,,,22.0,1.0,0.0,22.0,,,,,,,,,,,,,,,,,,,,,,,,,,,,,,,,,,,,,,,,
2011,julius thomas,TE,Portland State,6-5,246.0,4.64,35.5,16.0,111.0,6.96,4.31,True,4.0,129.0,julius thomas,,,,,,,,,,,,,,,,,,,,,,,,,,,,,,,,,,,,,,,,,,,,,,,,,,,,,,,
2011,isaiah thompson,OG,Houston,6-3,300.0,6.0,25.0,23.0,82.0,9.04,5.56,False,,,isaiah thompson,,,,,,,,,,,,,,,,,,,,,,,,,,,,,,,,,,,,,,,,,,,,,,,,,,,,,,,
2011,brandyn thompson,CB,Boise State,5-9,189.0,4.5,33.5,13.0,114.0,6.66,4.12,True,7.0,213.0,brandyn thompson,2010.0,,,,,,,,,,,6.7,3.0,0.0,20.0,,,,,,,,,,,,,,,,,,,,,,,,,,,,,,,,,,,,,,,,
2011,cedric thornton,DT,Southern Arkansas,6-3,309.0,5.25,27.0,23.0,101.0,7.7,4.71,False,,,cedric thornton,,,,,,,,,,,,,,,,,,,,,,,,,,,,,,,,,,,,,,,,,,,,,,,,,,,,,,,
2011,jordan todman,RB,Connecticut,5-9,203.0,4.4,38.0,25.0,126.0,7.24,4.18,True,6.0,183.0,jordan todman,2010.0,,,,,,,,,,,,,,,27.5,29.0,2.0,0.0,55.0,,,,,,,,,,,,,,,,,,,,,,,,,,22.0,19.0,0.0,94.0,4.9,334.0,66.0,14.0,1695.0,5.1
2011,terrence toliver,WR,LSU,6-3,212.0,4.52,32.0,,122.0,6.48,4.03,False,,,terrence toliver,2010.0,,,,,,,,,,,,,,,,,,,,,,,,,,,,,,,,,,,,,,,,,,,,,42.0,41.0,5.0,579.0,14.1,,,,,
2011,scott tolzien,QB,Wisconsin,6-2,212.0,4.92,29.5,,116.0,6.84,4.12,False,,,scott tolzien,2010.0,,,,,,,,,,,,,,,,,,,,,,,,,,,266.0,194.0,6.0,0.729,16.0,2459.0,9.2,,,,,,,,,,,,,,,,,30.0,9.0,0.0,,
2011,devon torrence,CB,Ohio State,6-0,199.0,4.68,33.0,,111.0,6.95,4.09,False,,,devon torrence,2010.0,,,,,,,,,,,29.5,2.0,1.0,59.0,,,,,,,,,,,,,,,,,,,,,,,,,,,,,,,,,,,,,,,,
2011,terrance turner,WR,Indiana,6-2,220.0,4.53,41.0,16.0,128.0,6.77,4.15,False,,,terrance turner,2010.0,,,,,,,,,,,,,,,,,,,,,,,,,,,,,,,,,,,0.0,2.0,0.0,,,,,,,,38.0,67.0,3.0,681.0,10.2,,,,,
2011,julian vandervelde,OG,Iowa,6-2,301.0,5.12,31.0,23.0,104.0,7.46,4.59,True,5.0,161.0,julian vandervelde,,,,,,,,,,,,,,,,,,,,,,,,,,,,,,,,,,,,,,,,,,,,,,,,,,,,,,,
2011,shane vereen,RB,California,5-10,210.0,4.49,34.0,31.0,115.0,6.95,4.28,True,2.0,56.0,shane vereen,2010.0,,,,,,,,,,,,,,,,,,,,,,,,,,,1.0,0.0,0.0,0.0,0.0,0.0,0.0,,,,,,,,,,,,31.0,22.0,3.0,209.0,9.5,231.0,59.0,13.0,1167.0,5.1
2011,danny watkins,OG,Baylor,6-3,310.0,5.36,26.0,29.0,92.0,7.61,4.62,True,1.0,23.0,danny watkins,,,,,,,,,,,,,,,,,,,,,,,,,,,,,,,,,,,,,,,,,,,,,,,,,,,,,,,
2011,j.j. watt,DE,Wisconsin,6-5,290.0,4.81,37.0,34.0,120.0,6.88,4.21,True,1.0,11.0,jj watt,2010.0,,,,,,,,,,,15.0,1.0,0.0,15.0,,,,,,,,,,,,,,,,,,,,,,,,,,,,,,,,,,,,,,,,
2011,ryan whalen,WR,Stanford,6-1,202.0,4.53,38.5,18.0,123.0,6.67,4.09,True,6.0,167.0,ryan whalen,2010.0,,,,,,,,,,,,,,,,,,,,,,,,,,,,,,,,,,,,,,,,,,,,,30.0,41.0,2.0,439.0,10.7,,,,,
2011,chris white,ILB,Mississippi State,6-3,240.0,4.65,34.0,17.0,115.0,6.95,4.25,True,6.0,169.0,chris white,2011.0,,,,,,,,,,,,,,,,,,,,,,,,,,,,,,,,,,,,,,,,,,,,,26.0,5.0,0.0,73.0,14.6,,,,,
2011,johnny white,RB,North Carolina,5-10,209.0,4.5,32.5,,117.0,7.07,4.31,True,5.0,133.0,johnny white,2010.0,,,,,,,,,,,,,,,,,,,,,,,,,,,,,,,,,,,,,,,,,,,,,51.0,24.0,0.0,288.0,12.0,130.0,76.0,7.0,720.0,5.5
2011,markus white,DE,Florida State,6-3,266.0,4.86,32.5,14.0,117.0,7.25,4.51,True,7.0,224.0,markus white,2009.0,,,,,,,,,,,31.0,1.0,1.0,31.0,,,,,,,,,,,,,,,,,,,,,,,,,,,,,,,,,,,,,,,,
2011,colby whitlock,DT,Texas Tech,6-2,302.0,5.27,30.5,25.0,105.0,7.73,4.75,False,,,colby whitlock,,,,,,,,,,,,,,,,,,,,,,,,,,,,,,,,,,,,,,,,,,,,,,,,,,,,,,,
2011,muhammad wilkerson,DT,Temple,6-4,315.0,4.96,26.0,27.0,106.0,7.31,4.59,True,1.0,30.0,muhammad wilkerson,2010.0,,,,,,,,,,,,,,,,,,,,,,,,,,,,,,,,,,,,,,,,,,,,,3.0,1.0,0.0,3.0,3.0,,,,,
2011,deunta williams,S,North Carolina,6-2,205.0,4.53,,,,,,False,,,deunta williams,2009.0,,,,,,,,,,,19.0,6.0,0.0,114.0,,,,,,,,,,,,,,,,,,,,,,,,,,,,,,,,,,,,,,,,
2011,marshall williams,WR,Wake Forest,6-1,188.0,4.56,35.5,9.0,123.0,6.61,4.09,False,,,marshall williams,2010.0,,,,,,,,,,,,,,,,,,,,,,,,,,,3.0,2.0,0.0,0.667,2.0,122.0,40.7,,,,,,,,,,,,38.0,24.0,2.0,272.0,11.3,,,,,
2011,nate williams,S,Washington,6-0,211.0,4.68,30.5,17.0,114.0,6.98,4.15,False,,,nate williams,2009.0,,,,,,,,,,,0.0,2.0,0.0,0.0,,,,,,,,,,,,,,,,,,,,,,,,,,,,,,,,,,,,,,,,
2011,aaron williams,CB,Texas,6-0,204.0,4.55,37.5,18.0,127.0,6.72,4.07,True,2.0,34.0,aaron williams,2009.0,,,,,,,,,,,,,,,27.0,27.0,1.0,0.0,27.0,,,,,,,,,,,,,,,0.0,0.0,1.0,1.0,0.0,,,,,,,,,,,,,,,,
2011,d.j. williams,TE,Arkansas,6-2,245.0,4.59,33.5,20.0,111.0,7.29,4.51,True,5.0,141.0,dj williams,2011.0,,,,,,,,,,,,,,,,,,,,,,,,,,,21.0,10.0,2.0,0.476,1.0,118.0,5.6,,,,,,,,,,,,,,,,,8.0,12.0,0.0,,
2011,ian williams,DT,Notre Dame,6-1,319.0,5.21,28.5,31.0,98.0,,4.78,False,,,ian williams,2010.0,,,,,,,,,,,0.0,1.0,0.0,0.0,,,,,,,,,,,,,,,,,,,,,,,,,,,,,,,,,,,,,,,,
2011,keith williams,OG,Nebraska,6-4,318.0,5.28,24.5,23.0,93.0,8.42,5.03,True,6.0,196.0,keith williams,,,,,,,,,,,,,,,,,,,,,,,,,,,,,,,,,,,,,,,,,,,,,,,,,,,,,,,
2011,ryan williams,RB,Virginia Tech,5-9,212.0,4.59,40.0,19.0,123.0,6.96,4.18,True,2.0,38.0,ryan williams,2010.0,,,,,,,,,,,9.0,2.0,0.0,18.0,23.5,41.0,10.0,0.0,235.0,,,,,,,,290.0,165.0,10.0,0.569,13.0,2075.0,7.2,1.0,4.0,6.0,0.0,6.0,,,,,,,29.0,10.0,1.0,109.0,10.9,159.0,102.0,9.0,477.0,4.3
2011,zack williams,C,Washington State,6-3,309.0,5.18,30.0,28.0,103.0,7.54,4.62,False,,,zack williams,,,,,,,,,,,,,,,,,,,,,,,,,,,,,,,,,,,,,,,,,,,,,,,,,,,,,,,
2011,lawrence wilson,OLB,Connecticut,6-1,229.0,4.71,32.5,24.0,113.0,7.31,4.5,True,6.0,166.0,lawrence wilson,2010.0,,,,,,,,,,,55.0,1.0,1.0,55.0,,,,,,,,,,,,,,,,,,,,,,,,,,,,,,,,,,,,,,,,
2011,martez wilson,ILB,Illinois,6-4,250.0,4.42,36.0,23.0,124.0,7.04,4.28,True,3.0,72.0,martez wilson,2010.0,,,,,,,,,,,1.0,1.0,0.0,1.0,,,,,,,,,,,,,,,,,,,,6.0,6.0,1.0,0.0,6.0,,,,,,,,,,,,,,,,
2011,ryan winterswyk,DE,Boise State,6-4,268.0,4.96,30.0,18.0,111.0,7.01,4.37,False,,,ryan winterswyk,2010.0,,,,,,,,,,,0.0,1.0,0.0,0.0,,,,,,,,,,,,,,,,,,,,,,,,,,,,,,,,,,,,,,,,
2011,stefen wisniewski,C,Penn State,6-3,313.0,5.29,28.5,30.0,100.0,7.51,4.63,True,2.0,48.0,stefen wisniewski,,,,,,,,,,,,,,,,,,,,,,,,,,,,,,,,,,,,,,,,,,,,,,,,,,,,,,,
2011,k.j. wright,OLB,Mississippi State,6-3,246.0,4.71,32.0,20.0,120.0,7.26,4.46,True,4.0,99.0,kj wright,,,,,,,,,,,,,,,,,,,,,,,,,,,,,,,,,,,,,,,,,,,,,,,,,,,,,,,
2011,shareece wright,CB,USC,5-11,185.0,4.41,34.5,16.0,113.0,,,True,3.0,89.0,shareece wright,2009.0,,,,,,,,,,,0.0,1.0,0.0,0.0,,,,,,,,,,,,,,,,,,,,,,,,,,,,,,,,,,,,,,,,
2011,t.j. yates,QB,North Carolina,6-3,219.0,5.06,29.5,,104.0,6.96,4.12,True,5.0,152.0,tj yates,2010.0,,,,,,,,,,,,,,,,,,,,,,,,,,,422.0,282.0,9.0,0.668,19.0,3418.0,8.1,,,,,,,,,,,,,,,,,79.0,24.0,3.0,,
2011,jimmy young,WR,TCU,6-0,204.0,4.5,37.0,19.0,115.0,7.08,4.18,False,,,jimmy young,2010.0,,,,,,,,,,,,,,,,,,,,,,,,,,,,,,,,,,,,,,,,,,,,,45.0,32.0,4.0,486.0,15.2,,,,,
2011,titus young,WR,Boise State,5-11,174.0,4.43,,,123.0,,,True,2.0,44.0,titus young,2010.0,,,,,,,,,,,,,,,23.5,53.0,24.0,0.0,564.0,,,,,,,,,,,,,,,7.2,36.0,6.0,0.0,43.0,,,,,,,83.0,71.0,9.0,1215.0,17.1,14.0,38.0,1.0,94.0,6.7
2011,lee ziemba,OT,Auburn,6-6,317.0,5.5,29.0,20.0,95.0,7.74,4.65,True,7.0,244.0,lee ziemba,2009.0,,,,,,,,,,,,,,,,,,,,,,,,,,,,,,,,,,,,,,,,,,,,,,1.0,0.0,,,,,,,
2012,emmanuel acho,OLB,Texas,6-2,238.0,4.64,35.5,24.0,118.0,,,True,6.0,204.0,emmanuel acho,2010.0,,,,,,,,,,,57.0,1.0,1.0,57.0,,,,,,,,,,,,,,,,,,,,,,,,,,,,,,,,,,,,,,,,
2012,joe adams,WR,Arkansas,5-11,179.0,4.51,36.0,,123.0,7.09,,True,4.0,104.0,joe adams,2011.0,,,,,,,,,,,,,,,,,,,,,,,,,,,,,,,,,,9.7,69.0,33.0,4.0,321.0,,,,,,,67.0,54.0,3.0,652.0,12.1,10.0,92.0,1.0,139.0,13.9
2012,mike adams,OT,Ohio State,6-7,323.0,5.28,28.5,19.0,100.0,7.94,4.95,True,2.0,56.0,mike adams,,,,,,,,,,,,,,,,,,,,,,,,,,,,,,,,,,,,,,,,,,,,,,,,,,,,,,,
2012,chas alecxih,DT,Pittsburgh,6-4,296.0,5.31,25.5,19.0,99.0,7.74,4.62,False,,,chas alecxih,2011.0,,,,,,,,,,,47.0,1.0,0.0,47.0,,,,,,,,,,,,,,,,,,,,,,,,,,,,,,,,,,,,,,,,
2012,frank alexander,DE,Oklahoma,6-4,270.0,4.8,,,,,,True,4.0,103.0,frank alexander,2011.0,,,,,,,,,,,27.0,1.0,0.0,27.0,,,,,,,,,,,,,,,,,,,,,,,,,,,,,,,,,,,,,,,,
2012,antonio allen,S,South Carolina,6-1,210.0,4.58,34.0,17.0,118.0,7.02,4.25,True,7.0,242.0,antonio allen,2011.0,,,,,,,,,,,14.7,3.0,1.0,44.0,,,,,,,,,,,,,,,,,,,,,,,,,,,,,,,,,,,,,,,,
2012,dwayne allen,TE,Clemson,6-3,255.0,4.85,32.0,27.0,110.0,7.12,4.37,True,3.0,64.0,dwayne allen,2011.0,,,,,,,,,,,,,,,,,,,,,,,,,,,,,,,,,,,,,,,,,,,,,54.0,50.0,8.0,598.0,12.0,,,,,
2012,jeff allen,OT,Illinois,6-4,307.0,5.17,27.5,26.0,102.0,8.01,4.9,True,2.0,44.0,jeff allen,2010.0,,,,,,,,,,,,,,,,,,,,,,,,,,,,,,,,,,,,,,,,,,,,,2.0,1.0,0.0,2.0,2.0,,,,,
2012,justin anderson,OT,Georgia,6-4,335.0,5.24,27.0,32.0,101.0,8.04,4.99,True,7.0,208.0,justin anderson,2012.0,,,,,,,,,,,38.0,1.0,1.0,38.0,,,,,,,,,,,,,,,,,,,,,,,,,,,,,,,,,,,,,,,,
2012,bryan anger,P,California,6-4,208.0,4.86,,,,,,True,3.0,70.0,bryan anger,2011.0,,,,,,,,,,,,,,,,,,,,,,,,,,,,,,,,,,,,,,,0.0,64.0,53.0,0.0,2345.0,44.2,,,,,,1.0,5.0,0.0,5.0,5.0
2012,mark asper,OG,Oregon,6-6,319.0,5.32,,23.0,,,,True,6.0,178.0,mark asper,,,,,,,,,,,,,,,,,,,,,,,,,,,,,,,,,,,,,,,,,,,,,,,,,,,,,,,
2012,ryan baker,OLB,LSU,5-11,232.0,4.8,34.0,30.0,113.0,7.21,4.35,False,,,ryan baker,,,,,,,,,,,,,,,,,,,,,,,,,,,,,,,,,,,,,,,,,,,,,,,,,,,,,,,
2012,edwin baker,RB,Michigan State,5-8,204.0,4.44,35.0,20.0,111.0,7.27,4.31,True,7.0,250.0,edwin baker,2011.0,,,,,,,,,,,,,,,,,,,,,,,,,,,,,,,,,,,,,,,,,,,,,19.0,5.0,1.0,60.0,12.0,170.0,25.0,5.0,665.0,3.9
2012,mike ball,RB,Nevada,5-8,206.0,4.54,36.0,21.0,112.0,7.1,4.23,False,,,mike ball,2011.0,,,,,,,,,,,,,,,18.8,27.0,5.0,0.0,94.0,,,,,,,,,,,,,,,,,,,,,,,,,,18.0,11.0,2.0,42.0,3.8,135.0,41.0,3.0,704.0,5.2
2012,vick ballard,RB,Mississippi State,5-10,219.0,4.59,33.0,23.0,115.0,7.03,4.19,True,5.0,170.0,vick ballard,2011.0,,,,,,,,,,,,,,,,,,,,,,,,,,,,,,,,,,,,,,,,,,,,,18.0,20.0,1.0,187.0,9.4,193.0,72.0,10.0,1189.0,6.2
2012,mark barron,S,Alabama,6-1,213.0,4.54,,,,,,True,1.0,7.0,mark barron,2011.0,,,,,,,,,,,7.0,2.0,0.0,14.0,,,,,,,,,,,,,,,,,,,,,,,,,,,,,,,,,,,,,,,,
2012,kelvin beachum,OG,SMU,6-3,303.0,5.38,28.5,19.0,101.0,7.79,4.8,True,7.0,248.0,kelvin beachum,,,,,,,,,,,,,,,,,,,,,,,,,,,,,,,,,,,,,,,,,,,,,,,,,,,,,,,
2012,tim benford,WR,Tennessee Tech,5-11,205.0,4.51,,15.0,,,,False,,,tim benford,,,,,,,,,,,,,,,,,,,,,,,,,,,,,,,,,,,,,,,,,,,,,,,,,,,,,,,
2012,travis benjamin,WR,Miami (FL),5-10,172.0,4.31,38.0,14.0,119.0,,,True,4.0,100.0,travis benjamin,2011.0,,,,,,,,,,,,,,,23.7,54.0,25.0,0.0,592.0,,,,,,,,,,,,,,,6.1,44.0,20.0,0.0,121.0,,,,,,,77.0,41.0,3.0,609.0,14.9,8.0,9.0,0.0,19.0,2.4
2012,bill bentley,CB,Colorado,5-10,182.0,4.42,31.5,13.0,114.0,6.99,4.5,True,3.0,85.0,bill bentley,,,,,,,,,,,,,,,,,,,,,,,,,,,,,,,,,,,,,,,,,,,,,,,,,,,,,,,
2012,jake bequette,DE,Arkansas,6-5,274.0,4.75,34.0,,113.0,6.9,4.07,True,3.0,90.0,jake bequette,,,,,,,,,,,,,,,,,,,,,,,,,,,,,,,,,,,,,,,,,,,,,,,,,,,,,,,
2012,tony bergstrom,OT,Utah,6-5,313.0,5.19,29.5,32.0,101.0,7.95,4.84,True,3.0,95.0,tony bergstrom,,,,,,,,,,,,,,,,,,,,,,,,,,,,,,,,,,,,,,,,,,,,,,,,,,,,,,,
2012,justin bethel,S,Presbyterian,6-0,200.0,4.52,39.5,19.0,131.0,6.79,4.3,True,6.0,177.0,justin bethel,,,,,,,,,,,,,,,,,,,,,,,,,,,,,,,,,,,,,,,,,,,,,,,,,,,,,,,
2012,justin blackmon,WR,Oklahoma State,6-1,207.0,4.46,,14.0,,,,True,1.0,5.0,justin blackmon,2011.0,,,,,,,,,,,,,,,,,,,,,,,,,,,,,,,,,,0.3,2.0,8.0,0.0,2.0,,,,,,,67.0,121.0,18.0,1522.0,12.6,5.0,6.0,0.0,7.0,1.4
2012,philip blake,C,Baylor,6-3,311.0,5.17,29.5,22.0,105.0,7.86,4.65,True,4.0,108.0,philip blake,,,,,,,,,,,,,,,,,,,,,,,,,,,,,,,,,,,,,,,,,,,,,,,,,,,,,,,
2012,robert blanton,CB,Notre Dame,6-1,208.0,4.66,34.0,12.0,116.0,6.71,3.97,True,5.0,139.0,robert blanton,2011.0,,,,,,,,,,,41.0,2.0,0.0,82.0,,,,,,,,,,,,,,,,,,,,,,,,,,,,,,,,,,,,,,,,
2012,jamie blatnick,DE,Oklahoma State,6-3,263.0,4.81,32.5,28.0,112.0,7.22,4.2,False,,,jamie blatnick,2011.0,,,,,,,,,,,6.0,1.0,0.0,6.0,,,,,,,,,,,,,,,,,,,,,,,,,,,,,,,,,,,,,,,,
2012,brandon bolden,RB,Mississippi,5-11,222.0,4.55,38.0,21.0,119.0,6.96,4.44,False,,,brandon bolden,2011.0,,,,,,,,,,,,,,,,,,,,,,,,,,,2.0,1.0,0.0,0.5,0.0,5.0,2.5,,,,,,,,,,,,34.0,14.0,1.0,147.0,10.5,96.0,38.0,4.0,472.0,4.9
2012,omar bolden,CB,Arizona State,5-10,202.0,4.51,,24.0,,,,True,4.0,101.0,omar bolden,2010.0,,,,,,,,,,,28.3,3.0,1.0,85.0,29.2,97.0,11.0,1.0,321.0,,,,,,,,,,,,,,,0.0,0.0,1.0,0.0,0.0,,,,,,,,,,,,,,,,
2012,brandon boykin,CB,Georgia,5-9,182.0,4.44,,,,,,True,4.0,123.0,brandon boykin,2011.0,,,,,,,,,,,,3.0,0.0,,22.4,60.0,38.0,0.0,850.0,,,,,,,,,,,,,,,5.6,92.0,32.0,1.0,180.0,,,,,,,42.0,5.0,2.0,71.0,14.2,7.0,80.0,1.0,103.0,14.7
2012,jarrett boykin,WR,Virginia Tech,6-2,217.0,4.62,36.0,11.0,123.0,7.12,4.28,False,,,jarrett boykin,2011.0,,,,,,,,,,,,,,,,,,,,,,,,,,,,,,,,,,,,,,,,,,,,,60.0,61.0,5.0,761.0,12.5,,,,,
2012,nigel bradham,OLB,Florida State,6-2,241.0,4.56,37.0,24.0,121.0,7.18,4.37,True,4.0,105.0,nigel bradham,2011.0,,,,,,,,,,,8.5,2.0,0.0,17.0,,,,,,,,,,,,,,,,,,,,,,,,,,,,,,,,,,,,,,,,
2012,andre branch,DE,Clemson,6-4,259.0,4.67,32.5,19.0,120.0,7.19,4.25,True,2.0,38.0,andre branch,,,,,,,,,,,,,,,,,,,,,,,,,,,,,,,,,,,,,,,,,,,,,,,,,,,,,,,
2012,lavon brazill,WR,Ohio,5-11,192.0,4.43,32.5,11.0,,,,True,6.0,206.0,lavon brazill,2011.0,,,,,,,,,,,,,,,20.0,26.0,2.0,0.0,40.0,,,,,,,,,,,,,,,4.0,37.0,34.0,0.0,137.0,,,,,,,78.0,72.0,11.0,1150.0,16.0,5.0,67.0,1.0,73.0,14.6
2012,mike brewster,C,Ohio State,6-4,312.0,5.22,25.0,29.0,96.0,7.73,4.6,False,,,mike brewster,,,,,,,,,,,,,,,,,,,,,,,,,,,,,,,,,,,,,,,,,,,,,,,,,,,,,,,
2012,michael brockers,DT,LSU,6-5,322.0,5.31,26.5,,105.0,7.46,4.81,True,1.0,14.0,michael brockers,2011.0,,,,,,,,,,,0.0,1.0,0.0,0.0,,,,,,,,,,,,,,,,,,,,,,,,,,,,,,,,,,,,,,,,
2012,ron brooks,CB,LSU,5-10,190.0,4.37,38.0,12.0,120.0,,,True,4.0,124.0,ron brooks,2011.0,,,,,,,,,,,37.0,2.0,2.0,74.0,16.2,18.0,5.0,0.0,81.0,,,,,,,,,,,,,,,,,,,,,,,,,,,,,,,,,,,
2012,charles brown,CB,North Carolina,5-9,202.0,4.53,35.5,18.0,114.0,6.94,4.06,False,,,charles brown,2011.0,,,,,,,,,,,0.0,2.0,0.0,0.0,19.9,39.0,9.0,0.0,179.0,,,,,,,,,,,,,,,1.3,18.0,24.0,0.0,30.0,,,,,,,27.0,8.0,0.0,101.0,12.6,1.0,0.0,0.0,,
2012,james brown,OG,Troy,6-3,306.0,5.19,25.5,24.0,102.0,7.7,4.78,False,,,james brown,2009.0,,,,,,,,,,,,,,,,,,,,,,,,,,,,,,,,,,,,,,,,,,,,,,,,,,0.0,14.0,0.0,14.0,0.0
2012,zach brown,OLB,North Carolina,6-1,244.0,4.44,33.5,,116.0,,,True,2.0,52.0,zach brown,2011.0,,,,,,,,,,,8.0,3.0,0.0,24.0,8.0,8.0,1.0,0.0,8.0,,,,,,,,,,,,,,,,,,,,,,,,,,19.0,25.0,0.0,184.0,7.4,82.0,36.0,5.0,336.0,4.1
2012,ryan broyles,WR,Oklahoma,5-10,192.0,4.57,,21.0,,,,True,2.0,54.0,ryan broyles,2011.0,,,,,,,,,,,,,,,,,,,,,,,,,,,,,,,,,,5.4,36.0,36.0,0.0,196.0,,,,,,,64.0,83.0,10.0,1157.0,13.9,1.0,3.0,0.0,3.0,3.0
2012,randy bullock,K,Texas A&M,5-9,205.0,,,,,,,True,5.0,161.0,randy bullock,2011.0,,,,,,,,,,,,,,,,,,,,33.0,29.0,52.0,0.879,142.0,55.0,55.0,,,,,,,,,,,,,,,,,,,,,,,,,,,,
2012,vontaze burfict,ILB,Arizona State,6-1,248.0,5.0,30.0,,104.0,,,False,,,vontaze burfict,2011.0,,,,,,,,,,,36.0,1.0,0.0,36.0,,,,,,,,,,,,,,,,,,,,,,,,,,,,,,,,,,,,,,,,
2012,miles burris,OLB,San Diego State,6-2,246.0,4.67,37.5,31.0,121.0,,,True,4.0,129.0,miles burris,,,,,,,,,,,,,,,,,,,,,,,,,,,,,,,,,,,,,,,,,,,,,,,,,,,,,,,
2012,drew butler,P,Georgia,6-1,203.0,5.04,,,,,,False,,,drew butler,2011.0,,,,,,,,,,,,,,,,,,,,,,,,,,,,,,,,,,,,,,,0.0,62.0,58.0,0.0,2566.0,44.2,,,,,,0.0,0.0,0.0,,0.0
2012,tank carder,ILB,TCU,6-2,236.0,4.58,34.5,19.0,121.0,6.89,4.18,True,5.0,147.0,tank carder,2011.0,,,,,,,,,,,47.5,2.0,2.0,95.0,,,,,,,,,,,,,,,,,,,,,,,,,,,,,,,,,,,,,,,,
2012,sean cattouse,S,California,6-2,211.0,4.74,34.0,,114.0,6.99,4.15,False,,,sean cattouse,2011.0,,,,,,,,,,,10.0,2.0,0.0,20.0,,,,,,,,,,,,,,,,,,,,,,,,,,,,,,,,,,,,,,,,
2012,josh chapman,DT,Alabama,6-1,316.0,5.02,,,,,,True,5.0,136.0,josh chapman,,,,,,,,,,,,,,,,,,,,,,,,,,,,,,,,,,,,,,,,,,,,,,,,,,,,,,,
2012,orson charles,TE,Georgia,6-2,251.0,4.73,,35.0,,,,True,4.0,116.0,orson charles,2011.0,,,,,,,,,,,,,,,,,,,,,,,,,,,,,,,,,,4.0,4.0,1.0,0.0,4.0,,,,,,,36.0,45.0,5.0,574.0,12.8,,,,,
2012,greg childs,WR,Arkansas,6-3,219.0,4.52,36.5,19.0,125.0,,,True,4.0,134.0,greg childs,2011.0,,,,,,,,,,,,,,,,,,,,,,,,,,,,,,,,,,,,,,,,,,,,,19.0,21.0,0.0,240.0,11.4,,,,,
2012,morris claiborne,CB,LSU,5-11,188.0,4.5,34.5,,118.0,7.01,4.12,True,1.0,6.0,morris claiborne,2011.0,,,,,,,,,,,28.8,6.0,1.0,173.0,25.1,99.0,22.0,1.0,552.0,,,,,,,,,,,,,,,,,,,,,,,,,,,,,,,,,,,
2012,danny coale,WR,Virginia Tech,6-0,201.0,4.42,35.0,12.0,115.0,6.69,4.15,True,5.0,152.0,danny coale,2011.0,,,,,,,,,,,,,,,,,,,,,,,,,,,,,,,,,,3.1,19.0,17.0,0.0,52.0,0.0,61.0,13.0,0.0,565.0,43.5,63.0,60.0,3.0,904.0,15.1,4.0,26.0,0.0,26.0,6.5
2012,audie cole,ILB,North Carolina State,6-4,246.0,4.76,35.0,15.0,114.0,6.96,4.29,True,7.0,210.0,audie cole,2010.0,,,,,,,,,,,0.0,1.0,0.0,0.0,,,,,,,,,,,,,,,,,,,,,,,,,,,,,,,,,,,,,,,,
2012,b.j. coleman,QB,Tenn-Chattanooga,6-3,233.0,4.94,,,109.0,7.07,4.38,True,7.0,243.0,bj coleman,,,,,,,,,,,,,,,,,,,,,,,,,,,,,,,,,,,,,,,,,,,,,,,,,,,,,,,
2012,tom compton,OT,South Dakota,6-5,314.0,5.01,30.0,20.0,108.0,7.59,4.6,True,6.0,193.0,tom compton,,,,,,,,,,,,,,,,,,,,,,,,,,,,,,,,,,,,,,,,,,,,,,,,,,,,,,,
2012,josh cooper,WR,Oklahoma State,5-11,190.0,4.65,,11.0,,,,False,,,josh cooper,2011.0,,,,,,,,,,,,,,,,,,,,,,,,,,,,,,,,,,2.6,15.0,28.0,0.0,74.0,,,,,,,37.0,71.0,3.0,715.0,10.1,2.0,9.0,0.0,3.0,1.5
2012,quinton coples,DE,North Carolina,6-6,284.0,4.69,31.5,25.0,109.0,7.57,4.78,True,1.0,16.0,quinton coples,,,,,,,,,,,,,,,,,,,,,,,,,,,,,,,,,,,,,,,,,,,,,,,,,,,,,,,
2012,paul cornick,OT,North Dakota State,6-5,310.0,5.3,,25.0,,,,False,,,paul cornick,,,,,,,,,,,,,,,,,,,,,,,,,,,,,,,,,,,,,,,,,,,,,,,,,,,,,,,
2012,aaron corp,QB,Richmond,6-3,215.0,4.61,31.5,,106.0,7.03,4.3,False,,,aaron corp,2011.0,,,,,,,,,,,,,,,,,,,,,,,,,,,31.0,14.0,1.0,0.452,1.0,193.0,6.2,,,,,,,,,,,,,,,,,1.0,17.0,0.0,17.0,17.0
2012,kirk cousins,QB,Michigan State,6-3,214.0,4.84,28.5,,109.0,7.05,4.5,True,4.0,102.0,kirk cousins,2011.0,,,,,,,,,,,,,,,,,,,,,,,,,,,419.0,267.0,10.0,0.637,25.0,3316.0,7.9,,,,,,,,,,,,,,,,,37.0,21.0,0.0,,
2012,fletcher cox,DT,Mississippi State,6-4,298.0,4.77,26.0,30.0,103.0,7.07,4.53,True,1.0,12.0,fletcher cox,,,,,,,,,,,,,,,,,,,,,,,,,,,,,,,,,,,,,,,,,,,,,,,,,,,,,,,
2012,jack crawford,DE,Penn State,6-5,274.0,4.74,33.0,,116.0,7.15,4.25,True,5.0,158.0,jack crawford,,,,,,,,,,,,,,,,,,,,,,,,,,,,,,,,,,,,,,,,,,,,,,,,,,,,,,,
2012,tyrone crawford,DE,Boise State,6-4,275.0,4.82,33.0,28.0,113.0,7.09,4.44,True,3.0,81.0,tyrone crawford,,,,,,,,,,,,,,,,,,,,,,,,,,,,,,,,,,,,,,,,,,,,,,,,,,,,,,,
2012,lennon creer,RB,Louisiana Tech,5-11,219.0,4.67,33.5,21.0,110.0,7.26,4.4,False,,,lennon creer,2011.0,,,,,,,,,,,,,,,,,,,,,,,,,,,,,,,,,,,,,,,,,,,,,13.0,18.0,1.0,93.0,5.2,198.0,53.0,9.0,838.0,4.2
2012,jared crick,DE,Nebraska,6-4,279.0,4.91,31.0,,104.0,7.47,4.4,True,4.0,126.0,jared crick,,,,,,,,,,,,,,,,,,,,,,,,,,,,,,,,,,,,,,,,,,,,,,,,,,,,,,,
2012,juron criner,WR,Arizona,6-2,224.0,4.66,38.0,17.0,117.0,7.15,4.3,True,5.0,168.0,juron criner,2011.0,,,,,,,,,,,,,,,24.0,24.0,1.0,0.0,24.0,,,,,,,,,,,,,,,,,,,,,,,,,,48.0,75.0,11.0,956.0,12.7,1.0,0.0,0.0,0.0,0.0
2012,john cullen,OT,Utah,6-4,297.0,5.28,27.0,23.0,102.0,7.58,4.59,False,,,john cullen,,,,,,,,,,,,,,,,,,,,,,,,,,,,,,,,,,,,,,,,,,,,,,,,,,,,,,,
2012,b.j. cunningham,WR,Michigan State,6-1,211.0,4.52,31.5,12.0,116.0,7.1,,True,6.0,183.0,bj cunningham,2011.0,,,,,,,,,,,,,,,,,,,,,,,,,,,,,,,,,,,,,,,,,,,,,69.0,79.0,12.0,1306.0,16.5,3.0,24.0,0.0,26.0,8.7
2012,vinny curry,DE,Marshall,6-3,266.0,4.87,32.0,,110.0,6.9,4.4,True,2.0,59.0,vinny curry,,,,,,,,,,,,,,,,,,,,,,,,,,,,,,,,,,,,,,,,,,,,,,,,,,,,,,,
2012,mike daniels,DT,Iowa,6-0,291.0,4.84,,,,,,True,4.0,132.0,mike daniels,2009.0,,,,,,,,,,,,,,,10.0,10.0,1.0,0.0,10.0,,,,,,,,,,,,,,,,,,,,,,,,,,,,,,,,,,,
2012,andrew datko,OT,Florida State,6-6,315.0,5.19,29.5,,100.0,7.71,4.54,True,7.0,241.0,andrew datko,,,,,,,,,,,,,,,,,,,,,,,,,,,,,,,,,,,,,,,,,,,,,,,,,,,,,,,
2012,lavonte david,OLB,Nebraska,6-1,233.0,4.57,36.5,19.0,119.0,7.28,4.22,True,2.0,58.0,lavonte david,2011.0,,,,,,,,,,,,2.0,0.0,,,,,,,,,,,,,,,,,,,,,,,,,,,,,,,,,,,,,1.0,6.0,0.0,6.0,6.0
2012,austin davis,QB,Southern Miss,6-2,219.0,4.69,31.0,,109.0,6.73,4.11,False,,,austin davis,2011.0,,,,,,,,,,,,,,,,,,,,,,,,,,,475.0,286.0,11.0,0.602,30.0,3496.0,7.4,,,,,,,,,,,,10.0,1.0,0.0,8.0,8.0,110.0,35.0,4.0,352.0,3.2
2012,demario davis,OLB,Arkansas State,6-2,235.0,4.49,38.5,32.0,124.0,7.19,4.28,True,3.0,77.0,demario davis,2011.0,,,,,,,,,,,27.0,1.0,0.0,27.0,,,,,,,,,,,,,,,,,,,,,,,,,,,,,,,,,,,,,,,,
2012,david decastro,OG,Stanford,6-5,316.0,5.32,29.5,34.0,98.0,7.3,4.56,True,1.0,24.0,david decastro,,,,,,,,,,,,,,,,,,,,,,,,,,,,,,,,,,,,,,,,,,,,,,,,,,,,,,,
2012,alfonzo dennard,CB,Nebraska,5-10,204.0,4.48,37.0,,121.0,,,True,7.0,224.0,alfonzo dennard,2010.0,,,,,,,,,,,7.8,4.0,1.0,31.0,,,,,,,,,,,,,,,,,,,,,,,,,,,,,,,,,,,,,,,,
2012,taylor dever,OT,Notre Dame,6-5,298.0,5.4,28.0,18.0,100.0,7.49,4.9,False,,,taylor dever,,,,,,,,,,,,,,,,,,,,,,,,,,,,,,,,,,,,,,,,,,,,,,,,,,,,,,,
2012,derek dimke,K,Illinois,5-11,178.0,5.02,,,,,,False,,,derek dimke,2011.0,,,,,,,,,,,,,,,,,,,,12.0,10.0,49.0,0.833,64.0,34.0,34.0,,,,,,,,,,,,,,,,,,,,,,,,1.0,0.0,0.0,,
2012,drake dunsmore,FB,Northwestern,6-2,241.0,4.63,35.5,21.0,117.0,6.73,4.03,True,7.0,233.0,drake dunsmore,2011.0,,,,,,,,,,,,,,,,,,,,,,,,,,,,,,,,,,,,,,,,,,,,,69.0,45.0,6.0,522.0,11.6,,,,,
2012,patrick edwards,WR,Houston,5-9,172.0,4.57,,,,,,False,,,patrick edwards,2011.0,,,,,,,,,,,,,,,,,,,,,,,,,,,,,,,,,,6.6,70.0,32.0,1.0,210.0,,,,,,,75.0,89.0,20.0,1752.0,19.7,2.0,15.0,0.0,6.0,3.0
2012,michael egnew,TE,Missouri,6-5,252.0,4.52,36.0,21.0,131.0,7.03,4.32,True,3.0,78.0,michael egnew,2011.0,,,,,,,,,,,,,,,,,,,,,,,,,,,,,,,,,,,,,,,,,,,,,39.0,50.0,3.0,523.0,10.5,3.0,7.0,0.0,8.0,2.7
2012,rhett ellison,TE,USC,6-5,251.0,4.78,31.5,,109.0,,,True,4.0,128.0,rhett ellison,2011.0,,,,,,,,,,,,,,,,,,,,,,,,,,,,,,,,,,,,,,,,,,,,,14.0,22.0,2.0,133.0,6.0,1.0,0.0,0.0,,
2012,bradie ewing,FB,Wisconsin,6-0,239.0,4.73,36.5,14.0,120.0,7.14,4.16,True,5.0,157.0,bradie ewing,2011.0,,,,,,,,,,,,,,,,,,,,,,,,,,,,,,,,,,4.0,4.0,1.0,0.0,4.0,,,,,,,41.0,20.0,0.0,246.0,12.3,,,,,
2012,loni fangupo,DT,BYU,6-1,323.0,5.12,31.5,36.0,99.0,7.94,4.62,False,,,loni fangupo,,,,,,,,,,,,,,,,,,,,,,,,,,,,,,,,,,,,,,,,,,,,,,,,,,,,,,,
2012,antonio fenelus,CB,Wisconsin,5-8,190.0,4.57,32.0,20.0,109.0,6.8,4.2,False,,,antonio fenelus,2011.0,,,,,,,,,,,2.5,4.0,0.0,10.0,,,,,,,,,,,,,,,,,,,,,,,,,,,,,,,,,,,,,,,,
2012,coby fleener,TE,Stanford,6-6,247.0,4.51,,27.0,,,,True,2.0,34.0,coby fleener,2011.0,,,,,,,,,,,,,,,,,,,,,,,,,,,,,,,,,,,,,,,,,,,,,62.0,34.0,10.0,667.0,19.6,,,,,
2012,darius fleming,OLB,Notre Dame,6-2,245.0,4.71,33.5,27.0,114.0,7.03,4.28,True,5.0,165.0,darius fleming,2011.0,,,,,,,,,,,34.0,1.0,0.0,34.0,,,,,,,,,,,,,,,,,,,,,,,,,,,,,,,,,,,,,,,,
2012,jamell fleming,CB,Oklahoma,5-11,206.0,4.43,34.0,23.0,125.0,6.71,3.97,True,3.0,80.0,jamell fleming,2011.0,,,,,,,,,,,11.5,2.0,0.0,23.0,,,,,,,,,,,,,,,,,,,,,,,,,,,,,,,,,,,,,,,,
2012,michael floyd,WR,Notre Dame,6-3,220.0,4.4,36.5,16.0,122.0,,,True,1.0,13.0,michael floyd,2011.0,,,,,,,,,,,,,,,,,,,,,,,,,,,,,,,,,,6.3,41.0,7.0,0.0,44.0,,,,,,,56.0,100.0,9.0,1147.0,11.5,2.0,10.0,1.0,13.0,6.5
2012,nick foles,QB,Arizona,6-5,243.0,5.14,30.5,,112.0,,,True,3.0,88.0,nick foles,2011.0,,,,,,,,,,,,,,,,,,,,,,,,,,,560.0,387.0,14.0,0.691,28.0,4334.0,7.7,,,,,,,,,,,,,,,,,43.0,9.0,0.0,,
2012,marcus forston,DT,Miami (FL),6-1,301.0,5.05,28.0,35.0,105.0,7.64,4.79,False,,,marcus forston,2010.0,,,,,,,,,,,0.0,1.0,0.0,0.0,,,,,,,,,,,,,,,,,,,,,,,,,,,,,,,,,,,,,,,,
2012,justin francis,DE,Rutgers,6-2,268.0,4.9,32.0,23.0,109.0,7.05,4.35,False,,,justin francis,2011.0,,,,,,,,,,,0.0,1.0,0.0,0.0,,,,,,,,,,,,,,,,,,,,,,,,,,,,,,,,,,,,,,,,
2012,terrence frederick,CB,Texas A&M,5-10,187.0,4.44,35.0,16.0,121.0,6.59,4.03,True,7.0,246.0,terrence frederick,2011.0,,,,,,,,,,,57.0,1.0,0.0,57.0,,,,,,,,,,,,,,,,,,,,,,,,,,,,,,,,,,,,,,,,
2012,jeff fuller,WR,Texas A&M,6-4,223.0,4.53,,17.0,,,,False,,,jeff fuller,2011.0,,,,,,,,,,,,,,,,,,,,,,,,,,,,,,,,,,,,,,,,,,,,,38.0,70.0,6.0,828.0,11.8,,,,,
2012,chris galippo,ILB,USC,6-1,241.0,4.73,29.5,19.0,107.0,6.9,4.1,False,,,chris galippo,2011.0,,,,,,,,,,,3.0,1.0,0.0,3.0,,,,,,,,,,,,,,,,,,,,,,,,,,,,,,,,,,,,,,,,
2012,terrance ganaway,RB,Baylor,5-11,239.0,4.61,37.5,,119.0,7.15,4.25,True,6.0,202.0,terrance ganaway,2011.0,,,,,,,,,,,,,,,,,,,,,,,,,,,,,,,,,,,,,,,,,,,,,17.0,6.0,1.0,52.0,8.7,250.0,89.0,21.0,1547.0,6.2
2012,garth gerhart,C,Arizona State,6-1,305.0,5.38,30.5,25.0,96.0,7.63,4.65,False,,,garth gerhart,2010.0,,,,,,,,,,,,,,,,,,,,,,,,,,,,,,,,,,,,,,,,,,,,,1.0,1.0,0.0,1.0,1.0,,,,,
2012,adam gettis,OG,Iowa,6-2,293.0,4.9,31.5,,112.0,7.99,4.65,True,5.0,141.0,adam gettis,,,,,,,,,,,,,,,,,,,,,,,,,,,,,,,,,,,,,,,,,,,,,,,,,,,,,,,
2012,stephon gilmore,CB,South Carolina,6-0,190.0,4.38,36.0,15.0,123.0,6.61,3.94,True,1.0,10.0,stephon gilmore,2011.0,,,,,,,,,,,,4.0,0.0,,15.7,26.0,3.0,0.0,47.0,,,,,,,,,,,,,,,1.8,4.0,4.0,0.0,7.0,,,,,,,,,,,,,,,,
2012,chris givens,WR,Wake Forest,5-11,198.0,4.35,33.5,19.0,118.0,6.97,4.23,True,4.0,96.0,chris givens,2011.0,,,,,,,,,,,,,,,32.0,32.0,2.0,0.0,32.0,,,,,,,,1.0,0.0,0.0,0.0,0.0,0.0,0.0,18.6,29.0,9.0,0.0,44.0,,,,,,,110.0,143.0,14.0,2025.0,27.6,16.0,21.0,0.0,78.0,6.0
2012,cordy glenn,OT,Georgia,6-6,345.0,5.08,23.5,31.0,93.0,8.13,5.0,True,2.0,41.0,cordy glenn,,,,,,,,,,,,,,,,,,,,,,,,,,,,,,,,,,,,,,,,,,,,,,,,,,,,,,,
2012,najee goode,ILB,West Virginia,6-0,244.0,4.55,35.5,,117.0,,,True,5.0,140.0,najee goode,2011.0,,,,,,,,,,,15.0,1.0,0.0,15.0,,,,,,,,,,,,,,,,,,,,,,,,,,,,,,,,,,,,,,,,
2012,t.j. graham,WR,North Carolina State,5-11,188.0,4.34,33.5,8.0,120.0,6.77,4.18,True,3.0,69.0,tj graham,,,,,,,,,,,,,,,,,,,,,,,,,,,,,,,,,,,,,,,,,,,,,,,,,,,,,,,
2012,cyrus gray,RB,Texas A&M,5-10,206.0,4.4,32.5,21.0,114.0,7.17,,True,6.0,182.0,cyrus gray,2011.0,,,,,,,,,,,,,,,19.3,35.0,6.0,0.0,116.0,,,,,,,,1.0,0.0,0.0,0.0,0.0,0.0,0.0,,,,,,,,,,,,26.0,31.0,3.0,239.0,7.7,198.0,63.0,12.0,1045.0,5.3
2012,jonas gray,RB,Notre Dame,5-10,223.0,4.58,,20.0,,,,False,,,jonas gray,2011.0,,,,,,,,,,,,,,,,,,,,,,,,,,,,,,,,,,,,,,,,,,,,,15.0,6.0,0.0,38.0,6.3,114.0,79.0,12.0,791.0,6.9
2012,ladarius green,TE,Louisiana-Lafayette,6-6,238.0,4.45,34.5,16.0,124.0,7.12,4.47,True,4.0,110.0,ladarius green,2011.0,,,,,,,,,,,,,,,,,,,,,,,,,,,,,,,,,,,,,,,,,,,,,44.0,51.0,8.0,606.0,11.9,1.0,20.0,0.0,20.0,20.0
2012,robert griffin,QB,Baylor,6-2,223.0,4.33,39.0,,120.0,,,True,1.0,2.0,robert griffin,2011.0,,,,,,,,,,,,,,,,,,,,,,,,,,,402.0,291.0,6.0,0.724,37.0,4293.0,10.7,,,,,,0.0,39.0,3.0,0.0,99.0,33.0,15.0,1.0,0.0,15.0,15.0,179.0,49.0,10.0,699.0,3.9
2012,winston guy,S,Kentucky,6-1,218.0,4.62,,,,,,True,6.0,181.0,winston guy,,,,,,,,,,,,,,,,,,,,,,,,,,,,,,,,,,,,,,,,,,,,,,,,,,,,,,,
2012,trevor guyton,DE,California,6-3,285.0,5.01,31.0,,105.0,7.45,4.53,True,7.0,219.0,trevor guyton,,,,,,,,,,,,,,,,,,,,,,,,,,,,,,,,,,,,,,,,,,,,,,,,,,,,,,,
2012,dominique hamilton,DT,Missouri,6-5,313.0,5.45,,31.0,,7.82,4.78,False,,,dominique hamilton,,,,,,,,,,,,,,,,,,,,,,,,,,,,,,,,,,,,,,,,,,,,,,,,,,,,,,,
2012,jewel hampton,RB,Southern Illinois,5-9,218.0,4.56,,26.0,,,,False,,,jewel hampton,2011.0,,,,,,,,,,,,,,,,,,,,,,,,,,,,,,,,,,,,,,,,,,,,,2.0,1.0,0.0,2.0,2.0,13.0,13.0,1.0,42.0,3.2
2012,darius hanks,WR,Alabama,6-0,184.0,4.52,34.0,11.0,117.0,,,False,,,darius hanks,2011.0,,,,,,,,,,,,,,,16.0,16.0,1.0,0.0,16.0,,,,,,,,,,,,,,,4.0,4.0,1.0,0.0,4.0,,,,,,,36.0,26.0,1.0,328.0,12.6,,,,,
2012,james hanna,TE,Oklahoma,6-4,252.0,4.43,36.0,24.0,122.0,6.76,4.11,True,6.0,186.0,james hanna,2011.0,,,,,,,,,,,,,,,,,,,,,,,,,,,,,,,,,,,,,,,,,,,,,54.0,27.0,2.0,381.0,14.1,,,,,
2012,cory harkey,TE,UCLA,6-4,260.0,5.06,26.5,13.0,109.0,7.4,4.69,False,,,cory harkey,2011.0,,,,,,,,,,,,,,,,,,,,,,,,,,,,,,,,,,,,,,,,,,,,,10.0,1.0,0.0,10.0,10.0,,,,,
2012,chandler harnish,QB,Northern Illinois,6-2,219.0,4.68,32.5,,112.0,6.78,4.15,True,7.0,253.0,chandler harnish,2011.0,,,,,,,,,,,,,,,,,,,,,,,,,,,365.0,228.0,6.0,0.625,27.0,3118.0,8.5,,,,,,,,,,,,,,,,,177.0,51.0,10.0,1231.0,7.0
2012,jacory harris,QB,Miami (FL),6-3,203.0,4.65,37.0,,113.0,7.1,4.4,False,,,jacory harris,2011.0,,,,,,,,,,,,,,,,,,,,,,,,,,,300.0,195.0,9.0,0.65,20.0,2486.0,8.3,,,,,,,,,,,,,,,,,53.0,28.0,0.0,88.0,1.7
2012,cliff harris,CB,Oregon,5-11,175.0,4.61,36.0,14.0,118.0,6.79,4.19,False,,,cliff harris,2011.0,,,,,,,,,,,50.0,1.0,0.0,50.0,,,,,,,,,,,,,,,,,,,,5.7,27.0,12.0,0.0,68.0,,,,,,,,,,,,,,,,
2012,dajohn harris,DT,USC,6-3,306.0,4.97,,,,,,False,,,dajohn harris,2010.0,,,,,,,,,,,9.0,1.0,0.0,9.0,,,,,,,,,,,,,,,,,,,,,,,,,,,,,,,,,,,,,,,,
2012,josh harris,LS,Auburn,6-1,252.0,4.82,,15.0,,,,False,,,josh harris,2012.0,,,,,,,,,,,,,,,12.8,19.0,4.0,0.0,51.0,,,,,,,,,,,,,,,,,,,,,,,,,,21.0,19.0,0.0,96.0,5.1,137.0,63.0,5.0,608.0,4.4
2012,mike harris,CB,Florida State,5-10,188.0,4.52,36.0,,117.0,6.81,4.07,True,6.0,176.0,mike harris,2011.0,,,,,,,,,,,89.0,1.0,0.0,89.0,,,,,,,,,,,,,,,,,,,,,,,,,,,,,,,,,,,,,,,,
2012,casey hayward,CB,Vanderbilt,5-11,192.0,4.47,34.0,19.0,119.0,6.76,3.9,True,2.0,62.0,casey hayward,2011.0,,,,,,,,,,,15.3,7.0,1.0,107.0,11.0,11.0,1.0,0.0,11.0,,,,,,,,,,,,,,,12.0,12.0,1.0,0.0,12.0,,,,,,,,,,,,5.0,29.0,0.0,60.0,12.0
2012,junior hemingway,WR,Michigan,6-1,225.0,4.48,35.5,21.0,124.0,6.59,3.98,True,7.0,238.0,junior hemingway,2011.0,,,,,,,,,,,,,,,,,,,,,,,,,,,,,,,,,,,,,,,,,,,,,77.0,33.0,4.0,662.0,20.1,,,,,
2012,dan herron,RB,Ohio State,5-10,213.0,4.57,35.0,22.0,117.0,6.97,4.04,True,6.0,191.0,dan herron,,,,,,,,,,,,,,,,,,,,,,,,,,,,,,,,,,,,,,,,,,,,,,,,,,,,,,,
2012,dont'a hightower,ILB,Alabama,6-2,265.0,4.62,32.0,,,,,True,1.0,25.0,donta hightower,2011.0,,,,,,,,,,,29.0,1.0,0.0,29.0,,,,,,,,,,,,,,,,,,,,,,,,,,,,,,,,,,,,,,,,
2012,stephen hill,WR,Georgia Tech,6-4,215.0,4.36,39.5,14.0,133.0,6.88,4.48,True,2.0,43.0,stephen hill,2011.0,,,,,,,,,,,,,,,28.0,28.0,1.0,0.0,28.0,,,,,,,,,,,,,,,,,,,,,,,,,,82.0,28.0,5.0,820.0,29.3,4.0,24.0,0.0,29.0,7.3
2012,ronnie hillman,RB,San Diego State,5-9,200.0,4.42,37.0,17.0,,,,True,3.0,67.0,ronnie hillman,2011.0,,,,,,,,,,,,,,,,,,,,,,,,,,,,,,,,,,,,,,,,,,,,,71.0,24.0,1.0,270.0,11.3,311.0,99.0,19.0,1711.0,5.5
2012,t.y. hilton,WR,Florida International,5-9,183.0,4.34,,,,,,True,3.0,92.0,ty hilton,2011.0,,,,,,,,,,,,,,,27.6,62.0,16.0,0.0,442.0,,,,,,,,,,,,,,,8.3,97.0,22.0,1.0,182.0,,,,,,,83.0,69.0,6.0,1022.0,14.8,16.0,31.0,1.0,114.0,7.1
2012,lamar holmes,OT,Southern Miss,6-5,323.0,5.29,27.0,22.0,104.0,7.74,4.8,True,3.0,91.0,lamar holmes,,,,,,,,,,,,,,,,,,,,,,,,,,,,,,,,,,,,,,,,,,,,,,,,,,,,,,,
2012,jayron hosley,CB,Virginia Tech,5-10,178.0,4.38,,11.0,,,,True,3.0,94.0,jayron hosley,2011.0,,,,,,,,,,,18.7,3.0,0.0,56.0,29.0,29.0,1.0,0.0,29.0,,,,,,,,,,,,,,,8.8,55.0,26.0,0.0,228.0,,,,,,,,,,,,,,,,
2012,jaye howard,DT,Florida,6-3,301.0,4.78,27.5,24.0,106.0,7.32,4.47,True,4.0,114.0,jaye howard,,,,,,,,,,,,,,,,,,,,,,,,,,,,,,,,,,,,,,,,,,,,,,,,,,,,,,,
2012,delano howell,S,Stanford,5-11,210.0,4.61,33.0,21.0,120.0,6.97,4.15,False,,,delano howell,2010.0,,,,,,,,,,,0.0,5.0,0.0,0.0,,,,,,,,,,,,,,,,,,,,,,,,,,,,,,,,,,,,,,,,
2012,john hughes,DT,Cincinnati,6-2,309.0,5.32,,28.0,,,,True,3.0,87.0,john hughes,,,,,,,,,,,,,,,,,,,,,,,,,,,,,,,,,,,,,,,,,,,,,,,,,,,,,,,
2012,emil igwenagu,FB,Massachusetts,6-1,249.0,4.7,34.5,19.0,121.0,7.32,4.4,False,,,emil igwenagu,,,,,,,,,,,,,,,,,,,,,,,,,,,,,,,,,,,,,,,,,,,,,,,,,,,,,,,
2012,duke ihenacho,S,San Jose State,6-0,213.0,4.67,35.0,20.0,122.0,6.78,4.22,False,,,duke ihenacho,2011.0,,,,,,,,,,,0.0,1.0,0.0,0.0,,,,,,,,,,,,,,,,,,,,,,,,,,,,,,,,,,,,,,,,
2012,george iloka,S,Boise State,6-4,225.0,4.6,34.5,20.0,124.0,7.03,4.03,True,5.0,167.0,george iloka,2010.0,,,,,,,,,,,7.0,2.0,0.0,14.0,,,,,,,,,,,,,,,,,,,,,,,,,,,,,,,,,,,,,,,,
2012,melvin ingram,OLB,South Carolina,6-1,264.0,4.69,34.5,28.0,109.0,6.83,4.18,True,1.0,18.0,melvin ingram,2011.0,,,,,,,,,,,4.0,2.0,0.0,8.0,,,,,,,,,,,,,,,,,,,,,,,,,,,,,,,,,,,,2.0,68.0,1.0,87.0,43.5
2012,bruce irvin,OLB,West Virginia,6-3,245.0,4.41,33.5,23.0,123.0,6.7,4.03,True,1.0,15.0,bruce irvin,,,,,,,,,,,,,,,,,,,,,,,,,,,,,,,,,,,,,,,,,,,,,,,,,,,,,,,
2012,janzen jackson,S,McNeese State,5-11,188.0,4.6,36.5,9.0,125.0,6.9,4.15,False,,,janzen jackson,2010.0,,,,,,,,,,,22.8,5.0,0.0,114.0,47.0,47.0,1.0,0.0,47.0,,,,,,,,,,,,,,,2.3,17.0,6.0,0.0,14.0,,,,,,,,,,,,,,,,
2012,asa jackson,CB,Cal Poly,5-10,191.0,4.48,34.5,19.0,118.0,6.97,4.03,True,5.0,169.0,asa jackson,,,,,,,,,,,,,,,,,,,,,,,,,,,,,,,,,,,,,,,,,,,,,,,,,,,,,,,
2012,jerrell jackson,WR,Missouri,6-0,196.0,4.5,41.0,22.0,127.0,6.82,4.11,False,,,jerrell jackson,2011.0,,,,,,,,,,,,,,,30.3,46.0,3.0,0.0,91.0,,,,,,,,,,,,,,,,,,,,,,,,,,25.0,17.0,1.0,222.0,13.1,2.0,7.0,0.0,8.0,4.0
2012,malik jackson,DE,Tennessee,6-5,284.0,4.85,28.0,25.0,105.0,7.38,4.41,True,5.0,137.0,malik jackson,2010.0,,,,,,,,,,,44.0,1.0,0.0,44.0,,,,,,,,,,,,,,,,,,,,,,,,,,,,,,,,,,,,,,,,
2012,lamichael james,RB,Oregon,5-8,194.0,4.35,35.0,15.0,123.0,6.88,4.12,True,2.0,61.0,lamichael james,,,,,,,,,,,,,,,,,,,,,,,,,,,,,,,,,,,,,,,,,,,,,,,,,,,,,,,
2012,jamaar jarrett,DE,Arizona State,6-5,265.0,4.96,30.0,21.0,114.0,,4.34,False,,,jamaar jarrett,,,,,,,,,,,,,,,,,,,,,,,,,,,,,,,,,,,,,,,,,,,,,,,,,,,,,,,
2012,jordan jefferson,QB,LSU,6-4,223.0,4.58,36.5,14.0,116.0,6.81,4.06,False,,,jordan jefferson,2011.0,,,,,,,,,,,,,,,,,,,,,,,,,,,100.0,61.0,2.0,0.61,6.0,737.0,7.4,,,,,,,,,,,,,,,,,75.0,48.0,3.0,263.0,3.5
2012,alshon jeffery,WR,South Carolina,6-3,216.0,4.48,,,,,,True,2.0,45.0,alshon jeffery,2011.0,,,,,,,,,,,,,,,,,,,,,,,,,,,,,,,,,,,,,,,,,,,,,78.0,49.0,8.0,762.0,15.6,,,,,
2012,a.j. jenkins,WR,Illinois,6-0,190.0,4.37,38.5,12.0,124.0,,,True,1.0,30.0,aj jenkins,2011.0,,,,,,,,,,,,,,,15.8,20.0,5.0,0.0,79.0,,,,,,,,,,,,,,,,,,,,,,,,,,77.0,90.0,8.0,1276.0,14.2,5.0,16.0,0.0,26.0,5.2
2012,janoris jenkins,CB,Florida,5-10,193.0,4.41,33.5,,121.0,6.95,4.13,True,2.0,39.0,janoris jenkins,2010.0,,,,,,,,,,,22.7,3.0,1.0,68.0,,,,,,,,,,,,,,,,,,,,6.0,33.0,25.0,0.0,150.0,,,,,,,,,,,,,,,,
2012,cam johnson,DE,Virginia,6-3,268.0,4.75,35.0,,105.0,7.2,4.38,True,7.0,237.0,cam johnson,,,,,,,,,,,,,,,,,,,,,,,,,,,,,,,,,,,,,,,,,,,,,,,,,,,,,,,
2012,james-michael johnson,ILB,Nevada,6-1,241.0,4.6,37.0,23.0,124.0,7.34,4.37,True,4.0,120.0,jamesmichael johnson,2011.0,,,,,,,,,,,0.0,1.0,0.0,0.0,,,,,,,,,,,,,,,,,,,,,,,,,,,,,,,,,,,,,,,,
2012,leonard johnson,CB,Iowa State,5-10,196.0,4.62,32.0,15.0,120.0,6.96,4.15,False,,,leonard johnson,2010.0,,,,,,,,,,,0.0,1.0,0.0,0.0,,,,,,,,,,,,,,,,,,,,,,,,,,,,,,,,,,,,,,,,
2012,rishaw johnson,OG,California (PA),6-3,313.0,5.12,31.5,22.0,108.0,7.87,4.53,False,,,rishaw johnson,,,,,,,,,,,,,,,,,,,,,,,,,,,,,,,,,,,,,,,,,,,,,,,,,,,,,,,
2012,steven johnson,OLB,Kansas,6-0,239.0,4.71,36.0,16.0,113.0,7.32,4.38,False,,,steven johnson,2011.0,,,,,,,,,,,0.0,1.0,0.0,0.0,,,,,,,,,,,,,,,,,,,,,,,,,,,,,,,,,,,,,,,,
2012,trumaine johnson,CB,Montana,6-2,204.0,4.5,35.5,19.0,122.0,7.2,4.15,True,3.0,65.0,trumaine johnson,,,,,,,,,,,,,,,,,,,,,,,,,,,,,,,,,,,,,,,,,,,,,,,,,,,,,,,
2012,jeremy jones,CB,Wayne State (MI),5-9,197.0,4.56,31.5,20.0,116.0,7.14,4.18,False,,,jeremy jones,,,,,,,,,,,,,,,,,,,,,,,,,,,,,,,,,,,,,,,,,,,,,,,,,,,,,,,
2012,ben jones,C,Georgia,6-3,303.0,5.35,30.5,29.0,105.0,7.95,4.74,True,4.0,99.0,ben jones,,,,,,,,,,,,,,,,,,,,,,,,,,,,,,,,,,,,,,,,,,,,,,,,,,,,,,,
2012,chandler jones,DE,Syracuse,6-5,266.0,4.77,35.0,22.0,120.0,7.07,4.38,True,1.0,21.0,chandler jones,2012.0,,,,,,,,,,,,,,,,,,,,,,,,,,,,,,,,,,,,,,,,,,,,,70.0,54.0,11.0,691.0,12.8,5.0,39.0,0.0,67.0,13.4
2012,dwight jones,WR,North Carolina,6-3,230.0,4.51,33.0,14.0,109.0,,,False,,,dwight jones,2011.0,,,,,,,,,,,,,,,,,,,,,,,,,,,,,,,,,,,,,,,,,,,,,66.0,85.0,12.0,1196.0,14.1,2.0,7.0,0.0,11.0,5.5
2012,marvin jones,WR,California,6-2,199.0,4.46,33.0,22.0,112.0,6.81,4.11,True,5.0,166.0,marvin jones,,,,,,,,,,,,,,,,,,,,,,,,,,,,,,,,,,,,,,,,,,,,,,,,,,,,,,,
2012,marcel jones,OT,Nebraska,6-6,320.0,5.57,27.5,13.0,95.0,8.03,5.12,True,7.0,234.0,marcel jones,,,,,,,,,,,,,,,,,,,,,,,,,,,,,,,,,,,,,,,,,,,,,,,,,,,,,,,
2012,coryell judie,CB,Texas A&M,6-0,194.0,4.45,37.0,,126.0,7.33,4.25,False,,,coryell judie,2011.0,,,,,,,,,,,,,,,25.1,38.0,8.0,0.0,201.0,,,,,,,,,,,,,,,,,,,,,,,,,,,,,,,,,,,
2012,josh kaddu,OLB,Oregon,6-3,239.0,4.67,34.0,20.0,119.0,,,True,5.0,155.0,josh kaddu,,,,,,,,,,,,,,,,,,,,,,,,,,,,,,,,,,,,,,,,,,,,,,,,,,,,,,,
2012,matt kalil,OT,USC,6-7,306.0,4.96,27.0,30.0,,7.33,4.65,True,1.0,4.0,matt kalil,,,,,,,,,,,,,,,,,,,,,,,,,,,,,,,,,,,,,,,,,,,,,,,,,,,,,,,
2012,jermaine kearse,WR,Washington,6-1,209.0,4.5,34.0,14.0,119.0,7.03,4.12,False,,,jermaine kearse,2011.0,,,,,,,,,,,,,,,,,,,,,,,,,,,,,,,,,,,,,,,,,,,,,80.0,47.0,7.0,699.0,14.9,2.0,7.0,1.0,13.0,6.5
2012,case keenum,QB,Houston,6-1,208.0,4.72,32.5,,103.0,,,False,,,case keenum,2011.0,,,,,,,,,,,,,,,,,,,,,,,,,,,603.0,428.0,5.0,0.71,48.0,5631.0,9.3,,,,,,,,,,,,,,,,,57.0,18.0,3.0,35.0,0.6
2012,senio kelemete,OG,Washington,6-4,307.0,5.39,25.0,21.0,101.0,7.77,4.58,True,5.0,151.0,senio kelemete,,,,,,,,,,,,,,,,,,,,,,,,,,,,,,,,,,,,,,,,,,,,,,,,,,,,,,,
2012,mychal kendricks,ILB,California,5-11,239.0,4.44,39.5,24.0,127.0,,4.19,True,2.0,46.0,mychal kendricks,2011.0,,,,,,,,,,,31.0,2.0,0.0,62.0,,,,,,,,,,,,,,,,,,,,,,,,,,,,,,,,,,,,,,,,
2012,dre kirkpatrick,CB,Alabama,6-2,186.0,4.5,35.0,,120.0,,,True,1.0,17.0,dre kirkpatrick,2010.0,,,,,,,,,,,10.0,3.0,0.0,30.0,,,,,,,,,,,,,,,,,,,,,,,,,,,,,,,,,,,,,,,,
2012,peter konz,C,Wisconsin,6-5,314.0,5.16,,18.0,,,,True,2.0,55.0,peter konz,,,,,,,,,,,,,,,,,,,,,,,,,,,,,,,,,,,,,,,,,,,,,,,,,,,,,,,
2012,luke kuechly,ILB,Boston Col.,6-3,242.0,4.58,38.0,27.0,123.0,6.92,4.12,True,1.0,9.0,luke kuechly,2011.0,,,,,,,,,,,23.7,3.0,1.0,71.0,,,,,,,,,,,,,,,,,,,,,,,,,,,,,,,,,,,,,,,,
2012,markus kuhn,DT,North Carolina State,6-5,299.0,4.87,34.5,28.0,112.0,7.43,4.41,True,7.0,239.0,markus kuhn,,,,,,,,,,,,,,,,,,,,,,,,,,,,,,,,,,,,,,,,,,,,,,,,,,,,,,,
2012,ronald leary,OG,Memphis,6-3,315.0,5.23,29.0,30.0,104.0,7.87,4.91,False,,,ronald leary,,,,,,,,,,,,,,,,,,,,,,,,,,,,,,,,,,,,,,,,,,,,,,,,,,,,,,,
2012,josh leribeus,OG,SMU,6-3,312.0,5.31,26.0,29.0,96.0,7.64,4.65,True,3.0,71.0,josh leribeus,,,,,,,,,,,,,,,,,,,,,,,,,,,,,,,,,,,,,,,,,,,,,,,,,,,,,,,
2012,ronnell lewis,OLB,Oklahoma,6-2,253.0,4.65,31.0,36.0,112.0,7.09,4.4,True,4.0,125.0,ronnell lewis,2011.0,,,,,,,,,,,11.0,1.0,0.0,11.0,,,,,,,,,,,,,,,,,,,,,,,,,,,,,,,,,,,,,,,,
2012,travis lewis,OLB,Oklahoma,6-1,246.0,4.83,36.0,22.0,122.0,,,True,7.0,223.0,travis lewis,2011.0,,,,,,,,,,,22.0,1.0,0.0,22.0,,,,,,,,,,,,,,,,,,,,,,,,,,,,,,,,,,,,,,,,
2012,ryan lindley,QB,San Diego State,6-4,229.0,4.86,29.5,,108.0,7.52,4.45,True,6.0,185.0,ryan lindley,2011.0,,,,,,,,,,,,,,,,,,,,,,,,,,,447.0,237.0,8.0,0.53,23.0,3153.0,7.1,,,,,,,,,,,,,,,,,18.0,15.0,0.0,,
2012,brandon lindsey,OLB,Pittsburgh,6-2,254.0,4.85,33.0,23.0,117.0,7.36,4.28,False,,,brandon lindsey,2011.0,,,,,,,,,,,0.0,1.0,0.0,0.0,,,,,,,,,,,,,,,,,,,,,,,,,,,,,,,,,,,,,,,,
2012,shawn loiseau,ILB,Merrimack,6-0,244.0,4.74,32.5,19.0,109.0,,,False,,,shawn loiseau,,,,,,,,,,,,,,,,,,,,,,,,,,,,,,,,,,,,,,,,,,,,,,,,,,,,,,,
2012,joe looney,OG,Wake Forest,6-3,309.0,5.02,,26.0,,,,True,4.0,117.0,joe looney,,,,,,,,,,,,,,,,,,,,,,,,,,,,,,,,,,,,,,,,,,,,,,,,,,,,,,,
2012,andrew luck,QB,Stanford,6-4,234.0,4.59,36.0,,124.0,6.8,4.28,True,1.0,1.0,andrew luck,2011.0,,,,,,,,,,,,,,,,,,,,,,,,,,,404.0,288.0,10.0,0.713,37.0,3517.0,8.7,,,,,,,,,,,,13.0,1.0,0.0,13.0,13.0,47.0,17.0,2.0,150.0,3.2
2012,d'anton lynn,CB,Penn State,6-0,206.0,4.71,31.5,17.0,111.0,,,False,,,danton lynn,2011.0,,,,,,,,,,,0.0,1.0,0.0,0.0,,,,,,,,,,,,,,,,,,,,,,,,,,,,,,,,,,,,,,,,
2012,terrell manning,OLB,North Carolina State,6-2,237.0,4.71,32.5,22.0,114.0,7.18,4.43,True,5.0,163.0,terrell manning,2011.0,,,,,,,,,,,3.0,3.0,0.0,9.0,,,,,,,,,,,,,,,,,,,,,,,,,,,,,,,,,,,,,,,,
2012,brandon marshall,OLB,Nevada,6-1,242.0,4.72,30.5,28.0,108.0,7.05,4.09,True,5.0,142.0,brandon marshall,2010.0,,,,,,,,,,,0.0,2.0,0.0,0.0,,,,,,,,,,,,,,,,,,,,,,,,,,,,,,,,,,,,,,,,
2012,kyle martens,P,Rice,6-5,226.0,4.92,,,,,,False,,,kyle martens,2011.0,,,,,,,,,,,,,,,,,,,,,,,,,,,,,,,,,,,,,,,0.0,65.0,78.0,0.0,3403.0,43.6,,,,,,,,,,
2012,doug martin,RB,Boise State,5-9,223.0,4.46,36.0,28.0,120.0,6.79,4.16,True,1.0,31.0,doug martin,2011.0,,,,,,,,,,,,,,,33.8,100.0,10.0,1.0,338.0,,,,,,,,,,,,,,,,,,,,,,,,,,71.0,28.0,2.0,255.0,9.1,263.0,65.0,16.0,1299.0,4.9
2012,jonathan martin,OT,Stanford,6-5,312.0,5.27,,,,,,True,2.0,42.0,jonathan martin,,,,,,,,,,,,,,,,,,,,,,,,,,,,,,,,,,,,,,,,,,,,,,,,,,,,,,,
2012,keshawn martin,WR,Michigan State,5-11,188.0,4.42,39.5,13.0,122.0,6.85,4.13,True,4.0,121.0,keshawn martin,2011.0,,,,,,,,,,,,,,,15.0,15.0,2.0,0.0,30.0,,,,,,,,2.0,2.0,0.0,1.0,0.0,46.0,23.0,5.7,57.0,48.0,1.0,274.0,,,,,,,67.0,66.0,4.0,777.0,11.8,19.0,34.0,2.0,113.0,5.9
2012,markelle martin,S,Oklahoma State,6-1,207.0,4.47,,19.0,,,,True,6.0,190.0,markelle martin,2010.0,,,,,,,,,,,20.7,3.0,1.0,62.0,,,,,,,,,,,,,,,,,,,,,,,,,,,,,,,,,,,,,,,,
2012,mike martin,DT,Michigan,6-1,306.0,4.8,33.5,36.0,113.0,7.19,4.25,True,3.0,82.0,mike martin,,,,,,,,,,,,,,,,,,,,,,,,,,,,,,,,,,,,,,,,,,,,,,,,,,,,,,,
2012,jonathan massaquoi,OLB,Troy,6-2,264.0,4.81,33.5,20.0,120.0,7.38,4.53,True,5.0,164.0,jonathan massaquoi,,,,,,,,,,,,,,,,,,,,,,,,,,,,,,,,,,,,,,,,,,,,,,,,,,,,,,,
2012,bobby massie,OT,Mississippi,6-6,316.0,5.18,27.5,22.0,103.0,7.7,4.95,True,4.0,112.0,bobby massie,,,,,,,,,,,,,,,,,,,,,,,,,,,,,,,,,,,,,,,,,,,,,,,,,,,,,,,
2012,rishard matthews,WR,Nevada,6-0,217.0,4.54,36.0,20.0,,6.88,4.19,True,7.0,227.0,rishard matthews,2011.0,,,,,,,,,,,,,,,,,,,,,,,,,,,,,,,,,,8.1,86.0,38.0,1.0,307.0,,,,,,,90.0,91.0,8.0,1364.0,15.0,5.0,9.0,0.0,,
2012,marquis maze,WR,Alabama,5-8,186.0,4.51,33.5,,112.0,,,False,,,marquis maze,2011.0,,,,,,,,,,,,,,,26.3,70.0,13.0,0.0,342.0,,,,,,,,1.0,0.0,1.0,0.0,0.0,0.0,0.0,8.7,83.0,50.0,1.0,436.0,,,,,,,69.0,56.0,1.0,627.0,11.2,6.0,6.0,0.0,,
2012,matt mccants,OT,Ala-Birmingham,6-6,308.0,5.4,25.5,17.0,97.0,,,True,6.0,201.0,matt mccants,,,,,,,,,,,,,,,,,,,,,,,,,,,,,,,,,,,,,,,,,,,,,,,,,,,,,,,
2012,antoine mcclain,OG,Clemson,6-5,329.0,5.48,27.0,19.0,91.0,8.13,4.82,False,,,antoine mcclain,,,,,,,,,,,,,,,,,,,,,,,,,,,,,,,,,,,,,,,,,,,,,,,,,,,,,,,
2012,shea mcclellin,OLB,Boise State,6-3,260.0,4.62,31.5,19.0,118.0,7.07,4.33,True,1.0,19.0,shea mcclellin,2011.0,,,,,,,,,,,3.0,2.0,0.0,6.0,,,,,,,,,,,,,,,,,,,,,,,,,,,,,,,,,,,,,,,,
2012,kelcie mccray,S,Arkansas State,6-2,202.0,4.48,30.5,12.0,122.0,7.0,4.29,False,,,kelcie mccray,2011.0,,,,,,,,,,,13.8,4.0,0.0,55.0,,,,,,,,,,,,,,,,,,,,,,,,,,,,,,,,,,,,,,,,
2012,jerron mcmillian,S,Maine,5-11,203.0,4.47,36.5,17.0,120.0,6.69,4.22,True,4.0,133.0,jerron mcmillian,,,,,,,,,,,,,,,,,,,,,,,,,,,,,,,,,,,,,,,,,,,,,,,,,,,,,,,
2012,marvin mcnutt,WR,Iowa,6-3,216.0,4.48,37.0,,122.0,7.15,4.07,True,6.0,194.0,marvin mcnutt,2011.0,,,,,,,,,,,,,,,14.0,14.0,1.0,0.0,14.0,,,,,,,,1.0,0.0,0.0,0.0,0.0,0.0,0.0,,,,,,,,,,,,88.0,82.0,12.0,1315.0,16.0,6.0,19.0,0.0,58.0,9.7
2012,caleb mcsurdy,ILB,Montana,6-1,245.0,4.82,30.0,26.0,110.0,7.26,4.28,True,7.0,222.0,caleb mcsurdy,,,,,,,,,,,,,,,,,,,,,,,,,,,,,,,,,,,,,,,,,,,,,,,,,,,,,,,
2012,vaughn meatoga,DT,Hawaii,6-1,294.0,4.93,30.0,27.0,108.0,7.1,4.21,False,,,vaughn meatoga,,,,,,,,,,,,,,,,,,,,,,,,,,,,,,,,,,,,,,,,,,,,,,,,,,,,,,,
2012,davin meggett,RB,Maryland,5-8,211.0,4.5,35.0,23.0,118.0,7.14,4.32,False,,,davin meggett,2011.0,,,,,,,,,,,,,,,,,,,,,,,,,,,,,,,,,,,,,,,,,,,,,17.0,17.0,1.0,141.0,8.3,171.0,47.0,4.0,896.0,5.2
2012,dequan menzie,CB,Alabama,5-11,202.0,4.65,33.0,,116.0,,,True,5.0,146.0,dequan menzie,2011.0,,,,,,,,,,,25.0,1.0,1.0,25.0,,,,,,,,,,,,,,,,,,,,,,,,,,,,,,,,,,,,,,,,
2012,whitney mercilus,DE,Illinois,6-4,261.0,4.68,32.0,27.0,118.0,7.17,4.53,True,1.0,26.0,whitney mercilus,,,,,,,,,,,,,,,,,,,,,,,,,,,,,,,,,,,,,,,,,,,,,,,,,,,,,,,
2012,lamar miller,RB,Miami (FL),5-11,212.0,4.34,33.0,,,,,True,4.0,97.0,lamar miller,2011.0,,,,,,,,,,,,,,,23.1,34.0,7.0,0.0,162.0,,,,,,,,,,,,,,,,,,,,,,,,,,16.0,17.0,1.0,85.0,5.0,227.0,79.0,9.0,1272.0,5.6
2012,ryan miller,OG,Colorado,6-7,321.0,5.16,28.0,32.0,100.0,7.72,4.78,True,5.0,160.0,ryan miller,,,,,,,,,,,,,,,,,,,,,,,,,,,,,,,,,,,,,,,,,,,,,,,,,,,,,,,
2012,chase minnifield,CB,Virginia,5-10,183.0,4.63,,7.0,,,,False,,,chase minnifield,2011.0,,,,,,,,,,,18.0,3.0,1.0,54.0,,,,,,,,,,,,,,,,,,,,2.0,12.0,6.0,0.0,12.0,,,,,,,,,,,,,,,,
2012,charles mitchell,S,Mississippi State,5-11,202.0,4.56,37.0,19.0,127.0,6.93,4.22,True,6.0,192.0,charles mitchell,2009.0,,,,,,,,,,,32.8,4.0,1.0,131.0,,,,,,,,,,,,,,,,,,,,,,,,,,,,,,,,,,,,,,,,
2012,david molk,C,Michigan,6-1,298.0,5.18,,41.0,,,,True,7.0,226.0,david molk,,,,,,,,,,,,,,,,,,,,,,,,,,,,,,,,,,,,,,,,,,,,,,,,,,,,,,,
2012,rennie moore,DT,Clemson,6-3,268.0,5.0,30.5,21.0,109.0,,4.53,False,,,rennie moore,,,,,,,,,,,,,,,,,,,,,,,,,,,,,,,,,,,,,,,,,,,,,,,,,,,,,,,
2012,kashif moore,WR,Connecticut,5-9,180.0,4.36,43.5,19.0,126.0,6.82,4.05,False,,,kashif moore,2011.0,,,,,,,,,,,,,,,,,,,,,,,,,,,,,,,,,,,,,,,,,,,,,62.0,41.0,5.0,604.0,14.7,9.0,7.0,1.0,25.0,2.8
2012,kellen moore,QB,Boise State,6-0,197.0,4.82,27.0,,99.0,7.41,4.56,False,,,kellen moore,2011.0,,,,,,,,,,,,,,,,,,,,,,,,,,,439.0,326.0,9.0,0.743,43.0,3800.0,8.7,,,,,,0.0,42.0,2.0,0.0,66.0,33.0,,,,,,20.0,2.0,0.0,,
2012,alfred morris,RB,Florida Atlantic,5-10,219.0,4.63,35.5,16.0,117.0,7.01,4.19,True,6.0,173.0,alfred morris,2011.0,,,,,,,,,,,,,,,5.0,5.0,1.0,0.0,5.0,,,,,,,,,,,,,,,,,,,,,,,,,,31.0,14.0,1.0,133.0,9.5,214.0,48.0,9.0,1114.0,5.2
2012,brandon mosley,OT,Auburn,6-6,314.0,5.14,27.0,30.0,103.0,7.43,4.78,True,4.0,131.0,brandon mosley,,,,,,,,,,,,,,,,,,,,,,,,,,,,,,,,,,,,,,,,,,,,,,,,,,,,,,,
2012,derek moye,WR,Penn State,6-4,209.0,4.46,33.5,10.0,115.0,,4.23,False,,,derek moye,2011.0,,,,,,,,,,,,,,,,,,,,,,,,,,,,,,,,,,8.0,31.0,8.0,0.0,64.0,,,,,,,74.0,40.0,3.0,654.0,16.4,2.0,15.0,0.0,8.0,4.0
2012,tyler nielsen,OLB,Iowa,6-3,238.0,4.63,,21.0,,7.27,4.31,False,,,tyler nielsen,2010.0,,,,,,,,,,,0.0,1.0,0.0,0.0,,,,,,,,,,,,,,,,,,,,,,,,,,,,,,,,,,,,,,,,
2012,lucas nix,OG,Pittsburgh,6-5,317.0,5.36,29.5,,102.0,7.81,4.9,False,,,lucas nix,,,,,,,,,,,,,,,,,,,,,,,,,,,,,,,,,,,,,,,,,,,,,,,,,,,,,,,
2012,josh norman,CB,Coastal Carolina,6-0,197.0,4.61,33.0,14.0,124.0,7.09,4.23,True,5.0,143.0,josh norman,,,,,,,,,,,,,,,,,,,,,,,,,,,,,,,,,,,,,,,,,,,,,,,,,,,,,,,
2012,brad nortman,P,Wisconsin,6-2,213.0,4.78,,,,,,True,6.0,207.0,brad nortman,2011.0,,,,,,,,,,,,,,,,,,,,,,,,,,,,,,,,,,,,,,,0.0,74.0,46.0,0.0,1943.0,42.2,,,,,,,,,,
2012,josh oglesby,OT,Virginia Tech,6-7,338.0,5.75,28.5,22.0,,,,False,,,josh oglesby,2011.0,,,,,,,,,,,,,,,,,,,,,,,,,,,,,,,,,,,,,,,,,,,,,9.0,6.0,0.0,31.0,5.2,97.0,44.0,6.0,371.0,3.8
2012,kelechi osemele,OT,Iowa State,6-5,333.0,5.22,26.5,32.0,104.0,7.91,4.87,True,2.0,60.0,kelechi osemele,,,,,,,,,,,,,,,,,,,,,,,,,,,,,,,,,,,,,,,,,,,,,,,,,,,,,,,
2012,brock osweiler,QB,Arizona State,6-7,242.0,4.83,,,,,,True,2.0,57.0,brock osweiler,2011.0,,,,,,,,,,,,,,,,,,,,,,,,,,,516.0,326.0,13.0,0.632,26.0,4036.0,7.8,,,,,,,,,,,,,,,,,83.0,25.0,3.0,90.0,1.1
2012,chris owusu,WR,Stanford,6-0,196.0,4.36,40.5,19.0,129.0,6.85,4.11,False,,,chris owusu,2011.0,,,,,,,,,,,,,,,22.1,59.0,8.0,0.0,177.0,,,,,,,,,,,,,,,,,,,,,,,,,,43.0,35.0,2.0,376.0,10.7,2.0,45.0,0.0,78.0,39.0
2012,eric page,WR,Toledo,5-9,186.0,4.5,30.0,15.0,112.0,6.95,3.98,False,,,eric page,2011.0,,,,,,,,,,,,,,,25.5,87.0,32.0,1.0,817.0,,,,,,,,2.0,1.0,0.0,0.5,1.0,33.0,16.5,5.0,85.0,39.0,1.0,195.0,,,,,,,66.0,109.0,9.0,1037.0,9.5,3.0,10.0,0.0,10.0,3.3
2012,donte paige-moss,DE,North Carolina,6-3,268.0,4.67,,26.0,,,,False,,,donte paigemoss,,,,,,,,,,,,,,,,,,,,,,,,,,,,,,,,,,,,,,,,,,,,,,,,,,,,,,,
2012,david paulson,TE,Oregon,6-3,246.0,4.79,32.0,21.0,110.0,7.18,4.4,True,7.0,240.0,david paulson,2011.0,,,,,,,,,,,,,,,,,,,,,,,,,,,,,,,,,,,,,,,,,,,,,34.0,31.0,6.0,438.0,14.1,,,,,
2012,isaiah pead,RB,Cincinnati,5-10,197.0,4.39,33.0,,116.0,6.95,4.32,True,2.0,50.0,isaiah pead,2011.0,,,,,,,,,,,,,,,,,,,,,,,,,,,,,,,,,,7.4,34.0,10.0,0.0,74.0,,,,,,,69.0,39.0,3.0,319.0,8.2,237.0,65.0,12.0,1259.0,5.3
2012,micah pellerin,CB,Kansas State,6-0,194.0,4.52,33.0,14.0,116.0,,,False,,,micah pellerin,,,,,,,,,,,,,,,,,,,,,,,,,,,,,,,,,,,,,,,,,,,,,,,,,,,,,,,
2012,nick perry,DE,USC,6-3,271.0,4.55,38.5,35.0,124.0,7.25,4.66,True,1.0,28.0,nick perry,,,,,,,,,,,,,,,,,,,,,,,,,,,,,,,,,,,,,,,,,,,,,,,,,,,,,,,
2012,deangelo peterson,TE,LSU,6-3,243.0,4.69,36.0,18.0,121.0,7.19,,False,,,deangelo peterson,2011.0,,,,,,,,,,,,,,,5.0,5.0,1.0,0.0,5.0,,,,,,,,,,,,,,,,,,,,,,,,,,29.0,18.0,1.0,179.0,9.9,1.0,0.0,0.0,,
2012,bernard pierce,RB,Temple,6-0,218.0,4.45,36.5,17.0,123.0,7.07,4.28,True,3.0,84.0,bernard pierce,2011.0,,,,,,,,,,,,,,,,,,,,,,,,,,,,,,,,,,,,,,,,,,,,,37.0,3.0,0.0,52.0,17.3,249.0,53.0,24.0,1292.0,5.2
2012,eddie pleasant,S,Oregon,5-10,211.0,4.53,33.5,22.0,116.0,7.12,4.28,False,,,eddie pleasant,2011.0,,,,,,,,,,,30.0,3.0,0.0,90.0,,,,,,,,,,,,,,,,,,,,,,,,,,,,,,,,,,,,,,,,
2012,dontari poe,DT,Memphis,6-3,346.0,4.89,29.5,44.0,105.0,7.9,4.56,True,1.0,11.0,dontari poe,,,,,,,,,,,,,,,,,,,,,,,,,,,,,,,,,,,,,,,,,,,,,,,,,,,,,,,
2012,chris polk,RB,Washington,5-10,215.0,4.52,31.5,,111.0,7.13,4.21,False,,,chris polk,2011.0,,,,,,,,,,,,,,,,,,,,,,,,,,,,,,,,,,,,,,,,,,,,,70.0,31.0,4.0,332.0,10.7,293.0,61.0,12.0,1488.0,5.1
2012,tauren poole,RB,Tennessee,5-10,205.0,4.48,34.0,24.0,118.0,7.36,4.19,False,,,tauren poole,2011.0,,,,,,,,,,,,,,,26.0,27.0,2.0,0.0,52.0,,,,,,,,,,,,,,,,,,,,,,,,,,32.0,21.0,0.0,164.0,7.8,187.0,28.0,5.0,693.0,3.7
2012,devier posey,WR,Ohio State,6-2,211.0,4.39,36.5,14.0,123.0,7.03,4.15,True,3.0,68.0,devier posey,2011.0,,,,,,,,,,,,,,,,,,,,,,,,,,,,,,,,,,,,,,,,,,,,,43.0,12.0,2.0,162.0,13.5,1.0,0.0,0.0,,
2012,nate potter,OT,Boise State,6-6,303.0,5.26,28.5,22.0,100.0,7.49,4.67,True,7.0,221.0,nate potter,,,,,,,,,,,,,,,,,,,,,,,,,,,,,,,,,,,,,,,,,,,,,,,,,,,,,,,
2012,tydreke powell,DT,North Carolina,6-2,311.0,5.28,28.5,29.0,99.0,7.31,4.62,False,,,tydreke powell,2011.0,,,,,,,,,,,0.0,1.0,0.0,0.0,,,,,,,,,,,,,,,,,,,,,,,,,,,,,,,,,,,,,,,,
2012,chaz powell,CB,Penn State,6-0,203.0,4.42,33.0,17.0,121.0,6.84,4.16,False,,,chaz powell,2011.0,,,,,,,,,,,13.0,2.0,0.0,26.0,27.1,95.0,27.0,1.0,733.0,,,,,,,,,,,,,,,,,,,,,,,,,,,,,,,,,,,
2012,shawn powell,P,Florida State,6-4,248.0,5.06,,,,,,False,,,shawn powell,2011.0,,,,,,,,,,,,,,,,,,,,,,,,,,,,,,,,,,,,,,,0.0,69.0,57.0,0.0,2681.0,47.0,,,,,,,,,,
2012,shaun prater,CB,Iowa,5-10,190.0,4.5,,14.0,,,,True,5.0,156.0,shaun prater,2011.0,,,,,,,,,,,89.0,1.0,1.0,89.0,,,,,,,,,,,,,,,,,,,,,,,,,,,,,,,,,,,,,,,,
2012,deandre presley,CB,Appalachian State,5-10,185.0,4.53,32.0,8.0,114.0,7.19,4.28,False,,,deandre presley,,,,,,,,,,,,,,,,,,,,,,,,,,,,,,,,,,,,,,,,,,,,,,,,,,,,,,,
2012,nick provo,TE,Syracuse,6-3,237.0,4.76,,,,,,False,,,nick provo,2011.0,,,,,,,,,,,,,,,,,,,,,,,,,,,,,,,,,,,,,,,,,,,,,33.0,51.0,7.0,537.0,10.5,1.0,1.0,0.0,1.0,1.0
2012,cyhl quarles,S,Wake Forest,6-1,213.0,4.54,32.5,19.0,119.0,7.21,4.32,False,,,cyhl quarles,2010.0,,,,,,,,,,,0.0,1.0,0.0,0.0,,,,,,,,,,,,,,,,,,,,,,,,,,,,,,,,,,,,,,,,
2012,brian quick,WR,Appalachian State,6-3,220.0,4.5,34.0,15.0,119.0,7.1,4.23,True,2.0,33.0,brian quick,,,,,,,,,,,,,,,,,,,,,,,,,,,,,,,,,,,,,,,,,,,,,,,,,,,,,,,
2012,chris rainey,RB,Florida,5-8,180.0,4.36,36.5,16.0,120.0,6.5,3.93,True,5.0,159.0,chris rainey,2011.0,,,,,,,,,,,,,,,25.8,37.0,4.0,0.0,103.0,,,,,,,,,,,,,,,6.2,31.0,17.0,1.0,106.0,,,,,,,83.0,31.0,2.0,381.0,12.3,171.0,47.0,2.0,861.0,5.0
2012,kheeston randall,DT,Texas,6-5,293.0,5.0,34.0,28.0,111.0,7.49,4.84,True,7.0,215.0,kheeston randall,,,,,,,,,,,,,,,,,,,,,,,,,,,,,,,,,,,,,,,,,,,,,,,,,,,,,,,
2012,rueben randle,WR,LSU,6-3,210.0,4.55,31.0,15.0,121.0,6.99,4.36,True,2.0,63.0,rueben randle,2011.0,,,,,,,,,,,,,,,,,,,,,,,,,,,,,,,,,,,3.0,2.0,0.0,,,,,,,,59.0,53.0,8.0,917.0,17.3,,,,,
2012,antwuan reed,CB,Pittsburgh,5-10,188.0,4.58,36.5,14.0,124.0,,4.2,False,,,antwuan reed,2011.0,,,,,,,,,,,,,,,20.0,31.0,5.0,0.0,100.0,,,,,,,,,,,,,,,10.0,10.0,1.0,1.0,10.0,,,,,,,,,,,,,,,,
2012,riley reiff,OT,Iowa,6-6,313.0,5.16,26.5,23.0,98.0,7.87,4.75,True,1.0,23.0,riley reiff,,,,,,,,,,,,,,,,,,,,,,,,,,,,,,,,,,,,,,,,,,,,,,,,,,,,,,,
2012,beau reliford,TE,Florida State,6-5,256.0,4.84,,,,,,False,,,beau reliford,2011.0,,,,,,,,,,,,,,,,,,,,,,,,,,,,,,,,,,,,,,,,,,,,,20.0,7.0,0.0,69.0,9.9,,,,,
2012,kendall reyes,DT,Connecticut,6-4,299.0,4.82,34.5,36.0,113.0,7.43,4.53,True,2.0,49.0,kendall reyes,2010.0,,,,,,,,,,,40.5,2.0,0.0,81.0,,,,,,,,,,,,,,,,,,,,,,,,,,,,,,,,,,,,,,,,
2012,matt reynolds,OT,BYU,6-4,302.0,5.27,,25.0,,,,False,,,matt reynolds,,,,,,,,,,,,,,,,,,,,,,,,,,,,,,,,,,,,,,,,,,,,,,,,,,,,,,,
2012,sean richardson,S,Vanderbilt,6-2,216.0,4.43,38.5,22.0,128.0,7.01,4.44,False,,,sean richardson,2011.0,,,,,,,,,,,11.0,1.0,0.0,11.0,,,,,,,,,,,,,,,,,,,,,,,,,,,,,,,,,,,,,,,,
2012,trent richardson,RB,Alabama,5-9,228.0,4.48,,,,,,True,1.0,3.0,trent richardson,2011.0,,,,,,,,,,,,,,,22.0,24.0,3.0,0.0,66.0,,,,,,,,,,,,,,,,,,,,,,,,,,61.0,29.0,3.0,338.0,11.7,283.0,76.0,21.0,1679.0,5.9
2012,travian robertson,DT,South Carolina,6-4,302.0,5.12,26.0,30.0,102.0,,,True,7.0,249.0,travian robertson,,,,,,,,,,,,,,,,,,,,,,,,,,,,,,,,,,,,,,,,,,,,,,,,,,,,,,,
2012,gerell robinson,WR,Arizona State,6-3,227.0,4.54,35.5,,113.0,,4.15,False,,,gerell robinson,2011.0,,,,,,,,,,,,,,,,,,,,,,,,,,,,,,,,,,,,,,,,,,,,,58.0,77.0,7.0,1397.0,18.1,,,,,
2012,trenton robinson,S,Michigan State,5-10,195.0,4.46,35.0,15.0,125.0,,4.15,False,,,trenton robinson,2011.0,,,,,,,,,,,10.0,4.0,0.0,40.0,,,,,,,,,,,,,,,,,,,,,,,,,,,,,,,,,,,,,,,,
2012,josh robinson,CB,Central Florida,5-10,199.0,4.29,38.5,17.0,133.0,6.55,3.97,True,3.0,66.0,josh robinson,2014.0,,,,,,,,,,,,,,,,,,,,,,,,,,,,,,,,,,,,,,,,,,,,,47.0,28.0,1.0,370.0,13.2,190.0,73.0,11.0,1203.0,6.3
2012,keenan robinson,ILB,Texas,6-3,242.0,4.72,35.5,27.0,120.0,,,True,4.0,119.0,keenan robinson,2010.0,,,,,,,,,,,0.0,2.0,0.0,0.0,,,,,,,,,,,,,,,,,,,,,,,,,,,,,,,,,,,,,,,,
2012,james rodgers,WR,Oregon State,5-7,184.0,4.61,37.0,19.0,115.0,,4.23,False,,,james rodgers,2011.0,,,,,,,,,,,,,,,,,,,,,,,,,,,,,,,,,,0.0,0.0,1.0,0.0,0.0,,,,,,,31.0,45.0,3.0,514.0,11.4,11.0,19.0,0.0,75.0,6.8
2012,evan rodriguez,FB,Temple,6-1,239.0,4.53,36.0,18.0,119.0,6.94,4.28,True,4.0,111.0,evan rodriguez,2011.0,,,,,,,,,,,,,,,,,,,,,,,,,,,,,,,,,,,,,,,,,,,,,55.0,34.0,2.0,476.0,14.0,,,,,
2012,brett roy,DT,Nevada,6-3,275.0,5.0,30.5,32.0,108.0,7.31,4.62,False,,,brett roy,,,,,,,,,,,,,,,,,,,,,,,,,,,,,,,,,,,,,,,,,,,,,,,,,,,,,,,
2012,zebrie sanders,OT,Florida State,6-6,320.0,5.33,27.0,28.0,100.0,8.15,4.99,True,5.0,144.0,zebrie sanders,,,,,,,,,,,,,,,,,,,,,,,,,,,,,,,,,,,,,,,,,,,,,,,,,,,,,,,
2012,mohamed sanu,WR,Rutgers,6-1,211.0,4.62,36.0,19.0,126.0,6.88,4.22,True,3.0,83.0,mohamed sanu,2011.0,,,,,,,,,,,,,,,,,,,,,,,,,,,2.0,1.0,0.0,0.5,0.0,9.0,4.5,1.8,18.0,31.0,0.0,55.0,,,,,,,32.0,115.0,7.0,1206.0,10.5,4.0,8.0,0.0,,
2012,quentin saulsberry,C,Mississippi State,6-2,304.0,5.28,22.0,26.0,90.0,8.19,4.99,False,,,quentin saulsberry,,,,,,,,,,,,,,,,,,,,,,,,,,,,,,,,,,,,,,,,,,,,,,,,,,,,,,,
2012,mitchell schwartz,OT,California,6-5,318.0,5.38,26.5,23.0,89.0,7.86,4.87,True,2.0,37.0,mitchell schwartz,,,,,,,,,,,,,,,,,,,,,,,,,,,,,,,,,,,,,,,,,,,,,,,,,,,,,,,
2012,darrell scott,RB,South Florida,6-0,231.0,4.68,31.5,,,,,False,,,darrell scott,2011.0,,,,,,,,,,,,,,,,,,,,,,,,,,,,,,,,,,,,,,,,,,,,,84.0,15.0,1.0,169.0,11.3,153.0,56.0,5.0,814.0,5.3
2012,coty sensabaugh,CB,Clemson,5-11,189.0,4.33,37.0,15.0,122.0,6.6,4.06,True,4.0,115.0,coty sensabaugh,2011.0,,,,,,,,,,,0.0,1.0,0.0,0.0,,,,,,,,,,,,,,,,,,,,,,,,,,,,,,,,,,,,,,,,
2012,derrick shelby,DE,Utah,6-3,266.0,4.87,35.5,26.0,116.0,7.09,4.5,False,,,derrick shelby,2011.0,,,,,,,,,,,21.0,1.0,1.0,21.0,,,,,,,,,,,,,,,,,,,,,,,,,,,,,,,,,,,,,,,,
2012,amini silatolu,OG,Midwestern State,6-4,311.0,5.33,31.5,28.0,107.0,7.95,4.87,True,2.0,40.0,amini silatolu,,,,,,,,,,,,,,,,,,,,,,,,,,,,,,,,,,,,,,,,,,,,,,,,,,,,,,,
2012,harrison smith,S,Notre Dame,6-2,213.0,4.54,34.0,19.0,122.0,6.63,4.12,True,1.0,29.0,harrison smith,2010.0,,,,,,,,,,,7.7,7.0,0.0,54.0,,,,,,,,,,,,,,,,,,,,,,,,,,,,,,,,,,,,,,,,
2012,jacquies smith,DE,Missouri,6-3,253.0,4.75,31.5,21.0,110.0,7.25,4.31,False,,,jacquies smith,2009.0,,,,,,,,,,,43.0,1.0,1.0,43.0,,,,,,,,,,,,,,,,,,,,,,,,,,,,,,,24.0,1.0,1.0,24.0,24.0,,,,,
2012,scott solomon,DE,Rice,6-3,262.0,4.88,35.0,34.0,124.0,7.17,4.25,True,7.0,211.0,scott solomon,,,,,,,,,,,,,,,,,,,,,,,,,,,,,,,,,,,,,,,,,,,,,,,,,,,,,,,
2012,sean spence,OLB,Miami (FL),5-11,231.0,4.66,33.5,12.0,119.0,7.46,4.28,True,3.0,86.0,sean spence,2008.0,,,,,,,,,,,7.0,1.0,1.0,7.0,,,,,,,,,,,,,,,,,,,,,,,,,,,,,,,,,,,,,,,,
2012,brian stahovich,P,San Diego State,6-0,211.0,4.78,,,,,,False,,,brian stahovich,2011.0,,,,,,,,,,,,,,,,,,,,,,,,,,,1.0,1.0,0.0,1.0,0.0,5.0,5.0,,,,,,0.0,61.0,61.0,0.0,2669.0,43.8,,,,,,,,,,
2012,ryan steed,CB,Furman,5-10,195.0,4.64,34.0,12.0,121.0,6.94,4.22,False,,,ryan steed,,,,,,,,,,,,,,,,,,,,,,,,,,,,,,,,,,,,,,,,,,,,,,,,,,,,,,,
2012,donald stephenson,OT,Oklahoma,6-5,312.0,4.94,35.5,19.0,114.0,7.52,4.78,True,3.0,74.0,donald stephenson,,,,,,,,,,,,,,,,,,,,,,,,,,,,,,,,,,,,,,,,,,,,,,,,,,,,,,,
2012,devon still,DT,Penn State,6-5,303.0,5.01,29.5,26.0,,,,True,2.0,53.0,devon still,,,,,,,,,,,,,,,,,,,,,,,,,,,,,,,,,,,,,,,,,,,,,,,,,,,,,,,
2012,tommy streeter,WR,Miami (FL),6-5,219.0,4.37,33.0,17.0,125.0,7.08,,True,6.0,198.0,tommy streeter,2011.0,,,,,,,,,,,,,,,,,,,,,,,,,,,,,,,,,,,,,,,,,,,,,57.0,46.0,8.0,811.0,17.6,,,,,
2012,nathan stupar,OLB,Penn State,6-2,241.0,4.65,31.0,21.0,116.0,6.84,4.28,True,7.0,230.0,nathan stupar,2011.0,,,,,,,,,,,12.0,2.0,0.0,24.0,,,,,,,,,,,,,,,,,,,,,,,,,,,,,,,,,,,,,,,,
2012,j.r. sweezy,DT,North Carolina State,6-5,298.0,4.97,36.0,21.0,113.0,7.4,4.41,True,7.0,225.0,jr sweezy,,,,,,,,,,,,,,,,,,,,,,,,,,,,,,,,,,,,,,,,,,,,,,,,,,,,,,,
2012,alameda ta'amu,DT,Washington,6-2,348.0,5.3,26.0,35.0,103.0,,,True,4.0,109.0,alameda taamu,,,,,,,,,,,,,,,,,,,,,,,,,,,,,,,,,,,,,,,,,,,,,,,,,,,,,,,
2012,ryan tannehill,QB,Texas A&M,6-4,221.0,4.65,,,,,,True,1.0,8.0,ryan tannehill,2011.0,,,,,,,,,,,,,,,,,,,,,,,,,,,531.0,327.0,15.0,0.616,29.0,3744.0,7.1,,,,,,,,,,,,,,,,,58.0,65.0,4.0,306.0,5.3
2012,brandon taylor,S,LSU,5-11,209.0,4.52,33.5,,118.0,7.32,4.37,True,3.0,73.0,brandon taylor,2011.0,,,,,,,,,,,13.0,2.0,0.0,26.0,,,,,,,,,,,,,,,,,,,,,,,,,,,,,,,,,,,,,,,,
2012,dave teggart,K,Connecticut,6-0,201.0,5.25,,,,,,False,,,dave teggart,2011.0,,,,,,,,,,,,,,,,,,,,27.0,22.0,53.0,0.815,95.0,29.0,29.0,,,,,,,,,,,,,,,,,,,,,,,,,,,,
2012,darron thomas,QB,Oregon,6-3,220.0,4.77,36.0,14.0,121.0,7.17,4.28,False,,,darron thomas,2011.0,,,,,,,,,,,,,,,,,,,,,,,,,,,339.0,211.0,7.0,0.622,33.0,2761.0,8.1,,,,,,,,,,,,8.0,1.0,0.0,8.0,8.0,56.0,40.0,3.0,206.0,3.7
2012,johnny thomas,S,Oklahoma State,5-10,206.0,4.57,35.5,20.0,123.0,7.01,4.25,False,,,johnny thomas,2010.0,,,,,,,,,,,8.7,3.0,1.0,26.0,15.5,24.0,8.0,0.0,124.0,,,,,,,,,,,,,,,,,,,,,,,,,,,,,,,,,,,
2012,phillip thomas,S,Syracuse,5-11,198.0,4.68,33.0,14.0,122.0,,,True,4.0,119.0,phillip thomas,2012.0,,,,,,,,,,,24.6,16.0,6.0,196.0,,,,,,,,,,,,,,,,,,,,,,,,,,,,,,,,,,,,,,,,
2012,brandon thompson,DT,Clemson,6-2,314.0,5.2,31.0,35.0,100.0,7.97,4.71,True,3.0,93.0,brandon thompson,,,,,,,,,,,,,,,,,,,,,,,,,,,,,,,,,,,,,,,,,,,,,,,,,,,,,,,
2012,christian thompson,S,South Carolina State,6-0,211.0,4.42,31.5,18.0,122.0,7.33,4.13,True,4.0,130.0,christian thompson,,,,,,,,,,,,,,,,,,,,,,,,,,,,,,,,,,,,,,,,,,,,,,,,,,,,,,,
2012,andrew tiller,OG,Syracuse,6-4,324.0,5.44,23.0,16.0,85.0,7.92,4.8,True,6.0,179.0,andrew tiller,,,,,,,,,,,,,,,,,,,,,,,,,,,,,,,,,,,,,,,,,,,,,,,,,,,,,,,
2012,nick toon,WR,Wisconsin,6-2,215.0,4.49,37.5,18.0,,,,True,4.0,122.0,nick toon,2011.0,,,,,,,,,,,,,,,,,,,,,,,,,,,,,,,,,,,,,,,,,,,,,59.0,64.0,10.0,926.0,14.5,,,,,
2012,danny trevathan,OLB,Kentucky,6-0,237.0,4.84,31.5,18.0,111.0,,,True,6.0,188.0,danny trevathan,2011.0,,,,,,,,,,,18.3,4.0,0.0,73.0,,,,,,,,,,,,,,,,,,,,,,,,,,,,,,,,,,,,,,,,
2012,johnnie troutman,OG,Penn State,6-4,325.0,5.52,27.5,31.0,,7.96,5.0,True,5.0,149.0,johnnie troutman,,,,,,,,,,,,,,,,,,,,,,,,,,,,,,,,,,,,,,,,,,,,,,,,,,,,,,,
2012,christian tupou,DT,USC,6-2,289.0,5.38,24.0,30.0,92.0,8.07,4.87,False,,,christian tupou,,,,,,,,,,,,,,,,,,,,,,,,,,,,,,,,,,,,,,,,,,,,,,,,,,,,,,,
2012,robert turbin,RB,Utah State,5-10,222.0,4.42,36.0,28.0,122.0,7.16,4.31,True,4.0,106.0,robert turbin,2011.0,,,,,,,,,,,,,,,,,,,,,,,,,,,,,,,,,,,,,,,,,,,,,34.0,17.0,4.0,171.0,10.1,249.0,80.0,19.0,1517.0,6.1
2012,marc tyler,RB,USC,5-11,219.0,4.7,30.5,19.0,110.0,,,False,,,marc tyler,2011.0,,,,,,,,,,,,,,,,,,,,,,,,,,,1.0,1.0,0.0,1.0,0.0,2.0,2.0,,,,,,,,,,,,22.0,11.0,0.0,108.0,9.8,122.0,26.0,4.0,568.0,4.7
2012,deangelo tyson,DT,Georgia,6-2,315.0,5.0,,,,,,True,7.0,236.0,deangelo tyson,,,,,,,,,,,,,,,,,,,,,,,,,,,,,,,,,,,,,,,,,,,,,,,,,,,,,,,
2012,courtney upshaw,DE,Alabama,6-2,272.0,4.74,,22.0,,,,True,2.0,35.0,courtney upshaw,2011.0,,,,,,,,,,,45.0,1.0,1.0,45.0,,,,,,,,,,,,,,,,,,,,,,,,,,,,,,,,,,,,,,,,
2012,olivier vernon,DE,Miami (FL),6-2,261.0,4.73,34.5,31.0,122.0,7.39,4.5,True,3.0,72.0,olivier vernon,,,,,,,,,,,,,,,,,,,,,,,,,,,,,,,,,,,,,,,,,,,,,,,,,,,,,,,
2012,trevin wade,CB,Arizona,5-10,192.0,4.52,34.5,18.0,116.0,6.87,4.0,True,7.0,245.0,trevin wade,2011.0,,,,,,,,,,,0.0,2.0,0.0,0.0,,,,,,,,,,,,,,,,,,,,,,,,,,,,,,,,,,,,,,,,
2012,dustin waldron,OT,Portland State,6-5,305.0,5.23,26.0,29.0,103.0,7.93,4.75,False,,,dustin waldron,,,,,,,,,,,,,,,,,,,,,,,,,,,,,,,,,,,,,,,,,,,,,,,,,,,,,,,
2012,blair walsh,K,Georgia,5-9,187.0,4.96,,,,,,True,6.0,175.0,blair walsh,2011.0,,,,,,,,,,,,,,,,,,,,35.0,21.0,56.0,0.6,109.0,46.0,46.0,,,,,,,,,,,,,,,,,,,,,,,,,,,,
2012,brandon washington,OG,Miami (FL),6-3,320.0,5.14,25.0,28.0,101.0,8.22,4.87,True,6.0,200.0,brandon washington,,,,,,,,,,,,,,,,,,,,,,,,,,,,,,,,,,,,,,,,,,,,,,,,,,,,,,,
2012,rokevious watkins,OG,South Carolina,6-4,338.0,5.29,27.0,,102.0,7.87,4.9,True,5.0,150.0,rokevious watkins,,,,,,,,,,,,,,,,,,,,,,,,,,,,,,,,,,,,,,,,,,,,,,,,,,,,,,,
2012,brandon weeden,QB,Oklahoma State,6-3,221.0,4.89,,,,,,True,1.0,22.0,brandon weeden,2011.0,,,,,,,,,,,,,,,,,,,,,,,,,,,564.0,408.0,13.0,0.723,37.0,4727.0,8.4,,,,,,,,,,,,,,,,,17.0,11.0,1.0,,
2012,corey white,S,Samford,5-11,206.0,4.53,37.5,15.0,126.0,6.72,4.22,True,5.0,162.0,corey white,,,,,,,,,,,,,,,,,,,,,,,,,,,,,,,,,,,,,,,,,,,,,,,,,,,,,,,
2012,jordan white,WR,West. Michigan,6-0,208.0,4.63,35.0,14.0,119.0,6.84,4.13,True,7.0,244.0,jordan white,2011.0,,,,,,,,,,,,,,,,,,,,,,,,,,,1.0,0.0,0.0,0.0,0.0,0.0,0.0,9.8,64.0,21.0,0.0,206.0,,,,,,,61.0,128.0,17.0,1792.0,14.0,1.0,27.0,0.0,27.0,27.0
2012,tahir whitehead,OLB,Temple,6-1,233.0,4.62,37.0,21.0,124.0,7.14,4.37,True,5.0,138.0,tahir whitehead,2010.0,,,,,,,,,,,6.0,1.0,0.0,6.0,,,,,,,,,,,,,,,,,,,,,,,,,,,,,,,,,,,,,,,,
2012,fozzy whittaker,RB,Texas,5-9,193.0,4.49,,20.0,,,,False,,,fozzy whittaker,,,,,,,,,,,,,,,,,,,,,,,,,,,,,,,,,,,,,,,,,,,,,,,,,,,,,,,
2012,carson wiggs,K,Purdue,6-1,221.0,4.91,,,,,,False,,,carson wiggs,2011.0,,,,,,,,,,,,,,,,,,,,25.0,19.0,53.0,0.76,96.0,39.0,39.0,,,,,,,,,,,,,0.0,54.0,23.0,0.0,804.0,35.0,,,,,,,,,,
2012,kyle wilber,OLB,Wake Forest,6-4,249.0,4.73,33.5,25.0,117.0,7.11,4.31,True,4.0,113.0,kyle wilber,,,,,,,,,,,,,,,,,,,,,,,,,,,,,,,,,,,,,,,,,,,,,,,,,,,,,,,
2012,david wilson,RB,Virginia Tech,5-10,206.0,4.38,41.0,,132.0,7.09,4.12,True,1.0,32.0,david wilson,2012.0,,,,,,,,,,,,,,,,,,,,,,,,,,,,,,,,,,,,,,,,,,,,,15.0,4.0,0.0,29.0,7.3,,,,,
2012,russell wilson,QB,Wisconsin,5-11,204.0,4.53,34.0,,118.0,6.97,4.09,True,3.0,75.0,russell wilson,2011.0,,,,,,,,,,,,,,,,,,,,,,,,,,,309.0,225.0,4.0,0.728,33.0,3175.0,10.3,,,,,,,,,,,,32.0,3.0,1.0,56.0,18.7,79.0,46.0,6.0,338.0,4.3
2012,billy winn,DE,Boise State,6-4,294.0,4.86,27.0,24.0,107.0,7.37,4.44,True,6.0,205.0,billy winn,,,,,,,,,,,,,,,,,,,,,,,,,,,,,,,,,,,,,,,,,,,,,,,,,,,,,,,
2012,patrick witt,QB,Yale,6-3,225.0,5.06,31.5,,101.0,7.14,4.37,False,,,patrick witt,,,,,,,,,,,,,,,,,,,,,,,,,,,,,,,,,,,,,,,,,,,,,,,,,,,,,,,
2012,derek wolfe,DT,Cincinnati,6-5,295.0,4.93,33.5,33.0,108.0,7.26,4.44,True,2.0,36.0,derek wolfe,,,,,,,,,,,,,,,,,,,,,,,,,,,,,,,,,,,,,,,,,,,,,,,,,,,,,,,
2012,jerel worthy,DT,Michigan State,6-2,308.0,5.0,28.5,,107.0,7.6,4.56,True,2.0,51.0,jerel worthy,,,,,,,,,,,,,,,,,,,,,,,,,,,,,,,,,,,,,,,,,,,,,,,,,,,,,,,
2012,jarius wright,WR,Arkansas,5-10,182.0,4.39,38.0,11.0,120.0,6.93,4.03,True,4.0,118.0,jarius wright,2011.0,,,,,,,,,,,,,,,,,,,,,,,,,,,,,,,,,,,,,,,,,,,,,68.0,66.0,12.0,1117.0,16.9,,,,,
2012,kendall wright,WR,Baylor,5-10,196.0,4.49,38.5,,121.0,6.93,4.18,True,1.0,20.0,kendall wright,2011.0,,,,,,,,,,,,,,,,,,,,,,,,,,,3.0,2.0,0.0,0.667,1.0,55.0,18.3,6.2,19.0,6.0,0.0,37.0,,,,,,,87.0,108.0,14.0,1663.0,15.4,10.0,19.0,0.0,72.0,7.2
2012,devon wylie,WR,Fresno State,5-9,187.0,4.36,39.0,17.0,123.0,,,True,4.0,107.0,devon wylie,2011.0,,,,,,,,,,,,,,,,,,,,,,,,,,,,,,,,,,11.2,79.0,40.0,2.0,446.0,,,,,,,71.0,56.0,1.0,716.0,12.8,8.0,17.0,0.0,48.0,6.0
2012,desmond wynn,OG,Rutgers,6-5,303.0,4.98,32.5,28.0,,,,False,,,desmond wynn,,,,,,,,,,,,,,,,,,,,,,,,,,,,,,,,,,,,,,,,,,,,,,,,,,,,,,,
2012,kevin zeitler,OG,Wisconsin,6-4,314.0,5.32,29.0,32.0,101.0,7.77,4.61,True,1.0,27.0,kevin zeitler,,,,,,,,,,,,,,,,,,,,,,,,,,,,,,,,,,,,,,,,,,,,,,,,,,,,,,,
2012,markus zusevics,OT,Iowa,6-5,303.0,5.08,,,,,,False,,,markus zusevics,,,,,,,,,,,,,,,,,,,,,,,,,,,,,,,,,,,,,,,,,,,,,,,,,,,,,,,
2013,oday aboushi,OT,Virginia,6-5,308.0,5.41,23.5,17.0,100.0,7.92,4.84,True,5.0,141.0,oday aboushi,,,,,,,,,,,,,,,,,,,,,,,,,,,,,,,,,,,,,,,,,,,,,,,,,,,,,,,
2013,johnny adams,CB,Michigan State,5-10,185.0,4.48,,16.0,,,,False,,,johnny adams,2012.0,,,,,,,,,,,3.7,3.0,0.0,11.0,,,,,,,,,,,,,,,,,,,,6.0,6.0,1.0,0.0,6.0,,,,,,,,,,,,,,,,
2013,robert alford,CB,SE Louisiana,5-10,188.0,4.39,40.0,17.0,132.0,6.89,4.23,True,2.0,60.0,robert alford,,,,,,,,,,,,,,,,,,,,,,,,,,,,,,,,,,,,,,,,,,,,,,,,,,,,,,,
2013,keenan allen,WR,California,6-2,206.0,4.58,,,,,,True,3.0,76.0,keenan allen,2012.0,,,,,,,,,,,,,,,,,,,,,,,,,,,1.0,1.0,0.0,1.0,0.0,8.0,8.0,13.3,69.0,16.0,1.0,212.0,,,,,,,69.0,61.0,6.0,737.0,12.1,3.0,39.0,1.0,39.0,13.0
2013,ryan allen,P,Louisiana Tech,6-1,229.0,4.98,,,,,,False,,,ryan allen,2012.0,,,,,,,,,,,,,,,,,,,,,,,,,,,1.0,1.0,0.0,1.0,0.0,7.0,7.0,,,,,,0.0,85.0,45.0,0.0,2162.0,48.0,,,,,,,,,,
2013,zach allen,OG,North Carolina State,6-2,332.0,5.43,,32.0,,,,False,,,zach allen,2018.0,7.0,11.0,6.5,26.0,0.0,15.0,61.0,0.0,0.0,2.0,6.0,1.0,0.0,6.0,,,,,,,,,,,,,,,,,,,,,,,,,,,,,,,,,,,,2.0,9.0,0.0,12.0,6.0
2013,kiko alonso,ILB,Oregon,6-3,238.0,4.74,,,,,,True,2.0,46.0,kiko alonso,2012.0,,,,,,,,,,,15.5,4.0,0.0,62.0,,,,,,,,,,,,,,,,,,,,,,,,,,,,,,,,,,,,,,,,
2013,david amerson,CB,North Carolina State,6-1,205.0,4.44,35.5,15.0,127.0,,,True,2.0,51.0,david amerson,2012.0,,,,,,,,,,,16.4,5.0,1.0,82.0,,,,,,,,,,,,,,,,,,,,,,,,,,,,,,,,,,,,,,,,
2013,c.j. anderson,RB,California,5-8,224.0,4.6,32.0,17.0,119.0,7.15,4.12,False,,,cj anderson,2012.0,,,,,,,,,,,,,,,,,,,,,,,,,,,1.0,0.0,0.0,0.0,0.0,0.0,0.0,,,,,,,,,,,,30.0,15.0,1.0,164.0,10.9,126.0,68.0,4.0,790.0,6.3
2013,ziggy ansah,DE,BYU,6-5,271.0,4.56,34.5,21.0,118.0,7.11,4.26,True,1.0,5.0,ziggy ansah,,,,,,,,,,,,,,,,,,,,,,,,,,,,,,,,,,,,,,,,,,,,,,,,,,,,,,,
2013,marc anthony,CB,California,5-11,196.0,4.63,35.0,12.0,118.0,6.74,4.07,True,7.0,247.0,marc anthony,2012.0,,,,,,,,,,,32.0,2.0,1.0,64.0,,,,,,,,,,,,,,,,,,,,,,,,,,,,,,,,,,,,,,,,
2013,terron armstead,OT,Ark-Pine Bluff,6-5,306.0,4.71,34.5,31.0,112.0,7.62,4.72,True,3.0,75.0,terron armstead,,,,,,,,,,,,,,,,,,,,,,,,,,,,,,,,,,,,,,,,,,,,,,,,,,,,,,,
2013,tavon austin,WR,West Virginia,5-8,174.0,4.34,32.0,14.0,120.0,,4.01,True,1.0,8.0,tavon austin,2012.0,,,,,,,,,,,,,,,24.6,100.0,33.0,1.0,813.0,,,,,,,,,,,,,,,11.0,76.0,15.0,1.0,165.0,,,,,,,75.0,114.0,12.0,1289.0,11.3,72.0,74.0,3.0,643.0,8.9
2013,jeff baca,OG,UCLA,6-3,302.0,5.03,26.5,,100.0,7.26,4.44,True,6.0,196.0,jeff baca,,,,,,,,,,,,,,,,,,,,,,,,,,,,,,,,,,,,,,,,,,,,,,,,,,,,,,,
2013,alvin bailey,OG,Arkansas,6-3,312.0,4.95,,27.0,,,,False,,,alvin bailey,,,,,,,,,,,,,,,,,,,,,,,,,,,,,,,,,,,,,,,,,,,,,,,,,,,,,,,
2013,stedman bailey,WR,West Virginia,5-10,193.0,4.52,34.5,11.0,117.0,6.81,4.09,True,3.0,92.0,stedman bailey,2012.0,,,,,,,,,,,,,,,14.6,23.0,10.0,0.0,146.0,,,,,,,,,,,,,,,,,,,,,,,,,,87.0,114.0,25.0,1622.0,14.2,2.0,13.0,0.0,13.0,6.5
2013,david bakhtiari,OT,Colorado,6-4,299.0,5.18,25.5,28.0,101.0,7.7,4.74,True,4.0,109.0,david bakhtiari,,,,,,,,,,,,,,,,,,,,,,,,,,,,,,,,,,,,,,,,,,,,,,,,,,,,,,,
2013,montee ball,RB,Wisconsin,5-10,214.0,4.66,32.0,15.0,118.0,6.88,4.4,True,2.0,58.0,montee ball,2012.0,,,,,,,,,,,,,,,,,,,,,,,,,,,,,,,,,,,,,,,,,,,,,16.0,10.0,0.0,72.0,7.2,356.0,67.0,22.0,1830.0,5.1
2013,johnthan banks,CB,Mississippi State,6-2,185.0,4.61,34.0,10.0,125.0,6.97,4.27,True,2.0,43.0,johnthan banks,2012.0,,,,,,,,,,,27.8,4.0,0.0,111.0,,,,,,,,,,,,,,,,,,,,8.8,22.0,14.0,0.0,123.0,,,,,,,,,,,,,,,,
2013,chris barker,OG,Nevada,6-3,305.0,5.25,27.5,29.0,99.0,8.09,4.77,False,,,chris barker,,,,,,,,,,,,,,,,,,,,,,,,,,,,,,,,,,,,,,,,,,,,,,,,,,,,,,,
2013,matt barkley,QB,USC,6-2,227.0,4.91,,,,,,True,4.0,98.0,matt barkley,2012.0,,,,,,,,,,,,,,,,,,,,,,,,,,,387.0,246.0,15.0,0.636,36.0,3273.0,8.5,,,,,,,,,,,,,,,,,25.0,11.0,0.0,,
2013,kenjon barner,RB,Oregon,5-9,196.0,4.52,35.5,20.0,122.0,6.87,4.2,True,6.0,182.0,kenjon barner,2012.0,,,,,,,,,,,,,,,,,,,,,,,,,,,,,,,,,,,,,,,,,,,,,48.0,20.0,2.0,256.0,12.8,278.0,80.0,21.0,1767.0,6.4
2013,t.j. barnes,DT,Georgia Tech,6-6,369.0,5.3,22.0,25.0,97.0,8.26,4.96,False,,,tj barnes,,,,,,,,,,,,,,,,,,,,,,,,,,,,,,,,,,,,,,,,,,,,,,,,,,,,,,,
2013,sam barrington,ILB,South Florida,6-1,246.0,4.91,32.5,22.0,117.0,,,True,7.0,232.0,sam barrington,2011.0,,,,,,,,,,,30.0,1.0,1.0,30.0,,,,,,,,,,,,,,,,,,,,,,,,,,,,,,,,,,,,,,,,
2013,david bass,DE,Missouri Western State,6-4,262.0,4.84,30.5,20.0,111.0,7.07,4.33,True,7.0,233.0,david bass,,,,,,,,,,,,,,,,,,,,,,,,,,,,,,,,,,,,,,,,,,,,,,,,,,,,,,,
2013,steve beauharnais,ILB,Rutgers,6-1,240.0,4.84,33.0,19.0,118.0,6.99,4.2,True,7.0,235.0,steve beauharnais,2012.0,,,,,,,,,,,18.0,1.0,0.0,18.0,,,,,,,,,,,,,,,,,,,,,,,,,,,,,,,,,,,,,,,,
2013,nick becton,OT,Virginia Tech,6-5,323.0,5.2,29.5,19.0,109.0,7.77,4.57,False,,,nick becton,,,,,,,,,,,,,,,,,,,,,,,,,,,,,,,,,,,,,,,,,,,,,,,,,,,,,,,
2013,le'veon bell,RB,Michigan State,6-1,230.0,4.6,31.5,24.0,118.0,6.75,4.24,True,2.0,48.0,leveon bell,2012.0,,,,,,,,,,,,,,,11.5,31.0,4.0,0.0,46.0,,,,,,,,1.0,1.0,0.0,1.0,0.0,29.0,29.0,6.0,11.0,3.0,0.0,18.0,,,,,,,20.0,32.0,1.0,167.0,5.2,382.0,40.0,12.0,1793.0,4.7
2013,giovani bernard,RB,North Carolina,5-8,202.0,4.53,33.5,19.0,122.0,6.91,4.12,True,2.0,37.0,giovani bernard,2012.0,,,,,,,,,,,,,,,,,,,,,,,,,,,,,,,,,,16.4,74.0,16.0,2.0,263.0,,,,,,,78.0,47.0,5.0,490.0,10.4,184.0,68.0,12.0,1228.0,6.7
2013,tommy bohanon,FB,Wake Forest,6-1,246.0,4.88,35.0,36.0,119.0,7.27,4.42,True,7.0,215.0,tommy bohanon,2012.0,,,,,,,,,,,,,,,,,,,,,,,,,,,,,,,,,,,,,,,,,,,,,34.0,23.0,5.0,208.0,9.0,2.0,1.0,1.0,1.0,0.5
2013,travis bond,OG,North Carolina,6-6,329.0,5.27,22.5,22.0,98.0,7.85,4.96,True,7.0,214.0,travis bond,2011.0,,,,,,,,,,,,,,,,,,,,,,,,,,,,,,,,,,,,,,,,,,,,,,1.0,0.0,,,,,,,
2013,alan bonner,WR,Jacksonville State,5-10,193.0,4.59,33.0,14.0,117.0,,4.15,True,6.0,195.0,alan bonner,,,,,,,,,,,,,,,,,,,,,,,,,,,,,,,,,,,,,,,,,,,,,,,,,,,,,,,
2013,zach boren,FB,Ohio State,5-11,238.0,5.0,32.0,25.0,109.0,7.28,4.44,False,,,zach boren,2012.0,,,,,,,,,,,,,,,,,,,,,,,,,,,,,,,,,,,,,,,,,,,,,14.0,5.0,0.0,42.0,8.4,11.0,8.0,2.0,33.0,3.0
2013,jon bostic,OLB,Florida,6-1,245.0,4.59,32.5,22.0,118.0,6.99,4.24,True,2.0,50.0,jon bostic,,,,,,,,,,,,,,,,,,,,,,,,,,,,,,,,,,,,,,,,,,,,,,,,,,,,,,,
2013,josh boyce,WR,TCU,5-11,206.0,4.38,34.0,22.0,131.0,6.68,4.1,True,4.0,102.0,josh boyce,2012.0,,,,,,,,,,,,,,,31.0,57.0,3.0,0.0,93.0,,,,,,,,,,,,,,,,,,,,,,,,,,94.0,66.0,7.0,891.0,13.5,3.0,3.0,1.0,6.0,2.0
2013,josh boyd,DT,Mississippi State,6-3,310.0,5.14,26.5,32.0,104.0,7.16,4.64,True,5.0,167.0,josh boyd,,,,,,,,,,,,,,,,,,,,,,,,,,,,,,,,,,,,,,,,,,,,,,,,,,,,,,,
2013,john boyett,S,Oregon,5-10,204.0,4.64,,27.0,,,,True,6.0,192.0,john boyett,2012.0,,,,,,,,,,,25.0,1.0,0.0,25.0,,,,,,,,,,,,,,,,,,,,,,,,,,,,,,,,,,,,,,,,
2013,tyler bray,QB,Tennessee,6-6,232.0,5.05,,,100.0,7.2,4.51,False,,,tyler bray,2012.0,,,,,,,,,,,,,,,,,,,,,,,,,,,451.0,268.0,12.0,0.594,34.0,3612.0,8.0,,,,,,0.0,41.0,3.0,0.0,102.0,34.0,,,,,,15.0,9.0,0.0,,
2013,dylan breeding,P,Arkansas,6-1,213.0,4.74,29.0,11.0,110.0,,,False,,,dylan breeding,2012.0,,,,,,,,,,,,,,,,,,,,,,,,,,,,,,,,,,,,,,,0.0,72.0,53.0,0.0,2416.0,45.6,,,,,,,,,,
2013,arthur brown,OLB,Kansas State,6-0,241.0,4.62,,,116.0,,,True,2.0,56.0,arthur brown,2012.0,,,,,,,,,,,18.5,2.0,1.0,37.0,,,,,,,,,,,,,,,,,,,,,,,,,,,,,,,,,,,,,,,,
2013,braden brown,OT,BYU,6-5,310.0,5.2,28.0,26.0,100.0,7.43,4.7,False,,,braden brown,,,,,,,,,,,,,,,,,,,,,,,,,,,,,,,,,,,,,,,,,,,,,,,,,,,,,,,
2013,marlon brown,WR,Georgia,6-4,213.0,4.63,,,,,,False,,,marlon brown,2012.0,,,,,,,,,,,,,,,,,,,,,,,,,,,,,,,,,,,,,,,,,,,,,66.0,27.0,4.0,469.0,17.4,,,,,
2013,armonty bryant,DE,East Central (OK),6-4,263.0,4.86,31.5,,118.0,7.32,5.0,True,7.0,217.0,armonty bryant,,,,,,,,,,,,,,,,,,,,,,,,,,,,,,,,,,,,,,,,,,,,,,,,,,,,,,,
2013,michael buchanan,DE,Illinois,6-5,255.0,4.78,33.0,22.0,113.0,6.91,4.44,True,7.0,226.0,michael buchanan,2012.0,,,,,,,,,,,0.0,1.0,0.0,0.0,,,,,,,,,,,,,,,,,,,,,,,,,,,,,,,,,,,,,,,,
2013,rex burkhead,RB,Nebraska,5-10,214.0,4.73,39.0,21.0,125.0,6.85,4.09,True,6.0,190.0,rex burkhead,2012.0,,,,,,,,,,,,,,,,,,,,,,,,,,,1.0,1.0,0.0,1.0,0.0,11.0,11.0,,,1.0,0.0,,,,,,,,25.0,11.0,2.0,92.0,8.4,98.0,73.0,5.0,675.0,6.9
2013,adrian bushell,CB,Louisville,5-9,186.0,4.58,33.0,17.0,116.0,6.92,4.25,False,,,adrian bushell,2012.0,,,,,,,,,,,0.0,1.0,0.0,0.0,19.6,42.0,17.0,0.0,333.0,,,,,,,,,,,,,,,,,,,,,,,,,,,,,,,,,,,
2013,colby cameron,QB,Louisiana Tech,6-2,212.0,4.78,30.5,,112.0,6.98,4.28,False,,,colby cameron,2012.0,,,,,,,,,,,,,,,,,,,,,,,,,,,522.0,359.0,5.0,0.688,31.0,4147.0,7.9,,,,,,,,,,,,,,,,,61.0,18.0,4.0,177.0,2.9
2013,anthony cantele,K,Kansas State,5-10,180.0,4.76,,,,,,False,,,anthony cantele,2012.0,,,,,,,,,,,,,,,,,,,,23.0,19.0,42.0,0.826,121.0,64.0,64.0,,,,,,,,,,,,,,,,,,,,,,,,,,,,
2013,tank carradine,DE,Florida State,6-4,276.0,4.9,,28.0,,,,True,2.0,40.0,tank carradine,,,,,,,,,,,,,,,,,,,,,,,,,,,,,,,,,,,,,,,,,,,,,,,,,,,,,,,
2013,braxston cave,C,Notre Dame,6-3,303.0,5.33,25.5,,98.0,7.81,4.71,False,,,braxston cave,,,,,,,,,,,,,,,,,,,,,,,,,,,,,,,,,,,,,,,,,,,,,,,,,,,,,,,
2013,emmett cleary,OT,Boston Col.,6-7,316.0,5.21,28.5,24.0,108.0,7.81,4.7,False,,,emmett cleary,,,,,,,,,,,,,,,,,,,,,,,,,,,,,,,,,,,,,,,,,,,,,,,,,,,,,,,
2013,jamie collins,OLB,Southern Miss,6-3,250.0,4.64,41.5,19.0,139.0,7.1,4.32,True,2.0,52.0,jamie collins,,,,,,,,,,,,,,,,,,,,,,,,,,,,,,,,,,,,,,,,,,,,,,,,,,,,,,,
2013,sanders commings,CB,Georgia,6-0,216.0,4.41,34.5,,117.0,7.1,4.3,True,5.0,134.0,sanders commings,2012.0,,,,,,,,,,,0.0,3.0,0.0,0.0,,,,,,,,,,,,,,,,,,,,,,,,,,,,,,,16.0,1.0,0.0,16.0,16.0,,,,,
2013,jonathan cooper,OG,North Carolina,6-2,311.0,5.07,27.0,35.0,108.0,7.78,4.84,True,1.0,7.0,jonathan cooper,2010.0,,,,,,,,,,,,,,,,,,,,,,,,,,,,,,,,,,,,,,,,,,,,,4.0,1.0,0.0,4.0,4.0,,,,,
2013,bobby cowan,P,Idaho,6-4,219.0,5.13,,,,,,False,,,bobby cowan,,,,,,,,,,,,,,,,,,,,,,,,,,,,,,,,,,,,,,,,,,,,,,,,,,,,,,,
2013,justice cunningham,TE,South Carolina,6-3,258.0,4.94,31.5,,116.0,7.12,4.45,True,7.0,254.0,justice cunningham,2012.0,,,,,,,,,,,,,,,,,,,,,,,,,,,,,,,,,,,,,,,,,,,,,45.0,23.0,0.0,324.0,14.1,,,,,
2013,jonathan cyprien,S,Florida International,6-0,217.0,4.64,38.5,,,,,True,2.0,33.0,jonathan cyprien,,,,,,,,,,,,,,,,,,,,,,,,,,,,,,,,,,,,,,,,,,,,,,,,,,,,,,,
2013,knile davis,RB,Arkansas,5-11,227.0,4.37,33.5,31.0,121.0,6.96,4.38,True,3.0,96.0,knile davis,2012.0,,,,,,,,,,,,,,,,,,,,,,,,,,,,,,,,,,,,,,,,,,,,,64.0,11.0,1.0,157.0,14.3,112.0,28.0,2.0,377.0,3.4
2013,marcus davis,WR,Virginia Tech,6-3,233.0,4.56,39.5,19.0,120.0,7.15,,False,,,marcus davis,2013.0,,,,,,,,,,,,,,,,,,,,,,,,,,,,,,,,,,1.0,7.0,2.0,0.0,2.0,,,,,,,27.0,23.0,1.0,217.0,9.4,,,,,
2013,will davis,CB,Utah State,5-11,186.0,4.51,35.5,16.0,127.0,6.52,4.02,True,3.0,93.0,will davis,2012.0,,,,,,,,,,,20.0,5.0,1.0,100.0,,,,,,,,,,,,,,,,,,,,,,,,,,,,,,,,,,,,,,,,
2013,everett dawkins,DT,Florida State,6-2,292.0,5.06,30.0,23.0,103.0,7.61,4.88,True,7.0,229.0,everett dawkins,2011.0,,,,,,,,,,,0.0,1.0,0.0,0.0,,,,,,,,,,,,,,,,,,,,,,,,,,,,,,,,,,,,,,,,
2013,jordan devey,OT,Memphis,6-7,317.0,5.25,24.0,21.0,98.0,7.91,4.77,False,,,jordan devey,2012.0,,,,,,,,,,,,,,,,,,,,,,,,,,,,,,,,,,,,,,,,,,,,,,,,,,0.0,0.0,1.0,0.0,0.0
2013,quinton dial,DT,Alabama,6-5,318.0,5.29,,,,,,True,5.0,157.0,quinton dial,,,,,,,,,,,,,,,,,,,,,,,,,,,,,,,,,,,,,,,,,,,,,,,,,,,,,,,
2013,aaron dobson,WR,Marshall,6-3,210.0,4.37,,,,,,True,2.0,59.0,aaron dobson,2012.0,,,,,,,,,,,,,,,,,,,,,,,,,,,,,,,,,,,,,,,,,,,,,40.0,57.0,3.0,679.0,11.9,,,,,
2013,alex dunnachie,P,Hawaii,6-3,217.0,4.97,,,,,,False,,,alex dunnachie,2012.0,,,,,,,,,,,,,,,,,,,,,,,,,,,,,,,,,,,,,,,0.0,73.0,49.0,0.0,2262.0,46.2,,,,,,1.0,0.0,0.0,,
2013,zac dysert,QB,Miami (OH),6-3,231.0,4.81,,,,,,True,7.0,234.0,zac dysert,2012.0,,,,,,,,,,,,,,,,,,,,,,,,,,,480.0,302.0,12.0,0.629,25.0,3483.0,7.3,,,,,,0.0,41.0,3.0,0.0,100.0,33.3,,,,,,108.0,40.0,2.0,265.0,2.5
2013,lavar edwards,DE,LSU,6-4,277.0,4.8,33.0,,119.0,7.03,4.51,True,5.0,142.0,lavar edwards,2012.0,,,,,,,,,,,23.0,1.0,1.0,23.0,,,,,,,,,,,,,,,,,,,,,,,,,,,,,,,,,,,,,,,,
2013,mike edwards,CB,Hawaii,5-9,189.0,4.56,36.0,14.0,124.0,6.94,4.18,True,3.0,99.0,mike edwards,2018.0,6.0,1.0,0.0,56.0,1.0,9.0,84.0,0.0,0.0,1.0,39.5,2.0,1.0,79.0,,,,,,,,,,,,,,,,,,,,,,,,,,,,,,,,,,,,,,,,
2013,tyler eifert,TE,Notre Dame,6-5,250.0,4.68,35.5,22.0,119.0,6.92,4.32,True,1.0,21.0,tyler eifert,2012.0,,,,,,,,,,,,,,,,,,,,,,,,,,,,,,,,,,,,,,,,,,,,,38.0,50.0,4.0,685.0,13.7,,,,,
2013,matt elam,S,Florida,5-10,208.0,4.43,35.5,17.0,118.0,,,True,1.0,32.0,matt elam,2012.0,,,,,,,,,,,18.3,4.0,0.0,73.0,,,,,,,,,,,,,,,,,,,,,,,,,,,,,,,,,,,,1.0,5.0,0.0,5.0,5.0
2013,andre ellington,RB,Clemson,5-9,199.0,4.61,34.0,,122.0,,,True,6.0,187.0,andre ellington,2012.0,,,,,,,,,,,,,,,22.3,39.0,8.0,0.0,178.0,,,,,,,,,,,,,,,,,,,,,,,,,,52.0,14.0,1.0,232.0,16.6,212.0,68.0,8.0,1081.0,5.1
2013,zach ertz,TE,Stanford,6-5,249.0,4.76,30.5,24.0,111.0,7.08,4.47,True,2.0,35.0,zach ertz,2012.0,,,,,,,,,,,,,,,,,,,,,,,,,,,,,,,,,,,,,,,,,,,,,68.0,69.0,6.0,898.0,13.0,,,,,
2013,gavin escobar,TE,San Diego State,6-6,254.0,4.84,32.0,,114.0,7.07,4.31,True,2.0,47.0,gavin escobar,2012.0,,,,,,,,,,,,,,,11.0,11.0,1.0,0.0,11.0,,,,,,,,,,,,,,,,,,,,,,,,,,52.0,42.0,6.0,543.0,12.9,2.0,9.0,0.0,7.0,3.5
2013,josh evans,S,Florida,6-1,207.0,4.58,34.5,,123.0,6.64,4.1,True,6.0,169.0,josh evans,2012.0,,,,,,,,,,,3.7,3.0,0.0,11.0,,,,,,,,,,,,,,,,,,,,,,,,,,,,,,,,,,,,,,,,
2013,chris faulk,OT,LSU,6-5,331.0,5.08,,25.0,,,,False,,,chris faulk,,,,,,,,,,,,,,,,,,,,,,,,,,,,,,,,,,,,,,,,,,,,,,,,,,,,,,,
2013,joseph fauria,TE,UCLA,6-7,259.0,4.82,,17.0,,,,False,,,joseph fauria,2012.0,,,,,,,,,,,,,,,,,,,,,,,,,,,,,,,,,,,,,,,,,,,,,36.0,46.0,12.0,637.0,13.8,,,,,
2013,eric fisher,OT,Central Michigan,6-7,306.0,5.05,28.5,27.0,116.0,7.59,4.44,True,1.0,1.0,eric fisher,,,,,,,,,,,,,,,,,,,,,,,,,,,,,,,,,,,,,,,,,,,,,,,,,,,,,,,
2013,sharrif floyd,DT,Florida,6-3,297.0,4.92,30.0,,106.0,7.4,4.75,True,1.0,23.0,sharrif floyd,,,,,,,,,,,,,,,,,,,,,,,,,,,,,,,,,,,,,,,,,,,,,,,,,,,,,,,
2013,d.j. fluker,OT,Alabama,6-5,339.0,5.31,,21.0,,,,True,1.0,11.0,dj fluker,,,,,,,,,,,,,,,,,,,,,,,,,,,,,,,,,,,,,,,,,,,,,,,,,,,,,,,
2013,manese foketi,OG,Texas A&M,6-5,318.0,5.54,23.5,25.0,102.0,8.11,5.06,False,,,manese foketi,,,,,,,,,,,,,,,,,,,,,,,,,,,,,,,,,,,,,,,,,,,,,,,,,,,,,,,
2013,michael ford,RB,LSU,5-9,210.0,4.5,38.5,25.0,130.0,6.87,4.25,False,,,michael ford,2012.0,,,,,,,,,,,,,,,27.5,86.0,20.0,0.0,549.0,,,,,,,,,,,,,,,,,,,,,,,,,,27.0,2.0,0.0,29.0,14.5,71.0,22.0,3.0,392.0,5.5
2013,reid fragel,OT,Ohio State,6-8,308.0,5.14,30.0,33.0,113.0,7.62,4.68,True,7.0,240.0,reid fragel,2011.0,,,,,,,,,,,,,,,,,,,,,,,,,,,,,,,,,,,,,,,,,,,,,20.0,5.0,0.0,64.0,12.8,,,,,
2013,johnathan franklin,RB,UCLA,5-10,205.0,4.49,31.5,18.0,115.0,6.89,4.31,True,4.0,125.0,johnathan franklin,2012.0,,,,,,,,,,,,,,,5.0,5.0,1.0,0.0,5.0,,,,,,,,,,,,,,,,,,,,,,,,,,40.0,33.0,2.0,323.0,9.8,282.0,78.0,13.0,1734.0,6.1
2013,travis frederick,C,Wisconsin,6-4,312.0,5.58,28.5,21.0,97.0,7.81,4.76,True,1.0,31.0,travis frederick,,,,,,,,,,,,,,,,,,,,,,,,,,,,,,,,,,,,,,,,,,,,,,,,,,,,,,,
2013,corey fuller,WR,Virginia Tech,6-2,204.0,4.43,31.5,12.0,120.0,,,True,6.0,171.0,corey fuller,2012.0,,,,,,,,,,,,,,,,,,,,,,,,,,,,,,,,,,,,,,,,,,,,,104.0,50.0,7.0,895.0,30.4,1.0,10.0,0.0,10.0,10.0
2013,matt furstenburg,TE,Maryland,6-4,242.0,4.62,35.5,18.0,115.0,7.09,4.35,False,,,matt furstenburg,2012.0,,,,,,,,,,,,,,,,,,,,,,,,,,,,,,,,,,,,,,,,,,,,,29.0,16.0,2.0,206.0,12.9,,,,,
2013,rogers gaines,OT,Tennessee State,6-6,334.0,5.24,23.0,28.0,,,5.24,False,,,rogers gaines,,,,,,,,,,,,,,,,,,,,,,,,,,,,,,,,,,,,,,,,,,,,,,,,,,,,,,,
2013,kwame geathers,DT,Georgia,6-5,342.0,5.44,26.5,,96.0,8.11,5.27,False,,,kwame geathers,,,,,,,,,,,,,,,,,,,,,,,,,,,,,,,,,,,,,,,,,,,,,,,,,,,,,,,
2013,william gholston,DE,Michigan State,6-6,281.0,4.96,28.5,23.0,110.0,7.2,4.59,True,4.0,126.0,william gholston,,,,,,,,,,,,,,,,,,,,,,,,,,,,,,,,,,,,,,,,,,,,,,,,,,,,,,,
2013,garrett gilkey,OT,Chadron State,6-6,318.0,5.29,30.0,28.0,108.0,7.65,4.75,True,7.0,227.0,garrett gilkey,,,,,,,,,,,,,,,,,,,,,,,,,,,,,,,,,,,,,,,,,,,,,,,,,,,,,,,
2013,mike gillislee,RB,Florida,5-11,208.0,4.55,30.5,15.0,119.0,7.12,4.4,True,5.0,164.0,mike gillislee,2012.0,,,,,,,,,,,,,,,5.5,11.0,2.0,0.0,11.0,,,,,,,,,,,,,,,,,,,,,,,,,,45.0,16.0,1.0,159.0,9.9,244.0,46.0,10.0,1152.0,4.7
2013,mike glennon,QB,North Carolina State,6-7,225.0,4.94,26.5,,102.0,7.49,4.52,True,3.0,73.0,mike glennon,2012.0,,,,,,,,,,,,,,,,,,,,,,,,,,,564.0,330.0,17.0,0.585,31.0,4031.0,7.1,,,,,,,,,,,,,,,,,56.0,14.0,2.0,,
2013,tyrone goard,WR,East. Kentucky,6-4,205.0,4.5,36.0,10.0,123.0,6.9,4.39,False,,,tyrone goard,,,,,,,,,,,,,,,,,,,,,,,,,,,,,,,,,,,,,,,,,,,,,,,,,,,,,,,
2013,zaviar gooden,OLB,Missouri,6-1,234.0,4.47,34.0,27.0,131.0,6.71,4.18,True,3.0,97.0,zaviar gooden,2012.0,,,,,,,,,,,20.0,1.0,1.0,20.0,,,,,,,,,,,,,,,,,,,,,,,,,,,,,,,,,,,,,,,,
2013,malliciah goodman,DE,Clemson,6-4,276.0,4.87,31.5,26.0,114.0,,,True,4.0,127.0,malliciah goodman,,,,,,,,,,,,,,,,,,,,,,,,,,,,,,,,,,,,,,,,,,,,,,,,,,,,,,,
2013,marquise goodwin,WR,Texas,5-9,183.0,4.27,,13.0,132.0,,,True,3.0,78.0,marquise goodwin,2012.0,,,,,,,,,,,,,,,25.2,48.0,13.0,0.0,327.0,,,,,,,,,,,,,,,,,,,,,,,,,,55.0,26.0,3.0,340.0,13.1,13.0,69.0,3.0,140.0,10.8
2013,chris gragg,TE,Arkansas,6-3,244.0,4.5,37.5,18.0,125.0,7.08,4.51,True,7.0,222.0,chris gragg,2012.0,,,,,,,,,,,,,,,,,,,,,,,,,,,,,,,,,,,,,,,,,,,,,42.0,22.0,3.0,289.0,13.1,,,,,
2013,ray graham,RB,Pittsburgh,5-9,199.0,4.8,32.5,18.0,112.0,7.17,4.21,False,,,ray graham,2012.0,,,,,,,,,,,,,,,,,,,,,,,,,,,,,,,,,,,,,,,,,,,,,33.0,36.0,2.0,340.0,9.4,222.0,78.0,11.0,1042.0,4.7
2013,dwayne gratz,CB,Connecticut,5-11,201.0,4.47,38.0,22.0,125.0,6.7,4.15,True,3.0,64.0,dwayne gratz,2012.0,,,,,,,,,,,12.3,3.0,1.0,37.0,,,,,,,,,,,,,,,,,,,,,,,,,,,,,,,,,,,,,,,,
2013,marqueis gray,QB,Minnesota,6-3,240.0,4.65,30.0,15.0,111.0,7.25,4.3,False,,,marqueis gray,2012.0,,,,,,,,,,,,,,,,,,,,,,,,,,,59.0,34.0,2.0,0.576,5.0,472.0,8.0,,,,,,,,,,,,33.0,12.0,0.0,121.0,10.1,72.0,75.0,5.0,390.0,5.4
2013,khaseem greene,OLB,Rutgers,6-1,241.0,4.71,30.0,17.0,116.0,7.58,4.2,True,4.0,117.0,khaseem greene,2012.0,,,,,,,,,,,29.0,2.0,0.0,58.0,,,,,,,,,,,,,,,,,,,,,,,,,,,,,,,,,,,,,,,,
2013,cory grissom,DT,South Florida,6-1,306.0,5.31,27.5,22.0,97.0,7.79,4.81,False,,,cory grissom,,,,,,,,,,,,,,,,,,,,,,,,,,,,,,,,,,,,,,,,,,,,,,,,,,,,,,,
2013,cobi hamilton,WR,Arkansas,6-2,212.0,4.56,29.5,11.0,107.0,,4.31,True,6.0,197.0,cobi hamilton,2012.0,,,,,,,,,,,,,,,,,,,,,,,,,,,,,,,,,,,,,,,,,,,,,80.0,90.0,5.0,1335.0,14.8,,,,,
2013,johnathan hankins,DT,Ohio State,6-3,320.0,5.31,26.0,,104.0,7.59,4.61,True,2.0,49.0,johnathan hankins,,,,,,,,,,,,,,,,,,,,,,,,,,,,,,,,,,,,,,,,,,,,,,,,,,,,,,,
2013,d.j. harper,RB,Boise State,5-9,211.0,4.52,33.5,23.0,120.0,7.07,4.35,False,,,dj harper,2012.0,,,,,,,,,,,,,,,24.6,38.0,7.0,0.0,172.0,,,,,,,,,,,,,,,,,,,,,,,,,,21.0,23.0,1.0,163.0,7.1,228.0,80.0,15.0,1137.0,5.0
2013,chris harper,WR,Kansas State,6-1,229.0,4.55,35.5,20.0,116.0,6.89,4.39,True,4.0,123.0,chris harper,2013.0,,,,,,,,,,,,,,,,,,,,,,,,,,,2.0,1.0,0.0,0.5,0.0,,,9.0,13.0,2.0,0.0,18.0,,,,,,,89.0,70.0,5.0,852.0,12.2,2.0,11.0,0.0,6.0,3.0
2013,montel harris,RB,Temple,5-8,208.0,4.68,32.5,19.0,113.0,6.95,4.18,False,,,montel harris,2012.0,,,,,,,,,,,,,,,,,,,,,,,,,,,,,,,,,,4.4,12.0,5.0,0.0,22.0,,,,,,,40.0,10.0,0.0,90.0,9.0,186.0,60.0,12.0,1054.0,5.7
2013,mark harrison,WR,Rutgers,6-3,231.0,4.46,38.5,17.0,129.0,6.99,4.33,False,,,mark harrison,2012.0,,,,,,,,,,,,,,,,,,,,,,,,,,,,,,,,,,,,,,,,,,,,,71.0,44.0,6.0,583.0,13.3,,,,,
2013,tanner hawkinson,OT,Kansas,6-5,298.0,5.07,28.5,,112.0,7.52,4.51,True,5.0,156.0,tanner hawkinson,,,,,,,,,,,,,,,,,,,,,,,,,,,,,,,,,,,,,,,,,,,,,,,,,,,,,,,
2013,terry hawthorne,CB,Illinois,6-0,195.0,4.44,35.5,13.0,116.0,,,True,5.0,150.0,terry hawthorne,2012.0,,,,,,,,,,,0.0,1.0,0.0,0.0,21.3,45.0,12.0,0.0,255.0,,,,,,,,,,,,,,,3.0,7.0,3.0,0.0,9.0,,,,,,,,,,,,,,,,
2013,d.j. hayden,CB,Houston,5-11,191.0,4.4,,,,,,True,1.0,12.0,dj hayden,2012.0,,,,,,,,,,,42.8,4.0,2.0,171.0,,,,,,,,,,,,,,,,,,,,11.0,11.0,1.0,0.0,11.0,,,,,,,,,,,,,,,,
2013,brandon hepburn,ILB,Florida A&M,6-2,240.0,4.68,32.0,21.0,124.0,7.4,4.55,True,7.0,245.0,brandon hepburn,,,,,,,,,,,,,,,,,,,,,,,,,,,,,,,,,,,,,,,,,,,,,,,,,,,,,,,
2013,eric herman,OG,Ohio,6-4,320.0,5.25,28.0,36.0,95.0,7.99,5.09,True,7.0,225.0,eric herman,,,,,,,,,,,,,,,,,,,,,,,,,,,,,,,,,,,,,,,,,,,,,,,,,,,,,,,
2013,aaron hester,CB,UCLA,6-2,198.0,4.62,29.0,,112.0,7.26,4.33,False,,,aaron hester,2012.0,,,,,,,,,,,14.0,1.0,0.0,14.0,,,,,,,,,,,,,,,,,,,,,,,,,,,,,,,,,,,,,,,,
2013,jordan hill,DT,Penn State,6-1,303.0,5.23,22.5,28.0,103.0,7.49,4.51,True,3.0,87.0,jordan hill,2012.0,,,,,,,,,,,9.0,1.0,0.0,9.0,,,,,,,,,,,,,,,,,,,,,,,,,,,,,,,,,,,,,,,,
2013,gerald hodges,OLB,Penn State,6-1,243.0,4.78,,22.0,119.0,,,True,4.0,120.0,gerald hodges,2012.0,,,,,,,,,,,0.0,2.0,0.0,0.0,12.0,12.0,1.0,0.0,12.0,,,,,,,,,,,,,,,,0.0,2.0,0.0,,,,,,,,,,,,,,,,,
2013,devonte holloman,OLB,South Carolina,6-1,243.0,4.76,33.0,15.0,113.0,7.3,4.26,True,6.0,185.0,devonte holloman,2012.0,,,,,,,,,,,8.3,3.0,0.0,25.0,,,,,,,,,,,,,,,,,,,,,,,,,,,,,,,,,,,,,,,,
2013,khaled holmes,C,USC,6-3,302.0,5.29,,13.0,,,,True,4.0,121.0,khaled holmes,,,,,,,,,,,,,,,,,,,,,,,,,,,,,,,,,,,,,,,,,,,,,,,,,,,,,,,
2013,deandre hopkins,WR,Clemson,6-1,214.0,4.57,36.0,15.0,115.0,,4.5,True,1.0,27.0,deandre hopkins,2012.0,,,,,,,,,,,,,,,,,,,,,,,,,,,1.0,0.0,0.0,0.0,0.0,0.0,0.0,,,,,,,,,,,,62.0,82.0,18.0,1405.0,17.1,,,,,
2013,dustin hopkins,K,Florida State,6-2,193.0,4.74,33.5,,116.0,,,True,6.0,177.0,dustin hopkins,2012.0,,,,,,,,,,,,,,,,,,,,30.0,25.0,56.0,0.833,140.0,66.0,65.0,,,,,,,,,,,,,,,,,,,,,,,,,,,,
2013,josh hubner,P,Arizona State,6-4,232.0,5.06,,13.0,,,,False,,,josh hubner,2012.0,,,,,,,,,,,,,,,,,,,,,,,,,,,,,,,,,,,,,,,0.0,73.0,52.0,0.0,2451.0,47.1,,,,,,,,,,
2013,montori hughes,DT,Tennessee-Martin,6-4,329.0,5.23,26.5,22.0,104.0,7.85,4.7,True,5.0,139.0,montori hughes,,,,,,,,,,,,,,,,,,,,,,,,,,,,,,,,,,,,,,,,,,,,,,,,,,,,,,,
2013,margus hunt,DE,SMU,6-8,277.0,4.62,34.5,38.0,121.0,7.07,4.51,True,2.0,53.0,margus hunt,2012.0,,,,,,,,,,,9.0,1.0,0.0,9.0,,,,,,,,,,,,,,,,,,,,,,,,,,,,,,,,,,,,,,,,
2013,justin hunter,WR,Tennessee,6-4,196.0,4.44,39.5,,136.0,,4.33,True,2.0,34.0,justin hunter,2012.0,,,,,,,,,,,,,,,,,,,,,,,,,,,,,,,,,,2.5,9.0,2.0,0.0,5.0,,,,,,,46.0,73.0,9.0,1083.0,14.8,,,,,
2013,micah hyde,CB,Iowa,6-0,197.0,4.56,33.0,12.0,121.0,6.78,4.2,True,5.0,159.0,micah hyde,2012.0,,,,,,,,,,,0.0,1.0,0.0,0.0,,,,,,,,,,,,,,,,,,,,7.0,29.0,17.0,0.0,119.0,,,,,,,,,,,,,,,,
2013,luke ingram,LS,Hawaii,6-5,258.0,5.05,,24.0,106.0,,,False,,,luke ingram,,,,,,,,,,,,,,,,,,,,,,,,,,,,,,,,,,,,,,,,,,,,,,,,,,,,,,,
2013,mark jackson,OG,Glenville State,6-5,328.0,5.65,20.5,20.0,91.0,8.07,5.03,False,,,mark jackson,,,,,,,,,,,,,,,,,,,,,,,,,,,,,,,,,,,,,,,,,,,,,,,,,,,,,,,
2013,mike james,RB,Miami (FL),5-10,223.0,4.53,35.0,28.0,115.0,,4.62,True,6.0,189.0,mike james,2012.0,,,,,,,,,,,,,,,11.0,11.0,1.0,0.0,11.0,,,,,,,,,,,,,,,,,,,,,,,,,,72.0,30.0,3.0,344.0,11.5,147.0,25.0,6.0,621.0,4.2
2013,jawan jamison,RB,Rutgers,5-7,203.0,4.68,29.0,20.0,110.0,,,True,7.0,228.0,jawan jamison,2012.0,,,,,,,,,,,,,,,,,,,,,,,,,,,1.0,1.0,0.0,1.0,1.0,16.0,16.0,,,,,,,,,,,,34.0,28.0,2.0,323.0,11.5,255.0,64.0,4.0,1075.0,4.2
2013,stefphon jefferson,RB,Nevada,5-10,213.0,4.68,31.0,15.0,117.0,6.97,4.44,False,,,stefphon jefferson,2012.0,,,,,,,,,,,,,,,,,,,,,,,,,,,,,,,,,,,,,,,,,,,,,55.0,22.0,1.0,170.0,7.7,375.0,63.0,24.0,1883.0,5.0
2013,d.c. jefferson,TE,Rutgers,6-6,255.0,4.97,,3.0,,,,True,7.0,219.0,dc jefferson,2012.0,,,,,,,,,,,,,,,,,,,,,,,,,,,,,,,,,,,,,,,,,,,,,19.0,20.0,1.0,168.0,8.4,,,,,
2013,tony jefferson,S,Oklahoma,5-11,213.0,4.75,,16.0,,,,False,,,tony jefferson,2012.0,,,,,,,,,,,7.0,2.0,0.0,14.0,,,,,,,,,,,,,,,,,,,,,,,,,,,,,,,,,,,,,,,,
2013,brandon jenkins,DE,Florida State,6-2,251.0,5.07,,18.0,,,,True,5.0,162.0,brandon jenkins,,,,,,,,,,,,,,,,,,,,,,,,,,,,,,,,,,,,,,,,,,,,,,,,,,,,,,,
2013,jelani jenkins,ILB,Florida,6-0,243.0,4.65,,27.0,,,,True,4.0,104.0,jelani jenkins,2012.0,,,,,,,,,,,14.0,1.0,0.0,14.0,,,,,,,,,,,,,,,,,,,,36.0,36.0,1.0,1.0,36.0,,,,,,,,,,,,,,,,
2013,john jenkins,DT,Georgia,6-4,346.0,5.21,,30.0,,,,True,3.0,82.0,john jenkins,,,,,,,,,,,,,,,,,,,,,,,,,,,,,,,,,,,,,,,,,,,,,,,,,,,,,,,
2013,luke joeckel,OT,Texas A&M,6-6,306.0,5.3,28.5,27.0,106.0,7.4,4.68,True,1.0,2.0,luke joeckel,,,,,,,,,,,,,,,,,,,,,,,,,,,,,,,,,,,,,,,,,,,,,,,,,,,,,,,
2013,darius johnson,WR,SMU,5-9,179.0,4.6,32.0,6.0,109.0,,4.53,False,,,darius johnson,2012.0,,,,,,,,,,,,,,,17.0,17.0,1.0,0.0,17.0,,,,,,,,,,,,,,,9.5,31.0,4.0,0.0,38.0,,,,,,,70.0,64.0,5.0,787.0,12.3,,,,,
2013,josh johnson,CB,Purdue,5-9,199.0,4.65,35.0,16.0,114.0,6.99,4.25,False,,,josh johnson,2022.0,0.0,0.0,0.0,8.0,0.0,1.0,10.0,,,,,,,,,,,,,,,,,,,,,,,,,,,,,,,,,,,,,,,,,,,,,,,
2013,keelan johnson,S,Arizona State,6-0,209.0,4.54,36.5,12.0,125.0,6.77,4.07,False,,,keelan johnson,2012.0,,,,,,,,,,,7.8,5.0,0.0,39.0,,,,,,,,,,,,,,,,,,,,,,,,,,,,,,,,,,,,,,,,
2013,lane johnson,OT,Oklahoma,6-6,303.0,4.72,34.0,28.0,118.0,7.31,4.52,True,1.0,4.0,lane johnson,,,,,,,,,,,,,,,,,,,,,,,,,,,,,,,,,,,,,,,,,,,,,,,,,,,,,,,
2013,nico johnson,ILB,Alabama,6-2,248.0,4.73,,,,,,True,4.0,99.0,nico johnson,2011.0,,,,,,,,,,,2.0,1.0,0.0,2.0,,,,,,,,,,,,,,,,,,,,,,,,,,,,,,,,,,,,,,,,
2013,oscar johnson,OT,Louisiana Tech,6-5,331.0,5.49,22.0,,88.0,8.06,5.06,False,,,oscar johnson,,,,,,,,,,,,,,,,,,,,,,,,,,,,,,,,,,,,,,,,,,,,,,,,,,,,,,,
2013,t.j. johnson,C,South Carolina,6-4,310.0,5.33,25.5,32.0,96.0,7.83,4.74,True,7.0,251.0,tj johnson,,,,,,,,,,,,,,,,,,,,,,,,,,,,,,,,,,,,,,,,,,,,,,,,,,,,,,,
2013,jamaal johnson-webb,OG,Alabama A&M,6-5,313.0,5.37,23.0,17.0,92.0,8.12,4.74,False,,,jamaal johnsonwebb,,,,,,,,,,,,,,,,,,,,,,,,,,,,,,,,,,,,,,,,,,,,,,,,,,,,,,,
2013,abry jones,DT,Georgia,6-3,313.0,5.06,26.5,30.0,101.0,,,False,,,abry jones,,,,,,,,,,,,,,,,,,,,,,,,,,,,,,,,,,,,,,,,,,,,,,,,,,,,,,,
2013,barrett jones,C,Alabama,6-4,306.0,5.43,,,,,,True,4.0,113.0,barrett jones,,,,,,,,,,,,,,,,,,,,,,,,,,,,,,,,,,,,,,,,,,,,,,,,,,,,,,,
2013,chris jones,DT,Bowling Green,6-2,302.0,5.33,,30.0,,7.34,4.44,True,6.0,198.0,chris jones,2017.0,1.0,0.0,0.0,7.0,0.0,0.0,9.0,,,,,,,,17.6,22.0,7.0,0.0,123.0,,,,,,,,,,,,,,,7.5,18.0,15.0,0.0,113.0,,,,,,,58.0,27.0,4.0,543.0,27.6,20.0,42.0,1.0,105.0,15.100000000000001
2013,datone jones,DE,UCLA,6-4,283.0,4.8,31.5,29.0,112.0,7.32,4.32,True,1.0,26.0,datone jones,2012.0,,,,,,,,,,,,,,,,,,,,,,,,,,,,,,,,,,,,,,,,,,,,,7.0,1.0,1.0,7.0,7.0,,,,,
2013,jarvis jones,OLB,Georgia,6-2,245.0,4.74,,,,,,True,1.0,17.0,jarvis jones,2012.0,,,,,,,,,,,21.0,1.0,0.0,21.0,,,,,,,,,,,,,,,,,,,,,,,,,,,,,,,,,,,,,,,,
2013,landry jones,QB,Oklahoma,6-4,225.0,5.11,31.0,,115.0,7.12,4.3,True,4.0,115.0,landry jones,2012.0,,,,,,,,,,,,,,,,,,,,,,,,,,,555.0,367.0,11.0,0.661,30.0,4267.0,7.7,,,,,,,,,,,,,,,,,14.0,5.0,0.0,,
2013,dion jordan,OLB,Oregon,6-6,248.0,4.54,32.5,,122.0,7.02,4.35,True,1.0,3.0,dion jordan,,,,,,,,,,,,,,,,,,,,,,,,,,,,,,,,,,,,,,,,,,,,,,,,,,,,,,,
2013,nick kasa,TE,Colorado,6-6,269.0,4.71,31.5,22.0,113.0,,,True,6.0,172.0,nick kasa,2012.0,,,,,,,,,,,,,,,,,,,,,,,,,,,,,,,,,,,,,,,,,,,,,70.0,25.0,3.0,391.0,15.6,,,,,
2013,brandon kaufman,WR,East. Washington,6-5,216.0,4.67,33.5,9.0,115.0,7.11,4.44,False,,,brandon kaufman,,,,,,,,,,,,,,,,,,,,,,,,,,,,,,,,,,,,,,,,,,,,,,,,,,,,,,,
2013,travis kelce,TE,Cincinnati,6-5,255.0,4.63,,,,,,True,3.0,63.0,travis kelce,2012.0,,,,,,,,,,,,,,,,,,,,,,,,,,,1.0,1.0,0.0,1.0,1.0,39.0,39.0,,,,,,,,,,,,83.0,45.0,8.0,722.0,16.0,,,,,
2013,tavarres king,WR,Georgia,6-0,189.0,4.47,36.5,11.0,123.0,6.91,4.33,True,5.0,161.0,tavarres king,2012.0,,,,,,,,,,,,,,,,,,,,,,,,,,,,,,,,,,,,,,,,,,,,,75.0,42.0,9.0,950.0,22.6,1.0,0.0,0.0,0.0,0.0
2013,a.j. klein,ILB,Iowa State,6-1,250.0,4.66,,20.0,113.0,,,True,5.0,148.0,aj klein,2012.0,,,,,,,,,,,87.0,1.0,1.0,87.0,,,,,,,,,,,,,,,,,,,,,,,,,,,,,,,,,,,,,,,,
2013,collin klein,QB,Kansas State,6-5,226.0,4.78,29.0,,111.0,7.17,4.4,False,,,collin klein,2012.0,,,,,,,,,,,,,,,,,,,,,,,,,,,304.0,197.0,9.0,0.648,16.0,2641.0,8.7,,,,,,,,,,,,,,,,,207.0,34.0,23.0,920.0,4.4
2013,jake knott,OLB,Iowa State,6-2,243.0,4.84,,,,,,False,,,jake knott,2012.0,,,,,,,,,,,17.0,2.0,0.0,34.0,,,,,,,,,,,,,,,,,,,,,,,,,,,,,,,,,,,,,,,,
2013,scott kovanda,P,Ball State,6-2,207.0,4.84,,,,,,False,,,scott kovanda,2012.0,,,,,,,,,,,,,,,,,,,,,,,,,,,,,,,,,,,,,,,0.0,56.0,47.0,0.0,1892.0,40.3,,,,,,1.0,0.0,0.0,,
2013,joe kruger,DE,Utah,6-6,269.0,4.83,34.0,24.0,117.0,7.17,4.46,True,7.0,212.0,joe kruger,2012.0,,,,,,,,,,,24.0,1.0,1.0,24.0,,,,,,,,,,,,,,,,,,,,,,,,,,,,,,,,,,,,,,,,
2013,edmund kugbila,OG,Valdosta State,6-4,317.0,5.13,22.5,23.0,105.0,7.72,4.65,True,4.0,108.0,edmund kugbila,,,,,,,,,,,,,,,,,,,,,,,,,,,,,,,,,,,,,,,,,,,,,,,,,,,,,,,
2013,eddie lacy,RB,Alabama,5-11,231.0,4.55,,,,,,True,2.0,61.0,eddie lacy,2012.0,,,,,,,,,,,,,,,,,,,,,,,,,,,,,,,,,,,,,,,,,,,,,27.0,22.0,2.0,189.0,8.6,204.0,73.0,17.0,1322.0,6.5
2013,marcus lattimore,RB,South Carolina,5-11,221.0,4.65,,,,,,True,4.0,131.0,marcus lattimore,2012.0,,,,,,,,,,,,,,,,,,,,,,,,,,,,,,,,,,,,,,,,,,,,,24.0,26.0,0.0,173.0,6.7,143.0,43.0,11.0,662.0,4.6
2013,alec lemon,WR,Syracuse,6-1,202.0,4.59,32.0,7.0,112.0,7.04,4.29,False,,,alec lemon,2012.0,,,,,,,,,,,,,,,,,,,,,,,,,,,,,,,,,,,,,,,,,,,,,68.0,72.0,7.0,1070.0,14.9,4.0,11.0,1.0,13.0,3.3
2013,corey lemonier,DE,Auburn,6-3,255.0,4.6,33.0,27.0,119.0,7.14,4.4,True,3.0,88.0,corey lemonier,,,,,,,,,,,,,,,,,,,,,,,,,,,,,,,,,,,,,,,,,,,,,,,,,,,,,,,
2013,robert lester,S,Alabama,6-1,220.0,4.66,33.5,,117.0,,,False,,,robert lester,2012.0,,,,,,,,,,,12.8,4.0,0.0,51.0,,,,,,,,,,,,,,,,,,,,,,,,,,,,,,,,,,,,,,,,
2013,kapron lewis-moore,DT,Notre Dame,6-4,298.0,4.95,,,,,,True,6.0,200.0,kapron lewismoore,,,,,,,,,,,,,,,,,,,,,,,,,,,,,,,,,,,,,,,,,,,,,,,,,,,,,,,
2013,zach line,FB,SMU,6-0,232.0,4.77,30.5,26.0,111.0,,,False,,,zach line,2012.0,,,,,,,,,,,,,,,,,,,,,,,,,,,,,,,,,,,,,,,,,,,,,29.0,33.0,0.0,229.0,6.9,277.0,33.0,13.0,1278.0,4.6
2013,jeff locke,P,UCLA,6-1,209.0,4.82,,,,,,True,5.0,155.0,jeff locke,2012.0,,,,,,,,,,,,,,,,,,,,,,,,,,,,,,,,,,,,,,,0.0,64.0,77.0,0.0,3337.0,43.3,,,,,,1.0,8.0,0.0,8.0,8.0
2013,bennie logan,DT,LSU,6-2,309.0,5.08,25.0,30.0,104.0,7.53,4.67,True,3.0,67.0,bennie logan,,,,,,,,,,,,,,,,,,,,,,,,,,,,,,,,,,,,,,,,,,,,,,,,,,,,,,,
2013,p.j. lonergan,C,LSU,6-3,304.0,5.38,,25.0,,,,False,,,pj lonergan,,,,,,,,,,,,,,,,,,,,,,,,,,,,,,,,,,,,,,,,,,,,,,,,,,,,,,,
2013,kyle long,OG,Oregon,6-6,313.0,4.91,28.0,,107.0,7.83,4.63,True,1.0,20.0,kyle long,,,,,,,,,,,,,,,,,,,,,,,,,,,,,,,,,,,,,,,,,,,,,,,,,,,,,,,
2013,john lotulelei,OLB,UNLV,5-11,233.0,4.84,35.5,25.0,117.0,6.91,4.3,False,,,john lotulelei,2012.0,,,,,,,,,,,4.0,1.0,0.0,4.0,,,,,,,,,,,,,,,,,,,,,,,,,,,,,,,,,,,,,,,,
2013,star lotulelei,DT,Utah,6-2,311.0,5.14,,,,,,True,1.0,14.0,star lotulelei,2011.0,,,,,,,,,,,,,,,,,,,,,,,,,,,,,,,,,,,,,,,,,,,,,17.0,1.0,0.0,17.0,17.0,,,,,
2013,philip lutzenkirchen,TE,Auburn,6-3,258.0,4.94,30.5,21.0,112.0,7.15,4.35,False,,,philip lutzenkirchen,2012.0,,,,,,,,,,,,,,,,,,,,,,,,,,,,,,,,,,,,,,,,,,,,,38.0,15.0,0.0,139.0,9.3,,,,,
2013,joe madsen,C,West Virginia,6-3,310.0,5.2,25.0,25.0,98.0,7.6,4.83,False,,,joe madsen,,,,,,,,,,,,,,,,,,,,,,,,,,,,,,,,,,,,,,,,,,,,,,,,,,,,,,,
2013,lamar mady,OG,Youngstown State,6-2,317.0,5.48,23.0,35.0,95.0,8.07,4.82,False,,,lamar mady,,,,,,,,,,,,,,,,,,,,,,,,,,,,,,,,,,,,,,,,,,,,,,,,,,,,,,,
2013,brandon magee,OLB,Arizona State,5-11,223.0,4.74,,,114.0,,,False,,,brandon magee,2012.0,,,,,,,,,,,22.5,2.0,1.0,45.0,,,,,,,,,,,,,,,,,,,,,,,,,,,,,,,,,,,,,,,,
2013,brett maher,K,Nebraska,6-0,186.0,4.89,,,,,,False,,,brett maher,2012.0,,,,,,,,,,,,,,,,,,,,27.0,20.0,54.0,0.741,119.0,59.0,59.0,,,,,,,,,,,,,0.0,69.0,61.0,0.0,2552.0,41.8,,,,,,,,,,
2013,e.j. manuel,QB,Florida State,6-5,237.0,4.65,34.0,,118.0,7.08,4.21,True,1.0,16.0,ej manuel,2012.0,,,,,,,,,,,,,,,,,,,,,,,,,,,387.0,263.0,10.0,0.68,23.0,3392.0,8.8,,,,,,,,,,,,11.0,0.0,0.0,11.0,0.0,103.0,28.0,4.0,310.0,3.0
2013,stansly maponga,DE,TCU,6-2,256.0,4.78,,30.0,,,,True,5.0,153.0,stansly maponga,,,,,,,,,,,,,,,,,,,,,,,,,,,,,,,,,,,,,,,,,,,,,,,,,,,,,,,
2013,luke marquardt,OT,Azusa Pacific,6-8,315.0,5.34,,31.0,,,,False,,,luke marquardt,,,,,,,,,,,,,,,,,,,,,,,,,,,,,,,,,,,,,,,,,,,,,,,,,,,,,,,
2013,tyrann mathieu,CB,LSU,5-9,186.0,4.5,34.0,4.0,117.0,6.87,4.14,True,3.0,69.0,tyrann mathieu,2011.0,,,,,,,,,,,8.0,2.0,0.0,16.0,,,,,,,,,,,,,,,,,,,,12.4,92.0,34.0,2.0,421.0,,,,,,,,,,,,,,,,
2013,michael mauti,OLB,Penn State,6-2,243.0,4.83,,28.0,,,,True,7.0,213.0,michael mauti,2012.0,,,,,,,,,,,41.7,3.0,0.0,125.0,,,,,,,,,,,,,,,,,,,,,,,,,,,,,,,,,,,,,,,,
2013,miguel maysonet,RB,Stony Brook,5-9,209.0,4.54,,20.0,,7.21,4.43,False,,,miguel maysonet,,,,,,,,,,,,,,,,,,,,,,,,,,,,,,,,,,,,,,,,,,,,,,,,,,,,,,,
2013,onterio mccalebb,RB,Auburn,5-10,168.0,4.34,34.0,,121.0,,,False,,,onterio mccalebb,2012.0,,,,,,,,,,,,,,,22.7,100.0,23.0,1.0,523.0,,,,,,,,,,,,,,,,,,,,,,,,,,34.0,18.0,0.0,132.0,7.3,94.0,43.0,6.0,570.0,6.1
2013,demetrius mccray,CB,Appalachian State,6-1,187.0,4.54,36.0,4.0,126.0,7.17,4.32,True,7.0,210.0,demetrius mccray,2009.0,,,,,,,,,,,,,,,22.8,35.0,4.0,0.0,91.0,,,,,,,,,,,,,,,0.0,0.0,1.0,0.0,0.0,,,,,,,8.0,8.0,0.0,22.0,2.8,60.0,59.0,1.0,290.0,4.8
2013,lerentee mccray,OLB,Florida,6-2,250.0,4.74,,,,,,False,,,lerentee mccray,2012.0,,,,,,,,,,,25.0,1.0,0.0,25.0,,,,,,,,,,,,,,,,,,,,,,,,,,,,,,,,,,,,,,,,
2013,t.j. mcdonald,S,USC,6-2,219.0,4.59,40.0,19.0,131.0,6.89,4.2,True,3.0,71.0,tj mcdonald,2012.0,,,,,,,,,,,0.0,2.0,0.0,0.0,2.0,2.0,1.0,0.0,2.0,,,,,,,,,,,,,,,,,,,,,,,,,,,,,,,,,,,
2013,vance mcdonald,TE,Rice,6-4,267.0,4.69,33.5,31.0,119.0,7.08,4.53,True,2.0,55.0,vance mcdonald,2012.0,,,,,,,,,,,,,,,,,,,,,,,,,,,,,,,,,,,,,,,,,,,,,38.0,36.0,2.0,458.0,12.7,3.0,11.0,0.0,20.0,6.7
2013,brad mcdougald,S,Illinois,6-0,215.0,4.51,34.5,19.0,122.0,7.07,4.44,False,,,brad mcdougald,,,,,,,,,,,,,,,,,,,,,,,,,,,,,,,,,,,,,,,,,,,,,,,,,,,,,,,
2013,leon mcfadden,CB,San Diego State,5-10,193.0,4.54,34.5,10.0,119.0,6.81,4.27,True,3.0,68.0,leon mcfadden,2012.0,,,,,,,,,,,41.3,3.0,2.0,124.0,,,,,,,,,,,,,,,,,,,,,,,,,,,,,,,,,,,,,,,,
2013,brandon mcgee,CB,Miami (FL),5-11,193.0,4.4,33.5,14.0,119.0,6.71,4.18,True,5.0,149.0,brandon mcgee,2012.0,,,,,,,,,,,13.0,2.0,0.0,26.0,,,,,,,,,,,,,,,,,,,,,,,,,,,,,,,,,,,,,,,,
2013,stacy mcgee,DT,Oklahoma,6-3,308.0,4.98,,,,,,True,6.0,205.0,stacy mcgee,,,,,,,,,,,,,,,,,,,,,,,,,,,,,,,,,,,,,,,,,,,,,,,,,,,,,,,
2013,aaron mellette,WR,Elon,6-2,217.0,4.54,33.5,9.0,123.0,7.11,4.41,True,7.0,238.0,aaron mellette,,,,,,,,,,,,,,,,,,,,,,,,,,,,,,,,,,,,,,,,,,,,,,,,,,,,,,,
2013,christine michael,RB,Texas A&M,5-10,220.0,4.54,43.0,27.0,125.0,6.69,4.02,True,2.0,62.0,christine michael,2012.0,,,,,,,,,,,,,,,,,,,,,,,,,,,,,,,,,,,,,,,,,,,,,16.0,8.0,0.0,48.0,6.0,88.0,40.0,12.0,417.0,4.7
2013,rontez miles,S,California (PA),6-0,203.0,4.62,36.5,,123.0,6.97,4.27,False,,,rontez miles,,,,,,,,,,,,,,,,,,,,,,,,,,,,,,,,,,,,,,,,,,,,,,,,,,,,,,,
2013,stephane milhim,OG,Massachusetts,6-4,314.0,5.14,28.5,,104.0,,4.87,False,,,stephane milhim,,,,,,,,,,,,,,,,,,,,,,,,,,,,,,,,,,,,,,,,,,,,,,,,,,,,,,,
2013,dee milliner,CB,Alabama,6-0,201.0,4.37,36.0,,122.0,6.95,4.32,True,1.0,9.0,dee milliner,2012.0,,,,,,,,,,,17.5,2.0,0.0,35.0,,,,,,,,,,,,,,,,,,,,,,,,,,,,,,,,,,,,,,,,
2013,jordan mills,OT,Louisiana Tech,6-5,316.0,5.37,28.5,20.0,101.0,8.1,4.88,True,5.0,163.0,jordan mills,,,,,,,,,,,,,,,,,,,,,,,,,,,,,,,,,,,,,,,,,,,,,,,,,,,,,,,
2013,barkevious mingo,OLB,LSU,6-4,241.0,4.58,37.0,,128.0,6.84,4.39,True,1.0,6.0,barkevious mingo,,,,,,,,,,,,,,,,,,,,,,,,,,,,,,,,,,,,,,,,,,,,,,,,,,,,,,,
2013,kevin minter,ILB,LSU,6-0,246.0,4.81,33.0,25.0,119.0,,,True,2.0,45.0,kevin minter,2012.0,,,,,,,,,,,4.0,1.0,0.0,4.0,,,,,,,,,,,,,,,,,,,,,,,,,,,,,,,,,,,,,,,,
2013,t.j. moe,WR,Missouri,5-11,204.0,4.74,36.0,26.0,120.0,6.53,3.96,False,,,tj moe,2012.0,,,,,,,,,,,,,,,23.3,42.0,8.0,0.0,186.0,,,,,,,,1.0,0.0,0.0,0.0,0.0,0.0,0.0,3.0,3.0,1.0,0.0,3.0,,,,,,,27.0,40.0,1.0,399.0,10.0,7.0,7.0,0.0,26.0,3.7
2013,sam montgomery,DE,LSU,6-3,262.0,4.81,34.5,,114.0,7.18,4.51,True,3.0,95.0,sam montgomery,,,,,,,,,,,,,,,,,,,,,,,,,,,,,,,,,,,,,,,,,,,,,,,,,,,,,,,
2013,nick moody,OLB,Florida State,6-1,236.0,4.71,,17.0,118.0,,,True,6.0,180.0,nick moody,2010.0,,,,,,,,,,,96.0,1.0,1.0,96.0,,,,,,,,,,,,,,,,,,,,,,,,,,,,,,,,,,,,,,,,
2013,damontre moore,DE,Texas A&M,6-4,250.0,4.95,35.5,12.0,122.0,,,True,3.0,81.0,damontre moore,2010.0,,,,,,,,,,,8.0,1.0,0.0,8.0,,,,,,,,,,,,,,,,,,,,,,,,,,,,,,,,,,,,,,,,
2013,sio moore,OLB,Connecticut,6-1,245.0,4.65,38.0,29.0,127.0,7.49,4.31,True,3.0,66.0,sio moore,2011.0,,,,,,,,,,,,3.0,0.0,,,,,,,,,,,,,,,,,,,,,,,,,,,,,,,,,,,,,,,,,
2013,zeke motta,S,Notre Dame,6-2,213.0,4.75,35.5,11.0,126.0,6.75,4.16,True,7.0,244.0,zeke motta,2011.0,,,,,,,,,,,0.0,1.0,0.0,0.0,,,,,,,,,,,,,,,,,,,,,,,,,,,,,,,,,,,,,,,,
2013,ryan nassib,QB,Syracuse,6-2,227.0,5.06,28.5,,105.0,7.34,4.53,True,4.0,110.0,ryan nassib,2012.0,,,,,,,,,,,,,,,,,,,,,,,,,,,471.0,294.0,10.0,0.624,26.0,3749.0,8.0,,,,,,,,,,,,,,,,,84.0,12.0,2.0,138.0,1.6
2013,xavier nixon,OT,Florida,6-6,321.0,5.23,,,,,,False,,,xavier nixon,,,,,,,,,,,,,,,,,,,,,,,,,,,,,,,,,,,,,,,,,,,,,,,,,,,,,,,
2013,alec ogletree,OLB,Georgia,6-2,242.0,4.7,33.5,20.0,122.0,7.16,4.39,True,1.0,30.0,alec ogletree,2012.0,,,,,,,,,,,0.0,1.0,0.0,0.0,,,,,,,,,,,,,,,,,,,,,,,,,,,,,,,,,,,,,,,,
2013,alex okafor,DE,Texas,6-4,264.0,4.78,,21.0,,,,True,4.0,103.0,alex okafor,,,,,,,,,,,,,,,,,,,,,,,,,,,,,,,,,,,,,,,,,,,,,,,,,,,,,,,
2013,ryan otten,TE,San Jose State,6-5,230.0,4.69,,,,,,False,,,ryan otten,2012.0,,,,,,,,,,,,,,,,,,,,,,,,,,,,,,,,,,,,,,,,,,,,,38.0,47.0,4.0,742.0,15.8,,,,,
2013,vinston painter,OT,Virginia Tech,6-4,306.0,4.95,30.5,32.0,97.0,7.71,4.56,True,6.0,173.0,vinston painter,,,,,,,,,,,,,,,,,,,,,,,,,,,,,,,,,,,,,,,,,,,,,,,,,,,,,,,
2013,chris pantale,TE,Boston Col.,6-5,254.0,4.99,33.5,17.0,110.0,7.48,4.5,False,,,chris pantale,2012.0,,,,,,,,,,,,,,,,,,,,,,,,,,,,,,,,,,,,,,,,,,,,,23.0,21.0,2.0,189.0,9.0,,,,,
2013,cordarrelle patterson,WR,Tennessee,6-2,216.0,4.42,37.0,,128.0,,,True,1.0,29.0,cordarrelle patterson,2012.0,,,,,,,,,,,,,,,26.8,98.0,25.0,1.0,671.0,,,,,,,,1.0,1.0,0.0,1.0,0.0,28.0,28.0,25.3,81.0,4.0,1.0,101.0,,,,,,,58.0,46.0,5.0,778.0,16.9,25.0,67.0,3.0,308.0,12.3
2013,quinton patton,WR,Louisiana Tech,6-0,204.0,4.53,33.0,8.0,118.0,6.91,4.01,True,4.0,128.0,quinton patton,2012.0,,,,,,,,,,,,,,,10.0,10.0,1.0,0.0,10.0,,,,,,,,,,,,,,,,,,,,,,,,,,79.0,104.0,13.0,1392.0,13.4,1.0,0.0,0.0,,
2013,sean porter,OLB,Texas A&M,6-1,229.0,4.75,35.0,22.0,119.0,,,True,4.0,118.0,sean porter,2012.0,,,,,,,,,,,16.0,1.0,0.0,16.0,,,,,,,,,,,,,,,,,,,,,,,,,,,,,,,,,,,,,,,,
2013,keith pough,ILB,Howard,6-2,239.0,4.87,33.0,17.0,118.0,7.28,4.47,False,,,keith pough,,,,,,,,,,,,,,,,,,,,,,,,,,,,,,,,,,,,,,,,,,,,,,,,,,,,,,,
2013,ty powell,OLB,Harding,6-2,249.0,4.64,37.0,28.0,122.0,6.98,4.4,True,7.0,231.0,ty powell,,,,,,,,,,,,,,,,,,,,,,,,,,,,,,,,,,,,,,,,,,,,,,,,,,,,,,,
2013,jordan poyer,CB,Oregon State,6-0,191.0,4.54,30.5,8.0,118.0,6.87,4.18,True,7.0,218.0,jordan poyer,2012.0,,,,,,,,,,,17.4,7.0,1.0,122.0,,,,,,,,,,,,,,,,,,,,7.1,24.0,10.0,0.0,71.0,,,,,,,,,,,,,,,,
2013,lonnie pryor,FB,Florida State,5-11,227.0,4.7,30.0,17.0,114.0,7.28,4.55,False,,,lonnie pryor,2012.0,,,,,,,,,,,,,,,,,,,,,,,,,,,,,,,,,,,,,,,,,,,,,21.0,13.0,0.0,117.0,9.0,47.0,60.0,8.0,376.0,8.0
2013,justin pugh,OT,Syracuse,6-4,307.0,5.12,28.5,,103.0,7.45,4.63,True,1.0,19.0,justin pugh,,,,,,,,,,,,,,,,,,,,,,,,,,,,,,,,,,,,,,,,,,,,,,,,,,,,,,,
2013,david quessenberry,OT,San Jose State,6-5,302.0,5.08,29.5,25.0,112.0,7.49,4.45,True,6.0,176.0,david quessenberry,,,,,,,,,,,,,,,,,,,,,,,,,,,,,,,,,,,,,,,,,,,,,,,,,,,,,,,
2013,bacarri rambo,S,Georgia,6-0,211.0,4.56,,17.0,,,,True,6.0,191.0,bacarri rambo,2012.0,,,,,,,,,,,14.7,3.0,0.0,44.0,,,,,,,,,,,,,,,,,,,,,,,,,,,,,,,,,,,,,,,,
2013,joseph randle,RB,Oklahoma State,6-0,204.0,4.63,35.0,,123.0,,,True,5.0,151.0,joseph randle,2012.0,,,,,,,,,,,,,,,,,,,,,,,,,,,2.0,2.0,0.0,1.0,0.0,37.0,18.5,,,,,,,,,,,,21.0,28.0,0.0,224.0,8.0,274.0,69.0,14.0,1417.0,5.2
2013,kevin reddick,ILB,North Carolina,6-1,243.0,4.72,,23.0,113.0,,,False,,,kevin reddick,2010.0,,,,,,,,,,,11.0,2.0,1.0,22.0,,,,,,,,,,,,,,,,,,,,,,,,,,,,,,,,,,,,,,,,
2013,jordan reed,TE,Florida,6-2,236.0,4.72,,16.0,,,,True,3.0,85.0,jordan reed,2012.0,,,,,,,,,,,,,,,35.0,35.0,1.0,0.0,35.0,,,,,,,,1.0,0.0,0.0,0.0,0.0,0.0,0.0,,,,,,,,,,,,39.0,45.0,3.0,559.0,12.4,,,,,
2013,greg reid,CB,Florida State,5-8,190.0,4.46,,10.0,,,,False,,,greg reid,2011.0,,,,,,,,,,,6.0,2.0,0.0,12.0,24.5,34.0,6.0,0.0,147.0,,,,,,,,,,,,,,,7.7,83.0,54.0,1.0,416.0,,,,,,,,,,,,,,,,
2013,eric reid,S,LSU,6-1,213.0,4.53,40.5,17.0,134.0,6.99,4.22,True,1.0,18.0,eric reid,2012.0,,,,,,,,,,,14.5,2.0,0.0,29.0,,,,,,,,,,,,,,,,,,,,,,,,,,,,,,,,,,,,,,,,
2013,sean renfree,QB,Duke,6-3,219.0,4.76,,,,,,True,7.0,249.0,sean renfree,2012.0,,,,,,,,,,,,,,,,,,,,,,,,,,,441.0,297.0,10.0,0.673,19.0,3113.0,7.1,,,,,,,,,,,,,,,,,38.0,25.0,1.0,,
2013,xavier rhodes,CB,Florida State,6-1,210.0,4.43,40.5,14.0,132.0,,,True,1.0,25.0,xavier rhodes,2012.0,,,,,,,,,,,4.7,3.0,0.0,14.0,,,,,,,,,,,,,,,,,,,,,,,,,,,,,,,,,,,,,,,,
2013,sheldon richardson,DT,Missouri,6-2,294.0,5.02,32.0,30.0,116.0,,,True,1.0,13.0,sheldon richardson,,,,,,,,,,,,,,,,,,,,,,,,,,,,,,,,,,,,,,,,,,,,,,,,,,,,,,,
2013,theo riddick,RB,Notre Dame,5-10,201.0,4.68,32.0,,118.0,,,True,6.0,199.0,theo riddick,2012.0,,,,,,,,,,,,,,,,,,,,,,,,,,,,,,,,,,,,,,,,,,,,,24.0,36.0,2.0,370.0,10.3,190.0,55.0,5.0,917.0,4.8
2013,mychal rivera,TE,Tennessee,6-3,242.0,4.81,31.0,17.0,112.0,7.17,4.43,True,6.0,184.0,mychal rivera,2012.0,,,,,,,,,,,,,,,3.5,4.0,2.0,0.0,7.0,,,,,,,,,,,,,,,,,,,,,,,,,,62.0,36.0,5.0,562.0,15.6,,,,,
2013,nickell robey,CB,USC,5-7,169.0,4.53,37.5,10.0,127.0,6.74,4.09,False,,,nickell robey,,,,,,,,,,,,,,,,,,,,,,,,,,,,,,,,,,,,,,,,,,,,,,,,,,,,,,,
2013,denard robinson,WR,Michigan,5-10,199.0,4.43,36.5,,123.0,7.09,4.22,True,5.0,135.0,denard robinson,2012.0,,,,,,,,,,,,,,,,,,,,,,,,,,,167.0,89.0,9.0,0.533,9.0,1319.0,7.9,,,,,,,,,,,,20.0,3.0,0.0,31.0,10.3,177.0,79.0,7.0,1266.0,7.2
2013,da'rick rogers,WR,Tennessee Tech,6-2,217.0,4.5,39.5,10.0,132.0,6.71,4.06,False,,,darick rogers,2012.0,,,,,,,,,,,,,,,,,,,,,,,,,,,,,,,,,,,,,,,,,,,,,23.0,3.0,1.0,38.0,12.7,,,,,
2013,robbie rouse,RB,Fresno State,5-6,190.0,4.8,34.0,15.0,114.0,6.97,4.25,False,,,robbie rouse,2012.0,,,,,,,,,,,,,,,,,,,,,,,,,,,1.0,1.0,0.0,1.0,1.0,1.0,1.0,,,,,,,,,,,,25.0,63.0,2.0,435.0,6.9,282.0,94.0,12.0,1490.0,5.3
2013,logan ryan,CB,Rutgers,5-11,191.0,4.56,32.5,14.0,116.0,6.69,4.06,True,3.0,83.0,logan ryan,2012.0,,,,,,,,,,,4.3,4.0,0.0,17.0,,,,,,,,,,,,,,,,,,,,,,,,,,,,,,,,,,,,,,,,
2013,etienne sabino,OLB,Ohio State,6-2,247.0,4.75,,24.0,114.0,,,False,,,etienne sabino,2012.0,,,,,,,,,,,2.0,1.0,0.0,2.0,,,,,,,,,,,,,,,,,,,,,,,,,,,,,,,,,,,,,,,,
2013,lanear sampson,WR,Baylor,5-11,204.0,4.46,33.5,20.0,119.0,7.1,4.38,False,,,lanear sampson,2012.0,,,,,,,,,,,,,,,,,,,,,,,,,,,,,,,,,,,,,,,,,,,,,67.0,52.0,6.0,646.0,12.4,,,,,
2013,ace sanders,WR,South Carolina,5-7,173.0,4.58,32.0,7.0,117.0,6.81,4.37,True,4.0,101.0,ace sanders,2012.0,,,,,,,,,,,,,,,16.0,16.0,1.0,0.0,16.0,,,,,,,,2.0,1.0,0.0,0.5,1.0,16.0,8.0,14.8,70.0,29.0,2.0,429.0,,,,,,,36.0,45.0,9.0,531.0,11.8,3.0,3.0,0.0,1.0,0.3
2013,brian schwenke,C,California,6-3,314.0,4.99,26.5,31.0,108.0,7.31,4.74,True,4.0,107.0,brian schwenke,2012.0,,,,,,,,,,,,,,,,,,,,,,,,,,,,,,,,,,,,,,,,,,,,,3.0,1.0,0.0,3.0,3.0,,,,,
2013,matt scott,QB,Arizona,6-2,213.0,4.69,31.0,,118.0,6.69,3.99,False,,,matt scott,2012.0,,,,,,,,,,,,,,,,,,,,,,,,,,,499.0,301.0,14.0,0.603,27.0,3620.0,7.3,,,,,,0.0,54.0,2.0,0.0,64.0,32.0,,,,,,113.0,24.0,6.0,506.0,4.5
2013,quinn sharp,P,Oklahoma State,6-1,189.0,4.86,,,,,,False,,,quinn sharp,2012.0,,,,,,,,,,,,,,,,,,,,34.0,28.0,51.0,0.824,156.0,72.0,72.0,,,,,,,,,,,,,0.0,74.0,44.0,0.0,2036.0,46.3,,,,,,,,,,
2013,kawann short,DT,Purdue,6-3,299.0,5.08,,,,,,True,2.0,44.0,kawann short,2009.0,,,,,,,,,,,7.5,2.0,0.0,15.0,,,,,,,,,,,,,,,,,,,,,,,,,,,,,,,,,,,,,,,,
2013,john simon,OLB,Ohio State,6-1,257.0,4.62,,,,,,True,4.0,129.0,john simon,,,,,,,,,,,,,,,,,,,,,,,,,,,,,,,,,,,,,,,,,,,,,,,,,,,,,,,
2013,tharold simon,CB,LSU,6-2,202.0,4.51,34.0,9.0,128.0,,,True,5.0,138.0,tharold simon,2012.0,,,,,,,,,,,10.8,4.0,0.0,43.0,,,,,,,,,,,,,,,,,,,,,,,,,,,,,,,,,,,,,,,,
2013,dion sims,TE,Michigan State,6-5,262.0,4.75,35.0,22.0,112.0,7.36,4.52,True,4.0,106.0,dion sims,2012.0,,,,,,,,,,,,,,,,0.0,2.0,0.0,,,,,,,,,,,,,,,,,,,,,,,,,,,44.0,36.0,2.0,475.0,13.2,,,,,
2013,jamoris slaughter,S,Notre Dame,6-0,195.0,4.57,,,,,,True,6.0,175.0,jamoris slaughter,2011.0,,,,,,,,,,,0.0,1.0,0.0,0.0,,,,,,,,,,,,,,,,,,,,,,,,,,,,,,,,,,,,,,,,
2013,darius slay,CB,Mississippi State,6-0,192.0,4.36,35.5,14.0,124.0,6.9,4.21,True,2.0,36.0,darius slay,2012.0,,,,,,,,,,,20.2,5.0,1.0,101.0,,,,,,,,,,,,,,,,,,,,,,,,,,,,,,,,,,,,,,,,
2013,geno smith,QB,West Virginia,6-2,218.0,4.58,33.5,,124.0,,,True,2.0,39.0,geno smith,2012.0,,,,,,,,,,,,,,,,,,,,,,,,,,,518.0,369.0,6.0,0.712,42.0,4205.0,8.1,,,,,,,,,,,,,,,,,66.0,28.0,2.0,151.0,2.3
2013,jared smith,DT,New Hampshire,6-3,302.0,5.08,32.5,28.0,115.0,7.2,4.39,True,7.0,241.0,jared smith,,,,,,,,,,,,,,,,,,,,,,,,,,,,,,,,,,,,,,,,,,,,,,,,,,,,,,,
2013,quanterus smith,DE,Western Kentucky,6-5,250.0,4.74,,,,,,True,5.0,146.0,quanterus smith,,,,,,,,,,,,,,,,,,,,,,,,,,,,,,,,,,,,,,,,,,,,,,,,,,,,,,,
2013,rodney smith,WR,Florida State,6-4,225.0,4.51,34.5,,120.0,7.03,4.07,False,,,rodney smith,2012.0,,,,,,,,,,,,,,,,,,,,,,,,,,,,,,,,,,,,,,,,,,,,,61.0,38.0,3.0,524.0,13.8,,,,,
2013,brad sorensen,QB,Southern Utah,6-4,229.0,4.97,29.0,,112.0,7.17,4.55,True,7.0,221.0,brad sorensen,,,,,,,,,,,,,,,,,,,,,,,,,,,,,,,,,,,,,,,,,,,,,,,,,,,,,,,
2013,ryan spadola,WR,Lehigh,6-1,204.0,4.48,33.5,15.0,119.0,6.72,4.07,False,,,ryan spadola,,,,,,,,,,,,,,,,,,,,,,,,,,,,,,,,,,,,,,,,,,,,,,,,,,,,,,,
2013,akeem spence,DT,Illinois,6-1,307.0,5.15,30.0,37.0,107.0,7.82,4.72,True,4.0,100.0,akeem spence,,,,,,,,,,,,,,,,,,,,,,,,,,,,,,,,,,,,,,,,,,,,,,,,,,,,,,,
2013,damion square,DE,Alabama,6-2,293.0,5.23,,,,,,False,,,damion square,2009.0,,,,,,,,,,,,,,,5.0,5.0,1.0,0.0,5.0,,,,,,,,,,,,,,,,,,,,,,,,,,,,,,,,,,,
2013,zac stacy,RB,Vanderbilt,5-8,216.0,4.55,33.0,27.0,122.0,6.7,4.17,True,5.0,160.0,zac stacy,2012.0,,,,,,,,,,,,,,,,,,,,,,,,,,,4.0,1.0,0.0,0.25,0.0,24.0,6.0,15.0,15.0,1.0,0.0,15.0,,,,,,,72.0,10.0,0.0,205.0,20.5,207.0,90.0,10.0,1141.0,5.5
2013,daimion stafford,S,Nebraska,6-0,221.0,4.69,30.5,21.0,111.0,7.06,,True,7.0,248.0,daimion stafford,2012.0,,,,,,,,,,,7.0,4.0,0.0,28.0,,,,,,,,,,,,,,,,,,,,,,,,,,,,,,,,,,,,,,,,
2013,matt stankiewitch,C,Penn State,6-3,302.0,5.43,24.0,27.0,92.0,7.9,4.96,False,,,matt stankiewitch,,,,,,,,,,,,,,,,,,,,,,,,,,,,,,,,,,,,,,,,,,,,,,,,,,,,,,,
2013,jawanza starling,S,USC,6-1,202.0,4.64,36.0,17.0,122.0,6.68,4.34,False,,,jawanza starling,2012.0,,,,,,,,,,,17.3,3.0,0.0,52.0,,,,,,,,,,,,,,,,,,,,,,,,,,,,,,,,,,,,,,,,
2013,jonathan stewart,ILB,Texas A&M,6-4,242.0,4.68,31.0,19.0,118.0,7.44,4.53,False,,,jonathan stewart,2010.0,,,,,,,,,,,,,,,5.5,14.0,2.0,0.0,11.0,,,,,,,,,,,,,,,,,,,,,,,,,,,,,,,,,,,
2013,walter stewart,DE,Cincinnati,6-4,246.0,4.69,,,,,,False,,,walter stewart,2009.0,,,,,,,,,,,,1.0,0.0,,,,,,,,,,,,,,,,,,,,,,,,,,,,,,,,,,,,,,,,,
2013,kenny stills,WR,Oklahoma,6-0,194.0,4.38,33.5,16.0,124.0,,4.35,True,5.0,144.0,kenny stills,2012.0,,,,,,,,,,,,,,,,,,,,,,,,,,,,,,,,,,,,,,,,,,,,,68.0,82.0,11.0,959.0,11.7,2.0,13.0,0.0,22.0,11.0
2013,jake stoneburner,TE,Ohio State,6-3,252.0,4.65,34.5,18.0,116.0,7.12,4.27,False,,,jake stoneburner,2012.0,,,,,,,,,,,,,,,,,,,,,,,,,,,,,,,,,,,,,,,,,,,,,72.0,16.0,4.0,269.0,16.8,,,,,
2013,caleb sturgis,K,Florida,5-10,188.0,4.77,,,,,,True,5.0,166.0,caleb sturgis,2012.0,,,,,,,,,,,,,,,,,,,,27.0,24.0,51.0,0.889,106.0,35.0,34.0,,,,,,,,,,,,,,,,,,,,,,,,,,,,
2013,dax swanson,CB,SMU,5-10,186.0,4.56,33.0,15.0,122.0,,,False,,,dax swanson,,,,,,,,,,,,,,,,,,,,,,,,,,,,,,,,,,,,,,,,,,,,,,,,,,,,,,,
2013,d.j. swearinger,S,South Carolina,5-10,208.0,4.67,37.0,17.0,124.0,6.7,4.11,True,2.0,57.0,dj swearinger,2012.0,,,,,,,,,,,36.0,2.0,1.0,72.0,,,,,,,,,,,,,,,,,,,,,,,,,,,,,,,,,,,,,,,,
2013,rod sweeting,CB,Georgia Tech,5-11,189.0,4.42,37.0,11.0,124.0,,,False,,,rod sweeting,2012.0,,,,,,,,,,,21.0,1.0,0.0,21.0,,,,,,,,,,,,,,,,,,,,,,,,,,,,,,,,,,,,,,,,
2013,ryan swope,WR,Texas A&M,6-0,205.0,4.34,37.0,16.0,125.0,6.76,4.25,True,6.0,174.0,ryan swope,2012.0,,,,,,,,,,,,,,,,,,,,,,,,,,,,,,,,,,,,,,,,,,,,,80.0,72.0,8.0,913.0,12.7,1.0,0.0,0.0,,
2013,bruce taylor,ILB,Virginia Tech,6-1,237.0,5.01,30.5,19.0,115.0,7.21,4.39,False,,,bruce taylor,,,,,,,,,,,,,,,,,,,,,,,,,,,,,,,,,,,,,,,,,,,,,,,,,,,,,,,
2013,devin taylor,DE,South Carolina,6-7,266.0,4.72,35.0,14.0,128.0,6.89,4.3,True,4.0,132.0,devin taylor,2011.0,,,,,,,,,,,48.0,1.0,1.0,48.0,3.0,3.0,1.0,0.0,3.0,,,,,,,,,,,,,,,,,,,,,,,,,,,,,,,,,,,
2013,jamar taylor,CB,Boise State,5-11,192.0,4.39,35.0,22.0,127.0,6.82,4.06,True,2.0,54.0,jamar taylor,2012.0,,,,,,,,,,,13.5,4.0,0.0,54.0,,,,,,,,,,,,,,,,,,,,,,,,,,,,,,,,,,,,,,,,
2013,mike taylor,OLB,Wisconsin,6-1,234.0,4.75,,,,,,False,,,mike taylor,2011.0,,,,,,,,,,,,2.0,0.0,,,,,,,,,,,,,,,,,,,,,,,,,,,,,,,,,,,,,,,,,
2013,stepfan taylor,RB,Stanford,5-9,214.0,4.76,30.0,17.0,110.0,7.13,4.5,True,5.0,140.0,stepfan taylor,2012.0,,,,,,,,,,,,,,,,,,,,,,,,,,,,,,,,,,,,,,,,,,,,,40.0,41.0,2.0,287.0,7.0,322.0,59.0,13.0,1530.0,4.8
2013,manti te'o,ILB,Notre Dame,6-1,241.0,4.82,33.0,,113.0,7.13,4.27,True,2.0,38.0,manti teo,2012.0,,,,,,,,,,,5.0,7.0,0.0,35.0,,,,,,,,,,,,,,,,,,,,,,,,,,,,,,,,,,,,,,,,
2013,chase thomas,OLB,Stanford,6-3,244.0,4.91,32.0,18.0,113.0,7.17,4.31,False,,,chase thomas,2012.0,,,,,,,,,,,0.0,1.0,0.0,0.0,,,,,,,,,,,,,,,,,,,,,,,,,,,,,,,,,,,,,,,,
2013,dallas thomas,OT,Tennessee,6-5,306.0,5.08,,,,,,True,3.0,77.0,dallas thomas,,,,,,,,,,,,,,,,,,,,,,,,,,,,,,,,,,,,,,,,,,,,,,,,,,,,,,,
2013,phillip thomas,S,Fresno State,6-0,208.0,4.65,35.0,14.0,122.0,,,True,4.0,119.0,phillip thomas,2012.0,,,,,,,,,,,24.6,16.0,6.0,196.0,,,,,,,,,,,,,,,,,,,,,,,,,,,,,,,,,,,,,,,,
2013,shamarko thomas,S,Syracuse,5-9,213.0,4.42,40.5,28.0,133.0,,4.26,True,4.0,111.0,shamarko thomas,2012.0,,,,,,,,,,,13.5,2.0,0.0,27.0,,,,,,,,,,,,,,,,,,,,,,,,,,,,,,,,,,,,,,,,
2013,kenbrell thompkins,WR,Cincinnati,6-1,193.0,4.54,33.5,8.0,121.0,6.88,4.21,False,,,kenbrell thompkins,2012.0,,,,,,,,,,,,,,,,,,,,,,,,,,,,,,,,,,,,,,,,,,,,,75.0,34.0,2.0,541.0,15.9,,,,,
2013,chris thompson,RB,Florida State,5-7,192.0,4.42,,21.0,,,,True,5.0,154.0,chris thompson,2013.0,,,,,,,,,,,,,,,,,,,,,,,,,,,,,,,,,,,,,,,,,,,,,24.0,5.0,0.0,35.0,13.8,,,,,
2013,hugh thornton,OG,Illinois,6-3,320.0,5.11,,27.0,,7.45,4.63,True,3.0,86.0,hugh thornton,,,,,,,,,,,,,,,,,,,,,,,,,,,,,,,,,,,,,,,,,,,,,,,,,,,,,,,
2013,levine toilolo,TE,Stanford,6-8,260.0,4.86,31.0,17.0,113.0,7.09,4.57,True,4.0,133.0,levine toilolo,2012.0,,,,,,,,,,,,,,,,,,,,,,,,,,,,,,,,,,,,,,,,,,,,,46.0,24.0,4.0,393.0,16.4,,,,,
2013,j.c. tretter,OG,Cornell,6-4,307.0,5.09,29.5,29.0,109.0,7.48,4.69,True,4.0,122.0,jc tretter,,,,,,,,,,,,,,,,,,,,,,,,,,,,,,,,,,,,,,,,,,,,,,,,,,,,,,,
2013,desmond trufant,CB,Washington,6-0,190.0,4.38,37.5,16.0,125.0,,3.85,True,1.0,22.0,desmond trufant,2012.0,,,,,,,,,,,0.0,1.0,0.0,0.0,,,,,,,,,,,,,,,,,,,,,,,,,,,,,,,,,,,,,,,,
2013,matthew tucker,RB,TCU,6-0,221.0,4.55,35.5,17.0,118.0,,,False,,,matthew tucker,2012.0,,,,,,,,,,,,,,,,,,,,,,,,,,,,,,,,,,,,,,,,,,,,,16.0,10.0,1.0,69.0,6.9,118.0,29.0,6.0,515.0,4.4
2013,kenny vaccaro,S,Texas,6-0,214.0,4.63,38.0,15.0,121.0,6.78,4.06,True,1.0,15.0,kenny vaccaro,2012.0,,,,,,,,,,,9.5,2.0,0.0,19.0,,,,,,,,,,,,,,,,,,,,,,,,,,,,,,,,,,,,,,,,
2013,james vandenberg,QB,Iowa,6-3,226.0,4.92,32.0,,116.0,6.95,4.52,False,,,james vandenberg,2012.0,,,,,,,,,,,,,,,,,,,,,,,,,,,389.0,223.0,8.0,0.573,7.0,2249.0,5.8,,,,,,,,,,,,,,,,,63.0,21.0,4.0,16.0,0.3
2013,conner vernon,WR,Duke,6-0,196.0,4.68,32.5,,125.0,6.93,4.22,False,,,conner vernon,2012.0,,,,,,,,,,,,,,,14.0,14.0,1.0,0.0,14.0,,,,,,,,,,,,,,,13.3,25.0,6.0,0.0,80.0,,,,,,,49.0,85.0,8.0,1074.0,12.6,3.0,2.0,0.0,,
2013,ricky wagner,OT,Wisconsin,6-6,308.0,5.17,31.5,20.0,101.0,7.94,4.91,True,5.0,168.0,ricky wagner,,,,,,,,,,,,,,,,,,,,,,,,,,,,,,,,,,,,,,,,,,,,,,,,,,,,,,,
2013,spencer ware,RB,LSU,5-10,228.0,4.62,,,,,,True,6.0,194.0,spencer ware,2012.0,,,,,,,,,,,,,,,,,,,,,,,,,,,1.0,0.0,0.0,0.0,0.0,0.0,0.0,,,,,,,,,,,,38.0,18.0,1.0,230.0,12.8,94.0,30.0,1.0,367.0,3.9
2013,larry warford,OG,Kentucky,6-3,332.0,5.58,22.5,28.0,96.0,7.78,5.1,True,3.0,65.0,larry warford,,,,,,,,,,,,,,,,,,,,,,,,,,,,,,,,,,,,,,,,,,,,,,,,,,,,,,,
2013,chance warmack,OG,Alabama,6-2,317.0,5.49,,,110.0,,,True,1.0,10.0,chance warmack,,,,,,,,,,,,,,,,,,,,,,,,,,,,,,,,,,,,,,,,,,,,,,,,,,,,,,,
2013,cornelius washington,DE,Georgia,6-4,265.0,4.55,39.0,36.0,128.0,,,True,6.0,188.0,cornelius washington,,,,,,,,,,,,,,,,,,,,,,,,,,,,,,,,,,,,,,,,,,,,,,,,,,,,,,,
2013,earl watford,OG,James Madison,6-3,300.0,5.06,30.0,24.0,107.0,7.77,5.0,True,4.0,116.0,earl watford,,,,,,,,,,,,,,,,,,,,,,,,,,,,,,,,,,,,,,,,,,,,,,,,,,,,,,,
2013,menelik watson,OT,Florida State,6-5,310.0,5.29,24.5,,103.0,8.31,5.01,True,2.0,42.0,menelik watson,,,,,,,,,,,,,,,,,,,,,,,,,,,,,,,,,,,,,,,,,,,,,,,,,,,,,,,
2013,jason weaver,OT,Southern Miss,6-4,313.0,5.44,21.0,23.0,94.0,8.23,5.07,False,,,jason weaver,,,,,,,,,,,,,,,,,,,,,,,,,,,,,,,,,,,,,,,,,,,,,,,,,,,,,,,
2013,b.w. webb,CB,William & Mary,5-10,184.0,4.51,40.5,14.0,132.0,6.82,3.84,True,4.0,114.0,bw webb,,,,,,,,,,,,,,,,,,,,,,,,,,,,,,,,,,,,,,,,,,,,,,,,,,,,,,,
2013,kayvon webster,CB,South Florida,5-10,195.0,4.41,35.0,14.0,125.0,,,True,3.0,90.0,kayvon webster,2012.0,,,,,,,,,,,,,,,17.7,25.0,3.0,0.0,53.0,,,,,,,,,,,,,,,,,,,,,,,,,,,,,,,,,,,
2013,bjoern werner,DE,Florida State,6-3,266.0,4.83,31.0,25.0,111.0,7.3,4.4,True,1.0,24.0,bjoern werner,2011.0,,,,,,,,,,,0.0,1.0,0.0,0.0,,,,,,,,,,,,,,,,,,,,,,,,,,,,,,,,,,,,,,,,
2013,john wetzel,OT,Boston Col.,6-7,315.0,5.46,25.0,22.0,105.0,7.9,4.81,False,,,john wetzel,,,,,,,,,,,,,,,,,,,,,,,,,,,,,,,,,,,,,,,,,,,,,,,,,,,,,,,
2013,markus wheaton,WR,Oregon State,5-11,189.0,4.45,37.0,20.0,120.0,6.8,4.02,True,3.0,79.0,markus wheaton,2012.0,,,,,,,,,,,,,,,,,,,,,,,,,,,,,,,,,,8.0,15.0,2.0,0.0,16.0,,,,,,,51.0,91.0,11.0,1244.0,13.7,20.0,35.0,2.0,142.0,7.1
2013,j.j. wilcox,S,Georgia Southern,6-0,213.0,4.57,35.0,17.0,124.0,7.02,4.09,True,3.0,80.0,jj wilcox,,,,,,,,,,,,,,,,,,,,,,,,,,,,,,,,,,,,,,,,,,,,,,,,,,,,,,,
2013,nathan williams,OLB,Ohio State,6-3,241.0,4.88,35.0,24.0,113.0,6.99,4.44,False,,,nathan williams,2010.0,,,,,,,,,,,22.0,1.0,0.0,22.0,,,,,,,,,,,,,,,,,,,,,,,,,,,,,,,,,,,,,,,,
2013,brandon williams,DT,Missouri Southern,6-1,335.0,5.37,29.5,38.0,102.0,8.09,4.91,True,3.0,94.0,brandon williams,2016.0,0.0,0.0,0.0,14.0,0.0,1.0,17.0,,,,0.0,1.0,0.0,0.0,,,,,,,,,,,,,,,,,,,,,,,,,,,,,,,,,,,,,,,,
2013,brennan williams,OT,North Carolina,6-6,318.0,5.27,,,,,,True,3.0,89.0,brennan williams,,,,,,,,,,,,,,,,,,,,,,,,,,,,,,,,,,,,,,,,,,,,,,,,,,,,,,,
2013,duke williams,S,Nevada,5-11,203.0,4.48,37.5,13.0,126.0,,4.0,True,4.0,105.0,duke williams,2011.0,,,,,,,,,,,0.0,2.0,0.0,0.0,41.4,56.0,18.0,0.0,372.0,,,,,,,,,,,,,,,,,,,,,,,,,,,,,,,,,,,
2013,jesse williams,DT,Alabama,6-3,323.0,4.94,,30.0,,,,True,5.0,137.0,jesse williams,,,,,,,,,,,,,,,,,,,,,,,,,,,,,,,,,,,,,,,,,,,,,,,,,,,,,,,
2013,kerwynn williams,RB,Utah State,5-8,195.0,4.48,35.0,17.0,118.0,7.15,4.15,True,7.0,230.0,kerwynn williams,2012.0,,,,,,,,,,,,,,,16.0,16.0,1.0,0.0,16.0,,,,,,,,,,,,,,,,,,,,,,,,,,86.0,45.0,5.0,697.0,15.5,218.0,86.0,15.0,1512.0,6.9
2013,nicholas williams,DT,Samford,6-4,309.0,4.94,33.0,28.0,111.0,7.55,4.65,True,7.0,223.0,nicholas williams,,,,,,,,,,,,,,,,,,,,,,,,,,,,,,,,,,,,,,,,,,,,,,,,,,,,,,,
2013,shawn williams,S,Georgia,6-0,213.0,4.46,36.0,25.0,120.0,7.01,4.25,True,3.0,84.0,shawn williams,2012.0,,,,,,,,,,,,,,,,,,,,,,,,,,,,,,,,,,25.0,25.0,1.0,0.0,25.0,,,,,,,,,,,,,,,,
2013,steve williams,CB,California,5-9,181.0,4.42,40.5,12.0,128.0,6.89,4.1,True,5.0,145.0,steve williams,2012.0,,,,,,,,,,,0.0,3.0,0.0,0.0,,,,,,,,,,,,,,,,,,,,,,,,,,,,,,,,,,,,,,,,
2013,sylvester williams,DT,North Carolina,6-3,313.0,5.03,26.5,27.0,102.0,7.93,4.8,True,1.0,28.0,sylvester williams,2011.0,,,,,,,,,,,0.0,1.0,0.0,0.0,,,,,,,,,,,,,,,,,,,,,,,,,,,,,,,,,,,,,,,,
2013,terrance williams,WR,Baylor,6-2,208.0,4.52,32.5,11.0,119.0,7.01,4.32,True,3.0,74.0,terrance williams,2012.0,,,,,,,,,,,,,,,,,,,,,,,,,,,,,,,,,,,,,,,,,,,,,80.0,97.0,12.0,1832.0,18.9,2.0,8.0,0.0,14.0,7.0
2013,tourek williams,DE,Florida International,6-3,260.0,4.92,33.0,25.0,112.0,,,True,6.0,179.0,tourek williams,,,,,,,,,,,,,,,,,,,,,,,,,,,,,,,,,,,,,,,,,,,,,,,,,,,,,,,
2013,trevardo williams,OLB,Connecticut,6-1,241.0,4.57,38.0,30.0,124.0,,,True,4.0,124.0,trevardo williams,,,,,,,,,,,,,,,,,,,,,,,,,,,,,,,,,,,,,,,,,,,,,,,,,,,,,,,
2013,braden wilson,FB,Kansas State,6-3,251.0,4.81,,22.0,,,,True,6.0,204.0,braden wilson,2012.0,,,,,,,,,,,,,,,,,,,,,,,,,,,,,,,,,,,,,,,,,,,,,23.0,5.0,0.0,34.0,6.8,6.0,5.0,1.0,13.0,2.2
2013,marquess wilson,WR,Washington State,6-3,194.0,4.51,34.5,7.0,122.0,6.65,4.33,True,7.0,236.0,marquess wilson,2012.0,,,,,,,,,,,,,,,,,,,,,,,,,,,,,,,,,,,,,,,,,,,,,81.0,52.0,5.0,813.0,15.6,,,,,
2013,tyler wilson,QB,Arkansas,6-2,215.0,4.95,28.5,,112.0,7.22,4.39,True,4.0,112.0,tyler wilson,2013.0,,,,,,,,,,,,,,,,,,,,,,,,,,,,,,,,,,,,,,,,,,,,,15.0,9.0,0.0,79.0,8.8,,,,,
2013,brad wing,P,LSU,6-2,205.0,4.86,,,,,,False,,,brad wing,2012.0,,,,,,,,,,,,,,,,,,,,,,,,,,,1.0,1.0,0.0,1.0,0.0,,,,,,,,0.0,69.0,59.0,0.0,2643.0,44.8,,,,,,,,,,
2013,george winn,RB,Cincinnati,5-10,218.0,4.75,34.5,22.0,119.0,,,False,,,george winn,2012.0,,,,,,,,,,,,,,,,,,,,,,,,,,,1.0,1.0,0.0,1.0,1.0,37.0,37.0,,,,,,,,,,,,30.0,15.0,0.0,128.0,8.5,243.0,58.0,13.0,1334.0,5.5
2013,brian winters,OG,Kent State,6-4,320.0,5.22,,9.0,,,,True,3.0,72.0,brian winters,,,,,,,,,,,,,,,,,,,,,,,,,,,,,,,,,,,,,,,,,,,,,,,,,,,,,,,
2013,earl wolff,S,North Carolina State,5-11,209.0,4.44,39.0,,134.0,,4.07,True,5.0,136.0,earl wolff,2012.0,,,,,,,,,,,17.5,2.0,0.0,35.0,,,,,,,,,,,,,,,,,,,,,,,,,,,,,,,,,,,,,,,,
2013,cierre wood,RB,Notre Dame,5-11,213.0,4.56,37.5,16.0,124.0,,,False,,,cierre wood,2012.0,,,,,,,,,,,,,,,,,,,,,,,,,,,,,,,,,,,,,,,,,,,,,9.0,5.0,0.0,25.0,5.0,114.0,68.0,4.0,742.0,6.5
2013,robert woods,WR,USC,6-0,201.0,4.51,33.5,14.0,117.0,7.15,4.47,True,2.0,41.0,robert woods,2012.0,,,,,,,,,,,,,,,,,,,,,,,,,,,,,,,,,,3.4,31.0,18.0,0.0,61.0,,,,,,,41.0,76.0,11.0,846.0,11.1,1.0,76.0,0.0,76.0,76.0
2013,khalid wooten,CB,Nevada,5-11,210.0,4.53,33.5,17.0,117.0,6.95,4.18,True,6.0,202.0,khalid wooten,2012.0,,,,,,,,,,,39.0,2.0,1.0,78.0,21.7,22.0,3.0,0.0,65.0,,,,,,,,,,,,,,,15.1,55.0,16.0,0.0,242.0,,,,,,,,,,,,,,,,
2013,tom wort,ILB,Oklahoma,6-0,235.0,4.78,31.5,21.0,111.0,7.41,4.51,False,,,tom wort,2011.0,,,,,,,,,,,8.5,2.0,0.0,17.0,,,,,,,,,,,,,,,,,,,,,,,,,,,,,,,,,,,,,,,,
2013,blidi wreh-wilson,CB,Connecticut,6-1,195.0,4.53,36.0,14.0,128.0,6.97,4.12,True,3.0,70.0,blidi wrehwilson,2012.0,,,,,,,,,,,0.0,1.0,0.0,0.0,,,,,,,,,,,,,,,,,,,,,,,,,,,,,,,,,,,,,,,,
2014,jared abbrederis,WR,Wisconsin,6-1,195.0,4.5,30.5,4.0,117.0,6.8,4.08,True,5.0,176.0,jared abbrederis,2013.0,,,,,,,,,,,,,,,,,,,,,,,,,,,,,,,,,,8.5,35.0,11.0,0.0,94.0,,,,,,,65.0,78.0,7.0,1081.0,13.9,6.0,49.0,2.0,119.0,19.8
2014,davante adams,WR,Fresno State,6-1,212.0,4.56,39.5,14.0,123.0,6.82,4.3,True,2.0,53.0,davante adams,2013.0,,,,,,,,,,,,,,,,,,,,,,,,,,,,,,,,,,8.0,14.0,2.0,0.0,16.0,,,,,,,75.0,131.0,24.0,1718.0,13.1,,,,,
2014,mo alexander,S,Utah State,6-1,220.0,4.5,38.0,,123.0,7.05,4.51,True,4.0,110.0,mo alexander,,,,,,,,,,,,,,,,,,,,,,,,,,,,,,,,,,,,,,,,,,,,,,,,,,,,,,,
2014,ricardo allen,CB,Purdue,5-9,187.0,4.61,35.5,13.0,117.0,,4.15,True,5.0,147.0,ricardo allen,2013.0,,,,,,,,,,,7.0,6.0,0.0,42.0,,,,,,,,,,,,,,,,,,,,,,,,,,,,,,,,,,,,,,,,
2014,jace amaro,TE,Texas Tech,6-5,265.0,4.74,33.0,28.0,118.0,7.42,4.3,True,2.0,49.0,jace amaro,2013.0,,,,,,,,,,,,,,,,,,,,,,,,,,,,,,,,,,,,,,,,,,,,,47.0,106.0,7.0,1352.0,12.8,,,,,
2014,antonio andrews,RB,Western Kentucky,5-10,225.0,4.82,29.5,20.0,106.0,7.24,4.49,False,,,antonio andrews,2013.0,,,,,,,,,,,,,,,20.9,27.0,15.0,0.0,314.0,,,,,,,,,,,,,,,6.9,38.0,14.0,0.0,97.0,,,,,,,60.0,41.0,0.0,478.0,11.7,267.0,65.0,16.0,1730.0,6.5
2014,dri archer,WR,Kent State,5-8,173.0,4.26,38.0,20.0,122.0,6.86,4.06,True,3.0,97.0,dri archer,2013.0,,,,,,,,,,,,,,,64.0,100.0,2.0,1.0,128.0,,,,,,,,,,,,,,,,,,,,,,,,,,73.0,25.0,4.0,327.0,13.1,68.0,74.0,6.0,527.0,7.8
2014,matt armstrong,C,Grand Valley State,6-2,302.0,5.18,,,,,,False,,,matt armstrong,,,,,,,,,,,,,,,,,,,,,,,,,,,,,,,,,,,,,,,,,,,,,,,,,,,,,,,
2014,george atkinson,RB,Notre Dame,6-1,218.0,4.48,38.0,19.0,121.0,7.07,4.46,False,,,george atkinson,2013.0,,,,,,,,,,,,,,,25.2,50.0,31.0,0.0,780.0,,,,,,,,,,,,,,,,,,,,,,,,,,16.0,7.0,0.0,51.0,7.3,93.0,80.0,3.0,555.0,6.0
2014,jeremiah attaochu,OLB,Georgia Tech,6-3,252.0,,,,,,,True,2.0,50.0,jeremiah attaochu,,,,,,,,,,,,,,,,,,,,,,,,,,,,,,,,,,,,,,,,,,,,,,,,,,,,,,,
2014,dion bailey,S,USC,6-0,201.0,4.66,34.0,,113.0,6.97,4.15,False,,,dion bailey,2013.0,,,,,,,,,,,5.2,5.0,0.0,26.0,,,,,,,,,,,,,,,,,,,,,,,,,,,,,,,,,,,,,,,,
2014,anthony barr,OLB,UCLA,6-5,255.0,4.66,34.5,15.0,119.0,6.82,4.19,True,1.0,9.0,anthony barr,2012.0,,,,,,,,,,,,,,,,,,,,,,,,,,,,,,,,,,10.0,10.0,1.0,0.0,10.0,,,,,,,,,,,,,,,,
2014,lamin barrow,ILB,LSU,6-1,237.0,4.64,35.0,22.0,123.0,7.24,4.35,True,5.0,156.0,lamin barrow,,,,,,,,,,,,,,,,,,,,,,,,,,,,,,,,,,,,,,,,,,,,,,,,,,,,,,,
2014,deion belue,CB,Alabama,5-11,182.0,4.48,,11.0,,,,False,,,deion belue,2013.0,,,,,,,,,,,28.0,1.0,0.0,28.0,,,,,,,,,,,,,,,,,,,,,,,,,,,,,,,,,,,,,,,,
2014,kelvin benjamin,WR,Florida State,6-5,240.0,4.61,32.5,13.0,119.0,7.33,4.39,True,1.0,28.0,kelvin benjamin,2013.0,,,,,,,,,,,,,,,,,,,,,,,,,,,,,,,,,,,,,,,,,,,,,56.0,54.0,15.0,1011.0,18.7,,,,,
2014,bene' benwikere,CB,San Jose State,5-11,195.0,4.59,40.5,10.0,122.0,6.94,4.38,True,5.0,148.0,bene benwikere,,,,,,,,,,,,,,,,,,,,,,,,,,,,,,,,,,,,,,,,,,,,,,,,,,,,,,,
2014,nat berhe,S,San Diego State,5-10,193.0,4.71,35.5,15.0,117.0,7.08,4.22,True,5.0,152.0,nat berhe,2012.0,,,,,,,,,,,0.0,2.0,0.0,0.0,,,,,,,,,,,,,,,,,,,,,,,,,,,,,,,,,,,,,,,,
2014,kapri bibbs,RB,Colorado State,5-9,212.0,4.67,29.0,24.0,106.0,,,False,,,kapri bibbs,2013.0,,,,,,,,,,,,,,,,,,,,,,,,,,,,,,,,,,,,,,,,,,,,,14.0,8.0,0.0,59.0,7.4,281.0,85.0,31.0,1741.0,6.2
2014,joel bitonio,OG,Nevada,6-4,302.0,4.92,32.0,22.0,114.0,7.37,4.44,True,2.0,35.0,joel bitonio,,,,,,,,,,,,,,,,,,,,,,,,,,,,,,,,,,,,,,,,,,,,,,,,,,,,,,,
2014,rob blanchflower,TE,Massachusetts,6-4,256.0,4.82,,,,,,True,7.0,230.0,rob blanchflower,2013.0,,,,,,,,,,,,,,,,,,,,,,,,,,,,,,,,,,,,,,,,,,,,,55.0,27.0,3.0,313.0,11.6,1.0,3.0,0.0,3.0,3.0
2014,alfred blue,RB,LSU,6-2,223.0,4.63,32.0,13.0,121.0,7.15,4.5,True,6.0,181.0,alfred blue,2013.0,,,,,,,,,,,,,,,,,,,,,,,,,,,,,,,,,,,,,,,,,,,,,22.0,5.0,0.0,62.0,12.4,71.0,17.0,1.0,343.0,4.8
2014,russell bodine,OG,North Carolina,6-3,310.0,5.18,29.0,42.0,109.0,8.26,4.66,True,4.0,111.0,russell bodine,,,,,,,,,,,,,,,,,,,,,,,,,,,,,,,,,,,,,,,,,,,,,,,,,,,,,,,
2014,conor boffeli,OG,Iowa,6-4,298.0,5.3,25.0,21.0,101.0,7.44,4.61,False,,,conor boffeli,,,,,,,,,,,,,,,,,,,,,,,,,,,,,,,,,,,,,,,,,,,,,,,,,,,,,,,
2014,chris borland,ILB,Wisconsin,5-11,248.0,4.83,31.0,27.0,114.0,7.18,4.27,True,3.0,77.0,chris borland,2013.0,,,,,,,,,,,,,,,,,,,,,,,,,,,1.0,1.0,0.0,1.0,0.0,23.0,23.0,,,,,,,,,,,,,,,,,,,,,
2014,blake bortles,QB,Central Florida,6-5,232.0,4.93,32.5,,115.0,7.08,4.21,True,1.0,3.0,blake bortles,2013.0,,,,,,,,,,,,,,,,,,,,,,,,,,,382.0,259.0,9.0,0.678,25.0,3581.0,9.4,,,,,,,,,,,,,,,,,87.0,29.0,6.0,272.0,3.1
2014,tre boston,S,North Carolina,6-0,204.0,4.58,35.0,18.0,116.0,7.04,4.31,True,4.0,128.0,tre boston,2013.0,,,,,,,,,,,3.8,5.0,0.0,19.0,,,,,,,,,,,,,,,,,,,,0.0,0.0,1.0,0.0,0.0,,,,,,,,,,,,,,,,
2014,chris boswell,K,Rice,6-2,185.0,4.93,,,,,,False,,,chris boswell,2013.0,,,,,,,,,,,,,,,,,,,,19.0,14.0,56.0,0.737,89.0,49.0,47.0,,,,,,,,,,,,,0.0,42.0,1.0,0.0,42.0,42.0,,,,,,,,,,
2014,chris boyd,WR,Vanderbilt,6-4,206.0,4.73,,12.0,,,,False,,,chris boyd,2012.0,,,,,,,,,,,,,,,,,,,,,,,,,,,,,,,,,,,,,,,,,,,,,60.0,50.0,5.0,774.0,15.5,,,,,
2014,tajh boyd,QB,Clemson,6-1,222.0,4.84,30.5,,106.0,7.33,4.23,True,6.0,213.0,tajh boyd,2013.0,,,,,,,,,,,,,,,,,,,,,,,,,,,413.0,283.0,11.0,0.685,34.0,3851.0,9.3,,,,,,,,,,,,,,,,,154.0,48.0,10.0,400.0,2.6
2014,carl bradford,OLB,Arizona State,6-1,250.0,4.76,37.5,23.0,122.0,7.25,4.3,True,4.0,121.0,carl bradford,2013.0,,,,,,,,,,,18.0,1.0,1.0,18.0,,,,,,,,,,,,,,,,,,,,,,,,,,,,,,,,,,,,1.0,20.0,0.0,20.0,20.0
2014,bashaud breeland,CB,Clemson,5-11,197.0,4.62,34.5,11.0,123.0,7.04,4.33,True,4.0,102.0,bashaud breeland,2013.0,,,,,,,,,,,12.3,4.0,0.0,49.0,,,,,,,,,,,,,,,,,,,,,,,,,,,,,,,,,,,,,,,,
2014,teddy bridgewater,QB,Louisville,6-2,214.0,,30.0,,113.0,7.17,4.2,True,1.0,32.0,teddy bridgewater,2013.0,,,,,,,,,,,,,,,,,,,,,,,,,,,427.0,303.0,4.0,0.71,31.0,3970.0,9.3,,,,,,,,,,,,,,,,,63.0,20.0,1.0,78.0,1.2
2014,justin britt,OT,Missouri,6-6,325.0,5.19,27.5,23.0,100.0,8.14,4.69,True,2.0,64.0,justin britt,2011.0,,,,,,,,,,,,,,,,,,,,,,,,,,,,,,,,,,,,,,,,,,,,,,,,,,1.0,7.0,0.0,7.0,7.0
2014,jay bromley,DT,Syracuse,6-3,306.0,5.06,33.5,26.0,106.0,7.92,4.78,True,3.0,74.0,jay bromley,,,,,,,,,,,,,,,,,,,,,,,,,,,,,,,,,,,,,,,,,,,,,,,,,,,,,,,
2014,terrence brooks,S,Florida State,5-11,198.0,4.42,38.0,10.0,119.0,7.35,,True,3.0,79.0,terrence brooks,2013.0,,,,,,,,,,,0.0,2.0,0.0,0.0,,,,,,,,,,,,,,,,,,,,,,,,,,,,,,,,,,,,,,,,
2014,jonathan brown,OLB,Illinois,6-0,238.0,5.03,31.0,16.0,108.0,7.77,4.56,False,,,jonathan brown,2013.0,,,,,,,,,,,16.0,1.0,0.0,16.0,,,,,,,,,,,,,,,,,,,,,,,,,,,,,,,,,,,,,,,,
2014,john brown,WR,Pittsburg State,5-10,179.0,4.34,36.5,,119.0,6.91,4.12,True,3.0,91.0,john brown,,,,,,,,,,,,,,,,,,,,,,,,,,,,,,,,,,,,,,,,,,,,,,,,,,,,,,,
2014,corey brown,WR,Ohio State,5-11,178.0,4.51,33.0,,116.0,7.16,4.22,False,,,corey brown,2013.0,,,,,,,,,,,,,,,,,,,,,,,,,,,,,,,,,,7.8,65.0,23.0,0.0,179.0,,,,,,,58.0,63.0,10.0,771.0,12.2,4.0,15.0,0.0,42.0,10.5
2014,preston brown,ILB,Louisville,6-1,251.0,4.86,33.0,23.0,116.0,6.98,4.26,True,3.0,73.0,preston brown,2012.0,,,,,,,,,,,3.0,1.0,0.0,3.0,,,,,,,,,,,,,,,,,,,,,,,,,,,,,,,,,,,,1.0,5.0,0.0,5.0,5.0
2014,martavis bryant,WR,Clemson,6-4,211.0,4.42,39.0,16.0,124.0,7.18,4.15,True,4.0,118.0,martavis bryant,2013.0,,,,,,,,,,,,,,,18.0,18.0,2.0,0.0,36.0,,,,,,,,,,,,,,,,,,,,,,,,,,76.0,42.0,7.0,828.0,19.7,,,,,
2014,deone bucannon,S,Washington State,6-1,211.0,4.49,36.5,19.0,125.0,6.96,4.26,True,1.0,27.0,deone bucannon,2013.0,,,,,,,,,,,18.3,6.0,0.0,110.0,,,,,,,,,,,,,,,,,,,,,,,,,,,,,,,,,,,,,,,,
2014,max bullough,ILB,Michigan State,6-3,249.0,4.78,31.0,30.0,112.0,7.22,4.3,False,,,max bullough,2012.0,,,,,,,,,,,0.0,1.0,0.0,0.0,,,,,,,,,,,,,,,,,,,,,,,,,,,,,,,,,,,,,,,,
2014,isaiah burse,WR,Fresno State,5-10,188.0,4.58,31.0,16.0,115.0,6.74,3.94,False,,,isaiah burse,2013.0,,,,,,,,,,,,,,,,,,,,,,,,,,,1.0,0.0,1.0,0.0,0.0,0.0,0.0,12.5,61.0,21.0,2.0,262.0,,,,,,,52.0,99.0,6.0,1026.0,10.4,9.0,26.0,2.0,81.0,9.0
2014,trey burton,WR,Florida,6-2,224.0,4.62,30.0,,112.0,7.14,4.32,False,,,trey burton,2013.0,,,,,,,,,,,,,,,18.0,24.0,4.0,0.0,72.0,,,,,,,,1.0,0.0,0.0,0.0,0.0,0.0,0.0,17.0,31.0,2.0,0.0,34.0,,,,,,,26.0,38.0,1.0,445.0,11.7,12.0,50.0,0.0,56.0,4.7
2014,michael campanaro,WR,Wake Forest,5-9,192.0,4.46,39.0,20.0,122.0,6.77,4.01,True,7.0,218.0,michael campanaro,2013.0,,,,,,,,,,,,,,,,,,,,,,,,,,,2.0,2.0,0.0,1.0,1.0,29.0,14.5,4.1,23.0,12.0,0.0,49.0,,,,,,,66.0,67.0,6.0,803.0,12.0,4.0,4.0,0.0,10.0,2.5
2014,ka'deem carey,RB,Arizona,5-9,207.0,4.69,32.5,19.0,115.0,7.08,4.38,True,4.0,117.0,kadeem carey,2013.0,,,,,,,,,,,,,,,,,,,,,,,,,,,,,,,,,,,,,,,,,,,,,24.0,26.0,1.0,173.0,6.7,349.0,58.0,19.0,1885.0,5.4
2014,derek carr,QB,Fresno State,6-2,214.0,4.69,34.5,,110.0,,4.2,True,2.0,36.0,derek carr,2013.0,,,,,,,,,,,,,,,,,,,,,,,,,,,659.0,453.0,8.0,0.687,50.0,5082.0,7.7,,,,,,0.0,45.0,6.0,0.0,203.0,33.8,,,,,,40.0,17.0,2.0,117.0,2.9
2014,ryan carrethers,DT,Arkansas State,6-1,337.0,5.47,26.0,32.0,88.0,7.89,4.6,True,5.0,165.0,ryan carrethers,2013.0,,,,,,,,,,,,,,,,,,,,,,,,,,,,,,,,,,,,,,,,,,,,,,,,,,1.0,1.0,1.0,1.0,1.0
2014,travis carrie,CB,Ohio,6-0,206.0,4.49,,17.0,,,,True,7.0,219.0,travis carrie,,,,,,,,,,,,,,,,,,,,,,,,,,,,,,,,,,,,,,,,,,,,,,,,,,,,,,,
2014,steven clark,P,Auburn,6-5,231.0,5.18,,,,,,False,,,steven clark,2013.0,,,,,,,,,,,,,,,,,,,,,,,,,,,,,,,,,,,,,,,0.0,58.0,56.0,0.0,2385.0,42.6,,,,,,1.0,0.0,0.0,,
2014,will clarke,DE,West Virginia,6-6,271.0,4.77,32.0,22.0,112.0,7.26,4.57,True,3.0,88.0,will clarke,,,,,,,,,,,,,,,,,,,,,,,,,,,,,,,,,,,,,,,,,,,,,,,,,,,,,,,
2014,ha ha clinton-dix,S,Alabama,6-1,208.0,4.58,33.0,11.0,119.0,7.16,4.16,True,1.0,21.0,ha ha clintondix,2013.0,,,,,,,,,,,12.0,2.0,0.0,24.0,,,,,,,,,,,,,,,,,,,,,,,,,,,,,,,,,,,,,,,,
2014,jadeveon clowney,DE,South Carolina,6-5,266.0,4.53,37.5,21.0,124.0,7.27,4.43,True,1.0,1.0,jadeveon clowney,,,,,,,,,,,,,,,,,,,,,,,,,,,,,,,,,,,,,,,,,,,,,,,,,,,,,,,
2014,ross cockrell,CB,Duke,6-0,191.0,4.56,36.5,10.0,122.0,7.28,4.32,True,4.0,109.0,ross cockrell,2013.0,,,,,,,,,,,6.3,3.0,0.0,19.0,,,,,,,,,,,,,,,,,,,,,,,,,,,,,,,,,,,,,,,,
2014,brandon coleman,WR,Rutgers,6-6,225.0,4.56,32.5,21.0,,7.33,4.51,False,,,brandon coleman,2013.0,,,,,,,,,,,,,,,,,,,,,,,,,,,,,,,,,,,,,,,,,,,,,56.0,34.0,4.0,538.0,15.8,,,,,
2014,deandre coleman,DT,California,6-5,314.0,5.12,,24.0,,,,False,,,deandre coleman,,,,,,,,,,,,,,,,,,,,,,,,,,,,,,,,,,,,,,,,,,,,,,,,,,,,,,,
2014,kain colter,WR,Northwestern,5-10,198.0,4.71,,,,,,False,,,kain colter,2013.0,,,,,,,,,,,,,,,,,,,,,,,,,,,80.0,63.0,3.0,0.788,4.0,577.0,7.2,,,,,,,,,,,,9.0,3.0,1.0,16.0,5.3,115.0,33.0,5.0,489.0,4.3
2014,aaron colvin,CB,Oklahoma,5-11,177.0,4.51,,,,,,True,4.0,114.0,aaron colvin,2013.0,,,,,,,,,,,0.0,1.0,0.0,0.0,,,,,,,,,,,,,,,,,,,,,,,,,,,,,,,,,,,,,,,,
2014,brandin cooks,WR,Oregon State,5-10,189.0,4.33,36.0,16.0,120.0,6.76,3.81,True,1.0,20.0,brandin cooks,2013.0,,,,,,,,,,,,,,,,,,,,,,,,,,,,,,,,,,4.0,41.0,18.0,0.0,72.0,,,,,,,55.0,128.0,16.0,1730.0,13.5,32.0,29.0,2.0,217.0,6.8
2014,damian copeland,WR,Louisville,5-11,184.0,4.5,40.0,12.0,120.0,6.53,3.9,False,,,damian copeland,2013.0,,,,,,,,,,,,,,,,,,,,,,,,,,,,,,,,,,,,,,,,,,,,,47.0,58.0,5.0,780.0,13.4,3.0,15.0,0.0,21.0,7.0
2014,j.c. copeland,FB,LSU,5-11,271.0,4.95,28.5,23.0,111.0,7.68,4.58,False,,,jc copeland,2013.0,,,,,,,,,,,,,,,,,,,,,,,,,,,,,,,,,,,,,,,,,,,,,12.0,4.0,0.0,31.0,7.8,13.0,10.0,3.0,25.0,1.9
2014,tim cornett,RB,UNLV,6-0,209.0,4.48,34.5,,125.0,7.01,4.26,False,,,tim cornett,2013.0,,,,,,,,,,,,,,,,,,,,,,,,,,,,,,,,,,,,,,,,,,,,,20.0,30.0,0.0,164.0,5.5,264.0,75.0,15.0,1284.0,4.9
2014,scott crichton,DE,Oregon State,6-3,273.0,4.84,31.5,24.0,108.0,7.19,4.29,True,3.0,72.0,scott crichton,,,,,,,,,,,,,,,,,,,,,,,,,,,,,,,,,,,,,,,,,,,,,,,,,,,,,,,
2014,isaiah crowell,RB,Arkansas,5-11,224.0,4.57,38.0,23.0,117.0,,,False,,,isaiah crowell,2011.0,,,,,,,,,,,,,,,,,,,,,,,,,,,,,,,,,,,,,,,,,,,,,23.0,8.0,1.0,59.0,7.4,185.0,29.0,5.0,850.0,4.6
2014,chris davis,CB,Auburn,5-10,202.0,4.54,,15.0,,,,False,,,chris davis,2014.0,,,,,,,,,,,,,,,,,,,,,,,,,,,,,,,,,,5.0,13.0,7.0,0.0,35.0,,,,,,,,,,,,,,,,
2014,mike davis,WR,Texas,6-0,197.0,4.52,,10.0,,,,False,,,mike davis,2014.0,,,,,,,,,,,,,,,,,,,,,,,,,,,,,,,,,,,,,,,,,,,,,68.0,64.0,4.0,736.0,23.0,398.0,80.0,18.0,1964.0,9.8
2014,a.d. denham,TE,Kansas,6-4,235.0,4.69,32.5,,,,,False,,,ad denham,,,,,,,,,,,,,,,,,,,,,,,,,,,,,,,,,,,,,,,,,,,,,,,,,,,,,,,
2014,darqueze dennard,CB,Michigan State,5-11,199.0,4.52,,15.0,,,,True,1.0,24.0,darqueze dennard,2013.0,,,,,,,,,,,9.5,4.0,0.0,38.0,,,,,,,,,,,,,,,,,,,,,,,,,,,,,,,,,,,,,,,,
2014,pierre desir,CB,Lindenwood,6-1,198.0,4.59,35.0,11.0,133.0,6.86,4.3,True,4.0,127.0,pierre desir,,,,,,,,,,,,,,,,,,,,,,,,,,,,,,,,,,,,,,,,,,,,,,,,,,,,,,,
2014,ahmad dixon,S,Baylor,6-0,212.0,4.64,32.0,14.0,111.0,7.55,4.5,True,7.0,248.0,ahmad dixon,2013.0,,,,,,,,,,,0.0,1.0,0.0,0.0,,,,,,,,,,,,,,,,,,,,,,,,,,,,,,,,,,,,,,,,
2014,brandon dixon,CB,Northwest Missouri State,5-11,203.0,4.41,32.5,17.0,117.0,7.15,4.27,True,6.0,195.0,brandon dixon,,,,,,,,,,,,,,,,,,,,,,,,,,,,,,,,,,,,,,,,,,,,,,,,,,,,,,,
2014,aaron donald,DT,Pittsburgh,6-1,285.0,4.68,32.0,35.0,116.0,7.11,4.39,True,1.0,13.0,aaron donald,,,,,,,,,,,,,,,,,,,,,,,,,,,,,,,,,,,,,,,,,,,,,,,,,,,,,,,
2014,jonathan dowling,S,Western Kentucky,6-3,190.0,4.52,33.5,8.0,118.0,7.04,4.24,True,7.0,247.0,jonathan dowling,2013.0,,,,,,,,,,,7.0,3.0,0.0,21.0,,,,,,,,,,,,,,,,,,,,,,,,,,,,,,,,,,,,,,,,
2014,dakota dozier,OG,Furman,6-4,313.0,5.42,24.0,23.0,101.0,8.14,4.89,True,4.0,137.0,dakota dozier,,,,,,,,,,,,,,,,,,,,,,,,,,,,,,,,,,,,,,,,,,,,,,,,,,,,,,,
2014,joe don duncan,TE,Dixie State,6-3,268.0,4.79,,35.0,,,,False,,,joe don duncan,,,,,,,,,,,,,,,,,,,,,,,,,,,,,,,,,,,,,,,,,,,,,,,,,,,,,,,
2014,kony ealy,DE,Missouri,6-4,273.0,4.92,31.0,22.0,114.0,6.83,4.45,True,2.0,60.0,kony ealy,2013.0,,,,,,,,,,,49.0,1.0,1.0,49.0,,,,,,,,,,,,,,,,,,,,,,,,,,,,,,,,,,,,,,,,
2014,dominique easley,DT,Florida,6-2,288.0,4.93,,26.0,,,,True,1.0,29.0,dominique easley,2011.0,,,,,,,,,,,,,,,,,,,,,,,,,,,,,,,,,,0.0,0.0,1.0,0.0,0.0,,,,,,,,,,,,,,,,
2014,eric ebron,TE,North Carolina,6-4,250.0,4.6,32.0,24.0,120.0,,,True,1.0,10.0,eric ebron,2013.0,,,,,,,,,,,,,,,,,,,,,,,,,,,,,,,,,,,,,,,,,,,,,79.0,62.0,3.0,973.0,15.7,2.0,6.0,0.0,7.0,3.5
2014,kasim edebali,OLB,Boston Col.,6-2,253.0,4.79,34.5,19.0,115.0,7.2,4.35,False,,,kasim edebali,,,,,,,,,,,,,,,,,,,,,,,,,,,,,,,,,,,,,,,,,,,,,,,,,,,,,,,
2014,kadeem edwards,OG,Tennessee State,6-4,313.0,5.25,27.0,26.0,99.0,7.95,4.82,True,5.0,143.0,kadeem edwards,,,,,,,,,,,,,,,,,,,,,,,,,,,,,,,,,,,,,,,,,,,,,,,,,,,,,,,
2014,bruce ellington,WR,South Carolina,5-9,197.0,4.45,39.5,15.0,120.0,6.69,3.95,True,4.0,106.0,bruce ellington,2013.0,,,,,,,,,,,,,,,21.6,35.0,5.0,0.0,108.0,,,,,,,,1.0,1.0,0.0,1.0,1.0,9.0,9.0,5.3,12.0,3.0,0.0,16.0,,,,,,,53.0,49.0,8.0,775.0,15.8,3.0,7.0,0.0,14.0,4.7
2014,justin ellis,DT,Louisiana Tech,6-1,334.0,5.27,28.0,25.0,92.0,7.81,4.75,True,4.0,107.0,justin ellis,,,,,,,,,,,,,,,,,,,,,,,,,,,,,,,,,,,,,,,,,,,,,,,,,,,,,,,
2014,i.k. enemkpali,DE,Louisiana Tech,6-1,261.0,4.86,34.0,28.0,112.0,7.67,4.65,True,6.0,210.0,ik enemkpali,2013.0,,,,,,,,,,,11.0,2.0,0.0,22.0,,,,,,,,,,,,,,,,,,,,,,,,,,,,,,,,,,,,,,,,
2014,quincy enunwa,WR,Nebraska,6-2,225.0,4.41,,19.0,,,,True,6.0,209.0,quincy enunwa,2013.0,,,,,,,,,,,,,,,17.0,17.0,1.0,0.0,17.0,,,,,,,,,,,,,,,,,,,,,,,,,,99.0,51.0,12.0,753.0,14.8,3.0,4.0,0.0,,
2014,mike evans,WR,Texas A&M,6-5,231.0,4.53,37.0,12.0,,7.08,4.26,True,1.0,7.0,mike evans,2013.0,,,,,,,,,,,,,,,,,,,,,,,,,,,,,,,,,,,,,,,,,,,,,95.0,69.0,12.0,1394.0,20.2,,,,,
2014,shaquelle evans,WR,UCLA,6-1,213.0,4.51,34.5,13.0,122.0,7.07,4.21,True,4.0,115.0,shaquelle evans,,,,,,,,,,,,,,,,,,,,,,,,,,,,,,,,,,,,,,,,,,,,,,,,,,,,,,,
2014,antone exum,CB,Virginia Tech,6-0,213.0,4.59,35.0,17.0,117.0,7.05,4.13,True,6.0,182.0,antone exum,,,,,,,,,,,,,,,,,,,,,,,,,,,,,,,,,,,,,,,,,,,,,,,,,,,,,,,
2014,david fales,QB,San Jose State,6-2,212.0,4.99,28.0,,103.0,7.55,4.5,True,6.0,183.0,david fales,2013.0,,,,,,,,,,,,,,,,,,,,,,,,,,,487.0,312.0,13.0,0.641,33.0,4189.0,8.6,,,,,,,,,,,,,,,,,48.0,16.0,2.0,7.0,0.1
2014,matt feiler,OT,Bloomsburg,6-6,330.0,5.37,26.5,36.0,103.0,8.13,4.86,False,,,matt feiler,,,,,,,,,,,,,,,,,,,,,,,,,,,,,,,,,,,,,,,,,,,,,,,,,,,,,,,
2014,anthony fera,K,Texas,6-1,211.0,4.85,,,,,,False,,,anthony fera,2013.0,,,,,,,,,,,,,,,,,,,,21.0,20.0,50.0,0.952,105.0,46.0,45.0,,,,,,,,,,,,,0.0,68.0,75.0,0.0,3053.0,40.7,,,,,,,,,,
2014,ego ferguson,DT,LSU,6-3,315.0,4.98,,24.0,,,,True,2.0,51.0,ego ferguson,,,,,,,,,,,,,,,,,,,,,,,,,,,,,,,,,,,,,,,,,,,,,,,,,,,,,,,
2014,c.j. fiedorowicz,TE,Iowa,6-5,265.0,4.76,31.5,25.0,116.0,7.1,4.26,True,3.0,65.0,cj fiedorowicz,2013.0,,,,,,,,,,,,,,,,,,,,,,,,,,,,,,,,,,,,,,,,,,,,,25.0,30.0,6.0,299.0,10.0,,,,,
2014,tim flanders,RB,SMU,5-9,207.0,4.75,32.0,20.0,113.0,7.07,,False,,,tim flanders,,,,,,,,,,,,,,,,,,,,,,,,,,,,,,,,,,,,,,,,,,,,,,,,,,,,,,,
2014,cameron fleming,OT,Stanford,6-5,323.0,5.28,23.5,26.0,97.0,8.24,5.0,True,4.0,140.0,cameron fleming,,,,,,,,,,,,,,,,,,,,,,,,,,,,,,,,,,,,,,,,,,,,,,,,,,,,,,,
2014,david fluellen,RB,Toledo,5-11,224.0,4.72,36.5,,120.0,6.9,,False,,,david fluellen,2013.0,,,,,,,,,,,,,,,,,,,,,,,,,,,,,,,,,,,,,,,,,,,,,28.0,27.0,0.0,222.0,8.2,167.0,66.0,10.0,1121.0,6.7
2014,dee ford,DE,Auburn,6-2,252.0,,,,,,,True,1.0,23.0,dee ford,2009.0,,,,,,,,,,,3.0,1.0,0.0,3.0,,,,,,,,,,,,,,,,,,,,,,,,,,,,,,,,,,,,,,,,
2014,khairi fortt,OLB,California,6-2,248.0,4.7,36.0,30.0,120.0,,,True,4.0,126.0,khairi fortt,,,,,,,,,,,,,,,,,,,,,,,,,,,,,,,,,,,,,,,,,,,,,,,,,,,,,,,
2014,bennie fowler,WR,Michigan State,6-1,217.0,4.52,36.0,,126.0,7.06,4.18,False,,,bennie fowler,,,,,,,,,,,,,,,,,,,,,,,,,,,,,,,,,,,,,,,,,,,,,,,,,,,,,,,
2014,austin franklin,WR,New Mexico State,5-11,189.0,4.56,36.0,7.0,124.0,7.07,4.33,False,,,austin franklin,2013.0,,,,,,,,,,,,,,,15.3,27.0,11.0,0.0,168.0,,,,,,,,3.0,3.0,0.0,1.0,0.0,9.0,3.0,,,,,,,,,,,,85.0,52.0,7.0,670.0,12.9,14.0,12.0,0.0,69.0,4.9
2014,devonta freeman,RB,Florida State,5-8,206.0,4.58,31.5,,118.0,7.11,4.26,True,4.0,103.0,devonta freeman,2013.0,,,,,,,,,,,,,,,,,,,,,,,,,,,,,,,,,,,,,,,,,,,,,48.0,22.0,1.0,278.0,12.6,173.0,60.0,14.0,1016.0,5.9
2014,kyle fuller,CB,Virginia Tech,6-0,190.0,4.49,38.5,12.0,128.0,6.9,4.19,True,1.0,14.0,kyle fuller,2013.0,,,,,,,,,,,8.0,4.0,0.0,16.0,,,,,,,,,,,,,,,,,,,,46.0,46.0,2.0,0.0,46.0,,,,,,,,,,,,,,,,
2014,zach fulton,OG,Tennessee,6-5,316.0,5.16,24.5,25.0,98.0,7.87,5.16,True,6.0,193.0,zach fulton,,,,,,,,,,,,,,,,,,,,,,,,,,,,,,,,,,,,,,,,,,,,,,,,,,,,,,,
2014,tyler gaffney,RB,Stanford,5-11,220.0,4.49,36.5,,116.0,6.78,4.18,True,6.0,204.0,tyler gaffney,2013.0,,,,,,,,,,,,,,,,,,,,,,,,,,,,,,,,,,,,,,,,,,,,,23.0,15.0,1.0,86.0,5.7,330.0,69.0,21.0,1709.0,5.2
2014,e.j. gaines,CB,Missouri,5-10,190.0,4.44,,15.0,,,,True,6.0,188.0,ej gaines,2013.0,,,,,,,,,,,3.4,5.0,0.0,17.0,,,,,,,,,,,,,,,,,,,,6.0,12.0,2.0,0.0,12.0,,,,,,,,,,,,,,,,
2014,phillip gaines,CB,Rice,6-0,193.0,4.38,36.5,11.0,122.0,6.62,4.04,True,3.0,87.0,phillip gaines,2013.0,,,,,,,,,,,0.5,4.0,0.0,2.0,,,,,,,,,,,,,,,,,,,,,,,,,,,,,,,,,,,,,,,,
2014,jeremy gallon,WR,Michigan,5-7,185.0,4.49,,15.0,,,,True,7.0,244.0,jeremy gallon,2013.0,,,,,,,,,,,,,,,,,,,,,,,,,,,1.0,0.0,0.0,0.0,0.0,0.0,0.0,4.6,16.0,7.0,0.0,32.0,,,,,,,84.0,89.0,9.0,1373.0,15.4,3.0,14.0,0.0,4.0,1.3
2014,jimmy garoppolo,QB,East. Illinois,6-2,226.0,4.97,30.5,,110.0,7.04,4.26,True,2.0,62.0,jimmy garoppolo,2013.0,,,,,,,,,,,,,,,,,,,,0.0,0.0,0.0,0.0,0.0,2.0,0.0,95.0,65.0,2.0,0.684,9.0,811.0,8.5,,,,,,,,,,,,,,,,,12.0,11.0,0.0,,
2014,james gayle,DE,Virginia Tech,6-4,259.0,4.7,37.0,26.0,122.0,7.19,4.27,False,,,james gayle,,,,,,,,,,,,,,,,,,,,,,,,,,,,,,,,,,,,,,,,,,,,,,,,,,,,,,,
2014,jeremiah george,ILB,Iowa State,5-11,234.0,4.91,33.0,28.0,116.0,,,True,5.0,154.0,jeremiah george,2013.0,,,,,,,,,,,5.5,2.0,0.0,11.0,,,,,,,,,,,,,,,,,,,,,,,,,,,,,,,,,,,,,,,,
2014,justin gilbert,CB,Oklahoma State,6-0,202.0,4.37,35.5,20.0,126.0,6.92,,True,1.0,8.0,justin gilbert,2013.0,,,,,,,,,,,17.6,7.0,2.0,123.0,25.2,100.0,18.0,1.0,453.0,,,,,,,,,,,,,,,,,,,,,,,,,,,,,,,,,,,
2014,crockett gillmore,TE,Colorado State,6-6,260.0,4.89,33.5,,120.0,7.42,4.44,True,3.0,99.0,crockett gillmore,2013.0,,,,,,,,,,,,,,,,,,,,,,,,,,,,,,,,,,,,,,,,,,,,,52.0,47.0,2.0,577.0,12.3,,,,,
2014,demetri goodson,CB,Baylor,5-11,194.0,4.52,37.0,11.0,123.0,6.8,4.34,True,6.0,197.0,demetri goodson,2013.0,,,,,,,,,,,21.0,3.0,0.0,63.0,,,,,,,,,,,,,,,,,,,,,,,,,,,,,,,,,,,,,,,,
2014,ryan grant,WR,Tulane,6-0,199.0,4.64,35.5,8.0,119.0,6.68,4.11,True,5.0,142.0,ryan grant,2013.0,,,,,,,,,,,,,,,,,,,,,,,,,,,1.0,0.0,1.0,0.0,0.0,0.0,0.0,,,,,,,,,,,,49.0,77.0,9.0,1039.0,13.5,,,,,
2014,marion grice,RB,Arizona State,6-0,208.0,4.67,,,,,,True,6.0,201.0,marion grice,2013.0,,,,,,,,,,,,,,,24.1,44.0,21.0,0.0,507.0,,,,,,,,,,,,,,,,,,,,,,,,,,32.0,50.0,6.0,438.0,8.8,191.0,40.0,14.0,996.0,5.2
2014,xavier grimble,TE,USC,6-4,257.0,4.76,26.5,,113.0,,,False,,,xavier grimble,2013.0,,,,,,,,,,,,,,,,,,,,,,,,,,,,,,,,,,,,,,,,,,,,,30.0,25.0,2.0,271.0,10.8,,,,,
2014,ryan groy,OG,Wisconsin,6-5,316.0,5.19,26.5,26.0,108.0,7.49,4.47,False,,,ryan groy,,,,,,,,,,,,,,,,,,,,,,,,,,,,,,,,,,,,,,,,,,,,,,,,,,,,,,,
2014,ra'shede hageman,DT,Minnesota,6-6,310.0,4.92,35.5,32.0,114.0,7.87,4.5,True,2.0,37.0,rashede hageman,2013.0,,,,,,,,,,,7.0,1.0,0.0,7.0,,,,,,,,,,,,,,,,,,,,,,,,,,,,,,,,,,,,,,,,
2014,andre hal,CB,Vanderbilt,5-10,188.0,4.5,35.5,15.0,119.0,7.14,4.27,True,7.0,216.0,andre hal,2013.0,,,,,,,,,,,20.3,3.0,0.0,61.0,17.3,21.0,4.0,0.0,69.0,,,,,,,,,,,,,,,,,,,,,,,,,,,,,,,,,,,
2014,jon halapio,OG,Florida,6-3,323.0,5.34,21.5,,100.0,8.26,4.83,True,6.0,179.0,jon halapio,,,,,,,,,,,,,,,,,,,,,,,,,,,,,,,,,,,,,,,,,,,,,,,,,,,,,,,
2014,victor hampton,CB,South Carolina,5-9,197.0,4.69,33.5,20.0,118.0,7.01,4.2,False,,,victor hampton,2013.0,,,,,,,,,,,8.7,3.0,0.0,26.0,19.5,21.0,2.0,0.0,39.0,,,,,,,,,,,,,,,3.0,13.0,9.0,0.0,27.0,,,,,,,,,,,,,,,,
2014,jonotthan harrison,C,Florida,6-3,304.0,5.15,27.0,27.0,113.0,7.97,4.86,False,,,jonotthan harrison,,,,,,,,,,,,,,,,,,,,,,,,,,,,,,,,,,,,,,,,,,,,,,,,,,,,,,,
2014,taylor hart,DE,Oregon,6-6,281.0,4.92,,21.0,,,,True,5.0,141.0,taylor hart,,,,,,,,,,,,,,,,,,,,,,,,,,,,,,,,,,,,,,,,,,,,,,,,,,,,,,,
2014,matt hazel,WR,Coastal Carolina,6-1,198.0,4.5,36.5,15.0,118.0,7.08,4.2,True,6.0,190.0,matt hazel,2013.0,,,,,,,,,,,,,,,,,,,,,,,,,,,,,,,,,,,,,,,,,,,,,25.0,6.0,0.0,83.0,13.8,,,,,
2014,marcus heit,LS,Kansas State,6-3,258.0,4.91,29.0,,115.0,,,False,,,marcus heit,,,,,,,,,,,,,,,,,,,,,,,,,,,,,,,,,,,,,,,,,,,,,,,,,,,,,,,
2014,seantrel henderson,OT,Miami (FL),6-7,331.0,5.04,24.0,,95.0,8.15,4.77,True,7.0,237.0,seantrel henderson,,,,,,,,,,,,,,,,,,,,,,,,,,,,,,,,,,,,,,,,,,,,,,,,,,,,,,,
2014,robert herron,WR,Wyoming,5-9,193.0,4.48,35.5,18.0,125.0,6.84,4.27,True,6.0,185.0,robert herron,2013.0,,,,,,,,,,,,,,,14.0,14.0,1.0,0.0,14.0,,,,,,,,,,,,,,,,,,,,,,,,,,93.0,72.0,9.0,937.0,13.0,2.0,8.0,0.0,12.0,6.0
2014,ryan hewitt,FB,Stanford,6-4,246.0,4.87,33.0,,109.0,7.04,4.35,False,,,ryan hewitt,2013.0,,,,,,,,,,,,,,,,,,,,,,,,,,,,,,,,,,,,,,,,,,,,,11.0,9.0,0.0,46.0,5.1,5.0,3.0,0.0,8.0,1.6
2014,jeremy hill,RB,LSU,6-1,233.0,4.56,29.0,20.0,113.0,,,True,2.0,55.0,jeremy hill,2013.0,,,,,,,,,,,,,,,,,,,,,,,,,,,,,,,,,,,,,,,,,,,,,30.0,18.0,0.0,181.0,10.1,203.0,69.0,16.0,1401.0,6.9
2014,anthony hitchens,OLB,Iowa,6-0,240.0,4.74,31.5,23.0,116.0,7.15,4.45,True,4.0,119.0,anthony hitchens,2013.0,,,,,,,,,,,18.0,1.0,0.0,18.0,,,,,,,,,,,,,,,,,,,,,,1.0,0.0,,,,,,,,,,,,,,,,,
2014,zach hocker,K,Arkansas,6-0,189.0,4.9,,,,,,True,7.0,228.0,zach hocker,2013.0,,,,,,,,,,,,,,,,,,,,14.0,13.0,54.0,0.929,67.0,28.0,28.0,,,,,,,,,,,,,0.0,77.0,7.0,0.0,320.0,45.7,,,,,,,,,,
2014,cody hoffman,WR,BYU,6-4,223.0,4.65,27.5,13.0,108.0,6.89,4.2,False,,,cody hoffman,2013.0,,,,,,,,,,,,,,,,,,,,,,,,,,,1.0,0.0,0.0,0.0,0.0,0.0,0.0,8.6,23.0,8.0,0.0,69.0,,,,,,,53.0,57.0,5.0,894.0,15.7,,,,,
2014,tom hornsey,P,Memphis,6-3,221.0,5.05,,,,,,False,,,tom hornsey,2013.0,,,,,,,,,,,,,,,,,,,,,,,,,,,,,,,,,,,,,,,0.0,79.0,62.0,0.0,2800.0,45.2,,,,,,1.0,14.0,0.0,14.0,14.0
2014,adrian hubbard,OLB,Alabama,6-6,257.0,4.69,38.5,,117.0,,,False,,,adrian hubbard,,,,,,,,,,,,,,,,,,,,,,,,,,,,,,,,,,,,,,,,,,,,,,,,,,,,,,,
2014,josh huff,WR,Oregon,5-11,206.0,4.51,35.5,14.0,116.0,,,True,3.0,86.0,josh huff,2013.0,,,,,,,,,,,,,,,22.9,57.0,11.0,0.0,252.0,,,,,,,,,,,,,,,0.0,0.0,1.0,0.0,0.0,,,,,,,65.0,62.0,12.0,1140.0,18.4,6.0,12.0,0.0,28.0,4.7
2014,marqueston huff,S,Wyoming,5-11,196.0,4.49,35.5,15.0,118.0,7.26,4.19,True,4.0,122.0,marqueston huff,2013.0,,,,,,,,,,,0.0,2.0,0.0,0.0,,,,,,,,,,,,,,,,,,,,,,,,,,,,,,,,1.0,0.0,,,,,,,
2014,allen hurns,WR,Miami (FL),6-1,198.0,4.55,31.0,14.0,120.0,7.23,4.5,False,,,allen hurns,2013.0,,,,,,,,,,,,,,,,,,,,,,,,,,,,,,,,,,,,,,,,,,,,,84.0,62.0,6.0,1162.0,18.7,1.0,13.0,0.0,13.0,13.0
2014,james hurst,OT,North Carolina,6-5,296.0,5.59,,,,,,False,,,james hurst,,,,,,,,,,,,,,,,,,,,,,,,,,,,,,,,,,,,,,,,,,,,,,,,,,,,,,,
2014,carlos hyde,RB,Ohio State,6-0,230.0,4.62,34.5,19.0,114.0,,,True,2.0,57.0,carlos hyde,2013.0,,,,,,,,,,,,,,,,,,,,,,,,,,,,,,,,,,,,,,,,,,,,,25.0,16.0,3.0,147.0,9.2,208.0,55.0,15.0,1521.0,7.3
2014,kerry hyder,DT,Texas Tech,6-2,290.0,5.1,29.5,20.0,108.0,7.23,4.33,False,,,kerry hyder,,,,,,,,,,,,,,,,,,,,,,,,,,,,,,,,,,,,,,,,,,,,,,,,,,,,,,,
2014,louis nix iii,DT,Notre Dame,6-2,331.0,5.32,25.5,,97.0,8.29,4.94,True,3.0,83.0,louis nix,,,,,,,,,,,,,,,,,,,,,,,,,,,,,,,,,,,,,,,,,,,,,,,,,,,,,,,
2014,gabe ikard,C,Oklahoma,6-4,304.0,5.13,26.0,22.0,103.0,7.3,4.37,False,,,gabe ikard,,,,,,,,,,,,,,,,,,,,,,,,,,,,,,,,,,,,,,,,,,,,,,,,,,,,,,,
2014,andrew jackson,ILB,Western Kentucky,6-1,254.0,4.9,,,,,,True,6.0,203.0,andrew jackson,2011.0,,,,,,,,,,,36.0,2.0,0.0,36.0,,,,,,,,,,,,,,,,,,,,,,,,,,,,,,,,,,,,,,,,
2014,bennett jackson,CB,Notre Dame,6-0,195.0,4.51,38.0,13.0,128.0,6.75,4.0,True,6.0,187.0,bennett jackson,2013.0,,,,,,,,,,,17.0,2.0,1.0,34.0,,,,,,,,,,,,,,,,,,,,,,,,,,,,,,,,,,,,,,,,
2014,gabe jackson,OG,Mississippi State,6-3,336.0,5.34,29.0,30.0,108.0,8.25,4.78,True,3.0,81.0,gabe jackson,2010.0,,,,,,,,,,,,,,,,,,,,,,,,,,,,,,,,,,,,,,,,,,,,,,,,,,0.0,0.0,1.0,0.0,0.0
2014,nic jacobs,TE,McNeese State,6-5,269.0,4.89,,15.0,,,,False,,,nic jacobs,2013.0,,,,,,,,,,,,,,,,,,,,,,,,,,,,,,,,,,,,,,,,,,,,,78.0,5.0,2.0,122.0,24.4,,,,,
2014,ja'wuan james,OT,Tennessee,6-6,311.0,5.26,29.0,22.0,103.0,7.42,4.56,True,1.0,19.0,jawuan james,,,,,,,,,,,,,,,,,,,,,,,,,,,,,,,,,,,,,,,,,,,,,,,,,,,,,,,
2014,kendall james,CB,Maine,5-10,180.0,4.44,39.0,9.0,,6.81,4.19,True,6.0,184.0,kendall james,,,,,,,,,,,,,,,,,,,,,,,,,,,,,,,,,,,,,,,,,,,,,,,,,,,,,,,
2014,jeff janis,WR,Saginaw Valley State,6-3,219.0,4.42,37.5,20.0,123.0,6.64,3.98,True,7.0,236.0,jeff janis,,,,,,,,,,,,,,,,,,,,,,,,,,,,,,,,,,,,,,,,,,,,,,,,,,,,,,,
2014,stanley jean-baptiste,CB,Nebraska,6-3,218.0,4.61,41.5,13.0,128.0,,4.33,True,2.0,58.0,stanley jeanbaptiste,2013.0,,,,,,,,,,,33.5,4.0,1.0,134.0,,,,,,,,,,,,,,,,,,,,,,,,,,,,,,,,,,,,,,,,
2014,jackson jeffcoat,DE,Texas,6-3,247.0,4.63,36.0,18.0,123.0,6.97,4.18,False,,,jackson jeffcoat,2013.0,,,,,,,,,,,8.0,1.0,0.0,8.0,,,,,,,,,,,,,,,,,,,,,,,,,,,,,,,,,,,,,,,,
2014,marcel jensen,TE,Fresno State,6-6,259.0,4.85,35.0,24.0,115.0,7.38,4.6,False,,,marcel jensen,2013.0,,,,,,,,,,,,,,,,,,,,,,,,,,,,,,,,,,,,,,,,,,,,,43.0,26.0,3.0,353.0,13.6,,,,,
2014,timmy jernigan,DT,Florida State,6-2,299.0,5.06,29.5,27.0,102.0,,4.83,True,2.0,48.0,timmy jernigan,,,,,,,,,,,,,,,,,,,,,,,,,,,,,,,,,,,,,,,,,,,,,,,,,,,,,,,
2014,anthony johnson,DT,LSU,6-2,308.0,5.24,24.5,20.0,102.0,7.93,4.83,False,,,anthony johnson,2023.0,10.0,0.0,0.0,52.0,0.0,4.0,76.0,2.0,2.0,4.0,6.0,8.0,0.0,24.0,,,,,,,,,,,,,2.0,0.0,0.0,0.0,0.0,0.0,0.0,,,,,,,,,,,,136.0,208.0,6.0,1428.0,13.8,2.0,0.0,0.0,,
2014,dontae johnson,CB,North Carolina State,6-2,200.0,4.41,38.5,12.0,124.0,6.82,4.24,True,4.0,129.0,dontae johnson,2013.0,,,,,,,,,,,7.0,3.0,0.0,21.0,,,,,,,,,,,,,,,,,,,,,,,,,,,,,,,,,,,,,,,,
2014,storm johnson,RB,Central Florida,6-0,209.0,4.6,35.5,16.0,118.0,,,True,7.0,222.0,storm johnson,2013.0,,,,,,,,,,,,,,,,,,,,,,,,,,,,,,,,,,,,,,,,,,,,,33.0,30.0,3.0,260.0,8.7,213.0,73.0,14.0,1139.0,5.3
2014,wesley johnson,C,Vanderbilt,6-5,297.0,5.11,29.0,26.0,111.0,7.4,4.64,True,5.0,173.0,wesley johnson,,,,,,,,,,,,,,,,,,,,,,,,,,,,,,,,,,,,,,,,,,,,,,,,,,,,,,,
2014,christian jones,OLB,Florida State,6-3,240.0,4.68,33.5,,115.0,,,False,,,christian jones,2013.0,,,,,,,,,,,15.0,1.0,0.0,15.0,,,,,,,,,,,,,,,,,,,,,,,,,,,,,,,36.0,54.0,4.0,668.0,12.4,,,,,
2014,daquan jones,DT,Penn State,6-4,322.0,5.35,27.5,25.0,101.0,7.73,4.78,True,4.0,112.0,daquan jones,,,,,,,,,,,,,,,,,,,,,,,,,,,,,,,,,,,,,,,,,,,,,,,,,,,,,,,
2014,howard jones,OLB,Shepherd,6-2,235.0,4.6,40.5,21.0,124.0,7.16,4.41,False,,,howard jones,,,,,,,,,,,,,,,,,,,,,,,,,,,,,,,,,,,,,,,,,,,,,,,,,,,,,,,
2014,t.j. jones,WR,Notre Dame,6-0,188.0,4.46,33.0,,119.0,6.82,4.27,True,6.0,189.0,tj jones,2013.0,,,,,,,,,,,,,,,,,,,,,,,,,,,,,,,,,,7.6,27.0,14.0,0.0,106.0,,,,,,,80.0,70.0,9.0,1108.0,15.8,9.0,35.0,2.0,67.0,7.4
2014,reggie jordan,FB,Missouri Western State,6-3,240.0,4.77,30.0,24.0,116.0,7.22,4.3,False,,,reggie jordan,,,,,,,,,,,,,,,,,,,,,,,,,,,,,,,,,,,,,,,,,,,,,,,,,,,,,,,
2014,henry josey,RB,Missouri,5-8,194.0,4.43,34.5,20.0,118.0,7.07,4.13,False,,,henry josey,2013.0,,,,,,,,,,,,,,,,,,,,,,,,,,,,,,,,,,,,,,,,,,,,,16.0,10.0,1.0,65.0,6.5,174.0,86.0,16.0,1166.0,6.7
2014,lamarcus joyner,CB,Florida State,5-8,184.0,4.55,37.5,14.0,124.0,7.26,4.4,True,2.0,41.0,lamarcus joyner,2013.0,,,,,,,,,,,10.0,2.0,0.0,20.0,18.3,28.0,6.0,0.0,110.0,,,,,,,,,,,,,,,,,,,,,,,,,,,,,,,,,,,
2014,odell beckham jr.,WR,LSU,5-11,198.0,4.38,38.5,7.0,122.0,6.69,3.94,True,1.0,12.0,odell beckham,2013.0,,,,,,,,,,,,,,,26.4,82.0,32.0,0.0,845.0,,,,,,,,1.0,0.0,0.0,0.0,0.0,0.0,0.0,8.4,60.0,19.0,0.0,160.0,,,,,,,63.0,59.0,8.0,1152.0,19.5,5.0,20.0,0.0,58.0,11.6
2014,james wilder jr.,RB,Florida State,6-3,232.0,4.65,35.0,18.0,121.0,6.92,4.24,False,,,james wilder,2013.0,,,,,,,,,,,,,,,,,,,,,,,,,,,,,,,,,,,,,,,,,,,,,10.0,3.0,0.0,27.0,9.0,81.0,49.0,8.0,563.0,7.0
2014,devon kennard,OLB,USC,6-3,249.0,4.7,30.0,23.0,113.0,7.25,4.32,True,5.0,174.0,devon kennard,2010.0,,,,,,,,,,,8.0,1.0,0.0,8.0,,,,,,,,,,,,,,,,,,,,,,,,,,,,,,,,,,,,,,,,
2014,zach kerr,DT,Tennessee,6-1,326.0,5.06,28.5,28.0,99.0,7.93,4.71,False,,,zach kerr,,,,,,,,,,,,,,,,,,,,,,,,,,,,,,,,,,,,,,,,,,,,,,,,,,,,,,,
2014,christian kirksey,OLB,Iowa,6-2,233.0,4.72,32.0,16.0,122.0,,,True,3.0,71.0,christian kirksey,2013.0,,,,,,,,,,,0.0,1.0,0.0,0.0,,,,,,,,,,,,,,,,,,,,23.0,23.0,1.0,0.0,23.0,,,,,,,,,,,,,,,,
2014,cyrus kouandjio,OT,Alabama,6-7,322.0,5.59,27.5,21.0,96.0,7.71,4.84,True,2.0,44.0,cyrus kouandjio,,,,,,,,,,,,,,,,,,,,,,,,,,,,,,,,,,,,,,,,,,,,,,,,,,,,,,,
2014,kenny ladler,S,Vanderbilt,6-0,207.0,4.7,36.5,24.0,127.0,,,False,,,kenny ladler,2013.0,,,,,,,,,,,12.2,5.0,0.0,61.0,,,,,,,,,,,,,,,,,,,,,,,,,,,,,,,,,,,,,,,,
2014,jarvis landry,WR,LSU,5-11,205.0,4.65,28.5,12.0,110.0,,,True,2.0,63.0,jarvis landry,2013.0,,,,,,,,,,,,,,,,,,,,,,,,,,,,,,,,,,0.0,0.0,1.0,0.0,0.0,,,,,,,45.0,77.0,10.0,1193.0,15.5,,,,,
2014,tyler larsen,C,Utah State,6-4,313.0,5.17,23.5,36.0,102.0,8.22,4.7,False,,,tyler larsen,,,,,,,,,,,,,,,,,,,,,,,,,,,,,,,,,,,,,,,,,,,,,,,,,,,,,,,
2014,cody latimer,WR,Indiana,6-2,215.0,4.52,,23.0,,,,True,2.0,56.0,cody latimer,2013.0,,,,,,,,,,,,,,,,,,,,,,,,,,,,,,,,,,,,,,,,,,,,,77.0,72.0,9.0,1096.0,15.2,,,,,
2014,demarcus lawrence,DE,Boise State,6-3,251.0,4.8,34.5,20.0,113.0,7.46,4.31,True,2.0,34.0,demarcus lawrence,,,,,,,,,,,,,,,,,,,,,,,,,,,,,,,,,,,,,,,,,,,,,,,,,,,,,,,
2014,nevin lawson,CB,Utah State,5-9,190.0,4.48,33.0,16.0,120.0,7.12,4.4,True,4.0,133.0,nevin lawson,2013.0,,,,,,,,,,,16.3,4.0,1.0,65.0,,,,,,,,,,,,,,,,,,,,,,,,,,,,,,,,,,,,,,,,
2014,marqise lee,WR,USC,6-0,192.0,4.52,38.0,,127.0,,4.01,True,2.0,39.0,marqise lee,2013.0,,,,,,,,,,,,,,,16.4,34.0,10.0,0.0,164.0,,,,,,,,,,,,,,,5.8,18.0,8.0,0.0,46.0,,,,,,,80.0,57.0,4.0,791.0,13.9,6.0,8.0,0.0,7.0,1.2
2014,charles leno,OG,Boise State,6-4,303.0,5.25,29.0,21.0,108.0,7.57,4.4,True,7.0,246.0,charles leno,,,,,,,,,,,,,,,,,,,,,,,,,,,,,,,,,,,,,,,,,,,,,,,,,,,,,,,
2014,a.c. leonard,TE,Tennessee State,6-2,252.0,4.5,34.0,20.0,128.0,,,False,,,ac leonard,2011.0,,,,,,,,,,,,,,,,,,,,,,,,,,,,,,,,,,,,,,,,,,,,,24.0,8.0,0.0,99.0,12.4,,,,,
2014,richie leone,P,Houston,6-3,211.0,5.1,,,,,,False,,,richie leone,2013.0,,,,,,,,,,,,,,,,,,,,16.0,11.0,40.0,0.688,65.0,32.0,32.0,,,,,,,,,,,,,0.0,65.0,73.0,0.0,3153.0,43.2,,,,,,,,,,
2014,taylor lewan,OT,Michigan,6-7,309.0,4.87,30.5,29.0,117.0,7.39,4.49,True,1.0,11.0,taylor lewan,2012.0,,,,,,,,,,,,,,,,,,,,,,,,,,,,,,,,,,,,,,,,,,,,,,,,,,0.0,0.0,1.0,0.0,0.0
2014,isaiah lewis,S,Michigan State,5-10,211.0,4.6,36.5,15.0,122.0,7.05,4.47,False,,,isaiah lewis,2013.0,,,,,,,,,,,0.0,2.0,0.0,0.0,,,,,,,,,,,,,,,,,,,,,,,,,,,,,,,,,,,,,,,,
2014,brandon linder,OG,Miami (FL),6-6,311.0,5.35,26.5,30.0,100.0,,,True,3.0,93.0,brandon linder,,,,,,,,,,,,,,,,,,,,,,,,,,,,,,,,,,,,,,,,,,,,,,,,,,,,,,,
2014,corey linsley,C,Ohio State,6-3,296.0,5.24,27.0,36.0,,,,True,5.0,161.0,corey linsley,,,,,,,,,,,,,,,,,,,,,,,,,,,,,,,,,,,,,,,,,,,,,,,,,,,,,,,
2014,boseko lokombo,OLB,Oregon,6-2,225.0,4.66,,,122.0,7.15,4.3,False,,,boseko lokombo,2013.0,,,,,,,,,,,9.0,1.0,0.0,9.0,,,,,,,,,,,,,,,,,,,,,,,,,,,,,,,,,,,,,,,,
2014,spencer long,OG,Nebraska,6-5,320.0,5.16,,,,,,True,3.0,78.0,spencer long,,,,,,,,,,,,,,,,,,,,,,,,,,,,,,,,,,,,,,,,,,,,,,,,,,,,,,,
2014,craig loston,S,LSU,6-1,217.0,4.65,32.5,12.0,119.0,7.15,4.35,False,,,craig loston,2013.0,,,,,,,,,,,12.7,3.0,0.0,38.0,,,,,,,,,,,,,,,,,,,,,,,,,,,,,,,,,,,,,,,,
2014,cornelius lucas,OT,Kansas State,6-8,316.0,5.29,,,,,,False,,,cornelius lucas,,,,,,,,,,,,,,,,,,,,,,,,,,,,,,,,,,,,,,,,,,,,,,,,,,,,,,,
2014,marcus lucas,WR,Missouri,6-4,218.0,4.6,36.0,20.0,124.0,7.07,4.25,False,,,marcus lucas,2013.0,,,,,,,,,,,,,,,,,,,,,,,,,,,,,,,,,,,,,,,,,,,,,43.0,58.0,3.0,692.0,11.9,,,,,
2014,colt lyerla,TE,Oregon,6-4,242.0,4.61,39.0,15.0,128.0,,,False,,,colt lyerla,2013.0,,,,,,,,,,,,,,,,,,,,,,,,,,,,,,,,,,,,,,,,,,,,,13.0,2.0,0.0,26.0,13.0,3.0,8.0,1.0,17.0,5.7
2014,aaron lynch,DE,South Florida,6-5,249.0,4.76,,18.0,,,,True,5.0,150.0,aaron lynch,,,,,,,,,,,,,,,,,,,,,,,,,,,,,,,,,,,,,,,,,,,,,,,,,,,,,,,
2014,arthur lynch,TE,Georgia,6-5,258.0,4.82,29.5,28.0,116.0,7.38,4.35,True,5.0,155.0,arthur lynch,2013.0,,,,,,,,,,,,,,,,,,,,,,,,,,,,,,,,,,,,,,,,,,,,,42.0,30.0,5.0,459.0,15.3,,,,,
2014,jordan lynch,QB,Northern Illinois,6-0,217.0,4.76,29.5,,109.0,6.55,4.2,False,,,jordan lynch,2013.0,,,,,,,,,,,,,,,,,,,,,,,,,,,404.0,253.0,8.0,0.626,24.0,2892.0,7.2,,,,,,0.0,29.0,2.0,0.0,52.0,26.0,17.0,1.0,1.0,17.0,17.0,292.0,61.0,23.0,1920.0,6.6
2014,khalil mack,OLB,Buffalo,6-3,251.0,4.65,40.0,23.0,128.0,7.08,4.18,True,1.0,5.0,khalil mack,2013.0,,,,,,,,,,,41.7,3.0,2.0,125.0,,,,,,,,,,,,,,,,,,,,,,,,,,,,,,,,,,,,,,,,
2014,cody mandell,P,Alabama,6-2,216.0,4.89,27.0,,109.0,,,False,,,cody mandell,2013.0,,,,,,,,,,,,,,,,,,,,,,,,,,,,,,,,,,,,,,,0.0,63.0,39.0,0.0,1836.0,47.1,,,,,,,,,,
2014,eathyn manumaleuna,DT,BYU,6-2,296.0,5.16,28.0,29.0,101.0,7.78,4.61,False,,,eathyn manumaleuna,2010.0,,,,,,,,,,,30.0,1.0,0.0,30.0,,,,,,,,,,,,,,,,,,,,,,,,,,,,,,,,,,,,,,,,
2014,johnny manziel,QB,Texas A&M,6-0,207.0,4.68,31.5,,113.0,6.75,4.03,True,1.0,22.0,johnny manziel,2013.0,,,,,,,,,,,,,,,,,,,,,,,,,,,429.0,300.0,13.0,0.699,37.0,4114.0,9.6,,,,,,,,,,,,,,,,,144.0,49.0,9.0,759.0,5.3
2014,cassius marsh,DE,UCLA,6-4,252.0,4.89,32.0,14.0,108.0,7.08,4.25,True,4.0,108.0,cassius marsh,2013.0,,,,,,,,,,,,,,,,,,,,,,,,,,,,,,,,,,,,,,,,,,,,,2.0,1.0,1.0,2.0,2.0,,,,,
2014,kareem martin,DE,North Carolina,6-6,272.0,4.72,35.5,22.0,129.0,7.2,4.33,True,3.0,84.0,kareem martin,,,,,,,,,,,,,,,,,,,,,,,,,,,,,,,,,,,,,,,,,,,,,,,,,,,,,,,
2014,marcus martin,C,USC,6-3,320.0,5.38,,23.0,,,,True,3.0,70.0,marcus martin,,,,,,,,,,,,,,,,,,,,,,,,,,,,,,,,,,,,,,,,,,,,,,,,,,,,,,,
2014,zack martin,OG,Notre Dame,6-4,308.0,5.22,28.0,29.0,106.0,7.65,4.59,True,1.0,16.0,zack martin,,,,,,,,,,,,,,,,,,,,,,,,,,,,,,,,,,,,,,,,,,,,,,,,,,,,,,,
2014,tre mason,RB,Auburn,5-8,207.0,4.5,38.5,,126.0,,4.15,True,3.0,75.0,tre mason,2013.0,,,,,,,,,,,,,,,26.3,100.0,15.0,1.0,395.0,,,,,,,,,,,,,,,,,,,,,,,,,,34.0,12.0,1.0,163.0,13.6,317.0,53.0,23.0,1816.0,5.7
2014,jeff mathews,QB,Cornell,6-4,223.0,5.26,25.5,,105.0,7.14,4.36,False,,,jeff mathews,,,,,,,,,,,,,,,,,,,,,,,,,,,,,,,,,,,,,,,,,,,,,,,,,,,,,,,
2014,jake matthews,OT,Texas A&M,6-5,308.0,5.07,30.5,24.0,105.0,7.34,4.47,True,1.0,6.0,jake matthews,,,,,,,,,,,,,,,,,,,,,,,,,,,,,,,,,,,,,,,,,,,,,,,,,,,,,,,
2014,jordan matthews,WR,Vanderbilt,6-3,212.0,4.46,35.5,21.0,120.0,6.95,4.18,True,2.0,42.0,jordan matthews,2013.0,,,,,,,,,,,,,,,,,,,,,,,,,,,,,,,,,,,,,,,,,,,,,55.0,112.0,7.0,1477.0,13.2,6.0,28.0,0.0,54.0,9.0
2014,josh mauro,DE,Stanford,6-6,271.0,5.21,32.0,21.0,116.0,7.43,4.51,False,,,josh mauro,2013.0,,,,,,,,,,,25.0,1.0,0.0,25.0,,,,,,,,,,,,,,,,,,,,,,,,,,,,,,,,,,,,,,,,
2014,a.j. mccarron,QB,Alabama,6-3,220.0,4.94,28.0,,99.0,7.18,4.34,True,5.0,164.0,aj mccarron,2013.0,,,,,,,,,,,,,,,,,,,,,,,,,,,336.0,226.0,7.0,0.673,28.0,3063.0,9.1,,,,,,,,,,,,,,,,,34.0,15.0,0.0,,
2014,daniel mccullers,DT,Tennessee,6-7,352.0,5.18,20.5,27.0,97.0,,,True,6.0,215.0,daniel mccullers,,,,,,,,,,,,,,,,,,,,,,,,,,,,,,,,,,,,,,,,,,,,,,,,,,,,,,,
2014,dexter mcdougle,CB,Maryland,5-10,196.0,4.47,,,,,,True,3.0,80.0,dexter mcdougle,2013.0,,,,,,,,,,,16.3,3.0,1.0,49.0,,,,,,,,,,,,,,,,,,,,,,,,,,,,,,,,,,,,,,,,
2014,keith mcgill,CB,Utah,6-3,211.0,4.51,39.0,,129.0,7.29,4.18,True,4.0,116.0,keith mcgill,,,,,,,,,,,,,,,,,,,,,,,,,,,,,,,,,,,,,,,,,,,,,,,,,,,,,,,
2014,jerick mckinnon,RB,Georgia Southern,5-9,209.0,4.41,40.5,32.0,132.0,6.83,4.12,True,3.0,96.0,jerick mckinnon,2013.0,,,,,,,,,,,,,,,,,,,,0.0,0.0,0.0,0.0,0.0,1.0,0.0,,,,,,,,,,,,,,,,,,,,,,,,9.0,66.0,1.0,125.0,13.9
2014,zach mettenberger,QB,LSU,6-5,224.0,,,,,,,True,6.0,178.0,zach mettenberger,2013.0,,,,,,,,,,,,,,,,,,,,,,,,,,,296.0,192.0,8.0,0.649,22.0,3082.0,10.4,,,,,,,,,,,,,,,,,34.0,10.0,0.0,,
2014,jack mewhort,OT,Ohio State,6-6,309.0,5.37,26.0,28.0,101.0,7.79,4.64,True,2.0,59.0,jack mewhort,,,,,,,,,,,,,,,,,,,,,,,,,,,,,,,,,,,,,,,,,,,,,,,,,,,,,,,
2014,trey millard,FB,Oklahoma,6-2,247.0,4.64,,,,,,True,7.0,245.0,trey millard,2013.0,,,,,,,,,,,,,,,11.0,11.0,1.0,0.0,11.0,,,,,,,,,,,,,,,,,,,,,,,,,,29.0,11.0,1.0,78.0,7.1,17.0,33.0,1.0,97.0,5.7
2014,tevin mims,DE,South Florida,6-4,260.0,4.95,27.5,17.0,109.0,,,False,,,tevin mims,,,,,,,,,,,,,,,,,,,,,,,,,,,,,,,,,,,,,,,,,,,,,,,,,,,,,,,
2014,terrance mitchell,CB,Oregon,5-11,192.0,4.63,34.0,,117.0,6.57,4.0,True,7.0,254.0,terrance mitchell,2013.0,,,,,,,,,,,14.4,5.0,1.0,72.0,,,,,,,,,,,,,,,,,,,,,,,,,,,,,,,,,,,,,,,,
2014,donte moncrief,WR,Mississippi,6-2,221.0,4.4,39.5,13.0,132.0,7.02,4.3,True,3.0,90.0,donte moncrief,2013.0,,,,,,,,,,,,,,,,,,,,,,,,,,,,,,,,,,,,,,,,,,,,,67.0,59.0,6.0,938.0,15.9,,,,,
2014,zach moore,DE,Concordia (MN),6-5,269.0,4.84,33.5,23.0,123.0,7.41,4.46,True,6.0,198.0,zach moore,,,,,,,,,,,,,,,,,,,,,,,,,,,,,,,,,,,,,,,,,,,,,,,,,,,,,,,
2014,james morris,ILB,Iowa,6-1,241.0,4.8,34.5,18.0,117.0,6.94,4.36,False,,,james morris,2013.0,,,,,,,,,,,7.3,4.0,0.0,29.0,,,,,,,,,,,,,,,,,,,,,,,,,,,,,,,,,,,,,,,,
2014,stephen morris,QB,Miami (FL),6-2,213.0,4.63,30.0,,111.0,7.36,4.49,False,,,stephen morris,2013.0,,,,,,,,,,,,,,,,,,,,,,,,,,,344.0,198.0,12.0,0.576,21.0,3028.0,8.8,,,,,,,,,,,,0.0,1.0,0.0,,,28.0,16.0,0.0,,
2014,morgan moses,OT,Virginia,6-6,314.0,5.35,21.5,,106.0,7.93,4.95,True,3.0,66.0,morgan moses,,,,,,,,,,,,,,,,,,,,,,,,,,,,,,,,,,,,,,,,,,,,,,,,,,,,,,,
2014,c.j. mosley,ILB,Alabama,6-2,234.0,4.65,35.0,,118.0,7.3,4.4,True,1.0,17.0,cj mosley,2012.0,,,,,,,,,,,8.0,2.0,1.0,16.0,,,,,,,,,,,,,,,,,,,,,,,,,,,,,,,,,,,,,,,,
2014,adam muema,RB,San Diego State,5-10,202.0,4.56,,,,,,False,,,adam muema,2013.0,,,,,,,,,,,,,,,,,,,,,,,,,,,,,,,,,,,,,,,,,,,,,14.0,18.0,0.0,98.0,5.4,256.0,57.0,15.0,1244.0,4.9
2014,jake murphy,TE,Utah,6-4,249.0,4.79,33.0,24.0,114.0,7.18,4.27,False,,,jake murphy,2013.0,,,,,,,,,,,,,,,,,,,,,,,,,,,,,,,,,,,,,,,,,,,,,64.0,25.0,5.0,417.0,16.7,,,,,
2014,trent murphy,DE,Stanford,6-5,250.0,4.86,35.5,19.0,118.0,6.78,4.2,True,2.0,47.0,trent murphy,2013.0,,,,,,,,,,,30.0,1.0,1.0,30.0,,,,,,,,,,,,,,,,,,,,,,,,,,,,,,,,,,,,,,,,
2014,aaron murray,QB,Georgia,6-0,207.0,4.84,,,,,,True,5.0,163.0,aaron murray,2013.0,,,,,,,,,,,,,,,,,,,,,,,,,,,347.0,225.0,9.0,0.648,26.0,3075.0,8.9,,,,,,,,,,,,,,,,,53.0,57.0,7.0,186.0,3.5
2014,jordan najvar,TE,Baylor,6-6,256.0,4.93,32.5,18.0,112.0,7.14,4.47,False,,,jordan najvar,2013.0,,,,,,,,,,,,,,,,,,,,,,,,,,,,,,,,,,,,,,,,,,,,,18.0,10.0,0.0,85.0,8.5,,,,,
2014,jonathan newsome,OLB,Ball State,6-3,247.0,4.73,34.0,21.0,117.0,7.31,4.63,True,5.0,166.0,jonathan newsome,2013.0,,,,,,,,,,,0.0,1.0,0.0,0.0,,,,,,,,,,,,,,,,,,,,,,,,,,,,,,,,,,,,,,,,
2014,troy niklas,TE,Notre Dame,6-6,270.0,4.84,32.0,27.0,114.0,7.57,4.55,True,2.0,52.0,troy niklas,2013.0,,,,,,,,,,,,,,,,,,,,,,,,,,,,,,,,,,,,,,,,,,,,,66.0,32.0,5.0,498.0,15.6,,,,,
2014,kevin norwood,WR,Alabama,6-2,198.0,4.48,33.0,8.0,121.0,6.68,4.32,True,4.0,123.0,kevin norwood,2013.0,,,,,,,,,,,,,,,,,,,,,,,,,,,,,,,,,,,,,,,,,,,,,50.0,38.0,7.0,568.0,14.9,,,,,
2014,kyle van noy,OLB,BYU,6-3,243.0,4.71,32.5,21.0,112.0,7.22,4.2,True,2.0,40.0,kyle van noy,2013.0,,,,,,,,,,,8.5,2.0,1.0,17.0,,,,,,,,,,,,,,,,,,,,,,,,,,,,,,,,,,,,,,,,
2014,pat o'donnell,P,Miami (FL),6-4,220.0,4.64,30.5,23.0,120.0,,,True,6.0,191.0,pat odonnell,2013.0,,,,,,,,,,,,,,,,,,,,,,,,,,,,,,,,,,,,,,,0.0,71.0,53.0,0.0,2498.0,47.1,,,,,,,,,,
2014,jeoffrey pagan,DE,Alabama,6-3,310.0,4.92,,,,,,True,6.0,177.0,jeoffrey pagan,,,,,,,,,,,,,,,,,,,,,,,,,,,,,,,,,,,,,,,,,,,,,,,,,,,,,,,
2014,tenny palepoi,DT,Utah,6-1,298.0,5.1,30.5,31.0,111.0,7.67,4.53,False,,,tenny palepoi,,,,,,,,,,,,,,,,,,,,,,,,,,,,,,,,,,,,,,,,,,,,,,,,,,,,,,,
2014,matt paradis,C,Boise State,6-3,306.0,5.34,26.0,23.0,103.0,7.6,4.46,True,6.0,207.0,matt paradis,,,,,,,,,,,,,,,,,,,,,,,,,,,,,,,,,,,,,,,,,,,,,,,,,,,,,,,
2014,matt patchan,OT,Boston Col.,6-6,302.0,4.97,33.5,22.0,,,,False,,,matt patchan,,,,,,,,,,,,,,,,,,,,,,,,,,,,,,,,,,,,,,,,,,,,,,,,,,,,,,,
2014,jacob pedersen,TE,Wisconsin,6-3,238.0,4.82,28.5,,111.0,7.55,4.4,False,,,jacob pedersen,2013.0,,,,,,,,,,,,,,,,,,,,,,,,,,,,,,,,,,,,,,,,,,,,,61.0,39.0,3.0,551.0,14.1,,,,,
2014,ladarius perkins,RB,Mississippi State,5-7,195.0,4.46,35.5,23.0,124.0,7.08,4.3,False,,,ladarius perkins,2013.0,,,,,,,,,,,,,,,,,,,,,,,,,,,,,,,,,,,,,,,,,,,,,32.0,27.0,3.0,248.0,9.2,137.0,35.0,2.0,542.0,4.0
2014,kevin pierre-louis,OLB,Boston Col.,6-0,232.0,4.51,39.0,28.0,128.0,6.92,4.02,True,4.0,132.0,kevin pierrelouis,2013.0,,,,,,,,,,,33.0,2.0,1.0,33.0,,,,,,,,,,,,,,,,,,,,,,,,,,,,,,,,,,,,,,,,
2014,ronald powell,OLB,Florida,6-3,237.0,4.65,35.5,21.0,114.0,,,True,5.0,169.0,ronald powell,2010.0,,,,,,,,,,,,,,,20.0,20.0,1.0,0.0,20.0,,,,,,,,,,,,,,,,,,,,,,,,,,,,,,,,,,,
2014,jabari price,CB,North Carolina,5-11,200.0,4.45,,16.0,,7.04,4.3,True,7.0,225.0,jabari price,2012.0,,,,,,,,,,,0.0,1.0,0.0,0.0,,,,,,,,,,,,,,,,,,,,,,,,,,,,,,,,,,,,,,,,
2014,calvin pryor,S,Louisville,5-11,207.0,4.58,34.5,18.0,116.0,,,True,1.0,18.0,calvin pryor,,,,,,,,,,,,,,,,,,,,,,,,,,,,,,,,,,,,,,,,,,,,,,,,,,,,,,,
2014,loucheiz purifoy,CB,Florida,5-11,190.0,4.61,35.5,6.0,120.0,,,False,,,loucheiz purifoy,2013.0,,,,,,,,,,,21.0,2.0,1.0,42.0,20.5,25.0,4.0,0.0,82.0,,,,,,,,,,,,,,,11.7,18.0,3.0,0.0,35.0,,,,,,,,,,,,1.0,15.0,0.0,15.0,15.0
2014,kelcy quarles,DT,South Carolina,6-4,297.0,5.03,23.5,27.0,102.0,,,False,,,kelcy quarles,,,,,,,,,,,,,,,,,,,,,,,,,,,,,,,,,,,,,,,,,,,,,,,,,,,,,,,
2014,kaleb ramsey,DT,Boston Col.,6-3,293.0,,,36.0,,,,True,7.0,243.0,kaleb ramsey,,,,,,,,,,,,,,,,,,,,,,,,,,,,,,,,,,,,,,,,,,,,,,,,,,,,,,,
2014,keith reaser,CB,Florida Atlantic,5-11,189.0,4.43,,22.0,,,,True,5.0,170.0,keith reaser,2013.0,,,,,,,,,,,,,,,18.0,18.0,1.0,0.0,18.0,,,,,,,,,,,,,,,,,,,,,,,,,,,,,,,,,,,
2014,silas redd,RB,USC,5-10,212.0,4.7,37.0,18.0,122.0,,,False,,,silas redd,2013.0,,,,,,,,,,,,,,,,,,,,,,,,,,,,,,,,,,,,,,,,,,,,,12.0,10.0,1.0,45.0,4.5,81.0,23.0,1.0,376.0,4.6
2014,tevin reese,WR,Baylor,5-10,163.0,4.46,41.0,,132.0,6.63,4.18,True,7.0,240.0,tevin reese,2013.0,,,,,,,,,,,,,,,,,,,,,,,,,,,,,,,,,,,,,,,,,,,,,93.0,38.0,8.0,867.0,22.8,,,,,
2014,caraun reid,DT,Princeton,6-2,302.0,4.91,26.5,20.0,106.0,7.59,4.58,True,5.0,158.0,caraun reid,,,,,,,,,,,,,,,,,,,,,,,,,,,,,,,,,,,,,,,,,,,,,,,,,,,,,,,
2014,trevor reilly,OLB,Utah,6-5,245.0,4.67,,26.0,,,,True,7.0,233.0,trevor reilly,2013.0,,,,,,,,,,,3.0,1.0,0.0,3.0,,,,,,,,,,,,,,,,,,,,,,,,,,,,,,,,,,,,,,,,
2014,bryn renner,QB,North Carolina,6-3,228.0,4.87,25.5,,108.0,7.22,4.3,False,,,bryn renner,2013.0,,,,,,,,,,,,,,,,,,,,,,,,,,,231.0,152.0,5.0,0.658,10.0,1765.0,7.6,,,,,,,,,,,,,,,,,46.0,17.0,2.0,,
2014,ed reynolds,S,Stanford,6-1,207.0,4.57,32.5,15.0,117.0,,,True,5.0,162.0,ed reynolds,,,,,,,,,,,,,,,,,,,,,,,,,,,,,,,,,,,,,,,,,,,,,,,,,,,,,,,
2014,rashaad reynolds,CB,Oregon State,5-10,189.0,4.51,37.5,20.0,123.0,6.72,4.0,False,,,rashaad reynolds,2013.0,,,,,,,,,,,11.5,6.0,0.0,69.0,,,,,,,,,,,,,,,,,,,,5.2,11.0,6.0,0.0,31.0,,,,,,,,,,,,,,,,
2014,antonio richardson,OT,Tennessee,6-6,336.0,5.3,24.5,36.0,,,,False,,,antonio richardson,,,,,,,,,,,,,,,,,,,,,,,,,,,,,,,,,,,,,,,,,,,,,,,,,,,,,,,
2014,cyril richardson,OG,Baylor,6-5,329.0,5.36,25.5,25.0,91.0,7.7,4.83,True,5.0,153.0,cyril richardson,,,,,,,,,,,,,,,,,,,,,,,,,,,,,,,,,,,,,,,,,,,,,,,,,,,,,,,
2014,paul richardson,WR,Colorado,6-0,175.0,4.4,38.0,,124.0,7.09,,True,2.0,45.0,paul richardson,2013.0,,,,,,,,,,,,,,,,,,,,,,,,,,,2.0,1.0,0.0,0.5,1.0,75.0,37.5,,,,,,,,,,,,82.0,83.0,10.0,1343.0,16.2,1.0,7.0,0.0,7.0,7.0
2014,weston richburg,C,Colorado State,6-3,298.0,5.1,25.5,25.0,106.0,7.93,4.63,True,2.0,43.0,weston richburg,,,,,,,,,,,,,,,,,,,,,,,,,,,,,,,,,,,,,,,,,,,,,,,,,,,,,,,
2014,marcus roberson,CB,Florida,6-0,191.0,4.61,37.5,8.0,120.0,6.84,4.08,False,,,marcus roberson,2013.0,,,,,,,,,,,,,,,16.0,16.0,1.0,0.0,16.0,,,,,,,,,,,,,,,8.6,38.0,15.0,0.0,129.0,,,,,,,,,,,,,,,,
2014,allen robinson,WR,Penn State,6-3,220.0,4.6,39.0,,127.0,7.0,4.0,True,2.0,61.0,allen robinson,2013.0,,,,,,,,,,,,,,,,,,,,,,,,,,,,,,,,,,,,,,,,,,,,,65.0,97.0,6.0,1432.0,14.8,6.0,14.0,0.0,36.0,6.0
2014,greg robinson,OT,Auburn,6-5,332.0,4.92,28.5,32.0,113.0,7.8,4.86,True,1.0,2.0,greg robinson,,,,,,,,,,,,,,,,,,,,,,,,,,,,,,,,,,,,,,,,,,,,,,,,,,,,,,,
2014,bradley roby,CB,Ohio State,5-11,194.0,4.39,38.5,17.0,124.0,,4.04,True,1.0,31.0,bradley roby,2013.0,,,,,,,,,,,40.0,3.0,1.0,120.0,0.0,0.0,1.0,0.0,0.0,,,,,,,,,,,,,,,13.0,17.0,2.0,1.0,26.0,,,,,,,,,,,,,,,,
2014,richard rodgers,TE,California,6-4,257.0,4.87,31.5,16.0,116.0,7.23,4.47,True,3.0,98.0,richard rodgers,2013.0,,,,,,,,,,,,,,,,,,,,,,,,,,,,,,,,,,,,,,,,,,,,,75.0,39.0,1.0,608.0,15.6,7.0,5.0,0.0,9.0,1.3
2014,michael sam,DE,Missouri,6-2,261.0,4.91,25.5,17.0,114.0,7.8,4.7,True,7.0,249.0,michael sam,2011.0,,,,,,,,,,,0.0,1.0,0.0,0.0,,,,,,,,,,,,,,,,,,,,,,,,,,,,,,,,,,,,,,,,
2014,bishop sankey,RB,Washington,5-9,209.0,4.49,35.5,26.0,126.0,6.75,4.0,True,2.0,54.0,bishop sankey,2013.0,,,,,,,,,,,,,,,,,,,,,,,,,,,,,,,,,,,,,,,,,,,,,40.0,28.0,1.0,304.0,10.9,327.0,60.0,20.0,1870.0,5.7
2014,cairo santos,K,Tulane,5-8,164.0,4.76,,,,,,False,,,cairo santos,2013.0,,,,,,,,,,,,,,,,,,,,22.0,16.0,56.0,0.727,86.0,38.0,38.0,,,,,,,,,,,,,,,,,,,,,,,,,,,,
2014,jalen saunders,WR,Oklahoma,5-9,165.0,4.44,34.0,,122.0,,,True,4.0,104.0,jalen saunders,2013.0,,,,,,,,,,,,,,,55.0,55.0,1.0,0.0,55.0,,,,,,,,,,,,,,,15.4,91.0,20.0,2.0,308.0,,,,,,,76.0,61.0,8.0,729.0,12.0,5.0,37.0,0.0,44.0,8.8
2014,tom savage,QB,Pittsburgh,6-4,228.0,4.97,27.0,,105.0,7.33,4.36,True,4.0,135.0,tom savage,2013.0,,,,,,,,,,,,,,,,,,,,,,,,,,,389.0,238.0,9.0,0.612,21.0,2958.0,7.6,,,,,,,,,,,,,,,,,76.0,12.0,3.0,,
2014,michael schofield,OT,Michigan,6-6,301.0,5.01,24.0,,93.0,7.62,4.57,True,3.0,95.0,michael schofield,,,,,,,,,,,,,,,,,,,,,,,,,,,,,,,,,,,,,,,,,,,,,,,,,,,,,,,
2014,lache seastrunk,RB,Baylor,5-9,201.0,4.51,41.5,15.0,134.0,,,True,6.0,186.0,lache seastrunk,2013.0,,,,,,,,,,,,,,,,,,,,,,,,,,,,,,,,,,,,,,,,,,,,,,,,,,158.0,80.0,11.0,1177.0,7.4
2014,austin seferian-jenkins,TE,Washington,6-5,262.0,4.75,,20.0,,,,True,2.0,38.0,austin seferianjenkins,2013.0,,,,,,,,,,,,,,,,,,,,,,,,,,,,,,,,,,,,,,,,,,,,,34.0,36.0,8.0,450.0,12.5,,,,,
2014,connor shaw,QB,South Carolina,6-0,206.0,4.66,34.0,,116.0,7.07,4.33,False,,,connor shaw,2013.0,,,,,,,,,,,,,,,,,,,,,,,,,,,284.0,180.0,1.0,0.634,24.0,2447.0,8.6,,,,,,,,,,,,9.0,1.0,1.0,9.0,9.0,154.0,31.0,6.0,558.0,3.6
2014,ryan shazier,OLB,Ohio State,6-1,237.0,4.58,42.0,25.0,130.0,6.91,4.21,True,1.0,15.0,ryan shazier,2012.0,,,,,,,,,,,17.0,1.0,1.0,17.0,,,,,,,,,,,,,,,,,,,,,,,,,,,,,,,,,,,,,,,,
2014,prince shembo,OLB,Notre Dame,6-1,253.0,4.71,38.5,26.0,122.0,7.29,4.31,True,4.0,139.0,prince shembo,,,,,,,,,,,,,,,,,,,,,,,,,,,,,,,,,,,,,,,,,,,,,,,,,,,,,,,
2014,charles sims,RB,West Virginia,6-0,214.0,4.48,37.5,17.0,126.0,7.16,4.3,True,3.0,69.0,charles sims,2013.0,,,,,,,,,,,,,,,13.3,16.0,4.0,0.0,53.0,,,,,,,,,,,,,,,,,,,,,,,,,,38.0,45.0,3.0,401.0,8.9,208.0,76.0,11.0,1095.0,5.3
2014,shayne skov,ILB,Stanford,6-2,245.0,5.09,,,,,,False,,,shayne skov,,,,,,,,,,,,,,,,,,,,,,,,,,,,,,,,,,,,,,,,,,,,,,,,,,,,,,,
2014,yawin smallwood,ILB,Connecticut,6-2,246.0,,36.5,18.0,108.0,,,True,7.0,253.0,yawin smallwood,2013.0,,,,,,,,,,,59.0,1.0,1.0,59.0,,,,,,,,,,,,,,,,,,,,,,,,,,,,,,,,,,,,,,,,
2014,chris smith,OLB,Arkansas,6-1,266.0,4.66,37.0,28.0,121.0,7.55,4.46,True,5.0,159.0,chris smith,2012.0,,,,,,,,,,,,,,,,,,,,,,,,,,,,,,,,,,,,,,,,,,,,,45.0,47.0,2.0,564.0,12.0,,,,,
2014,jerome smith,RB,Syracuse,5-11,220.0,4.84,36.0,14.0,118.0,7.53,4.6,False,,,jerome smith,2013.0,,,,,,,,,,,,,,,,,,,,,,,,,,,,,,,,,,,,,,,,,,,,,20.0,8.0,1.0,74.0,9.3,200.0,66.0,12.0,914.0,4.6
2014,marcus smith,DE,Louisville,6-3,251.0,4.66,35.0,23.0,121.0,7.48,4.47,True,1.0,26.0,marcus smith,2014.0,,,,,,,,,,,,,,,,,,,,,,,,,,,,,,,,,,,,,,,,,,,,,41.0,15.0,6.0,238.0,15.9,,,,,
2014,telvin smith,OLB,Florida State,6-3,218.0,4.52,31.5,,119.0,,,True,5.0,144.0,telvin smith,2013.0,,,,,,,,,,,49.0,3.0,2.0,147.0,,,,,,,,,,,,,,,,,,,,,,,,,,,,,,,,,,,,,,,,
2014,willie snead,WR,Ball State,5-11,195.0,4.62,33.5,11.0,113.0,7.19,4.39,False,,,willie snead,2013.0,,,,,,,,,,,,,,,,,,,,,,,,,,,,,,,,,,,,,,,,,,,,,55.0,106.0,15.0,1516.0,14.3,,,,,
2014,daniel sorensen,S,BYU,6-1,205.0,4.67,32.0,13.0,114.0,6.47,3.95,False,,,daniel sorensen,2013.0,,,,,,,,,,,11.0,2.0,0.0,22.0,,,,,,,,,,,,,,,,,,,,,,,,,,,,,,,,,,,,1.0,4.0,0.0,4.0,4.0
2014,dezmen southward,S,Wisconsin,6-0,211.0,4.38,,,,,,True,3.0,68.0,dezmen southward,2013.0,,,,,,,,,,,0.0,1.0,0.0,0.0,,,,,,,,,,,,,,,,,,,,,,,,,,,,,,,,,,,,,,,,
2014,tyler starr,OLB,South Dakota,6-4,250.0,4.95,32.0,24.0,116.0,6.64,4.15,True,7.0,255.0,tyler starr,,,,,,,,,,,,,,,,,,,,,,,,,,,,,,,,,,,,,,,,,,,,,,,,,,,,,,,
2014,anthony steen,OG,Alabama,6-3,314.0,5.33,,,,,,False,,,anthony steen,,,,,,,,,,,,,,,,,,,,,,,,,,,,,,,,,,,,,,,,,,,,,,,,,,,,,,,
2014,shamar stephen,DT,Connecticut,6-5,309.0,5.25,30.5,25.0,103.0,,,True,7.0,220.0,shamar stephen,,,,,,,,,,,,,,,,,,,,,,,,,,,,,,,,,,,,,,,,,,,,,,,,,,,,,,,
2014,josh stewart,WR,Oklahoma State,5-10,178.0,4.69,35.0,11.0,117.0,7.1,4.33,False,,,josh stewart,2013.0,,,,,,,,,,,,,,,24.0,24.0,1.0,0.0,24.0,,,,,,,,1.0,1.0,0.0,1.0,0.0,48.0,48.0,16.7,95.0,22.0,2.0,368.0,,,,,,,73.0,60.0,3.0,703.0,11.7,10.0,15.0,0.0,49.0,4.9
2014,ed stinson,DE,Alabama,6-3,287.0,4.98,,,,,,True,5.0,160.0,ed stinson,,,,,,,,,,,,,,,,,,,,,,,,,,,,,,,,,,,,,,,,,,,,,,,,,,,,,,,
2014,james stone,C,Tennessee,6-4,306.0,5.17,27.5,22.0,105.0,8.16,4.63,False,,,james stone,,,,,,,,,,,,,,,,,,,,,,,,,,,,,,,,,,,,,,,,,,,,,,,,,,,,,,,
2014,bryan stork,C,Florida State,6-4,315.0,5.44,,,,,,True,4.0,105.0,bryan stork,,,,,,,,,,,,,,,,,,,,,,,,,,,,,,,,,,,,,,,,,,,,,,,,,,,,,,,
2014,devin street,WR,Pittsburgh,6-3,198.0,4.55,37.0,,124.0,6.89,4.01,True,5.0,146.0,devin street,2013.0,,,,,,,,,,,,,,,,,,,,,,,,,,,,,,,,,,,,,,,,,,,,,67.0,51.0,7.0,854.0,16.7,3.0,3.0,0.0,6.0,2.0
2014,xavier su'a-filo,OG,UCLA,6-4,307.0,5.04,25.0,25.0,102.0,7.6,4.44,True,2.0,33.0,xavier suafilo,,,,,,,,,,,,,,,,,,,,,,,,,,,,,,,,,,,,,,,,,,,,,,,,,,,,,,,
2014,vinnie sunseri,S,Alabama,5-11,210.0,,,18.0,,,,True,5.0,167.0,vinnie sunseri,2013.0,,,,,,,,,,,55.5,2.0,2.0,111.0,,,,,,,,,,,,,,,,,,,,,,,,,,,,,,,,,,,,,,,,
2014,will sutton,DT,Arizona State,6-0,303.0,5.36,28.5,24.0,99.0,7.93,4.82,True,3.0,82.0,will sutton,2013.0,,,,,,,,,,,2.0,1.0,0.0,2.0,,,,,,,,,,,,,,,,,,,,,,,,,,,,,,,,,,,,,,,,
2014,travis swanson,C,Arkansas,6-5,312.0,5.28,26.0,20.0,95.0,7.73,4.65,True,3.0,76.0,travis swanson,,,,,,,,,,,,,,,,,,,,,,,,,,,,,,,,,,,,,,,,,,,,,,,,,,,,,,,
2014,lorenzo taliaferro,RB,Coastal Carolina,6-0,229.0,4.58,33.0,18.0,118.0,6.88,4.22,True,4.0,138.0,lorenzo taliaferro,2013.0,,,,,,,,,,,,,,,,,,,,,,,,,,,,,,,,,,,,,,,,,,,,,5.0,4.0,1.0,11.0,2.8,10.0,10.0,0.0,21.0,2.1
2014,brandon thomas,OG,Clemson,6-3,317.0,5.09,29.0,35.0,98.0,8.13,4.83,True,3.0,100.0,brandon thomas,2011.0,,,,,,,,,,,,,,,,,,,,,,,,,,,,,,,,,,,,,,,,,,,,,,1.0,0.0,,,0.0,0.0,1.0,0.0,0.0
2014,de'anthony thomas,RB,Oregon,5-9,174.0,4.39,32.0,8.0,124.0,,,True,4.0,124.0,deanthony thomas,2013.0,,,,,,,,,,,,,,,24.4,86.0,21.0,1.0,513.0,,,,,,,,,,,,,,,,,,,,,,,,,,28.0,22.0,1.0,246.0,11.2,96.0,40.0,8.0,594.0,6.2
2014,jemea thomas,CB,Georgia Tech,5-9,192.0,4.52,37.0,19.0,125.0,,,True,6.0,206.0,jemea thomas,2013.0,,,,,,,,,,,2.5,2.0,0.0,5.0,23.5,29.0,8.0,0.0,188.0,,,,,,,,,,,,,,,,,,,,,,,,,,,,,,,,,,,
2014,logan thomas,QB,Virginia Tech,6-6,248.0,4.61,35.5,,118.0,7.05,4.18,True,4.0,120.0,logan thomas,2013.0,,,,,,,,,,,,,,,,,,,,,,,,,,,402.0,227.0,13.0,0.565,16.0,2907.0,7.2,,,,,,,,,,,,9.0,1.0,0.0,9.0,9.0,162.0,26.0,4.0,344.0,2.1
2014,robert thomas,DT,Arkansas,6-1,327.0,5.26,,32.0,,,,False,,,robert thomas,,,,,,,,,,,,,,,,,,,,,,,,,,,,,,,,,,,,,,,,,,,,,,,,,,,,,,,
2014,khyri thornton,DT,Southern Miss,6-3,304.0,5.03,29.0,28.0,112.0,7.83,4.76,True,3.0,85.0,khyri thornton,2012.0,,,,,,,,,,,12.0,1.0,0.0,12.0,,,,,,,,,,,,,,,,,,,,,,,,,,,,,,,,,,,,,,,,
2014,d.j. tialavea,TE,Utah State,6-3,267.0,4.95,,,,,,False,,,dj tialavea,2013.0,,,,,,,,,,,,,,,,,,,,,,,,,,,1.0,0.0,0.0,0.0,0.0,0.0,0.0,,,,,,,,,,,,15.0,17.0,3.0,93.0,5.5,,,,,
2014,jordan tripp,OLB,Montana,6-3,234.0,4.67,37.5,22.0,120.0,6.89,3.96,True,5.0,171.0,jordan tripp,,,,,,,,,,,,,,,,,,,,,,,,,,,,,,,,,,,,,,,,,,,,,,,,,,,,,,,
2014,stephon tuitt,DT,Notre Dame,6-5,304.0,4.92,,31.0,,,,True,2.0,46.0,stephon tuitt,2013.0,,,,,,,,,,,0.0,1.0,1.0,0.0,,,,,,,,,,,,,,,,,,,,,,,,,,,,,,,,,,,,,,,,
2014,billy turner,OT,North Dakota State,6-5,315.0,5.16,28.0,25.0,108.0,7.92,4.71,True,3.0,67.0,billy turner,,,,,,,,,,,,,,,,,,,,,,,,,,,,,,,,,,,,,,,,,,,,,,,,,,,,,,,
2014,trai turner,OG,LSU,6-3,310.0,4.93,27.5,25.0,,,,True,3.0,92.0,trai turner,,,,,,,,,,,,,,,,,,,,,,,,,,,,,,,,,,,,,,,,,,,,,,,,,,,,,,,
2014,george uko,DT,USC,6-3,284.0,4.99,29.5,18.0,110.0,,,False,,,george uko,,,,,,,,,,,,,,,,,,,,,,,,,,,,,,,,,,,,,,,,,,,,,,,,,,,,,,,
2014,uani' unga,ILB,BYU,6-1,231.0,4.82,,,,,,False,,,uani unga,2012.0,,,,,,,,,,,22.0,1.0,0.0,22.0,,,,,,,,,,,,,,,,,,,,,,,,,,,,,,,,,,,,,,,,
2014,brent urban,DE,Virginia,6-7,295.0,4.98,,,,,,True,4.0,134.0,brent urban,,,,,,,,,,,,,,,,,,,,,,,,,,,,,,,,,,,,,,,,,,,,,,,,,,,,,,,
2014,john urschel,OG,Penn State,6-3,313.0,5.31,29.0,30.0,102.0,7.55,4.47,True,5.0,175.0,john urschel,,,,,,,,,,,,,,,,,,,,,,,,,,,,,,,,,,,,,,,,,,,,,,,,,,,,,,,
2014,dustin vaughan,QB,West Texas A&M,6-5,235.0,4.95,29.0,,108.0,7.25,4.43,False,,,dustin vaughan,,,,,,,,,,,,,,,,,,,,,,,,,,,,,,,,,,,,,,,,,,,,,,,,,,,,,,,
2014,brock vereen,S,Minnesota,6-0,199.0,4.47,34.0,25.0,117.0,6.9,4.07,True,4.0,131.0,brock vereen,2013.0,,,,,,,,,,,0.0,1.0,0.0,0.0,,,,,,,,,,,,,,,,,,,,,,,,,,,,,,,,,,,,,,,,
2014,jason verrett,CB,TCU,5-9,189.0,4.38,39.0,,128.0,6.69,4.0,True,1.0,25.0,jason verrett,2013.0,,,,,,,,,,,0.0,2.0,0.0,0.0,,,,,,,,,,,,,,,,,,,,,,,,,,,,,,,,,,,,,,,,
2014,jimmie ward,S,Northern Illinois,5-11,193.0,4.59,,9.0,,,,True,1.0,30.0,jimmie ward,2013.0,,,,,,,,,,,14.6,7.0,1.0,102.0,,,,,,,,,,,,,,,,,,,,,,,,,,,,,,,,,,,,,,,,
2014,todd washington,CB,SE Louisiana,5-11,196.0,4.57,,13.0,,,,False,,,todd washington,2010.0,,,,,,,,,,,6.5,2.0,0.0,13.0,,,,,,,,,,,,,,,,,,,,,,,,,,,,,,,,,,,,,,,,
2014,l'damian washington,WR,Missouri,6-4,195.0,4.46,32.0,8.0,115.0,7.19,4.35,False,,,ldamian washington,2013.0,,,,,,,,,,,,,,,,,,,,,,,,,,,,,,,,,,,,,,,,,,,,,96.0,50.0,10.0,893.0,17.9,,,,,
2014,jaylen watkins,CB,Florida,5-11,194.0,4.41,,22.0,,,,True,4.0,101.0,jaylen watkins,2012.0,,,,,,,,,,,14.7,3.0,1.0,44.0,,,,,,,,,,,,,,,,,,,,,,,,,,,,,,,,,,,,,,,,
2014,sammy watkins,WR,Clemson,6-1,211.0,4.43,34.0,16.0,126.0,6.95,4.34,True,1.0,4.0,sammy watkins,2013.0,,,,,,,,,,,,,,,20.9,33.0,14.0,0.0,293.0,,,,,,,,2.0,0.0,1.0,0.0,0.0,0.0,0.0,0.0,0.0,1.0,0.0,0.0,,,,,,,96.0,101.0,12.0,1464.0,14.5,6.0,3.0,0.0,11.0,1.8
2014,chris watt,OG,Notre Dame,6-3,310.0,5.5,,29.0,,,,True,3.0,89.0,chris watt,,,,,,,,,,,,,,,,,,,,,,,,,,,,,,,,,,,,,,,,,,,,,,,,,,,,,,,
2014,larry webster,TE,Bloomsburg,6-6,252.0,4.58,36.5,17.0,123.0,7.29,4.44,True,4.0,136.0,larry webster,,,,,,,,,,,,,,,,,,,,,,,,,,,,,,,,,,,,,,,,,,,,,,,,,,,,,,,
2014,keith wenning,QB,Ball State,6-3,218.0,5.0,28.0,,100.0,7.07,4.25,True,6.0,194.0,keith wenning,2013.0,,,,,,,,,,,,,,,,,,,,,,,,,,,498.0,319.0,7.0,0.641,35.0,4148.0,8.3,,,,,,0.0,33.0,1.0,0.0,33.0,33.0,,,,,,45.0,12.0,5.0,44.0,1.0
2014,terrance west,RB,Towson,5-9,225.0,4.56,33.5,16.0,120.0,,,True,3.0,94.0,terrance west,2013.0,,,,,,,,,,,,,,,,,,,,,,,,,,,,,,,,,,,,,,,,,,,,,2.0,1.0,0.0,2.0,2.0,36.0,23.0,2.0,156.0,4.3
2014,ethan westbrooks,DE,West Texas A&M,6-3,267.0,4.9,29.0,19.0,110.0,7.3,4.67,False,,,ethan westbrooks,,,,,,,,,,,,,,,,,,,,,,,,,,,,,,,,,,,,,,,,,,,,,,,,,,,,,,,
2014,lavelle westbrooks,CB,Georgia Southern,5-11,186.0,4.63,36.0,15.0,121.0,6.98,4.27,True,7.0,252.0,lavelle westbrooks,,,,,,,,,,,,,,,,,,,,,,,,,,,,,,,,,,,,,,,,,,,,,,,,,,,,,,,
2014,chris whaley,DT,Texas,6-3,269.0,5.02,,,,,,False,,,chris whaley,2013.0,,,,,,,,,,,31.0,1.0,1.0,31.0,,,,,,,,,,,,,,,,,,,,,,,,,,,,,,,,,,,,,,,,
2014,james white,RB,Wisconsin,5-9,204.0,4.57,32.0,23.0,114.0,7.05,4.2,True,4.0,130.0,james white,2014.0,,,,,,,,,,,,,,,,,,,,,,,,,,,,,,,,,,,,,,,,,,,,,7.0,3.0,0.0,10.0,3.3,22.0,20.0,3.0,153.0,7.0
2014,andre williams,RB,Boston Col.,5-11,230.0,4.56,38.0,,129.0,7.27,4.06,True,4.0,113.0,andre williams,2013.0,,,,,,,,,,,,,,,,,,,,,,,,,,,,,,,,,,,,,,,,,,,,,,,,,,355.0,80.0,18.0,2177.0,6.1
2014,damien williams,RB,Oklahoma,5-11,222.0,4.45,35.5,16.0,121.0,7.37,4.25,False,,,damien williams,2013.0,,,,,,,,,,,,,,,,,,,,,,,,,,,,,,,,,,,,,,,,,,,,,30.0,9.0,0.0,90.0,10.0,114.0,69.0,7.0,553.0,4.9
2014,avery williamson,ILB,Kentucky,6-1,246.0,4.66,30.5,25.0,120.0,7.11,4.07,True,5.0,151.0,avery williamson,2012.0,,,,,,,,,,,3.0,1.0,0.0,3.0,,,,,,,,,,,,,,,,,,,,,,,,,,,,,,,,,,,,,,,,
2014,albert wilson,WR,Georgia State,5-9,202.0,4.43,37.5,10.0,123.0,7.0,4.21,False,,,albert wilson,2013.0,,,,,,,,,,,,,,,23.5,71.0,31.0,0.0,730.0,,,,,,,,,,,,,,,8.3,62.0,15.0,0.0,125.0,,,,,,,75.0,71.0,8.0,1177.0,16.6,24.0,80.0,1.0,251.0,10.5
2014,kerry wynn,DE,Richmond,6-5,266.0,4.97,34.0,31.0,113.0,,,False,,,kerry wynn,,,,,,,,,,,,,,,,,,,,,,,,,,,,,,,,,,,,,,,,,,,,,,,,,,,,,,,
2014,david yankey,OG,Stanford,6-6,315.0,5.48,28.5,22.0,103.0,7.81,4.86,True,5.0,145.0,david yankey,,,,,,,,,,,,,,,,,,,,,,,,,,,,,,,,,,,,,,,,,,,,,,,,,,,,,,,
2014,jordan zumwalt,OLB,UCLA,6-4,235.0,4.76,33.0,,116.0,6.99,4.25,True,6.0,192.0,jordan zumwalt,2013.0,,,,,,,,,,,23.0,2.0,0.0,46.0,7.7,13.0,3.0,0.0,23.0,,,,,,,,,,,,,,,,,,,,,,,,,,12.0,1.0,0.0,12.0,12.0,,,,,
2015,ameer abdullah,RB,Nebraska,5-9,205.0,4.6,42.5,24.0,130.0,6.79,3.95,True,2.0,54.0,ameer abdullah,2014.0,,,,,,,,,,,,,,,28.0,76.0,14.0,0.0,392.0,,,,,,,,,,,,,,,,,,,,,,,,,,58.0,22.0,3.0,269.0,12.2,264.0,57.0,19.0,1611.0,6.1
2015,nelson agholor,WR,USC,6-0,198.0,4.42,,12.0,,,,True,1.0,20.0,nelson agholor,2014.0,,,,,,,,,,,,,,,16.3,21.0,9.0,0.0,147.0,,,,,,,,,,,,,,,9.9,65.0,20.0,2.0,197.0,,,,,,,87.0,104.0,12.0,1313.0,12.6,4.0,4.0,0.0,3.0,0.8
2015,jay ajayi,RB,Boise State,6-0,221.0,4.57,39.0,19.0,121.0,7.1,4.1,True,5.0,149.0,jay ajayi,2014.0,,,,,,,,,,,,,,,,,,,,,,,,,,,,,,,,,,,,,,,,,,,,,75.0,50.0,4.0,535.0,10.7,347.0,74.0,28.0,1823.0,5.3
2015,kwon alexander,OLB,LSU,6-1,227.0,4.55,36.0,24.0,121.0,7.14,4.2,True,4.0,124.0,kwon alexander,,,,,,,,,,,,,,,,,,,,,,,,,,,,,,,,,,,,,,,,,,,,,,,,,,,,,,,
2015,mario alford,WR,West Virginia,5-8,180.0,4.43,34.0,13.0,121.0,6.64,4.07,True,7.0,238.0,mario alford,2014.0,,,,,,,,,,,,,,,28.6,100.0,26.0,2.0,743.0,,,,,,,,,,,,,,,,,2.0,0.0,,,,,,,,79.0,65.0,11.0,945.0,14.5,2.0,19.0,0.0,14.0,7.0
2015,javorius allen,RB,USC,6-0,221.0,4.53,35.5,11.0,121.0,6.96,4.28,True,4.0,125.0,javorius allen,2014.0,,,,,,,,,,,,,,,,,,,,,,,,,,,,,,,,,,,,,,,,,,,,,51.0,41.0,1.0,458.0,11.2,276.0,53.0,11.0,1489.0,5.4
2015,adrian amos,S,Penn State,6-0,218.0,4.56,35.5,,122.0,7.09,4.03,True,5.0,142.0,adrian amos,2014.0,,,,,,,,,,,11.7,3.0,0.0,35.0,,,,,,,,,,,,,,,,,,,,,,,,,,,,,,,,,,,,,,,,
2015,dres anderson,WR,Utah,6-1,187.0,4.54,,13.0,,,,False,,,dres anderson,2014.0,,,,,,,,,,,,,,,,,,,,,,,,,,,,,,,,,,,,,,,,,,,,,48.0,22.0,4.0,355.0,16.1,1.0,6.0,0.0,6.0,6.0
2015,henry anderson,DE,Stanford,6-6,294.0,4.97,30.0,,111.0,7.2,4.19,True,3.0,93.0,henry anderson,,,,,,,,,,,,,,,,,,,,,,,,,,,,,,,,,,,,,,,,,,,,,,,,,,,,,,,
2015,rory anderson,TE,South Carolina,6-5,244.0,4.73,,,,,,True,7.0,254.0,rory anderson,2014.0,,,,,,,,,,,,,,,,,,,,,,,,,,,,,,,,,,,,,,,,,,,,,29.0,22.0,1.0,260.0,11.8,,,,,
2015,stephone anthony,ILB,Clemson,6-3,243.0,4.56,37.0,23.0,122.0,7.07,4.03,True,1.0,31.0,stephone anthony,2014.0,,,,,,,,,,,8.0,1.0,0.0,8.0,,,,,,,,,,,,,,,,,,,,,,,,,,,,,,,,,,,,,,,,
2015,arik armstead,DE,Oregon,6-7,292.0,5.06,34.0,24.0,117.0,7.57,4.53,True,1.0,17.0,arik armstead,,,,,,,,,,,,,,,,,,,,,,,,,,,,,,,,,,,,,,,,,,,,,,,,,,,,,,,
2015,cameron artis-payne,RB,Auburn,5-10,212.0,4.53,36.5,,118.0,7.13,,True,5.0,174.0,cameron artispayne,2014.0,,,,,,,,,,,,,,,,,,,,,,,,,,,,,,,,,,,,,,,,,,,,,19.0,13.0,0.0,147.0,11.3,303.0,37.0,13.0,1608.0,5.3
2015,neiron ball,OLB,Florida,6-2,236.0,4.65,,22.0,,,,True,5.0,161.0,neiron ball,2013.0,,,,,,,,,,,,,,,,,,,,,,,,,,,,,,,,,,,,,,,,,,,,,14.0,1.0,0.0,14.0,14.0,,,,,
2015,tavaris barnes,DE,Clemson,6-4,282.0,4.8,,22.0,,,,False,,,tavaris barnes,,,,,,,,,,,,,,,,,,,,,,,,,,,,,,,,,,,,,,,,,,,,,,,,,,,,,,,
2015,will baumann,P,Boise State,6-6,187.0,5.14,,,,,,False,,,will baumann,,,,,,,,,,,,,,,,,,,,,,,,,,,,,,,,,,,,,,,,,,,,,,,,,,,,,,,
2015,vic beasley,OLB,Clemson,6-3,246.0,4.53,41.0,35.0,130.0,6.91,4.15,True,1.0,8.0,vic beasley,,,,,,,,,,,,,,,,,,,,,,,,,,,,,,,,,,,,,,,,,,,,,,,,,,,,,,,
2015,blake bell,TE,Oklahoma,6-6,252.0,4.8,33.0,14.0,116.0,6.85,4.32,True,4.0,117.0,blake bell,2014.0,,,,,,,,,,,,,,,,,,,,,,,,,,,,,,,,,,,,,,,,,,,,,47.0,16.0,4.0,214.0,13.4,2.0,2.0,0.0,4.0,2.0
2015,kenny bell,WR,Nebraska,6-1,197.0,4.42,41.5,7.0,129.0,6.66,4.15,True,5.0,162.0,kenny bell,2014.0,,,,,,,,,,,,,,,23.9,35.0,8.0,0.0,191.0,,,,,,,,,,,,,,,2.5,3.0,2.0,0.0,5.0,,,,,,,73.0,47.0,6.0,788.0,16.8,,,,,
2015,bryan bennett,QB,SE Louisiana,6-2,211.0,4.81,37.0,,125.0,7.13,4.2,False,,,bryan bennett,2014.0,,,,,,,,,,,,,,,,,,,,,,,,,,,34.0,16.0,2.0,0.471,1.0,213.0,6.3,,,,,,,,,,,,,,,,,13.0,8.0,1.0,,
2015,mike bennett,DT,Ohio State,6-2,293.0,5.04,,,,,,True,6.0,180.0,mike bennett,,,,,,,,,,,,,,,,,,,,,,,,,,,,,,,,,,,,,,,,,,,,,,,,,,,,,,,
2015,e.j. bibbs,TE,Iowa State,6-2,258.0,4.88,,20.0,,,,False,,,ej bibbs,2014.0,,,,,,,,,,,,,,,,,,,,,,,,,,,,,,,,,,,,,,,,,,,,,33.0,45.0,8.0,382.0,8.5,,,,,
2015,angelo blackson,DT,Auburn,6-4,318.0,5.02,31.0,20.0,101.0,7.5,4.57,True,4.0,100.0,angelo blackson,2011.0,,,,,,,,,,,,,,,,,,,,,,,,,,,,,,,,,,1.0,1.0,1.0,0.0,1.0,,,,,,,,,,,,,,,,
2015,al bond,OG,Memphis,6-4,303.0,5.57,23.5,22.0,90.0,7.9,4.65,False,,,al bond,,,,,,,,,,,,,,,,,,,,,,,,,,,,,,,,,,,,,,,,,,,,,,,,,,,,,,,
2015,detrick bonner,S,Virginia Tech,6-0,207.0,4.56,,15.0,,,,False,,,detrick bonner,2014.0,,,,,,,,,,,0.0,1.0,0.0,0.0,,,,,,,,,,,,,,,,,,,,,,,,,,,,,,,,,,,,,,,,
2015,anthony boone,QB,Duke,6-0,231.0,5.03,26.5,,100.0,7.47,4.62,False,,,anthony boone,2014.0,,,,,,,,,,,,,,,,,,,,,,,,,,,453.0,255.0,8.0,0.563,19.0,2700.0,6.0,,,,,,,,,,,,0.0,1.0,0.0,,,94.0,30.0,5.0,375.0,4.0
2015,brett boyko,OG,UNLV,6-7,301.0,5.6,25.0,,103.0,7.91,4.75,False,,,brett boyko,,,,,,,,,,,,,,,,,,,,,,,,,,,,,,,,,,,,,,,,,,,,,,,,,,,,,,,
2015,nick boyle,TE,Pittsburgh,6-4,268.0,5.04,30.5,20.0,112.0,7.13,4.23,True,5.0,171.0,nick boyle,2013.0,,,,,,,,,,,,,,,,,,,,,,,,,,,,,,,,,,,,,,,,,,,,,22.0,4.0,0.0,47.0,11.8,,,,,
2015,brandon bridge,QB,South Alabama,6-4,229.0,4.72,33.0,,110.0,7.18,4.37,False,,,brandon bridge,2014.0,,,,,,,,,,,,,,,,,,,,,,,,,,,307.0,160.0,8.0,0.521,15.0,1927.0,6.3,,,,,,,,,,,,,,,,,101.0,65.0,4.0,297.0,2.9
2015,kyle brindza,K,Notre Dame,6-1,236.0,5.17,,14.0,,,,False,,,kyle brindza,2014.0,,,,,,,,,,,,,,,,,,,,23.0,14.0,48.0,0.609,93.0,52.0,51.0,,,,,,,,,,,,,17.0,55.0,51.0,7.0,2115.0,41.5,,,,,,,,,,
2015,da'ron brown,WR,Northern Illinois,6-0,205.0,4.54,37.0,17.0,120.0,7.04,4.11,True,7.0,233.0,daron brown,2014.0,,,,,,,,,,,,,,,,,,,,,,,,,,,,,,,,,,,,,,,,,,,,,64.0,68.0,6.0,1065.0,15.7,10.0,61.0,1.0,108.0,10.8
2015,dominique brown,RB,Louisville,6-2,234.0,4.63,,17.0,,,,False,,,dominique brown,2014.0,,,,,,,,,,,,,,,,,,,,,,,,,,,,,,,,,,,,,,,,,,,,,39.0,7.0,0.0,85.0,12.1,96.0,33.0,4.0,378.0,3.9
2015,jamon brown,OT,Louisville,6-4,323.0,5.08,,,,,,True,3.0,72.0,jamon brown,,,,,,,,,,,,,,,,,,,,,,,,,,,,,,,,,,,,,,,,,,,,,,,,,,,,,,,
2015,malcom brown,DT,Texas,6-2,319.0,5.05,29.5,26.0,98.0,7.84,4.59,True,1.0,32.0,malcom brown,,,,,,,,,,,,,,,,,,,,,,,,,,,,,,,,,,,,,,,,,,,,,,,,,,,,,,,
2015,malcolm brown,RB,Texas,5-11,224.0,4.62,34.5,19.0,117.0,6.86,4.15,False,,,malcolm brown,2014.0,,,,,,,,,,,,,,,,,,,,,,,,,,,,,,,,,,,,,,,,,,,,,11.0,16.0,0.0,58.0,3.6,183.0,28.0,6.0,708.0,3.9
2015,trenton brown,OG,Florida,6-8,355.0,5.21,23.5,20.0,97.0,8.23,4.78,True,7.0,244.0,trenton brown,,,,,,,,,,,,,,,,,,,,,,,,,,,,,,,,,,,,,,,,,,,,,,,,,,,,,,,
2015,michael burton,FB,Rutgers,5-11,242.0,4.65,33.0,25.0,115.0,7.2,4.34,True,5.0,168.0,michael burton,2014.0,,,,,,,,,,,,,,,,,,,,,,,,,,,1.0,1.0,0.0,1.0,0.0,,,,,,,,,,,,,,34.0,15.0,0.0,150.0,10.0,1.0,2.0,0.0,2.0,2.0
2015,ibraheim campbell,S,Northwestern,5-11,208.0,4.52,,23.0,,,,True,4.0,115.0,ibraheim campbell,2014.0,,,,,,,,,,,26.3,3.0,0.0,79.0,7.0,7.0,1.0,0.0,7.0,,,,,,,,,,,,,,,5.0,7.0,2.0,0.0,10.0,,,,,,,,,,,,,,,,
2015,a.j. cann,OG,South Carolina,6-3,313.0,5.47,,26.0,,,,True,3.0,67.0,aj cann,,,,,,,,,,,,,,,,,,,,,,,,,,,,,,,,,,,,,,,,,,,,,,,,,,,,,,,
2015,shane carden,QB,East Carolina,6-2,218.0,4.94,29.5,,104.0,7.17,4.45,False,,,shane carden,2014.0,,,,,,,,,,,,,,,,,,,,,,,,,,,617.0,392.0,10.0,0.635,30.0,4736.0,7.7,,,,,,,,,,,,0.0,1.0,0.0,0.0,0.0,96.0,23.0,6.0,76.0,0.8
2015,joe cardona,LS,Navy,6-2,242.0,4.91,33.0,30.0,,,,True,5.0,166.0,joe cardona,,,,,,,,,,,,,,,,,,,,,,,,,,,,,,,,,,,,,,,,,,,,,,,,,,,,,,,
2015,alex carter,CB,Stanford,6-0,196.0,4.51,40.0,17.0,121.0,7.05,4.07,True,3.0,80.0,alex carter,2014.0,,,,,,,,,,,0.0,1.0,0.0,0.0,,,,,,,,,,,,,,,,,,,,,,,,,,,,,,,,,,,,,,,,
2015,b.j. catalon,RB,TCU,5-7,186.0,4.57,36.0,,114.0,6.9,4.15,False,,,bj catalon,2014.0,,,,,,,,,,,,,,,28.2,94.0,9.0,1.0,254.0,,,,,,,,,,,,,,,,,,,,,,,,,,59.0,14.0,1.0,163.0,11.6,98.0,35.0,10.0,493.0,5.0
2015,donald celiscar,CB,West. Michigan,5-11,194.0,4.62,,,120.0,,,False,,,donald celiscar,2014.0,,,,,,,,,,,0.8,4.0,0.0,3.0,16.5,22.0,2.0,0.0,33.0,,,,,,,,,,,,,,,,,,,,,,,,,,,,,,,,,,,
2015,anthony chickillo,DE,Miami (FL),6-3,267.0,4.79,34.5,27.0,114.0,7.17,4.25,True,6.0,212.0,anthony chickillo,,,,,,,,,,,,,,,,,,,,,,,,,,,,,,,,,,,,,,,,,,,,,,,,,,,,,,,
2015,gerald christian,TE,Louisville,6-3,244.0,4.87,,28.0,,7.62,4.7,True,7.0,256.0,gerald christian,2014.0,,,,,,,,,,,,,,,,,,,,,,,,,,,,,,,,,,,,,,,,,,,,,45.0,32.0,5.0,384.0,12.0,,,,,
2015,kyle christy,P,Florida,6-2,202.0,4.93,,,,,,False,,,kyle christy,2014.0,,,,,,,,,,,,,,,,,,,,,,,,,,,,,,,,,,,,,,,22.0,66.0,64.0,7.0,2832.0,44.3,,,,,,,,,,
2015,frank clark,DE,Michigan,6-3,271.0,4.79,38.5,19.0,118.0,7.08,4.05,True,2.0,63.0,frank clark,2011.0,,,,,,,,,,,7.0,1.0,0.0,7.0,,,,,,,,,,,,,,,,,,,,,,,,,,,,,,,,,,,,,,,,
2015,kaelin clay,WR,Utah,5-10,195.0,4.51,33.0,10.0,113.0,6.97,4.26,True,6.0,184.0,kaelin clay,2014.0,,,,,,,,,,,,,,,24.9,100.0,22.0,1.0,548.0,,,,,,,,,,,,,,,15.0,66.0,23.0,3.0,346.0,,,,,,,78.0,43.0,4.0,523.0,12.2,4.0,3.0,0.0,4.0,1.0
2015,cameron clear,OT,Texas A&M,6-5,277.0,4.98,32.0,,108.0,7.52,4.48,False,,,cameron clear,2014.0,,,,,,,,,,,,,,,13.0,13.0,1.0,0.0,13.0,,,,,,,,,,,,,,,,,,,,,,,,,,13.0,5.0,0.0,34.0,6.8,,,,,
2015,t.j. clemmings,OT,Pittsburgh,6-5,309.0,5.14,32.5,22.0,111.0,7.68,4.54,True,4.0,110.0,tj clemmings,,,,,,,,,,,,,,,,,,,,,,,,,,,,,,,,,,,,,,,,,,,,,,,,,,,,,,,
2015,sammie coates,WR,Auburn,6-1,212.0,4.43,41.0,23.0,131.0,6.98,4.06,True,3.0,87.0,sammie coates,2014.0,,,,,,,,,,,,,,,,,,,,,,,,,,,,,,,,,,,,,,,,,,,,,68.0,34.0,4.0,741.0,21.8,,,,,
2015,david cobb,RB,Minnesota,5-11,229.0,4.81,38.5,17.0,121.0,,,True,5.0,138.0,david cobb,2014.0,,,,,,,,,,,,,,,,,,,,,,,,,,,1.0,1.0,0.0,1.0,0.0,9.0,9.0,,,,,,,,,,,,33.0,16.0,0.0,162.0,10.1,315.0,67.0,13.0,1629.0,5.2
2015,takoby cofield,OT,Duke,6-4,310.0,5.19,30.0,23.0,101.0,8.09,4.79,False,,,takoby cofield,,,,,,,,,,,,,,,,,,,,,,,,,,,,,,,,,,,,,,,,,,,,,,,,,,,,,,,
2015,justin coleman,CB,Tennessee,5-11,185.0,4.53,37.5,20.0,124.0,6.61,3.98,False,,,justin coleman,2014.0,,,,,,,,,,,20.8,4.0,0.0,83.0,,,,,,,,,,,,,,,,,,,,,,,,,,,,,,,,,,,,,,,,
2015,tevin coleman,RB,Indiana,5-11,206.0,4.4,,22.0,,,,True,3.0,73.0,tevin coleman,2014.0,,,,,,,,,,,,,,,,,,,,,,,,,,,,,,,,,,,,,,,,,,,,,44.0,25.0,0.0,141.0,5.6,270.0,90.0,15.0,2036.0,7.5
2015,jalen collins,CB,LSU,6-1,203.0,4.48,36.0,,124.0,6.77,4.27,True,2.0,42.0,jalen collins,2014.0,,,,,,,,,,,4.0,1.0,0.0,4.0,,,,,,,,,,,,,,,,,,,,,,,,,,,,,,,,,,,,,,,,
2015,landon collins,S,Alabama,6-0,228.0,4.53,35.0,,120.0,7.38,4.33,True,2.0,33.0,landon collins,2014.0,,,,,,,,,,,4.7,3.0,0.0,14.0,18.3,30.0,3.0,0.0,55.0,,,,,,,,,,,,,,,,,,,,,,,,,,,,,,,,,,,
2015,la'el collins,OT,LSU,6-4,305.0,5.1,27.0,21.0,108.0,7.7,4.63,False,,,lael collins,,,,,,,,,,,,,,,,,,,,,,,,,,,,,,,,,,,,,,,,,,,,,,,,,,,,,,,
2015,chris conley,WR,Georgia,6-2,213.0,4.35,45.0,18.0,139.0,7.06,4.3,True,3.0,76.0,chris conley,2014.0,,,,,,,,,,,,,,,,,,,,,,,,,,,,,,,,,,,,,,,,,,,,,48.0,36.0,8.0,657.0,18.3,,,,,
2015,amari cooper,WR,Alabama,6-1,211.0,4.42,33.0,,120.0,6.71,3.98,True,1.0,4.0,amari cooper,2014.0,,,,,,,,,,,,,,,,,,,,,,,,,,,,,,,,,,,,,,,,,,,,,80.0,124.0,16.0,1727.0,13.9,5.0,20.0,0.0,23.0,4.6
2015,xavier cooper,DT,Washington State,6-3,293.0,4.86,29.0,29.0,110.0,7.23,4.37,True,3.0,96.0,xavier cooper,,,,,,,,,,,,,,,,,,,,,,,,,,,,,,,,,,,,,,,,,,,,,,,,,,,,,,,
2015,christian covington,DT,Rice,6-2,289.0,4.9,,,,,,True,6.0,216.0,christian covington,,,,,,,,,,,,,,,,,,,,,,,,,,,,,,,,,,,,,,,,,,,,,,,,,,,,,,,
2015,justin cox,CB,Mississippi State,6-1,191.0,4.36,38.0,15.0,129.0,7.05,4.07,False,,,justin cox,2015.0,,,,,,,,,,,,,,,,,,,,,,,,,,,,,,,,,,,,,,,,,,,,,13.0,1.0,0.0,13.0,13.0,,,,,
2015,corey crawford,DE,Clemson,6-5,299.0,5.01,33.0,,110.0,7.64,4.65,False,,,corey crawford,2013.0,,,,,,,,,,,18.0,1.0,0.0,18.0,,,,,,,,,,,,,,,,,,,,,,,,,,,,,,,,,,,,,,,,
2015,rob crisp,OT,Boise State,6-7,301.0,5.26,32.5,26.0,107.0,8.07,4.6,False,,,rob crisp,2011.0,,,,,,,,,,,,,,,,,,,,,,,,,,,,,,,,,,,,,,,,,,,,,8.0,1.0,0.0,8.0,8.0,,,,,
2015,john crockett,RB,North Dakota State,6-0,217.0,4.62,40.0,15.0,125.0,7.15,4.25,False,,,john crockett,2014.0,,,,,,,,,,,,,,,,,,,,,,,,,,,,,,,,,,,,,,,,,,,,,26.0,1.0,0.0,26.0,26.0,17.0,80.0,3.0,139.0,8.2
2015,jamison crowder,WR,Duke,5-8,185.0,4.56,37.0,10.0,115.0,7.17,4.32,True,4.0,105.0,jamison crowder,2014.0,,,,,,,,,,,,,,,26.0,26.0,1.0,0.0,26.0,,,,,,,,1.0,1.0,0.0,1.0,1.0,12.0,12.0,12.7,68.0,22.0,2.0,280.0,,,,,,,52.0,85.0,6.0,1044.0,12.3,2.0,6.0,0.0,9.0,4.5
2015,yannick cudjoe-virgil,OLB,Maryland,6-2,248.0,4.8,,25.0,,,,False,,,yannick cudjoevirgil,,,,,,,,,,,,,,,,,,,,,,,,,,,,,,,,,,,,,,,,,,,,,,,,,,,,,,,
2015,davaris daniels,WR,Notre Dame,6-1,201.0,4.62,37.0,13.0,122.0,,,False,,,davaris daniels,2013.0,,,,,,,,,,,,,,,,,,,,,,,,,,,,,,,,,,,,,,,,,,,,,82.0,49.0,7.0,745.0,15.2,2.0,2.0,0.0,,
2015,ronald darby,CB,Florida State,5-11,193.0,4.38,41.5,12.0,129.0,6.94,4.14,True,2.0,50.0,ronald darby,2013.0,,,,,,,,,,,8.0,2.0,0.0,16.0,,,,,,,,,,,,,,,,,,,,,,,,,,,,,,,,,,,,,,,,
2015,devante davis,WR,UNLV,6-3,220.0,4.57,35.5,16.0,115.0,7.25,4.12,False,,,devante davis,2014.0,,,,,,,,,,,,,,,,,,,,,,,,,,,,,,,,,,,,,,,,,,,,,81.0,34.0,4.0,599.0,17.6,,,,,
2015,aaron davis,OLB,Colorado State,6-0,225.0,4.95,29.0,16.0,107.0,7.38,4.37,False,,,aaron davis,2015.0,,,,,,,,,,,26.0,1.0,0.0,26.0,,,,,,,,,,,,,,,,,,,,,,,,,,,,,,,,,,,,,,,,
2015,carl davis,DT,Iowa,6-5,320.0,5.07,33.0,,103.0,7.91,4.47,True,3.0,90.0,carl davis,,,,,,,,,,,,,,,,,,,,,,,,,,,,,,,,,,,,,,,,,,,,,,,,,,,,,,,
2015,geremy davis,WR,Connecticut,6-2,216.0,4.49,36.5,23.0,124.0,6.86,4.18,True,6.0,186.0,geremy davis,2014.0,,,,,,,,,,,,,,,,,,,,,,,,,,,,,,,,,,,,,,,,,,,,,39.0,44.0,3.0,521.0,11.8,,,,,
2015,mike davis,RB,South Carolina,5-9,217.0,4.61,34.0,17.0,116.0,7.0,4.18,True,4.0,126.0,mike davis,2014.0,,,,,,,,,,,,,,,,,,,,,,,,,,,,,,,,,,,,,,,,,,,,,68.0,64.0,4.0,736.0,23.0,398.0,80.0,18.0,1964.0,9.8
2015,titus davis,WR,Central Michigan,6-1,196.0,4.51,32.5,,119.0,7.14,4.28,False,,,titus davis,2014.0,,,,,,,,,,,,,,,,,,,,,,,,,,,,,,,,,,22.3,66.0,3.0,0.0,67.0,,,,,,,53.0,60.0,13.0,980.0,16.3,3.0,15.0,0.0,20.0,6.7
2015,tyeler davison,DT,Fresno State,6-2,316.0,5.18,33.0,32.0,105.0,7.53,4.46,True,5.0,154.0,tyeler davison,,,,,,,,,,,,,,,,,,,,,,,,,,,,,,,,,,,,,,,,,,,,,,,,,,,,,,,
2015,paul dawson,ILB,TCU,6-0,235.0,4.93,28.0,21.0,109.0,,4.49,True,3.0,99.0,paul dawson,,,,,,,,,,,,,,,,,,,,,,,,,,,,,,,,,,,,,,,,,,,,,,,,,,,,,,,
2015,ryan delaire,DE,Towson,6-4,254.0,4.97,,23.0,,,,False,,,ryan delaire,,,,,,,,,,,,,,,,,,,,,,,,,,,,,,,,,,,,,,,,,,,,,,,,,,,,,,,
2015,trey depriest,ILB,Alabama,6-0,254.0,4.93,,,,,,False,,,trey depriest,2013.0,,,,,,,,,,,0.0,1.0,0.0,0.0,,,,,,,,,,,,,,,,,,,,,,,,,,,,,,,,,,,,,,,,
2015,aj derby,TE,Arkansas,6-4,255.0,4.72,,15.0,,,,False,,,aj derby,2011.0,,,,,,,,,,,,,,,,,,,,,,,,,,,6.0,3.0,0.0,0.5,0.0,30.0,5.0,,,,,,,,,,,,,,,,,,,,,
2015,xzavier dickson,OLB,Alabama,6-3,260.0,4.74,29.5,19.0,100.0,7.56,4.53,True,7.0,253.0,xzavier dickson,2014.0,,,,,,,,,,,,,,,3.5,7.0,2.0,0.0,7.0,,,,,,,,,,,,,,,,,,,,,,,,,,,,,,,,,,,
2015,quandre diggs,CB,Texas,5-9,196.0,4.56,35.5,17.0,113.0,7.22,4.15,True,6.0,200.0,quandre diggs,2014.0,,,,,,,,,,,4.7,3.0,0.0,14.0,,,,,,,,,,,,,,,,,,,,,,2.0,0.0,,,,,,,,,,,,,,,,,
2015,stefon diggs,WR,Maryland,6-0,195.0,4.46,35.0,,115.0,7.03,4.32,True,5.0,146.0,stefon diggs,2014.0,,,,,,,,,,,,,,,23.9,59.0,20.0,0.0,478.0,,,,,,,,,,,,,,,,,,,,,,,,,,77.0,62.0,5.0,792.0,12.8,5.0,12.0,0.0,28.0,5.6
2015,reese dismukes,C,Auburn,6-3,296.0,5.31,27.5,23.0,107.0,8.14,4.7,False,,,reese dismukes,,,,,,,,,,,,,,,,,,,,,,,,,,,,,,,,,,,,,,,,,,,,,,,,,,,,,,,
2015,andrew donnal,OT,Iowa,6-6,313.0,5.31,32.0,17.0,101.0,7.84,4.77,True,4.0,119.0,andrew donnal,,,,,,,,,,,,,,,,,,,,,,,,,,,,,,,,,,,,,,,,,,,,,,,,,,,,,,,
2015,phillip dorsett,WR,Miami (FL),5-10,185.0,4.33,37.0,13.0,122.0,6.7,4.11,True,1.0,29.0,phillip dorsett,2014.0,,,,,,,,,,,,,,,14.5,22.0,8.0,0.0,116.0,,,,,,,,,,,,,,,,0.0,1.0,0.0,,,,,,,,79.0,36.0,10.0,871.0,24.2,2.0,1.0,0.0,,
2015,lorenzo doss,CB,Tulane,5-10,182.0,4.5,33.5,9.0,115.0,7.2,4.26,True,5.0,164.0,lorenzo doss,2014.0,,,,,,,,,,,2.3,3.0,0.0,7.0,,,,,,,,,,,,,,,,,,,,,,,,,,,,,,,,,,,,,,,,
2015,jamil douglas,OG,Arizona State,6-4,304.0,5.25,29.0,28.0,99.0,7.99,4.75,True,4.0,114.0,jamil douglas,,,,,,,,,,,,,,,,,,,,,,,,,,,,,,,,,,,,,,,,,,,,,,,,,,,,,,,
2015,kurtis drummond,S,Michigan State,6-1,208.0,4.65,39.5,,119.0,7.09,4.33,False,,,kurtis drummond,2014.0,,,,,,,,,,,13.0,4.0,0.0,52.0,,,,,,,,,,,,,,,,,,,,,,,,,,,,,,,,,,,,,,,,
2015,b.j. dubose,DE,Louisville,6-4,284.0,5.06,,26.0,,,,True,6.0,193.0,bj dubose,,,,,,,,,,,,,,,,,,,,,,,,,,,,,,,,,,,,,,,,,,,,,,,,,,,,,,,
2015,alvin dupree,DE,Kentucky,6-4,269.0,4.56,42.0,,138.0,,,True,1.0,22.0,alvin dupree,,,,,,,,,,,,,,,,,,,,,,,,,,,,,,,,,,,,,,,,,,,,,,,,,,,,,,,
2015,michael dyer,RB,Louisville,5-8,218.0,4.58,34.0,26.0,120.0,,,False,,,michael dyer,2014.0,,,,,,,,,,,,,,,,,,,,,,,,,,,,,,,,,,,,,,,,,,,,,32.0,3.0,0.0,40.0,13.3,110.0,46.0,5.0,481.0,4.4
2015,jahwan edwards,RB,Ball State,5-9,220.0,4.8,35.5,16.0,117.0,7.63,4.5,False,,,jahwan edwards,2014.0,,,,,,,,,,,,,,,13.3,23.0,4.0,0.0,53.0,,,,,,,,,,,,,,,,,,,,,,,,,,20.0,29.0,0.0,236.0,8.1,262.0,56.0,12.0,1252.0,4.8
2015,ifo ekpre-olomu,CB,Oregon,5-9,192.0,4.52,,,,,,True,7.0,241.0,ifo ekpreolomu,2014.0,,,,,,,,,,,15.5,2.0,0.0,31.0,,,,,,,,,,,,,,,,,,,,7.2,26.0,5.0,0.0,36.0,,,,,,,,,,,,,,,,
2015,kyle emanuel,OLB,North Dakota State,6-3,255.0,4.77,34.0,27.0,120.0,7.1,4.25,True,5.0,153.0,kyle emanuel,,,,,,,,,,,,,,,,,,,,,,,,,,,,,,,,,,,,,,,,,,,,,,,,,,,,,,,
2015,cameron erving,C,Florida State,6-5,313.0,5.15,30.5,30.0,112.0,7.48,4.63,True,1.0,19.0,cameron erving,,,,,,,,,,,,,,,,,,,,,,,,,,,,,,,,,,,,,,,,,,,,,,,,,,,,,,,
2015,durell eskridge,S,Syracuse,6-3,208.0,4.56,31.0,,117.0,7.09,4.26,False,,,durell eskridge,2014.0,,,,,,,,,,,29.0,1.0,1.0,29.0,,,,,,,,,,,,,,,,,,,,,,,,,,,,,,,,,,,,,,,,
2015,tayo fabuluje,OG,TCU,6-6,353.0,5.55,29.5,,,,4.77,True,6.0,183.0,tayo fabuluje,,,,,,,,,,,,,,,,,,,,,,,,,,,,,,,,,,,,,,,,,,,,,,,,,,,,,,,
2015,cody fajardo,QB,Nevada,6-1,223.0,4.63,32.5,,118.0,6.95,4.1,False,,,cody fajardo,2014.0,,,,,,,,,,,,,,,,,,,,,,,,,,,405.0,239.0,11.0,0.59,18.0,2498.0,6.2,,,,,,,,,,,,,,,,,177.0,60.0,13.0,1046.0,5.9
2015,jon feliciano,OG,Miami (FL),6-4,323.0,5.33,26.5,,97.0,,4.74,True,4.0,128.0,jon feliciano,,,,,,,,,,,,,,,,,,,,,,,,,,,,,,,,,,,,,,,,,,,,,,,,,,,,,,,
2015,sam ficken,K,Penn State,6-1,191.0,5.06,,,,,,False,,,sam ficken,2014.0,,,,,,,,,,,,,,,,,,,,29.0,24.0,50.0,0.828,100.0,28.0,28.0,,,,,,,,,,,,,,,,,,,,,,,,,,,,
2015,b.j. finney,C,Kansas State,6-4,318.0,5.25,24.0,20.0,99.0,,4.76,False,,,bj finney,,,,,,,,,,,,,,,,,,,,,,,,,,,,,,,,,,,,,,,,,,,,,,,,,,,,,,,
2015,jake fisher,OT,Oregon,6-6,306.0,5.01,32.5,25.0,,7.25,4.33,True,2.0,53.0,jake fisher,2012.0,,,,,,,,,,,,,,,,,,,,,,,,,,,,,,,,,,,,,,,,,,,,,1.0,0.0,1.0,1.0,0.0,,,,,
2015,ereck flowers,OT,Miami (FL),6-6,329.0,5.31,,37.0,,,,True,1.0,9.0,ereck flowers,,,,,,,,,,,,,,,,,,,,,,,,,,,,,,,,,,,,,,,,,,,,,,,,,,,,,,,
2015,trey flowers,DE,Arkansas,6-2,266.0,4.93,36.5,28.0,121.0,7.34,4.4,True,4.0,101.0,trey flowers,2013.0,,,,,,,,,,,0.0,1.0,0.0,0.0,,,,,,,,,,,,,,,,,,,,,,,,,,,,,,,,,,,,,,,,
2015,dante fowler,OLB,Florida,6-3,261.0,4.6,32.5,19.0,112.0,7.4,4.32,True,1.0,3.0,dante fowler,,,,,,,,,,,,,,,,,,,,,,,,,,,,,,,,,,,,,,,,,,,,,,,,,,,,,,,
2015,jalston fowler,FB,Alabama,5-11,254.0,4.94,33.5,23.0,114.0,7.56,4.4,True,4.0,108.0,jalston fowler,2014.0,,,,,,,,,,,,,,,,,,,,,,,,,,,,,,,,,,,,,,,,,,,,,35.0,11.0,2.0,129.0,11.7,12.0,21.0,0.0,69.0,5.8
2015,alani fua,OLB,BYU,6-5,238.0,4.73,34.5,18.0,118.0,6.83,4.15,False,,,alani fua,2014.0,,,,,,,,,,,28.5,2.0,0.0,57.0,0.0,0.0,1.0,0.0,0.0,,,,,,,,,,,,,,,,,,,,,,,,,,,,,,,,,,,
2015,devin funchess,WR,Michigan,6-4,232.0,4.7,38.5,17.0,122.0,,,True,2.0,41.0,devin funchess,2014.0,,,,,,,,,,,,,,,,,,,,,,,,,,,,,,,,,,,,,,,,,,,,,45.0,62.0,4.0,733.0,11.8,2.0,0.0,0.0,,
2015,charles gaines,CB,Louisville,5-10,180.0,4.44,34.5,,123.0,7.07,4.2,True,6.0,189.0,charles gaines,2014.0,,,,,,,,,,,6.0,2.0,0.0,12.0,19.0,22.0,2.0,0.0,38.0,,,,,,,,,,,,,,,,,,,,,,,,,,,,,,,,,,,
2015,andy gallik,C,Boston Col.,6-2,306.0,5.5,27.0,29.0,96.0,7.66,4.58,True,6.0,208.0,andy gallik,,,,,,,,,,,,,,,,,,,,,,,,,,,,,,,,,,,,,,,,,,,,,,,,,,,,,,,
2015,max garcia,C,Florida,6-4,309.0,5.24,,,,,,True,4.0,133.0,max garcia,,,,,,,,,,,,,,,,,,,,,,,,,,,,,,,,,,,,,,,,,,,,,,,,,,,,,,,
2015,clayton geathers,S,Central Florida,6-2,218.0,4.55,37.0,22.0,120.0,7.21,4.27,True,4.0,109.0,clayton geathers,2014.0,,,,,,,,,,,2.0,1.0,0.0,2.0,,,,,,,,,,,,,,,,,,,,,,,,,,,,,,,,,,,,,,,,
2015,laurence gibson,OT,Virginia Tech,6-6,305.0,5.04,33.5,24.0,113.0,7.72,4.56,True,7.0,243.0,laurence gibson,,,,,,,,,,,,,,,,,,,,,,,,,,,,,,,,,,,,,,,,,,,,,,,,,,,,,,,
2015,jacoby glenn,CB,Central Florida,6-0,179.0,4.64,34.0,,123.0,6.97,4.26,False,,,jacoby glenn,2014.0,,,,,,,,,,,4.1,7.0,0.0,29.0,,,,,,,,,,,,,,,,,,,,,,,,,,,,,,,,,,,,,,,,
2015,mark glowinski,OG,West Virginia,6-4,307.0,5.2,29.5,31.0,113.0,7.56,4.58,True,4.0,134.0,mark glowinski,,,,,,,,,,,,,,,,,,,,,,,,,,,,,,,,,,,,,,,,,,,,,,,,,,,,,,,
2015,markus golden,OLB,Missouri,6-2,260.0,4.9,,,,,,True,2.0,58.0,markus golden,2013.0,,,,,,,,,,,70.0,1.0,1.0,70.0,,,,,,,,,,,,,,,,,,,,,,,,,,,,,,,,,,,,,,,,
2015,eddie goldman,DT,Florida State,6-4,336.0,5.28,,,,,,True,2.0,39.0,eddie goldman,,,,,,,,,,,,,,,,,,,,,,,,,,,,,,,,,,,,,,,,,,,,,,,,,,,,,,,
2015,senquez golson,CB,Mississippi,5-9,176.0,4.46,33.5,15.0,120.0,6.81,4.2,True,2.0,56.0,senquez golson,2014.0,,,,,,,,,,,16.2,10.0,1.0,162.0,,,,,,,,,,,,,,,,,,,,,,,,,,,,,,,,,,,,,,,,
2015,antwan goodley,WR,Baylor,5-10,209.0,4.44,,,,,,False,,,antwan goodley,2014.0,,,,,,,,,,,,,,,19.0,19.0,1.0,0.0,19.0,,,,,,,,,,,,,,,,,,,,,,,,,,66.0,60.0,6.0,830.0,13.8,8.0,33.0,0.0,71.0,8.9
2015,melvin gordon,RB,Wisconsin,6-1,215.0,4.52,35.0,19.0,126.0,7.04,4.07,True,1.0,15.0,melvin gordon,2014.0,,,,,,,,,,,,,,,,,,,,,,,,,,,,,,,,,,,,,,,,,,,,,35.0,19.0,3.0,153.0,8.1,343.0,88.0,29.0,2587.0,7.5
2015,doran grant,CB,Ohio State,5-10,200.0,4.44,33.0,21.0,116.0,,4.33,True,4.0,121.0,doran grant,2014.0,,,,,,,,,,,21.2,5.0,0.0,106.0,,,,,,,,,,,,,,,,,,,,,,,,,,,,,,,,,,,,,,,,
2015,hroniss grasu,C,Oregon,6-3,297.0,5.03,,,,,,True,3.0,71.0,hroniss grasu,2014.0,,,,,,,,,,,,,,,,,,,,,,,,,,,,,,,,,,,,,,,,,,,,,1.0,1.0,0.0,1.0,1.0,,,,,
2015,garrett grayson,QB,Colorado State,6-2,213.0,4.75,,,,,,True,3.0,75.0,garrett grayson,2014.0,,,,,,,,,,,,,,,,,,,,,,,,,,,420.0,270.0,7.0,0.643,32.0,4006.0,9.5,,,,,,,,,,,,39.0,1.0,1.0,39.0,39.0,57.0,19.0,0.0,,
2015,chaz green,OT,Florida,6-5,314.0,5.16,29.5,21.0,106.0,8.0,4.7,True,3.0,91.0,chaz green,,,,,,,,,,,,,,,,,,,,,,,,,,,,,,,,,,,,,,,,,,,,,,,,,,,,,,,
2015,dorial green-beckham,WR,Oklahoma,6-5,237.0,4.49,33.5,13.0,119.0,6.89,4.45,True,2.0,40.0,dorial greenbeckham,2013.0,,,,,,,,,,,,,,,,,,,,,,,,,,,,,,,,,,,,,,,,,,,,,68.0,59.0,12.0,883.0,15.0,1.0,3.0,0.0,3.0,3.0
2015,rashad greene,WR,Florida State,5-11,182.0,4.53,36.5,,122.0,6.88,4.12,True,5.0,139.0,rashad greene,,,,,,,,,,,,,,,,,,,,,,,,,,,,,,,,,,,,,,,,,,,,,,,,,,,,,,,
2015,randy gregory,DE,Nebraska,6-5,235.0,4.64,36.5,24.0,125.0,,,True,2.0,60.0,randy gregory,2014.0,,,,,,,,,,,0.0,1.0,0.0,0.0,,,,,,,,,,,,,,,,,,,,,,,,,,,,,,,,,,,,,,,,
2015,geneo grissom,OLB,Oklahoma,6-3,262.0,4.81,37.0,20.0,117.0,7.24,4.38,True,3.0,97.0,geneo grissom,2014.0,,,,,,,,,,,38.0,1.0,1.0,38.0,,,,,,,,,,,,,,,,,,,,,,,,,,,,,,,,,,,,,,,,
2015,ladarius gunter,S,Miami (FL),6-1,202.0,4.62,33.5,12.0,108.0,7.18,4.41,False,,,ladarius gunter,,,,,,,,,,,,,,,,,,,,,,,,,,,,,,,,,,,,,,,,,,,,,,,,,,,,,,,
2015,todd gurley,RB,Georgia,6-1,222.0,4.52,,17.0,,,,True,1.0,10.0,todd gurley,,,,,,,,,,,,,,,,,,,,,,,,,,,,,,,,,,,,,,,,,,,,,,,,,,,,,,,
2015,obum gwacham,DE,Oregon State,6-5,246.0,4.72,36.0,22.0,121.0,7.28,4.28,True,6.0,209.0,obum gwacham,2013.0,,,,,,,,,,,,,,,,,,,,,,,,,,,,,,,,,,,,,,,,,,,,,6.0,1.0,0.0,6.0,6.0,,,,,
2015,chris hackett,S,TCU,6-0,195.0,4.81,32.0,,110.0,7.12,4.2,False,,,chris hackett,2014.0,,,,,,,,,,,18.7,7.0,0.0,131.0,,,,,,,,,,,,,,,,,,,,6.0,6.0,1.0,0.0,6.0,,,,,,,,,,,,,,,,
2015,bryce hager,ILB,Baylor,6-1,234.0,4.6,35.0,26.0,117.0,7.15,4.36,True,7.0,224.0,bryce hager,2014.0,,,,,,,,,,,36.0,1.0,0.0,36.0,12.0,12.0,1.0,0.0,12.0,,,,,,,,,,,,,,,,,,,,,,,,,,,,,,,,,,,
2015,rannell hall,WR,Central Florida,6-0,198.0,4.6,41.0,16.0,132.0,6.86,4.15,False,,,rannell hall,2014.0,,,,,,,,,,,,,,,27.5,58.0,12.0,0.0,330.0,,,,,,,,,,,,,,,,,,,,,,,,,,34.0,49.0,0.0,500.0,10.2,25.0,32.0,1.0,129.0,5.2
2015,connor halliday,QB,Washington State,6-3,204.0,4.87,,,,,,False,,,connor halliday,2014.0,,,,,,,,,,,,,,,,,,,,,,,,,,,526.0,354.0,11.0,0.673,32.0,3873.0,7.4,,,,,,,,,,,,,,,,,29.0,13.0,0.0,,
2015,chad hamilton,C,Coastal Carolina,6-2,292.0,4.97,,,,,,False,,,chad hamilton,,,,,,,,,,,,,,,,,,,,,,,,,,,,,,,,,,,,,,,,,,,,,,,,,,,,,,,
2015,marcus hardison,DT,Arizona State,6-3,307.0,4.91,,27.0,,,,True,4.0,135.0,marcus hardison,2014.0,,,,,,,,,,,6.0,2.0,0.0,12.0,,,,,,,,,,,,,,,,,,,,,,,,,,,,,,,,,,,,,,,,
2015,justin hardy,WR,East Carolina,5-10,192.0,4.56,36.5,11.0,114.0,6.63,4.21,True,4.0,107.0,justin hardy,2014.0,,,,,,,,,,,,,,,,,,,,,,,,,,,4.0,1.0,0.0,0.25,1.0,41.0,10.3,4.0,20.0,24.0,0.0,95.0,,,,,,,66.0,121.0,10.0,1494.0,12.3,1.0,7.0,1.0,7.0,7.0
2015,eli harold,OLB,Virginia,6-3,247.0,4.6,35.0,,123.0,7.07,4.16,True,3.0,79.0,eli harold,2014.0,,,,,,,,,,,0.0,1.0,0.0,0.0,,,,,,,,,,,,,,,,,,,,,,,,,,,,,,,,,,,,,,,,
2015,josh harper,WR,Fresno State,6-1,191.0,4.64,32.0,13.0,108.0,7.15,4.36,False,,,josh harper,2014.0,,,,,,,,,,,,,,,,,,,,,,,,,,,,,,,,,,,,,,,,,,,,,58.0,90.0,7.0,1097.0,12.2,2.0,2.0,0.0,,
2015,anthony harris,S,Virginia,6-1,183.0,4.56,,,,,,False,,,anthony harris,2014.0,,,,,,,,,,,3.0,2.0,0.0,6.0,,,,,,,,,,,,,,,,,,,,,,,,,,,,,,,,,,,,,,,,
2015,jarvis harrison,OG,Texas A&M,6-4,330.0,5.19,29.5,26.0,102.0,7.51,4.62,True,5.0,152.0,jarvis harrison,,,,,,,,,,,,,,,,,,,,,,,,,,,,,,,,,,,,,,,,,,,,,,,,,,,,,,,
2015,bobby hart,OG,Florida State,6-5,329.0,5.61,,,,,,True,7.0,226.0,bobby hart,,,,,,,,,,,,,,,,,,,,,,,,,,,,,,,,,,,,,,,,,,,,,,,,,,,,,,,
2015,dee hart,RB,Colorado State,5-7,199.0,4.8,33.0,,113.0,7.2,4.38,False,,,dee hart,2014.0,,,,,,,,,,,,,,,19.0,43.0,3.0,0.0,57.0,,,,,,,,,,,,,,,4.6,11.0,9.0,0.0,41.0,,,,,,,24.0,18.0,2.0,189.0,10.5,194.0,76.0,16.0,1275.0,6.6
2015,rob havenstein,OT,Wisconsin,6-7,321.0,5.46,28.5,16.0,96.0,8.28,4.87,True,2.0,57.0,rob havenstein,,,,,,,,,,,,,,,,,,,,,,,,,,,,,,,,,,,,,,,,,,,,,,,,,,,,,,,
2015,braylon heard,RB,Kentucky,5-10,198.0,4.63,30.5,19.0,116.0,7.19,4.4,False,,,braylon heard,2014.0,,,,,,,,,,,,,,,16.5,20.0,2.0,0.0,33.0,,,,,,,,,,,,,,,,,,,,,,,,,,21.0,21.0,0.0,108.0,5.1,72.0,73.0,4.0,366.0,5.1
2015,ben heeney,ILB,Kansas,6-0,231.0,4.59,33.5,19.0,120.0,6.68,4.0,True,5.0,140.0,ben heeney,2014.0,,,,,,,,,,,37.0,1.0,0.0,37.0,,,,,,,,,,,,,,,,,,,,,,,,,,,,,,,,,,,,1.0,0.0,0.0,0.0,0.0
2015,amarlo herrera,ILB,Georgia,6-1,244.0,4.83,32.0,23.0,111.0,7.35,4.27,True,6.0,207.0,amarlo herrera,2014.0,,,,,,,,,,,0.0,1.0,0.0,0.0,,,,,,,,,,,,,,,,,,,,,,,,,,,,,,,,,,,,,,,,
2015,jeff heuerman,TE,Ohio State,6-5,254.0,4.81,,26.0,,,,True,3.0,92.0,jeff heuerman,2014.0,,,,,,,,,,,,,,,,,,,,,,,,,,,,,,,,,,,,,,,,,,,,,32.0,17.0,2.0,207.0,12.2,,,,,
2015,sean hickey,OT,Syracuse,6-5,309.0,5.39,,35.0,,,,False,,,sean hickey,2013.0,,,,,,,,,,,,,,,,,,,,,,,,,,,,,,,,,,,,,,,,,,,,,0.0,1.0,0.0,0.0,0.0,,,,,
2015,jordan hicks,OLB,Texas,6-1,236.0,4.68,38.0,20.0,124.0,6.78,4.15,True,3.0,84.0,jordan hicks,2015.0,,,,,,,,,,,,,,,,,,,,,,,,,,,,,,,,,,,,,,,,,,,,,,,,,,1.0,6.0,0.0,6.0,6.0
2015,troy hill,CB,Oregon,5-10,180.0,4.55,32.5,,120.0,6.81,4.21,False,,,troy hill,2014.0,,,,,,,,,,,22.0,1.0,0.0,22.0,7.0,7.0,1.0,0.0,7.0,,,,,,,,,,,,,,,,,,,,,,,,,,,,,,,,,,,
2015,kenny hilliard,RB,LSU,6-0,226.0,4.83,27.0,,111.0,7.17,4.4,True,7.0,235.0,kenny hilliard,2014.0,,,,,,,,,,,,,,,,,,,,,,,,,,,,,,,,,,,,,,,,,,,,,12.0,4.0,0.0,35.0,8.8,90.0,28.0,6.0,447.0,5.0
2015,zack hodges,OLB,Harvard,6-2,250.0,4.68,33.5,,125.0,,4.65,False,,,zack hodges,,,,,,,,,,,,,,,,,,,,,,,,,,,,,,,,,,,,,,,,,,,,,,,,,,,,,,,
2015,gerod holliman,S,Louisville,6-0,218.0,4.62,,17.0,,,,True,7.0,239.0,gerod holliman,2014.0,,,,,,,,,,,17.5,14.0,1.0,245.0,,,,,,,,,,,,,,,,,,,,,,,,,,,,,,,,,,,,,,,,
2015,mike hull,OLB,Penn State,6-0,237.0,4.68,,31.0,,6.99,4.15,False,,,mike hull,2014.0,,,,,,,,,,,12.0,1.0,0.0,12.0,,,,,,,,,,,,,,,,,,,,,,,,,,,,,,,,,,,,,,,,
2015,d.j. humphries,OT,Florida,6-5,307.0,5.12,31.0,26.0,104.0,7.87,4.64,True,1.0,24.0,dj humphries,,,,,,,,,,,,,,,,,,,,,,,,,,,,,,,,,,,,,,,,,,,,,,,,,,,,,,,
2015,brett hundley,QB,UCLA,6-3,226.0,4.63,36.0,,120.0,6.93,3.98,True,5.0,147.0,brett hundley,2014.0,,,,,,,,,,,,,,,,,,,,,,,,,,,392.0,271.0,5.0,0.691,22.0,3155.0,8.0,,,,,,,,,,,,9.0,1.0,0.0,9.0,9.0,159.0,40.0,10.0,644.0,4.1
2015,danielle hunter,DE,LSU,6-5,252.0,4.57,,25.0,,,,True,3.0,88.0,danielle hunter,,,,,,,,,,,,,,,,,,,,,,,,,,,,,,,,,,,,,,,,,,,,,,,,,,,,,,,
2015,martin ifedi,DE,Memphis,6-3,275.0,4.88,31.0,16.0,111.0,7.39,4.58,True,7.0,227.0,martin ifedi,,,,,,,,,,,,,,,,,,,,,,,,,,,,,,,,,,,,,,,,,,,,,,,,,,,,,,,
2015,joey iosefa,FB,Hawaii,6-0,247.0,5.02,31.5,30.0,110.0,7.24,4.33,True,7.0,231.0,joey iosefa,2014.0,,,,,,,,,,,,,,,,,,,,,,,,,,,3.0,2.0,0.0,0.667,1.0,20.0,6.7,,,,,,,,,,,,26.0,11.0,0.0,76.0,6.9,151.0,45.0,8.0,617.0,4.1
2015,tre jackson,OG,Florida State,6-4,330.0,5.52,25.0,,96.0,,,True,4.0,111.0,tre jackson,,,,,,,,,,,,,,,,,,,,,,,,,,,,,,,,,,,,,,,,,,,,,,,,,,,,,,,
2015,jesse james,TE,Penn State,6-7,261.0,4.83,37.5,26.0,121.0,7.53,4.5,True,5.0,160.0,jesse james,2014.0,,,,,,,,,,,,,,,,,,,,,,,,,,,,,,,,,,,,,,,,,,,,,44.0,38.0,3.0,396.0,10.4,,,,,
2015,grady jarrett,DT,Clemson,6-1,304.0,5.06,31.0,30.0,112.0,7.37,4.56,True,5.0,137.0,grady jarrett,,,,,,,,,,,,,,,,,,,,,,,,,,,,,,,,,,,,,,,,,,,,,,,,,,,,,,,
2015,kyshoen jarrett,S,Virginia Tech,5-10,200.0,4.57,33.0,21.0,109.0,6.95,4.4,True,6.0,181.0,kyshoen jarrett,2014.0,,,,,,,,,,,11.7,3.0,0.0,35.0,,,,,,,,,,,,,,,,,,,,10.3,35.0,6.0,0.0,62.0,,,,,,,,,,,,,,,,
2015,anthony jefferson,S,UCLA,6-1,198.0,4.72,33.5,15.0,116.0,7.18,4.15,False,,,anthony jefferson,2014.0,,,,,,,,,,,0.0,1.0,0.0,0.0,7.0,7.0,1.0,0.0,7.0,,,,,,,,,,,,,,,,,,,,,,,,,,,,,,,1.0,0.0,0.0,,
2015,gus johnson,RB,Stephen F. Austin,5-10,215.0,4.7,36.5,26.0,120.0,7.09,4.13,False,,,gus johnson,2014.0,,,,,,,,,,,,,,,,,,,,0.0,0.0,0.0,0.0,0.0,1.0,0.0,,,,,,,,,,,,,,,,,,,4.0,1.0,0.0,4.0,4.0,8.0,30.0,1.0,26.0,3.3
2015,david johnson,RB,New Mexico,6-1,224.0,4.5,41.5,25.0,127.0,6.82,4.27,True,3.0,86.0,david johnson,2015.0,,,,,,,,,,,0.0,1.0,0.0,0.0,7.0,7.0,1.0,0.0,7.0,,,,,,,,,,,,,,,,,,,,,,,,,,,,,,,,,,,
2015,duke johnson,RB,Miami (FL),5-9,207.0,4.54,33.5,,121.0,,,True,3.0,77.0,duke johnson,,,,,,,,,,,,,,,,,,,,,,,,,,,,,,,,,,,,,,,,,,,,,,,,,,,,,,,
2015,kevin johnson,CB,Wake Forest,6-0,188.0,4.52,41.5,,130.0,6.79,3.89,True,1.0,16.0,kevin johnson,2015.0,,,,,,,,,,,,,,,20.7,41.0,7.0,0.0,145.0,,,,,,,,,,,,,,,,,,,,,,,,,,4.0,2.0,0.0,3.0,1.5,,,,,
2015,will johnson,P,Texas State,6-2,206.0,5.02,,,,,,False,,,will johnson,2015.0,,,,,,,,,,,,,,,,,,,,,,,,,,,,,,,,,,,,,,,,,,,,,16.0,1.0,0.0,16.0,16.0,,,,,
2015,byron jones,CB,Connecticut,6-1,199.0,4.43,44.5,,147.0,6.78,3.94,True,1.0,27.0,byron jones,2014.0,,,,,,,,,,,35.0,2.0,1.0,70.0,,,,,,,,,,,,,,,,,,,,,,,,,,,,,,,,,,,,,,,,
2015,christion jones,WR,Alabama,5-10,182.0,4.63,32.5,8.0,119.0,6.91,4.19,False,,,christion jones,2014.0,,,,,,,,,,,,,,,23.0,38.0,37.0,0.0,851.0,,,,,,,,,,,,,,,8.0,47.0,19.0,0.0,152.0,,,,,,,41.0,19.0,1.0,264.0,13.9,1.0,0.0,0.0,,
2015,matt jones,RB,Florida,6-2,231.0,4.61,31.5,20.0,112.0,,4.2,True,3.0,95.0,matt jones,2014.0,,,,,,,,,,,,,,,,,,,,,,,,,,,,,,,,,,,,,,,,,,,,,14.0,11.0,1.0,65.0,5.9,166.0,44.0,6.0,817.0,4.9
2015,taiwan jones,ILB,Michigan State,6-3,245.0,4.95,32.0,19.0,115.0,7.25,4.33,False,,,taiwan jones,2014.0,,,,,,,,,,,0.0,1.0,0.0,0.0,,,,,,,,,,,,,,,,,,,,,,,,,,,,,,,,,,,,,,,,
2015,mario edwards jr.,DE,Florida State,6-3,279.0,4.76,32.5,32.0,120.0,7.44,4.55,True,2.0,35.0,mario edwards,2014.0,,,,,,,,,,,,,,,,,,,,,,,,,,,,,,,,,,,,,,,,,,,,,,,,,,1.0,4.0,0.0,4.0,4.0
2015,eric kendricks,ILB,UCLA,6-0,232.0,4.61,38.0,19.0,124.0,,,True,2.0,45.0,eric kendricks,2014.0,,,,,,,,,,,19.3,3.0,1.0,58.0,,,,,,,,,,,,,,,,,,,,,,,,,,,,,,,,,,,,,,,,
2015,hau'oli kikaha,OLB,Washington,6-2,253.0,4.93,,,,,,True,2.0,44.0,hauoli kikaha,,,,,,,,,,,,,,,,,,,,,,,,,,,,,,,,,,,,,,,,,,,,,,,,,,,,,,,
2015,arie kouandjio,OG,Alabama,6-5,310.0,5.48,,,,,,True,4.0,112.0,arie kouandjio,,,,,,,,,,,,,,,,,,,,,,,,,,,,,,,,,,,,,,,,,,,,,,,,,,,,,,,
2015,ben koyack,TE,Notre Dame,6-5,255.0,4.79,,,,,,True,7.0,229.0,ben koyack,2014.0,,,,,,,,,,,,,,,,,1.0,0.0,,,,,,,,,,,,,,,,,,,,,,,,,,,28.0,30.0,2.0,317.0,10.6,,,,,
2015,tyler kroft,TE,Rutgers,6-5,246.0,4.75,,17.0,,,,True,3.0,85.0,tyler kroft,2014.0,,,,,,,,,,,,,,,,,,,,,,,,,,,,,,,,,,,,,,,,,,,,,27.0,24.0,0.0,269.0,11.2,,,,,
2015,josh lambo,K,Texas A&M,6-0,216.0,5.16,,,,,,False,,,josh lambo,2014.0,,,,,,,,,,,,,,,,,,,,15.0,13.0,50.0,0.867,98.0,59.0,59.0,,,,,,,,,,,,,,,,,,,,,,,,,,,,
2015,jeremy langford,RB,Michigan State,6-0,208.0,4.42,34.5,,118.0,7.22,4.32,True,4.0,106.0,jeremy langford,2014.0,,,,,,,,,,,,,,,,,,,,,,,,,,,,,,,,,,,,,,,,,,,,,18.0,11.0,0.0,62.0,5.6,276.0,65.0,22.0,1522.0,5.5
2015,dez lewis,WR,Central Arkansas,6-4,214.0,4.58,33.5,16.0,119.0,7.11,4.28,False,,,dez lewis,,,,,,,,,,,,,,,,,,,,,,,,,,,,,,,,,,,,,,,,,,,,,,,,,,,,,,,
2015,tony lippett,WR,Michigan State,6-2,192.0,4.61,36.0,10.0,114.0,6.92,4.13,True,5.0,156.0,tony lippett,2014.0,,,,,,,,,,,,,,,,,,,,,,,,,,,,,,,,,,,,,,,,,,,,,71.0,65.0,11.0,1198.0,18.4,2.0,32.0,1.0,51.0,25.5
2015,tyler lockett,WR,Kansas State,5-10,182.0,4.4,35.5,,121.0,6.89,4.07,True,3.0,69.0,tyler lockett,2014.0,,,,,,,,,,,,,,,20.1,33.0,18.0,0.0,362.0,,,,,,,,1.0,0.0,0.0,0.0,0.0,0.0,0.0,19.1,58.0,21.0,2.0,402.0,,,,,,,70.0,106.0,11.0,1515.0,14.3,3.0,9.0,0.0,17.0,5.7
2015,deon long,WR,Maryland,6-0,192.0,4.51,34.0,12.0,120.0,6.98,4.27,False,,,deon long,2014.0,,,,,,,,,,,,,,,,,,,,,,,,,,,,,,,,,,,,,,,,,,,,,50.0,51.0,2.0,575.0,11.3,1.0,9.0,0.0,9.0,9.0
2015,kyle loomis,P,Portland State,6-2,221.0,5.08,,,,,,False,,,kyle loomis,,,,,,,,,,,,,,,,,,,,,,,,,,,,,,,,,,,,,,,,,,,,,,,,,,,,,,,
2015,derrick lott,DT,Tenn-Chattanooga,6-4,314.0,4.99,26.5,30.0,106.0,7.3,4.44,False,,,derrick lott,,,,,,,,,,,,,,,,,,,,,,,,,,,,,,,,,,,,,,,,,,,,,,,,,,,,,,,
2015,jerry lovelocke,QB,Prairie View,6-4,248.0,4.99,31.5,,113.0,7.3,4.51,False,,,jerry lovelocke,2013.0,,,,,,,,,,,,,,,,,,,,,,,,,,,27.0,16.0,0.0,0.593,0.0,109.0,4.0,,,,,,,,,,,,,,,,,,,,,
2015,donatella luckett,WR,Harding,6-0,211.0,4.4,34.0,17.0,118.0,7.51,4.5,False,,,donatella luckett,,,,,,,,,,,,,,,,,,,,,,,,,,,,,,,,,,,,,,,,,,,,,,,,,,,,,,,
2015,terrence magee,RB,LSU,5-8,213.0,4.62,37.0,22.0,115.0,7.52,4.37,False,,,terrence magee,2014.0,,,,,,,,,,,,,,,49.0,49.0,1.0,0.0,49.0,,,,,,,,1.0,1.0,0.0,1.0,0.0,44.0,44.0,,,,,,,,,,,,32.0,17.0,0.0,171.0,10.1,112.0,38.0,3.0,571.0,5.1
2015,craig mager,CB,Texas State,5-11,201.0,4.44,38.0,17.0,130.0,6.83,4.07,True,3.0,83.0,craig mager,2014.0,,,,,,,,,,,7.0,3.0,0.0,21.0,,,,,,,,,,,,,,,,,,,,12.3,43.0,10.0,0.0,123.0,,,,,,,,,,,,,,,,
2015,greg mancz,C,Toledo,6-4,301.0,5.08,,,,,,False,,,greg mancz,,,,,,,,,,,,,,,,,,,,,,,,,,,,,,,,,,,,,,,,,,,,,,,,,,,,,,,
2015,sean mannion,QB,Oregon State,6-6,229.0,5.14,31.0,,105.0,7.29,4.39,True,3.0,89.0,sean mannion,2014.0,,,,,,,,,,,,,,,,,,,,,,,,,,,453.0,282.0,8.0,0.623,15.0,3164.0,7.0,,,,,,,,,,,,,,,,,48.0,8.0,1.0,,
2015,justin manton,K,La-Monroe,6-3,196.0,4.93,,,,,,False,,,justin manton,2014.0,,,,,,,,,,,,,,,,,,,,24.0,20.0,51.0,0.833,83.0,23.0,23.0,1.0,1.0,0.0,1.0,0.0,,,,,,,,20.0,67.0,76.0,8.0,3222.0,42.4,,,,,,2.0,3.0,0.0,,
2015,marcus mariota,QB,Oregon,6-4,222.0,4.52,36.0,,121.0,6.87,4.11,True,1.0,2.0,marcus mariota,2014.0,,,,,,,,,,,,,,,,,,,,,,,,,,,445.0,304.0,4.0,0.683,42.0,4454.0,10.0,,,,,,,,,,,,26.0,1.0,1.0,26.0,26.0,135.0,61.0,15.0,770.0,5.7
2015,dean marlowe,S,James Madison,6-1,203.0,4.58,33.5,16.0,114.0,7.0,4.18,False,,,dean marlowe,,,,,,,,,,,,,,,,,,,,,,,,,,,,,,,,,,,,,,,,,,,,,,,,,,,,,,,
2015,ali marpet,OG,Hobart & William Smith,6-4,307.0,4.98,30.5,30.0,108.0,7.33,4.47,True,2.0,61.0,ali marpet,,,,,,,,,,,,,,,,,,,,,,,,,,,,,,,,,,,,,,,,,,,,,,,,,,,,,,,
2015,nick marshall,CB,Auburn,6-1,207.0,4.54,37.5,12.0,124.0,6.96,4.15,False,,,nick marshall,2014.0,,,,,,,,,,,,,,,,,,,,,,,,,,,293.0,178.0,7.0,0.608,20.0,2532.0,8.6,,,,,,,,,,,,17.0,2.0,0.0,16.0,8.0,153.0,50.0,11.0,798.0,5.2
2015,josue matias,OG,Florida State,6-5,309.0,5.52,17.5,,84.0,8.19,5.12,False,,,josue matias,,,,,,,,,,,,,,,,,,,,,,,,,,,,,,,,,,,,,,,,,,,,,,,,,,,,,,,
2015,lorenzo mauldin,OLB,Louisville,6-4,259.0,4.85,32.0,23.0,112.0,7.47,4.58,True,3.0,82.0,lorenzo mauldin,,,,,,,,,,,,,,,,,,,,,,,,,,,,,,,,,,,,,,,,,,,,,,,,,,,,,,,
2015,vince mayle,WR,Washington State,6-2,224.0,4.67,35.5,,117.0,6.93,4.13,True,4.0,123.0,vince mayle,2014.0,,,,,,,,,,,,,,,19.7,39.0,9.0,0.0,177.0,,,,,,,,,,,,,,,,,,,,,,,,,,90.0,106.0,9.0,1483.0,14.0,,,,,
2015,joey mbu,DT,Houston,6-3,313.0,5.54,22.5,,97.0,8.2,5.01,False,,,joey mbu,2014.0,,,,,,,,,,,0.0,1.0,0.0,0.0,,,,,,,,,,,,,,,,,,,,,,,,,,,,,,,,,,,,,,,,
2015,tre mcbride,WR,William & Mary,6-0,210.0,4.41,38.0,16.0,122.0,6.96,4.08,True,7.0,245.0,tre mcbride,,,,,,,,,,,,,,,,,,,,,,,,,,,,,,,,,,,,,,,,,,,,,,,,,,,,,,,
2015,bobby mccain,CB,Memphis,5-9,195.0,4.51,36.0,17.0,130.0,6.8,3.82,True,5.0,145.0,bobby mccain,2014.0,,,,,,,,,,,11.8,5.0,1.0,59.0,25.1,59.0,13.0,0.0,326.0,,,,,,,,,,,,,,,,,,,,,,,,,,,,,,,,,,,
2015,ellis mccarthy,DT,UCLA,6-5,338.0,5.21,32.0,24.0,109.0,8.16,5.07,False,,,ellis mccarthy,,,,,,,,,,,,,,,,,,,,,,,,,,,,,,,,,,,,,,,,,,,,,,,,,,,,,,,
2015,tevin mcdonald,S,East. Washington,5-11,195.0,4.63,33.0,19.0,112.0,7.01,4.26,False,,,tevin mcdonald,2012.0,,,,,,,,,,,50.0,1.0,0.0,50.0,,,,,,,,,,,,,,,,,,,,,,,,,,,,,,,,,,,,,,,,
2015,benardrick mckinney,ILB,Mississippi State,6-4,246.0,4.66,40.5,16.0,121.0,7.21,4.27,True,2.0,43.0,benardrick mckinney,,,,,,,,,,,,,,,,,,,,,,,,,,,,,,,,,,,,,,,,,,,,,,,,,,,,,,,
2015,darrian miller,OT,Kentucky,6-5,307.0,5.51,25.0,,97.0,7.91,4.87,False,,,darrian miller,2015.0,,,,,,,,,,,,,,,13.0,14.0,2.0,0.0,26.0,,,,,,,,,,,,,,,4.0,4.0,1.0,0.0,4.0,,,,,,,32.0,5.0,0.0,58.0,11.6,2.0,2.0,0.0,3.0,1.5
2015,john miller,OG,Louisville,6-2,303.0,5.33,27.0,29.0,104.0,8.2,4.75,True,3.0,81.0,john miller,2015.0,,,,,,,,,,,,,,,,,,,,,,,,,,,,,,,,,,7.7,8.0,3.0,0.0,23.0,,,,,,,17.0,5.0,1.0,42.0,8.4,,,,,
2015,ty montgomery,WR,Stanford,6-0,221.0,4.55,40.5,,121.0,6.97,4.21,True,3.0,94.0,ty montgomery,2014.0,,,,,,,,,,,,,,,25.2,62.0,17.0,0.0,429.0,,,,,,,,,,,,,,,18.3,60.0,13.0,2.0,238.0,,,,,,,44.0,61.0,3.0,604.0,9.9,23.0,18.0,1.0,144.0,6.3
2015,mitch morse,OG,Missouri,6-5,305.0,5.14,31.0,36.0,112.0,7.6,4.5,True,2.0,49.0,mitch morse,,,,,,,,,,,,,,,,,,,,,,,,,,,,,,,,,,,,,,,,,,,,,,,,,,,,,,,
2015,keith mumphery,WR,Michigan State,6-0,215.0,4.54,32.5,,121.0,7.07,4.25,True,5.0,175.0,keith mumphery,2014.0,,,,,,,,,,,,,,,,,,,,,,,,,,,,,,,,,,,,,,,,,,,,,62.0,26.0,3.0,495.0,19.0,6.0,33.0,1.0,85.0,14.2
2015,marcus murphy,RB,Missouri,5-9,198.0,4.61,29.0,11.0,109.0,,4.4,True,7.0,230.0,marcus murphy,2014.0,,,,,,,,,,,,,,,29.6,100.0,17.0,2.0,504.0,,,,,,,,,,,,,,,10.4,82.0,27.0,1.0,281.0,,,,,,,26.0,28.0,1.0,212.0,7.6,177.0,69.0,4.0,924.0,5.2
2015,robert myers,OG,Tennessee State,6-5,326.0,5.44,27.5,,94.0,8.1,4.91,True,5.0,176.0,robert myers,,,,,,,,,,,,,,,,,,,,,,,,,,,,,,,,,,,,,,,,,,,,,,,,,,,,,,,
2015,j.j. nelson,WR,Ala-Birmingham,5-10,156.0,4.28,36.0,,127.0,7.02,4.15,True,5.0,159.0,jj nelson,2014.0,,,,,,,,,,,,,,,38.3,100.0,22.0,4.0,843.0,,,,,,,,,,,,,,,10.7,35.0,26.0,0.0,277.0,,,,,,,88.0,35.0,4.0,655.0,18.7,5.0,18.0,0.0,45.0,9.0
2015,steven nelson,CB,Oregon State,5-10,197.0,4.49,34.5,19.0,115.0,6.88,4.07,True,3.0,98.0,steven nelson,2014.0,,,,,,,,,,,0.0,2.0,0.0,0.0,,,,,,,,,,,,,,,,,,,,0.3,5.0,3.0,0.0,1.0,,,,,,,,,,,,,,,,
2015,rakeem nunez-roches,DT,Southern Miss,6-2,307.0,5.02,34.0,26.0,114.0,7.67,4.69,True,6.0,217.0,rakeem nunezroches,,,,,,,,,,,,,,,,,,,,,,,,,,,,,,,,,,,,,,,,,,,,,,,,,,,,,,,
2015,mark nzeocha,OLB,Wyoming,6-2,232.0,4.56,,24.0,,,,True,7.0,236.0,mark nzeocha,2011.0,,,,,,,,,,,0.0,1.0,0.0,0.0,,,,,,,,,,,,,,,,,,,,,,,,,,,,,,,,,,,,,,,,
2015,nick o'leary,TE,Florida State,6-3,252.0,4.93,30.5,21.0,110.0,7.4,4.5,True,6.0,194.0,nick oleary,2014.0,,,,,,,,,,,,,,,,,,,,,,,,,,,,,,,,,,,,,,,,,,,,,46.0,48.0,6.0,618.0,12.9,0.0,0.0,1.0,0.0,0.0
2015,owamagbe odighizuwa,DE,UCLA,6-3,267.0,4.62,39.0,25.0,127.0,7.36,4.19,True,3.0,74.0,owamagbe odighizuwa,,,,,,,,,,,,,,,,,,,,,,,,,,,,,,,,,,,,,,,,,,,,,,,,,,,,,,,
2015,cedric ogbuehi,OT,Texas A&M,6-5,306.0,4.98,,23.0,,,,True,1.0,21.0,cedric ogbuehi,,,,,,,,,,,,,,,,,,,,,,,,,,,,,,,,,,,,,,,,,,,,,,,,,,,,,,,
2015,nate orchard,DE,Utah,6-3,250.0,4.8,31.5,,115.0,7.28,4.43,True,2.0,51.0,nate orchard,,,,,,,,,,,,,,,,,,,,,,,,,,,,,,,,,,,,,,,,,,,,,,,,,,,,,,,
2015,leon orr,DT,Florida,6-5,323.0,5.16,28.0,,100.0,8.26,4.9,False,,,leon orr,,,,,,,,,,,,,,,,,,,,,,,,,,,,,,,,,,,,,,,,,,,,,,,,,,,,,,,
2015,trevor pardula,P,Kansas,6-4,227.0,5.12,,,,,,False,,,trevor pardula,2014.0,,,,,,,,,,,,,,,,,,,,,,,,,,,,,,,,,,,,,,,24.0,72.0,83.0,10.0,3673.0,44.3,,,,,,,,,,
2015,devante parker,WR,Louisville,6-3,209.0,4.45,36.5,17.0,125.0,,,True,1.0,14.0,devante parker,2014.0,,,,,,,,,,,,,,,,,,,,,,,,,,,,,,,,,,,,,,,,,,,,,71.0,43.0,5.0,855.0,19.9,,,,,
2015,david parry,DT,Stanford,6-1,308.0,5.38,29.0,34.0,103.0,,,True,5.0,151.0,david parry,,,,,,,,,,,,,,,,,,,,,,,,,,,,,,,,,,,,,,,,,,,,,,,,,,,,,,,
2015,andrus peat,OT,Stanford,6-7,313.0,5.18,31.0,,105.0,8.01,4.62,True,1.0,13.0,andrus peat,,,,,,,,,,,,,,,,,,,,,,,,,,,,,,,,,,,,,,,,,,,,,,,,,,,,,,,
2015,breshad perriman,WR,Central Florida,6-2,212.0,,,,,,,True,1.0,26.0,breshad perriman,2014.0,,,,,,,,,,,,,,,,,,,,,,,,,,,,,,,,,,,,,,,,,,,,,61.0,50.0,9.0,1044.0,20.9,1.0,0.0,0.0,0.0,0.0
2015,denzel perryman,ILB,Miami (FL),5-11,236.0,4.78,32.0,27.0,113.0,,,True,2.0,48.0,denzel perryman,2014.0,,,,,,,,,,,20.0,1.0,0.0,20.0,,,,,,,,,,,,,,,,,,,,,,,,,,,,,,,,,,,,,,,,
2015,garry peters,CB,Clemson,6-0,191.0,4.61,32.5,7.0,119.0,6.8,4.0,False,,,garry peters,2014.0,,,,,,,,,,,12.0,1.0,0.0,12.0,,,,,,,,,,,,,,,,,,,,,,,,,,,,,,,,,,,,,,,,
2015,marcus peters,CB,Washington,6-0,197.0,4.53,37.5,17.0,121.0,7.08,4.08,True,1.0,18.0,marcus peters,2014.0,,,,,,,,,,,0.0,3.0,0.0,0.0,,,,,,,,,,,,,,,,,,,,,,,,,,,,,,,,,,,,,,,,
2015,bryce petty,QB,Baylor,6-3,230.0,4.87,34.0,,121.0,6.91,4.13,True,4.0,103.0,bryce petty,2014.0,,,,,,,,,,,,,,,,,,,,,,,,,,,428.0,270.0,7.0,0.631,29.0,3855.0,9.0,,,,,,,,,,,,,,,,,84.0,21.0,6.0,101.0,1.2
2015,jordan phillips,DT,Oklahoma,6-5,329.0,5.17,30.0,28.0,105.0,7.88,4.68,True,2.0,52.0,jordan phillips,,,,,,,,,,,,,,,,,,,,,,,,,,,,,,,,,,,,,,,,,,,,,,,,,,,,,,,
2015,darius philon,DT,Arkansas,6-1,298.0,5.0,31.0,26.0,107.0,8.0,,True,6.0,192.0,darius philon,,,,,,,,,,,,,,,,,,,,,,,,,,,,,,,,,,,,,,,,,,,,,,,,,,,,,,,
2015,bradley pinion,P,Clemson,6-5,229.0,5.18,,,,,,True,5.0,165.0,bradley pinion,2014.0,,,,,,,,,,,,,,,,,,,,0.0,0.0,0.0,0.0,3.0,3.0,3.0,,,,,,,,,,,,,28.0,60.0,75.0,2.0,3194.0,42.6,,,,,,,,,,
2015,terry poole,OT,San Diego State,6-5,307.0,5.09,31.0,25.0,113.0,7.9,4.66,True,4.0,130.0,terry poole,,,,,,,,,,,,,,,,,,,,,,,,,,,,,,,,,,,,,,,,,,,,,,,,,,,,,,,
2015,jeremiah poutasi,OG,Utah,6-5,335.0,5.32,26.5,26.0,95.0,8.09,4.89,True,3.0,66.0,jeremiah poutasi,,,,,,,,,,,,,,,,,,,,,,,,,,,,,,,,,,,,,,,,,,,,,,,,,,,,,,,
2015,cody prewitt,S,Mississippi,6-2,208.0,4.6,35.0,11.0,125.0,7.12,4.23,False,,,cody prewitt,2014.0,,,,,,,,,,,32.7,3.0,1.0,98.0,,,,,,,,,,,,,,,,,,,,,,,,,,,,,,,,,,,,,,,,
2015,mycole pruitt,TE,Southern Illinois,6-2,251.0,4.58,38.0,17.0,118.0,7.25,4.37,True,5.0,143.0,mycole pruitt,2014.0,,,,,,,,,,,,,,,17.0,17.0,1.0,0.0,17.0,,,,,,,,,,,,,,,,,,,,,,,,,,46.0,10.0,0.0,136.0,13.6,,,,,
2015,hayes pullard,ILB,USC,6-0,240.0,4.78,31.0,19.0,110.0,7.07,4.39,True,7.0,219.0,hayes pullard,,,,,,,,,,,,,,,,,,,,,,,,,,,,,,,,,,,,,,,,,,,,,,,,,,,,,,,
2015,damarious randall,S,Arizona State,5-11,196.0,4.46,38.0,14.0,120.0,6.83,4.07,True,1.0,30.0,damarious randall,2014.0,,,,,,,,,,,29.7,3.0,1.0,89.0,,,,,,,,,,,,,,,,,,,,1.0,8.0,6.0,0.0,6.0,,,,,,,,,,,,,,,,
2015,thomas rawls,RB,Central Michigan,5-9,215.0,4.65,35.5,15.0,116.0,,,False,,,thomas rawls,2014.0,,,,,,,,,,,,,,,,,,,,,,,,,,,,,,,,,,,,,,,,,,,,,40.0,10.0,0.0,93.0,9.3,210.0,46.0,10.0,1103.0,5.3
2015,shane ray,DE,Missouri,6-3,245.0,4.68,,21.0,,,,True,1.0,23.0,shane ray,,,,,,,,,,,,,,,,,,,,,,,,,,,,,,,,,,,,,,,,,,,,,,,,,,,,,,,
2015,cedric reed,DE,Texas,6-5,269.0,4.89,,22.0,,,,False,,,cedric reed,,,,,,,,,,,,,,,,,,,,,,,,,,,,,,,,,,,,,,,,,,,,,,,,,,,,,,,
2015,jordan richards,S,Stanford,5-11,211.0,4.65,32.0,13.0,111.0,6.74,4.22,True,2.0,64.0,jordan richards,2014.0,,,,,,,,,,,0.0,3.0,0.0,0.0,,,,,,,,,,,,,,,,,,,,,,,,,,,,,,,,,,,,,,,,
2015,bobby richardson,DT,Indiana,6-3,283.0,5.16,32.5,,106.0,7.57,4.41,False,,,bobby richardson,,,,,,,,,,,,,,,,,,,,,,,,,,,,,,,,,,,,,,,,,,,,,,,,,,,,,,,
2015,jared roberts,K,Colorado State,6-0,210.0,5.02,,,,,,False,,,jared roberts,2014.0,,,,,,,,,,,,,,,,,,,,20.0,12.0,53.0,0.6,93.0,58.0,57.0,,,,,,,,,,,,,,,,,,,,,,,,,,,,
2015,corey robinson,OT,South Carolina,6-7,324.0,5.34,,28.0,,,,True,7.0,240.0,corey robinson,2015.0,,,,,,,,,,,,,,,,,,,,,,,,,,,,,,,,,,,,,,,,,,,,,22.0,16.0,1.0,200.0,12.5,,,,,
2015,edmond robinson,OLB,Newberry,6-3,245.0,4.61,37.0,20.0,121.0,7.49,4.38,True,7.0,232.0,edmond robinson,,,,,,,,,,,,,,,,,,,,,,,,,,,,,,,,,,,,,,,,,,,,,,,,,,,,,,,
2015,josh robinson,RB,Mississippi State,5-8,217.0,4.7,32.0,21.0,113.0,,,True,6.0,205.0,josh robinson,2014.0,,,,,,,,,,,,,,,,,,,,,,,,,,,,,,,,,,,,,,,,,,,,,47.0,28.0,1.0,370.0,13.2,190.0,73.0,11.0,1203.0,6.3
2015,quinten rollins,CB,Miami (OH),5-11,195.0,4.57,36.5,14.0,122.0,7.1,4.28,True,2.0,62.0,quinten rollins,2014.0,,,,,,,,,,,5.0,7.0,1.0,35.0,,,,,,,,,,,,,,,,,,,,,,,,,,,,,,,,,,,,,,,,
2015,spencer roth,P,Baylor,6-4,227.0,5.06,,,,,,False,,,spencer roth,2014.0,,,,,,,,,,,,,,,,,,,,,,,,,,,,,,,,,,,,,,,19.0,69.0,47.0,2.0,2040.0,43.4,,,,,,1.0,19.0,0.0,19.0,19.0
2015,eric rowe,CB,Utah,6-1,205.0,4.45,39.0,19.0,125.0,6.7,3.97,True,2.0,47.0,eric rowe,2014.0,,,,,,,,,,,11.0,1.0,1.0,11.0,,,,,,,,,,,,,,,,,,,,,,,,,,,,,,,,,,,,,,,,
2015,ezell ruffin,WR,San Diego State,6-0,218.0,4.68,27.5,17.0,110.0,7.35,4.58,False,,,ezell ruffin,2014.0,,,,,,,,,,,,,,,,,,,,,,,,,,,,,,,,,,,,,,,,,,,,,59.0,26.0,2.0,422.0,16.2,2.0,0.0,0.0,,
2015,ryan russell,DE,Purdue,6-4,269.0,4.75,32.5,25.0,119.0,7.25,4.47,True,5.0,163.0,ryan russell,,,,,,,,,,,,,,,,,,,,,,,,,,,,,,,,,,,,,,,,,,,,,,,,,,,,,,,
2015,jake ryan,OLB,Michigan,6-2,240.0,4.65,34.5,20.0,120.0,7.11,4.2,True,4.0,129.0,jake ryan,2014.0,,,,,,,,,,,2.0,1.0,0.0,2.0,,,,,,,,,,,,,,,,,,,,,,,,,,,,,,,,,,,,,,,,
2015,ty sambrailo,OT,Colorado State,6-6,311.0,5.36,29.0,23.0,97.0,7.54,4.58,True,2.0,59.0,ty sambrailo,2013.0,,,,,,,,,,,,,,,,,,,,,,,,,,,,,,,,,,,,,,,,,,,,,,,,,,1.0,11.0,0.0,11.0,11.0
2015,james sample,S,Louisville,6-2,209.0,4.56,32.5,,123.0,7.04,,True,4.0,104.0,james sample,2014.0,,,,,,,,,,,9.0,4.0,0.0,36.0,,,,,,,,,,,,,,,,,,,,,,,,,,,,,,,,,,,,,,,,
2015,wes saxton,TE,South Alabama,6-3,248.0,4.65,36.0,,119.0,7.29,4.49,False,,,wes saxton,2014.0,,,,,,,,,,,,,,,,,,,,,,,,,,,,,,,,,,,,,,,,,,,,,25.0,20.0,0.0,155.0,7.8,,,,,
2015,brandon scherff,OT,Iowa,6-5,319.0,5.05,,23.0,,,,True,1.0,5.0,brandon scherff,2014.0,,,,,,,,,,,,,,,,,,,,,,,,,,,,,,,,,,,,,,,,,,,,,15.0,0.0,0.0,15.0,0.0,,,,,
2015,ross scheuerman,WR,Lafayette,6-0,204.0,4.62,33.0,15.0,121.0,7.08,4.11,False,,,ross scheuerman,,,,,,,,,,,,,,,,,,,,,,,,,,,,,,,,,,,,,,,,,,,,,,,,,,,,,,,
2015,josh shaw,CB,USC,6-0,201.0,4.44,37.5,26.0,130.0,7.01,4.12,True,4.0,120.0,josh shaw,2013.0,,,,,,,,,,,12.8,4.0,1.0,51.0,,,,,,,,,,,,,,,,,,,,14.0,14.0,1.0,1.0,14.0,,,,,,,,,,,,,,,,
2015,adam shead,OG,Oklahoma,6-4,338.0,5.74,,26.0,,,,False,,,adam shead,,,,,,,,,,,,,,,,,,,,,,,,,,,,,,,,,,,,,,,,,,,,,,,,,,,,,,,
2015,danny shelton,DT,Washington,6-2,339.0,5.64,30.5,34.0,95.0,7.99,4.65,True,1.0,12.0,danny shelton,2011.0,,,,,,,,,,,,,,,8.5,16.0,2.0,0.0,17.0,,,,,,,,,,,,,,,,,,,,,,,,,,,,,,,,,,,
2015,austin shepherd,OT,Alabama,6-4,315.0,5.39,29.0,17.0,94.0,8.04,4.7,True,7.0,228.0,austin shepherd,,,,,,,,,,,,,,,,,,,,,,,,,,,,,,,,,,,,,,,,,,,,,,,,,,,,,,,
2015,jacorey shepherd,CB,Kansas,5-11,199.0,4.62,,14.0,,,,True,6.0,191.0,jacorey shepherd,2014.0,,,,,,,,,,,0.0,3.0,0.0,0.0,20.9,33.0,37.0,0.0,773.0,,,,,,,,,,,,,,,,,,,,,,,,,,,,,,,,,,,
2015,jean sifrin,TE,Massachusetts,6-5,245.0,4.84,33.0,,114.0,7.5,4.6,False,,,jean sifrin,2014.0,,,,,,,,,,,,,,,,,,,,,,,,,,,,,,,,,,,,,,,,,,,,,76.0,41.0,6.0,637.0,15.5,,,,,
2015,deon simon,DT,NW State (LA),6-4,321.0,5.12,29.5,35.0,105.0,7.92,4.76,True,7.0,223.0,deon simon,,,,,,,,,,,,,,,,,,,,,,,,,,,,,,,,,,,,,,,,,,,,,,,,,,,,,,,
2015,blake sims,QB,Alabama,5-11,218.0,4.57,30.5,,115.0,,,False,,,blake sims,2014.0,,,,,,,,,,,,,,,,,,,,,,,,,,,391.0,252.0,10.0,0.645,28.0,3487.0,8.9,,,,,,,,,,,,,,,,,83.0,43.0,7.0,350.0,4.2
2015,deandre smelter,WR,Georgia Tech,6-2,226.0,4.52,,,,,,True,4.0,132.0,deandre smelter,2014.0,,,,,,,,,,,,,,,,,,,,,,,,,,,,,,,,,,,,,,,,,,,,,71.0,35.0,7.0,715.0,20.4,3.0,75.0,1.0,103.0,34.3
2015,devin smith,WR,Ohio State,6-0,196.0,4.42,39.0,10.0,122.0,,4.15,True,2.0,37.0,devin smith,2014.0,,,,,,,,,,,,,,,,,,,,,,,,,,,,,,,,,,,,,,,,,,,,,80.0,33.0,12.0,931.0,28.2,,,,,
2015,derron smith,S,Fresno State,5-10,200.0,4.61,,,,,,True,6.0,197.0,derron smith,2014.0,,,,,,,,,,,21.0,1.0,0.0,21.0,12.0,12.0,1.0,0.0,12.0,,,,,,,,,,,,,,,11.0,52.0,9.0,0.0,99.0,,,,,,,,,,,,,,,,
2015,d'joun smith,CB,Florida Atlantic,5-10,187.0,4.37,36.0,18.0,124.0,6.96,4.26,True,3.0,65.0,djoun smith,2014.0,,,,,,,,,,,23.0,1.0,1.0,23.0,26.3,49.0,17.0,0.0,447.0,,,,,,,,,,,,,,,,,,,,,,,,,,,,,,,,,,,
2015,donovan smith,OT,Penn State,6-6,338.0,5.27,32.0,26.0,109.0,7.95,4.79,True,2.0,34.0,donovan smith,,,,,,,,,,,,,,,,,,,,,,,,,,,,,,,,,,,,,,,,,,,,,,,,,,,,,,,
2015,preston smith,DE,Mississippi State,6-5,271.0,4.74,34.0,24.0,121.0,7.07,4.28,True,2.0,38.0,preston smith,2014.0,,,,,,,,,,,17.5,2.0,1.0,35.0,,,,,,,,,,,,,,,,,,,,,,,,,,,,,,,,,,,,,,,,
2015,tye smith,CB,Towson,6-0,195.0,4.6,36.5,15.0,124.0,6.97,3.96,True,5.0,170.0,tye smith,,,,,,,,,,,,,,,,,,,,,,,,,,,,,,,,,,,,,,,,,,,,,,,,,,,,,,,
2015,za'darius smith,DE,Kentucky,6-4,274.0,4.83,29.0,23.0,113.0,7.42,4.66,True,4.0,122.0,zadarius smith,,,,,,,,,,,,,,,,,,,,,,,,,,,,,,,,,,,,,,,,,,,,,,,,,,,,,,,
2015,martrell spaight,ILB,Arkansas,6-0,236.0,4.81,35.0,25.0,120.0,7.66,,True,5.0,141.0,martrell spaight,2014.0,,,,,,,,,,,30.0,1.0,0.0,30.0,,,,,,,,,,,,,,,,,,,,,,,,,,,,,,,,,,,,,,,,
2015,jaelen strong,WR,Arizona State,6-2,217.0,4.44,42.0,,123.0,,,True,3.0,70.0,jaelen strong,2014.0,,,,,,,,,,,,,,,,,,,,,,,,,,,,,,,,,,,,,,,,,,,,,77.0,82.0,10.0,1165.0,14.2,,,,,
2015,j.t. surratt,DT,South Carolina,6-1,304.0,5.19,30.0,29.0,106.0,7.78,4.71,False,,,jt surratt,,,,,,,,,,,,,,,,,,,,,,,,,,,,,,,,,,,,,,,,,,,,,,,,,,,,,,,
2015,damian swann,CB,Georgia,6-0,189.0,4.5,33.0,,118.0,,,True,5.0,167.0,damian swann,2014.0,,,,,,,,,,,4.5,4.0,0.0,18.0,,,,,,,,,,,,,,,,,,,,,,,,,,,,,,,,,,,,,,,,
2015,jaquiski tartt,S,Samford,6-1,221.0,4.53,,,124.0,,,True,2.0,46.0,jaquiski tartt,,,,,,,,,,,,,,,,,,,,,,,,,,,,,,,,,,,,,,,,,,,,,,,,,,,,,,,
2015,j.r. tavai,OLB,USC,6-2,249.0,4.91,30.5,20.0,112.0,,,False,,,jr tavai,,,,,,,,,,,,,,,,,,,,,,,,,,,,,,,,,,,,,,,,,,,,,,,,,,,,,,,
2015,randall telfer,TE,USC,6-4,250.0,4.83,,20.0,,,,True,6.0,198.0,randall telfer,2014.0,,,,,,,,,,,,,,,,,,,,,,,,,,,,,,,,,,,,,,,,,,,,,21.0,21.0,2.0,197.0,9.4,,,,,
2015,shaq thompson,OLB,Washington,6-0,228.0,4.64,33.5,,117.0,6.99,4.08,True,1.0,25.0,shaq thompson,2014.0,,,,,,,,,,,36.0,1.0,1.0,36.0,,,,,,,,,,,,,,,,,,,,,,,,,,,,,,,41.0,4.0,0.0,56.0,14.0,61.0,57.0,2.0,456.0,7.5
2015,tyrus thompson,OT,Oklahoma,6-5,324.0,5.35,29.0,29.0,97.0,,4.92,True,6.0,185.0,tyrus thompson,,,,,,,,,,,,,,,,,,,,,,,,,,,,,,,,,,,,,,,,,,,,,,,,,,,,,,,
2015,eric tomlinson,TE,Texas-El Paso,6-6,263.0,4.98,30.5,19.0,110.0,7.46,4.54,False,,,eric tomlinson,2014.0,,,,,,,,,,,,,,,,,,,,,,,,,,,,,,,,,,,,,,,,,,,,,14.0,19.0,1.0,134.0,7.1,,,,,
2015,laken tomlinson,OG,Duke,6-3,323.0,5.33,31.5,25.0,103.0,8.17,4.87,True,1.0,28.0,laken tomlinson,,,,,,,,,,,,,,,,,,,,,,,,,,,,,,,,,,,,,,,,,,,,,,,,,,,,,,,
2015,lynden trail,DE,Norfolk State,6-7,269.0,4.91,32.5,24.0,117.0,7.32,4.48,False,,,lynden trail,,,,,,,,,,,,,,,,,,,,,,,,,,,,,,,,,,,,,,,,,,,,,,,,,,,,,,,
2015,louis trinca-pasat,DT,Iowa,6-1,290.0,4.96,32.0,,105.0,7.4,4.3,False,,,louis trincapasat,,,,,,,,,,,,,,,,,,,,,,,,,,,,,,,,,,,,,,,,,,,,,,,,,,,,,,,
2015,davis tull,OLB,Tenn-Chattanooga,6-2,246.0,4.57,42.5,26.0,132.0,,,True,5.0,148.0,davis tull,,,,,,,,,,,,,,,,,,,,,,,,,,,,,,,,,,,,,,,,,,,,,,,,,,,,,,,
2015,max valles,OLB,Virginia,6-5,251.0,4.83,36.5,,121.0,7.59,4.37,True,6.0,179.0,max valles,2014.0,,,,,,,,,,,35.0,1.0,1.0,35.0,,,,,,,,,,,,,,,,,,,,,,,,,,,,,,,,,,,,,,,,
2015,tyler varga,FB,Yale,5-11,222.0,4.69,,23.0,,,,False,,,tyler varga,2014.0,,,,,,,,,,,,,,,,,,,,,,,,,,,,,,,,,,,,,,,,,,,,,,,,,,28.0,23.0,5.0,185.0,6.6
2015,zack wagenmann,DE,Montana,6-3,247.0,4.81,37.5,14.0,109.0,7.07,4.26,False,,,zack wagenmann,,,,,,,,,,,,,,,,,,,,,,,,,,,,,,,,,,,,,,,,,,,,,,,,,,,,,,,
2015,clive walford,TE,Miami (FL),6-4,251.0,4.79,35.0,20.0,120.0,7.32,4.57,True,3.0,68.0,clive walford,2014.0,,,,,,,,,,,,,,,,,,,,,,,,,,,,,,,,,,,,,,,,,,,,,61.0,44.0,7.0,676.0,15.4,,,,,
2015,darren waller,WR,Georgia Tech,6-6,238.0,4.46,37.0,12.0,125.0,7.07,4.25,True,6.0,204.0,darren waller,2014.0,,,,,,,,,,,,,,,,,,,,,,,,,,,,,,,,,,,,,,,,,,,,,55.0,26.0,6.0,442.0,17.0,,,,,
2015,leterrius walton,DT,Central Michigan,6-5,319.0,5.25,27.0,25.0,103.0,7.91,4.78,True,6.0,199.0,leterrius walton,,,,,,,,,,,,,,,,,,,,,,,,,,,,,,,,,,,,,,,,,,,,,,,,,,,,,,,
2015,tony washington,OLB,Oregon,6-4,247.0,4.99,32.5,17.0,110.0,7.2,4.31,False,,,tony washington,2013.0,,,,,,,,,,,,,,,20.2,30.0,6.0,0.0,121.0,,,,,,,,,,,,,,,,,,,,,,,,,,25.0,5.0,0.0,78.0,15.6,,,,,
2015,trae waynes,CB,Michigan State,6-0,186.0,4.31,38.0,19.0,122.0,7.06,4.39,True,1.0,11.0,trae waynes,2014.0,,,,,,,,,,,0.0,3.0,0.0,0.0,,,,,,,,,,,,,,,,,,,,,,,,,,,,,,,,,,,,,,,,
2015,deandrew white,WR,Alabama,5-11,193.0,4.44,34.5,,118.0,6.97,4.18,False,,,deandrew white,2014.0,,,,,,,,,,,,,,,1.0,1.0,1.0,0.0,1.0,,,,,,,,,,,,,,,,,,,,,,,,,,58.0,40.0,4.0,504.0,12.6,2.0,0.0,0.0,,
2015,kevin white,WR,West Virginia,6-3,215.0,4.35,36.5,23.0,123.0,6.92,4.14,True,1.0,7.0,kevin white,2014.0,,,,,,,,,,,6.0,4.0,0.0,12.0,,,,,,,,,,,,,,,,,,,,,,,,,,,,,,,136.0,218.0,20.0,2894.0,26.6,,,,,
2015,kevin white,CB,TCU,5-9,183.0,4.63,35.5,18.0,121.0,,,False,,,kevin white,2014.0,,,,,,,,,,,6.0,4.0,0.0,12.0,,,,,,,,,,,,,,,,,,,,,,,,,,,,,,,136.0,218.0,20.0,2894.0,26.6,,,,,
2015,jermaine whitehead,S,Auburn,5-11,197.0,4.59,37.0,15.0,128.0,6.95,4.11,False,,,jermaine whitehead,2014.0,,,,,,,,,,,9.5,6.0,1.0,57.0,,,,,,,,,,,,,,,,,,,,,,,,,,,,,,,,,,,,,,,,
2015,daryl williams,OT,Oklahoma,6-5,327.0,5.34,26.0,27.0,97.0,,5.15,True,4.0,102.0,daryl williams,,,,,,,,,,,,,,,,,,,,,,,,,,,,,,,,,,,,,,,,,,,,,,,,,,,,,,,
2015,karlos williams,RB,Florida State,6-1,230.0,4.48,33.5,16.0,117.0,7.16,4.46,True,5.0,155.0,karlos williams,2014.0,,,,,,,,,,,,,,,13.7,14.0,3.0,0.0,41.0,,,,,,,,,,,,,,,,,,,,,,,,,,27.0,29.0,1.0,265.0,9.1,150.0,28.0,11.0,689.0,4.6
2015,leonard williams,DT,USC,6-5,302.0,4.97,29.5,,106.0,7.59,4.53,True,1.0,6.0,leonard williams,2014.0,,,,,,,,,,,10.0,1.0,0.0,10.0,,,,,,,,,,,,,,,,,,,,,,,,,,,,,,,,,,,,,,,,
2015,maxx williams,TE,Minnesota,6-4,249.0,4.78,34.5,17.0,117.0,7.3,4.37,True,2.0,55.0,maxx williams,2014.0,,,,,,,,,,,,,,,,,,,,,,,,,,,,,,,,,,,,,,,,,,,,,54.0,36.0,8.0,569.0,15.8,,,,,
2015,p.j. williams,CB,Florida State,6-0,194.0,4.57,40.0,12.0,132.0,7.08,4.28,True,3.0,78.0,pj williams,2014.0,,,,,,,,,,,14.0,1.0,0.0,14.0,,,,,,,,,,,,,,,,,,,,,,,,,,,,,,,,,,,,,,,,
2015,trey williams,RB,Texas A&M,5-7,195.0,4.49,33.5,18.0,119.0,6.84,4.12,False,,,trey williams,2014.0,,,,,,,,,,,,,,,24.8,75.0,17.0,0.0,421.0,,,,,,,,,,,,,,,,,,,,,,,,,,40.0,16.0,1.0,105.0,6.6,81.0,48.0,7.0,560.0,6.9
2015,damien wilson,ILB,Minnesota,6-0,245.0,4.77,37.0,22.0,119.0,7.21,4.2,True,4.0,127.0,damien wilson,2014.0,,,,,,,,,,,1.0,1.0,0.0,1.0,,,,,,,,,,,,,,,,,,,,,,,,,,,,,,,,,,,,,,,,
2015,julian wilson,CB,Oklahoma,6-2,205.0,4.58,36.0,,125.0,6.94,4.22,False,,,julian wilson,2014.0,,,,,,,,,,,100.0,1.0,1.0,100.0,,,,,,,,,,,,,,,,,,,,,,,,,,,,,,,,,,,,,,,,
2015,ramik wilson,ILB,Georgia,6-2,237.0,4.77,35.0,23.0,111.0,,4.51,True,4.0,118.0,ramik wilson,,,,,,,,,,,,,,,,,,,,,,,,,,,,,,,,,,,,,,,,,,,,,,,,,,,,,,,
2015,jameis winston,QB,Florida State,6-4,231.0,4.97,28.5,,103.0,7.16,4.36,True,1.0,1.0,jameis winston,2014.0,,,,,,,,,,,,,,,,,,,,,,,,,,,467.0,305.0,18.0,0.653,25.0,3907.0,8.4,,,,,,,,,,,,,,,,,57.0,28.0,3.0,65.0,1.1
2015,cam worthy,WR,East Carolina,6-2,211.0,4.59,,12.0,,,,False,,,cam worthy,2014.0,,,,,,,,,,,,,,,,,,,,,,,,,,,,,,,,,,,,,,,,,,,,,53.0,55.0,4.0,1016.0,18.5,,,,,
2015,gabe wright,DT,Auburn,6-3,300.0,5.07,26.5,34.0,100.0,7.73,4.56,True,4.0,113.0,gabe wright,,,,,,,,,,,,,,,,,,,,,,,,,,,,,,,,,,,,,,,,,,,,,,,,,,,,,,,
2015,t.j. yeldon,RB,Alabama,6-1,226.0,4.61,36.0,22.0,117.0,7.19,4.22,True,2.0,36.0,tj yeldon,2014.0,,,,,,,,,,,,,,,,,,,,,,,,,,,,,,,,,,,,,,,,,,,,,37.0,15.0,1.0,180.0,12.0,194.0,31.0,11.0,979.0,5.0
2015,zach zenner,FB,South Dakota State,5-11,223.0,4.6,41.0,25.0,121.0,7.08,4.14,False,,,zach zenner,2014.0,,,,,,,,,,,,,,,,,,,,,,,,,,,,,,,,,,,,,,,,,,,,,11.0,7.0,0.0,41.0,5.9,17.0,75.0,2.0,103.0,6.1
2016,mehdi abdesmad,DE,Boston Col.,6-6,284.0,5.1,29.5,25.0,108.0,7.55,4.62,False,,,mehdi abdesmad,,,,,,,,,,,,,,,,,,,,,,,,,,,,,,,,,,,,,,,,,,,,,,,,,,,,,,,
2016,vernon adams,QB,Oregon,5-11,200.0,4.83,29.5,,114.0,6.82,4.2,False,,,vernon adams,2015.0,,,,,,,,,,,,,,,,,,,,,,,,,,,259.0,168.0,6.0,0.649,26.0,2643.0,10.2,,,,,,,,,,,,,,,,,83.0,24.0,2.0,147.0,1.8
2016,jerell adams,TE,South Carolina,6-5,247.0,4.64,32.5,,117.0,7.05,4.31,True,6.0,184.0,jerell adams,2015.0,,,,,,,,,,,,,,,,,,,,,,,,,,,,,,,,,,,,,,,,,,,,,36.0,28.0,3.0,421.0,15.0,,,,,
2016,bralon addison,WR,Oregon,5-9,197.0,4.66,34.5,13.0,116.0,6.95,4.14,False,,,bralon addison,2015.0,,,,,,,,,,,,,,,19.0,87.0,9.0,0.0,171.0,,,,,,,,2.0,1.0,0.0,0.5,1.0,39.0,19.5,11.6,81.0,13.0,1.0,151.0,,,,,,,48.0,63.0,10.0,804.0,12.8,17.0,13.0,2.0,84.0,4.9
2016,roberto aguayo,K,Florida State,6-0,207.0,4.96,,,,,,True,2.0,59.0,roberto aguayo,2015.0,,,,,,,,,,,,,,,,,,,,25.0,21.0,51.0,0.84,112.0,49.0,49.0,,,,,,,,,,,,,,,,,,,,,,,,,,,,
2016,dominique alexander,ILB,Oklahoma,6-0,232.0,4.64,28.5,17.0,104.0,,,False,,,dominique alexander,2015.0,,,,,,,,,,,0.0,1.0,0.0,0.0,,,,,,,,,,,,,,,,,,,,,,,,,,,,,,,,,,,,,,,,
2016,mackensie alexander,CB,Clemson,5-10,190.0,4.43,,11.0,,,,True,2.0,54.0,mackensie alexander,,,,,,,,,,,,,,,,,,,,,,,,,,,,,,,,,,,,,,,,,,,,,,,,,,,,,,,
2016,vadal alexander,OT,LSU,6-5,326.0,5.57,24.0,25.0,95.0,8.04,4.9,True,7.0,234.0,vadal alexander,,,,,,,,,,,,,,,,,,,,,,,,,,,,,,,,,,,,,,,,,,,,,,,,,,,,,,,
2016,brandon allen,QB,Arkansas,6-1,217.0,4.84,28.0,,110.0,7.06,4.33,True,6.0,201.0,brandon allen,2015.0,,,,,,,,,,,,,,,,,,,,,,,,,,,370.0,244.0,8.0,0.659,30.0,3440.0,9.3,,,,,,,,,,,,11.0,1.0,0.0,11.0,11.0,56.0,22.0,1.0,107.0,1.9
2016,jack allen,C,Michigan State,6-1,294.0,5.29,26.5,23.0,101.0,7.9,4.73,False,,,jack allen,2015.0,,,,,,,,,,,,,,,,,,,,,,,,,,,,,,,,,,,,,,,,,,,,,,,,,,1.0,9.0,1.0,9.0,9.0
2016,geronimo allison,WR,Illinois,6-3,196.0,4.67,33.0,,127.0,7.4,4.28,False,,,geronimo allison,2015.0,,,,,,,,,,,,,,,,,,,,,,,,,,,1.0,0.0,1.0,0.0,0.0,0.0,0.0,,,,,,,,,,,,53.0,65.0,3.0,882.0,13.6,,,,,
2016,stephen anderson,TE,California,6-2,230.0,4.59,38.0,16.0,119.0,,,False,,,stephen anderson,2015.0,,,,,,,,,,,,,,,,,,,,,,,,,,,,,,,,,,,,,,,,,,,,,34.0,41.0,2.0,474.0,11.6,,,,,
2016,eli apple,CB,Ohio State,6-1,199.0,4.4,,13.0,,,,True,1.0,10.0,eli apple,2015.0,,,,,,,,,,,8.0,1.0,0.0,8.0,,,,,,,,,,,,,,,,,,,,,,,,,,,,,,,,,,,,,,,,
2016,demarcus ayers,WR,Houston,5-9,182.0,4.72,33.0,,123.0,,,True,7.0,229.0,demarcus ayers,2015.0,,,,,,,,,,,,,,,,,,,,,,,,,,,3.0,2.0,0.0,0.667,2.0,49.0,16.3,10.4,73.0,28.0,1.0,290.0,,,,,,,67.0,98.0,6.0,1222.0,12.5,25.0,53.0,1.0,147.0,5.9
2016,sterling bailey,DE,Georgia,6-4,285.0,5.23,30.0,20.0,111.0,7.46,4.73,False,,,sterling bailey,,,,,,,,,,,,,,,,,,,,,,,,,,,,,,,,,,,,,,,,,,,,,,,,,,,,,,,
2016,peyton barber,RB,Auburn,5-10,228.0,4.64,32.5,20.0,111.0,7.0,4.21,False,,,peyton barber,2015.0,,,,,,,,,,,,,,,,,,,,,,,,,,,,,,,,,,,,,,,,,,,,,28.0,11.0,0.0,112.0,10.2,238.0,36.0,13.0,1017.0,4.3
2016,jimmy bean,DE,Oklahoma State,6-5,264.0,4.87,,20.0,,,,False,,,jimmy bean,,,,,,,,,,,,,,,,,,,,,,,,,,,,,,,,,,,,,,,,,,,,,,,,,,,,,,,
2016,willie beavers,OT,West. Michigan,6-5,321.0,5.28,25.5,20.0,103.0,7.96,4.71,True,4.0,121.0,willie beavers,2013.0,,,,,,,,,,,,,,,,,,,,,,,,,,,,,,,,,,,,,,,,,,,,,,1.0,0.0,,,,,,,
2016,vonn bell,S,Ohio State,5-11,199.0,4.52,,16.0,,,,True,2.0,61.0,vonn bell,2015.0,,,,,,,,,,,8.0,2.0,1.0,16.0,,,,,,,,,,,,,,,,,,,,,,,,,,,,,,,,,,,,,,,,
2016,caleb benenoch,OT,UCLA,6-5,311.0,4.98,28.0,,104.0,8.15,5.11,True,5.0,148.0,caleb benenoch,2014.0,,,,,,,,,,,,,,,,,,,,,,,,,,,,,,,,,,,,,,,,,,,,,,,,,,0.0,2.0,0.0,2.0,0.0
2016,andrew billings,DT,Baylor,6-1,311.0,5.05,27.5,31.0,113.0,8.05,4.82,True,4.0,122.0,andrew billings,,,,,,,,,,,,,,,,,,,,,,,,,,,,,,,,,,,,,,,,,,,,,,,,,,,,,,,
2016,ronald blair,DE,Appalachian State,6-2,284.0,5.15,30.0,32.0,113.0,7.95,4.53,True,5.0,142.0,ronald blair,,,,,,,,,,,,,,,,,,,,,,,,,,,,,,,,,,,,,,,,,,,,,,,,,,,,,,,
2016,austin blythe,C,Iowa,6-2,298.0,5.36,27.5,29.0,99.0,7.52,4.53,True,7.0,248.0,austin blythe,,,,,,,,,,,,,,,,,,,,,,,,,,,,,,,,,,,,,,,,,,,,,,,,,,,,,,,
2016,briean boddy-calhoun,CB,Minnesota,5-9,193.0,4.47,35.0,10.0,123.0,7.16,4.22,False,,,briean boddycalhoun,2015.0,,,,,,,,,,,5.3,4.0,1.0,21.0,,,,,,,,,,,,,,,,,,,,,,,,,,,,,,,,,,,,,,,,
2016,evan boehm,C,Missouri,6-2,302.0,5.33,28.5,24.0,96.0,7.52,4.69,True,4.0,128.0,evan boehm,,,,,,,,,,,,,,,,,,,,,,,,,,,,,,,,,,,,,,,,,,,,,,,,,,,,,,,
2016,devante bond,OLB,Oklahoma,6-1,235.0,4.7,37.5,21.0,121.0,7.07,4.36,True,6.0,183.0,devante bond,,,,,,,,,,,,,,,,,,,,,,,,,,,,,,,,,,,,,,,,,,,,,,,,,,,,,,,
2016,devontae booker,RB,Utah,5-11,219.0,4.56,,22.0,,,,True,4.0,136.0,devontae booker,2015.0,,,,,,,,,,,,,,,,,,,,,,,,,,,1.0,1.0,0.0,1.0,1.0,25.0,25.0,,,,,,,,,,,,43.0,37.0,0.0,318.0,8.6,268.0,62.0,11.0,1261.0,4.7
2016,joey bosa,DE,Ohio State,6-5,269.0,4.86,32.0,24.0,120.0,6.89,4.21,True,1.0,3.0,joey bosa,2015.0,,,,,,,,,,,28.0,1.0,0.0,28.0,,,,,,,,,,,,,,,,,,,,,,,,,,,,,,,,,,,,,,,,
2016,tyler boyd,WR,Pittsburgh,6-1,197.0,4.58,34.0,11.0,119.0,6.9,4.35,True,2.0,55.0,tyler boyd,2015.0,,,,,,,,,,,,,,,23.4,31.0,11.0,0.0,257.0,,,,,,,,3.0,2.0,0.0,0.667,0.0,67.0,22.3,0.9,7.0,8.0,0.0,7.0,,,,,,,51.0,91.0,6.0,926.0,10.2,40.0,37.0,0.0,349.0,8.7
2016,trevone boykin,QB,TCU,6-0,212.0,4.77,32.0,,110.0,,4.4,False,,,trevone boykin,2015.0,,,,,,,,,,,,,,,,,,,,,,,,,,,396.0,257.0,10.0,0.649,31.0,3575.0,9.0,,,,,,0.0,18.0,1.0,0.0,18.0,18.0,,,,,,123.0,69.0,9.0,612.0,5.0
2016,james bradberry,CB,Samford,6-1,211.0,4.5,36.0,16.0,124.0,6.91,4.21,True,2.0,62.0,james bradberry,,,,,,,,,,,,,,,,,,,,,,,,,,,,,,,,,,,,,,,,,,,,,,,,,,,,,,,
2016,ben braunecker,TE,Harvard,6-3,250.0,4.73,35.5,20.0,121.0,6.9,4.2,False,,,ben braunecker,,,,,,,,,,,,,,,,,,,,,,,,,,,,,,,,,,,,,,,,,,,,,,,,,,,,,,,
2016,jake brendel,C,UCLA,6-3,303.0,5.01,28.0,25.0,108.0,7.31,4.27,False,,,jake brendel,,,,,,,,,,,,,,,,,,,,,,,,,,,,,,,,,,,,,,,,,,,,,,,,,,,,,,,
2016,jacoby brissett,QB,North Carolina State,6-4,231.0,4.94,31.0,,113.0,7.17,4.53,True,3.0,91.0,jacoby brissett,2015.0,,,,,,,,,,,,,,,,,,,,,,,,,,,395.0,237.0,6.0,0.6,20.0,2662.0,6.7,,,,,,,,,,,,,,,,,139.0,31.0,6.0,370.0,2.7
2016,kentrell brothers,OLB,Missouri,6-0,245.0,4.89,28.5,19.0,110.0,6.99,4.11,True,5.0,160.0,kentrell brothers,2015.0,,,,,,,,,,,4.5,2.0,0.0,9.0,,,,,,,,,,,,,,,,,,,,4.7,8.0,3.0,0.0,14.0,,,,,,,,,,,,,,,,
2016,anthony brown,CB,Purdue,5-11,192.0,4.33,35.0,19.0,115.0,7.03,4.19,True,6.0,189.0,anthony brown,2016.0,0.0,1.0,0.0,1.0,0.0,1.0,3.0,0.0,0.0,1.0,,,,,,,,,,,,,,,,,,,,,,,,,,,,,,,,,,,,,,,,,,,,
2016,beniquez brown,OLB,Mississippi State,6-1,229.0,4.77,31.0,18.0,110.0,7.07,4.28,False,,,beniquez brown,2015.0,,,,,,,,,,,2.0,1.0,0.0,2.0,,,,,,,,,,,,,,,,,,,,31.0,31.0,1.0,0.0,31.0,,,,,,,,,,,,,,,,
2016,chris brown,WR,Notre Dame,6-2,194.0,4.48,,,,,,False,,,chris brown,2020.0,7.0,0.0,0.0,42.0,0.0,2.0,46.0,0.0,0.0,1.0,22.0,1.0,0.0,22.0,,,,,,,,,,,,,,,,,,,,,,,,,,,,,,,,,,,,,,,,
2016,lamarcus brutus,S,Florida State,6-0,206.0,4.76,33.0,14.0,114.0,7.08,4.33,False,,,lamarcus brutus,2015.0,,,,,,,,,,,31.3,3.0,0.0,94.0,,,,,,,,,,,,,,,,,,,,,,,,,,,,,,,,,,,,,,,,
2016,deforest buckner,DE,Oregon,6-7,291.0,5.05,32.0,,116.0,7.51,4.47,True,1.0,7.0,deforest buckner,2015.0,,,,,,,,,,,,,,,,,,,,,,,,,,,,,,,,,,,,,,,,,,,,,,,,,,1.0,10.0,0.0,10.0,10.0
2016,jonathan bullard,DE,Florida,6-3,285.0,4.93,32.0,23.0,116.0,7.31,4.56,True,3.0,72.0,jonathan bullard,,,,,,,,,,,,,,,,,,,,,,,,,,,,,,,,,,,,,,,,,,,,,,,,,,,,,,,
2016,aaron burbridge,WR,Michigan State,6-0,206.0,4.56,30.5,20.0,115.0,7.22,4.31,True,6.0,213.0,aaron burbridge,2015.0,,,,,,,,,,,,,,,,,,,,,,,,,,,,,,,,,,,,,,,,,,,,,56.0,85.0,7.0,1258.0,14.8,9.0,13.0,0.0,44.0,4.9
2016,artie burns,CB,Miami (FL),6-0,193.0,4.46,31.5,,,,,True,1.0,25.0,artie burns,2015.0,,,,,,,,,,,5.7,6.0,0.0,34.0,,,,,,,,,,,,,,,,,,,,,,,,,,,,,,,,,,,,,,,,
2016,juston burris,CB,North Carolina State,6-0,212.0,4.53,36.5,19.0,122.0,7.1,4.4,True,4.0,118.0,juston burris,2015.0,,,,,,,,,,,6.0,1.0,0.0,6.0,,,,,,,,,,,,,,,,,,,,,,,,,,,,,,,,,,,,,,,,
2016,deon bush,S,Miami (FL),6-0,199.0,4.64,36.0,17.0,123.0,,,True,4.0,124.0,deon bush,2015.0,,,,,,,,,,,0.0,1.0,0.0,0.0,,,,,,,,,,,,,,,,,,,,,,,,,,,,,,,,,,,,,,,,
2016,vernon butler,DT,Louisiana Tech,6-4,323.0,5.33,29.5,26.0,104.0,7.82,4.76,True,1.0,30.0,vernon butler,,,,,,,,,,,,,,,,,,,,,,,,,,,,,,,,,,,,,,,,,,,,,,,,,,,,,,,
2016,devon cajuste,WR,Stanford,6-4,234.0,4.62,36.0,12.0,123.0,6.49,4.2,False,,,devon cajuste,2015.0,,,,,,,,,,,,,,,,,,,,,,,,,,,,,,,,,,,,,,,,,,,,,42.0,27.0,3.0,383.0,14.2,,,,,
2016,shilique calhoun,DE,Michigan State,6-4,251.0,4.82,35.0,23.0,115.0,6.97,4.25,True,3.0,75.0,shilique calhoun,2013.0,,,,,,,,,,,56.0,1.0,1.0,56.0,,,,,,,,,,,,,,,,,,,,,,,,,,,,,,,,,,,,,,,,
2016,taveze calhoun,CB,Mississippi State,6-0,192.0,4.58,33.5,14.0,,,,False,,,taveze calhoun,2015.0,,,,,,,,,,,,2.0,0.0,,,,,,,,,,,,,,,,,,,,,,,,,,,,,,,,,,,,,,,,,
2016,de'vondre campbell,OLB,Minnesota,6-4,232.0,4.58,34.0,16.0,116.0,,,True,4.0,115.0,devondre campbell,2015.0,,,,,,,,,,,,1.0,0.0,,,,,,,,,,,,,,,,,,,,,,,,,,,,,,,,,,,,,,,,,
2016,maurice canady,CB,Virginia,6-1,193.0,4.49,38.0,16.0,124.0,7.03,4.09,True,6.0,209.0,maurice canady,2015.0,,,,,,,,,,,,,,,,,,,,,,,,,,,,,,,,,,25.2,74.0,5.0,1.0,126.0,,,,,,,,,,,,,,,,
2016,leonte carroo,WR,Rutgers,6-0,211.0,4.5,35.5,14.0,120.0,,,True,3.0,86.0,leonte carroo,2015.0,,,,,,,,,,,,,,,,,1.0,0.0,,,,,,,,,,,,,,,,,,,,,,,,,,,58.0,39.0,10.0,809.0,20.7,,,,,
2016,tra carson,RB,Texas A&M,5-11,227.0,4.63,,19.0,,,,False,,,tra carson,2015.0,,,,,,,,,,,,,,,,,,,,,,,,,,,2.0,1.0,0.0,0.5,0.0,28.0,14.0,,,,,,,,,,,,31.0,29.0,1.0,183.0,6.3,242.0,55.0,7.0,1165.0,4.8
2016,tevin carter,S,Utah,6-1,218.0,4.48,,19.0,,,,False,,,tevin carter,2015.0,,,,,,,,,,,30.5,2.0,1.0,61.0,,,,,,,,,,,,,,,,,,,,,,,,,,,,,,,,,,,,,,,,
2016,jeremy cash,S,Duke,6-0,212.0,4.56,,,,,,False,,,jeremy cash,2014.0,,,,,,,,,,,19.0,2.0,0.0,38.0,,,,,,,,,,,,,,,,,,,,,,,,,,,,,,,,,,,,,,,,
2016,joseph cheek,OG,Texas A&M,6-6,295.0,5.27,,20.0,,,,False,,,joseph cheek,,,,,,,,,,,,,,,,,,,,,,,,,,,,,,,,,,,,,,,,,,,,,,,,,,,,,,,
2016,kenny clark,DT,UCLA,6-3,314.0,5.06,28.5,29.0,102.0,,4.62,True,1.0,27.0,kenny clark,2015.0,,,,,,,,,,,,,,,,,,,,,,,,,,,,,,,,,,,,,,,,,,,,,3.0,1.0,1.0,3.0,3.0,,,,,
2016,le'raven clark,OT,Texas Tech,6-5,316.0,5.16,,18.0,,,,True,3.0,82.0,leraven clark,2015.0,,,,,,,,,,,,,,,,,,,,,,,,,,,,,,,,,,,,,,,,,,,,,8.0,1.0,0.0,13.0,13.0,,,,,
2016,corey coleman,WR,Baylor,5-11,194.0,4.42,40.5,17.0,129.0,,,True,1.0,15.0,corey coleman,2015.0,,,,,,,,,,,,,,,12.0,18.0,3.0,0.0,36.0,,,,,,,,,,,,,,,3.0,9.0,3.0,0.0,9.0,,,,,,,81.0,74.0,20.0,1363.0,18.4,22.0,24.0,0.0,111.0,5.0
2016,shon coleman,OT,Auburn,6-5,307.0,5.18,,22.0,,,,True,3.0,76.0,shon coleman,,,,,,,,,,,,,,,,,,,,,,,,,,,,,,,,,,,,,,,,,,,,,,,,,,,,,,,
2016,alex collins,RB,Arkansas,5-10,217.0,4.59,28.5,18.0,113.0,,,True,5.0,171.0,alex collins,2015.0,,,,,,,,,,,,,,,37.0,68.0,2.0,0.0,74.0,,,,,,,,,,,,,,,,,,,,,,,,,,31.0,13.0,0.0,95.0,7.3,271.0,80.0,20.0,1577.0,5.8
2016,maliek collins,DT,Nebraska,6-2,311.0,5.03,29.5,25.0,109.0,7.53,4.52,True,3.0,67.0,maliek collins,,,,,,,,,,,,,,,,,,,,,,,,,,,,,,,,,,,,,,,,,,,,,,,,,,,,,,,
2016,jack conklin,OT,Michigan State,6-6,308.0,5.0,30.0,25.0,103.0,7.63,4.57,True,1.0,8.0,jack conklin,,,,,,,,,,,,,,,,,,,,,,,,,,,,,,,,,,,,,,,,,,,,,,,,,,,,,,,
2016,connor cook,QB,Michigan State,6-4,217.0,4.79,33.0,,113.0,7.21,4.28,True,4.0,100.0,connor cook,2015.0,,,,,,,,,,,,,,,,,,,,,,,,,,,408.0,229.0,7.0,0.561,24.0,3131.0,7.7,,,,,,,,,,,,,,,,,52.0,22.0,0.0,56.0,1.1
2016,fahn cooper,OT,Mississippi,6-4,303.0,5.17,25.0,19.0,102.0,7.85,4.89,True,5.0,174.0,fahn cooper,,,,,,,,,,,,,,,,,,,,,,,,,,,,,,,,,,,,,,,,,,,,,,,,,,,,,,,
2016,pharoh cooper,WR,South Carolina,5-11,203.0,4.52,31.0,15.0,115.0,,,True,4.0,117.0,pharoh cooper,2015.0,,,,,,,,,,,,,,,,,,,,,,,,,,,5.0,2.0,0.0,0.4,1.0,11.0,2.2,4.6,24.0,12.0,0.0,55.0,,,,,,,78.0,66.0,8.0,973.0,14.7,24.0,29.0,1.0,111.0,4.6
2016,marshaun coprich,RB,Illinois State,5-8,207.0,4.47,34.0,17.0,112.0,7.26,4.58,False,,,marshaun coprich,2015.0,,,,,,,,,,,,,,,,,,,,,,,,,,,,,,,,,,,,,,,,,,,,,13.0,4.0,0.0,33.0,8.3,13.0,7.0,0.0,32.0,2.5
2016,cody core,WR,Mississippi,6-3,205.0,4.47,31.5,14.0,119.0,,,True,6.0,199.0,cody core,2015.0,,,,,,,,,,,,,,,,,,,,,,,,,,,,,,,,,,,,,,,,,,,,,73.0,37.0,4.0,644.0,17.4,1.0,1.0,0.0,1.0,1.0
2016,kamalei correa,DE,Boise State,6-3,243.0,4.69,33.0,21.0,108.0,,,True,2.0,42.0,kamalei correa,2014.0,,,,,,,,,,,,,,,,,,,,,,,,,,,,,,,,,,37.0,37.0,1.0,0.0,37.0,,,,,,,,,,,,,,,,
2016,james cowser,DE,Southern Utah,6-3,248.0,4.82,31.5,21.0,111.0,6.8,4.31,False,,,james cowser,,,,,,,,,,,,,,,,,,,,,,,,,,,,,,,,,,,,,,,,,,,,,,,,,,,,,,,
2016,brad craddock,K,Maryland,6-0,186.0,4.88,,,,,,False,,,brad craddock,2015.0,,,,,,,,,,,,,,,,,,,,10.0,8.0,44.0,0.8,46.0,23.0,22.0,,,,,,,,,,,,,0.0,52.0,9.0,0.0,328.0,36.4,,,,,,,,,,
2016,su'a cravens,OLB,USC,6-1,226.0,4.58,27.0,16.0,114.0,,,True,2.0,53.0,sua cravens,2015.0,,,,,,,,,,,16.0,2.0,0.0,32.0,,,,,,,,,,,,,,,,,,,,,,,,,,,,,,,,,,,,,,,,
2016,ken crawley,CB,Colorado,6-0,187.0,4.43,36.5,,119.0,,,False,,,ken crawley,2015.0,,,,,,,,,,,12.0,1.0,0.0,12.0,,,,,,,,,,,,,,,,,,,,,,,,,,,,,,,,,,,,,,,,
2016,joe dahl,OT,Washington State,6-4,304.0,5.18,31.0,28.0,109.0,7.64,4.77,True,5.0,151.0,joe dahl,,,,,,,,,,,,,,,,,,,,,,,,,,,,,,,,,,,,,,,,,,,,,,,,,,,,,,,
2016,steven daniels,ILB,Boston Col.,5-11,243.0,4.86,32.0,16.0,112.0,7.33,4.54,True,7.0,232.0,steven daniels,2015.0,,,,,,,,,,,18.0,1.0,0.0,18.0,,,,,,,,,,,,,,,,,,,,,,,,,,,,,,,,,,,,,,,,
2016,sean davis,CB,Maryland,6-1,201.0,4.46,37.5,21.0,126.0,6.64,3.97,True,2.0,58.0,sean davis,2015.0,,,,,,,,,,,12.3,3.0,0.0,37.0,,,,,,,,,,,,,,,,,,,,,,,,,,,,,,,,,,,,,,,,
2016,trevor davis,WR,California,6-1,188.0,4.42,38.5,11.0,124.0,6.6,4.22,True,5.0,163.0,trevor davis,2015.0,,,,,,,,,,,,,,,21.4,43.0,32.0,0.0,686.0,,,,,,,,,,,,,,,7.5,16.0,6.0,0.0,45.0,,,,,,,75.0,40.0,2.0,672.0,16.8,3.0,16.0,0.0,4.0,1.3
2016,sheldon day,DT,Notre Dame,6-1,293.0,5.07,30.0,21.0,102.0,7.44,4.5,True,4.0,103.0,sheldon day,,,,,,,,,,,,,,,,,,,,,,,,,,,,,,,,,,,,,,,,,,,,,,,,,,,,,,,
2016,taylor decker,OT,Ohio State,6-7,310.0,5.23,29.0,20.0,101.0,7.7,4.76,True,1.0,16.0,taylor decker,,,,,,,,,,,,,,,,,,,,,,,,,,,,,,,,,,,,,,,,,,,,,,,,,,,,,,,
2016,kj dillon,S,West Virginia,6-0,210.0,4.53,,11.0,121.0,,,True,5.0,159.0,kj dillon,2015.0,,,,,,,,,,,12.5,2.0,0.0,25.0,13.0,27.0,2.0,0.0,26.0,,,,,,,,,,,,,,,6.3,19.0,8.0,0.0,50.0,,,,,,,,,,,,,,,,
2016,kenneth dixon,RB,Louisiana Tech,5-10,215.0,4.56,37.5,18.0,121.0,6.97,4.28,True,4.0,134.0,kenneth dixon,2015.0,,,,,,,,,,,,,,,,,,,,,,,,,,,,,,,,,,,,,,,,,,,,,59.0,34.0,7.0,467.0,13.7,197.0,65.0,19.0,1070.0,5.4
2016,riley dixon,P,Syracuse,6-4,221.0,5.04,,,,,,True,7.0,228.0,riley dixon,2015.0,,,,,,,,,,,,,,,,,,,,,,,,,,,1.0,1.0,0.0,1.0,0.0,,,,,,,,0.0,64.0,65.0,0.0,2839.0,43.7,,,,,,3.0,15.0,0.0,29.0,9.7
2016,josh doctson,WR,TCU,6-2,202.0,4.5,41.0,14.0,131.0,6.84,4.08,True,1.0,22.0,josh doctson,2015.0,,,,,,,,,,,,,,,,,,,,,,,,,,,,,,,,,,,,,,,,,,,,,55.0,79.0,14.0,1327.0,16.8,1.0,6.0,0.0,6.0,6.0
2016,kevin dodd,DE,Clemson,6-5,277.0,4.86,,,,,,True,2.0,33.0,kevin dodd,,,,,,,,,,,,,,,,,,,,,,,,,,,,,,,,,,,,,,,,,,,,,,,,,,,,,,,
2016,brandon doughty,QB,Western Kentucky,6-3,213.0,5.22,27.0,,103.0,7.49,4.52,True,7.0,223.0,brandon doughty,2015.0,,,,,,,,,,,,,,,,,,,,,,,,,,,540.0,388.0,9.0,0.719,48.0,5055.0,9.4,,,,,,,,,,,,7.0,1.0,1.0,7.0,7.0,27.0,11.0,1.0,,
2016,kenyan drake,RB,Alabama,6-1,210.0,4.45,34.5,10.0,123.0,7.04,4.21,True,3.0,73.0,kenyan drake,2015.0,,,,,,,,,,,,,,,25.3,95.0,20.0,1.0,505.0,,,,,,,,,,,,,,,,,,,,,,,,,,69.0,29.0,1.0,276.0,9.5,77.0,58.0,1.0,408.0,5.3
2016,spencer drango,OT,Baylor,6-6,315.0,5.27,27.0,30.0,100.0,7.88,4.66,True,5.0,168.0,spencer drango,,,,,,,,,,,,,,,,,,,,,,,,,,,,,,,,,,,,,,,,,,,,,,,,,,,,,,,
2016,jeff driskel,QB,Louisiana Tech,6-4,234.0,4.56,32.0,,122.0,7.19,4.25,True,6.0,207.0,jeff driskel,2015.0,,,,,,,,,,,,,,,,,,,,,,,,,,,450.0,281.0,8.0,0.624,27.0,4033.0,9.0,,,,,,,,,,,,,,,,,92.0,37.0,5.0,323.0,3.5
2016,thomas duarte,TE,UCLA,6-2,231.0,4.72,33.5,12.0,118.0,6.97,4.24,True,7.0,231.0,thomas duarte,2015.0,,,,,,,,,,,,,,,,,,,,,,,,,,,,,,,,,,,,,,,,,,,,,51.0,53.0,10.0,872.0,16.5,,,,,
2016,lachlan edwards,P,Sam Houston State,6-4,209.0,4.98,,,,,,False,,,lachlan edwards,,,,,,,,,,,,,,,,,,,,,,,,,,,,,,,,,,,,,,,,,,,,,,,,,,,,,,,
2016,parker ehinger,OT,Cincinnati,6-6,310.0,5.26,27.5,,97.0,,,True,4.0,105.0,parker ehinger,,,,,,,,,,,,,,,,,,,,,,,,,,,,,,,,,,,,,,,,,,,,,,,,,,,,,,,
2016,deandre elliott,CB,Colorado State,6-1,188.0,4.55,41.0,,125.0,6.93,3.94,False,,,deandre elliott,2015.0,,,,,,,,,,,24.0,2.0,0.0,48.0,,,,,,,,,,,,,,,,,,,,,,,,,,,,,,,,,,,,,,,,
2016,ezekiel elliott,RB,Ohio State,6-0,225.0,4.47,32.5,,118.0,,,True,1.0,4.0,ezekiel elliott,2015.0,,,,,,,,,,,,,,,,,,,,,,,,,,,,,,,,,,6.5,10.0,2.0,0.0,13.0,,,,,,,30.0,27.0,0.0,206.0,7.6,289.0,80.0,23.0,1821.0,6.3
2016,tyler ervin,RB,San Jose State,5-10,192.0,4.41,39.0,17.0,130.0,,,True,4.0,119.0,tyler ervin,2015.0,,,,,,,,,,,,,,,23.9,71.0,25.0,0.0,597.0,,,,,,,,,,,,,,,13.1,85.0,8.0,1.0,105.0,,,,,,,24.0,45.0,2.0,334.0,7.4,294.0,71.0,13.0,1601.0,5.4
2016,kyler fackrell,OLB,Utah State,6-5,245.0,4.72,34.5,15.0,121.0,,,True,3.0,88.0,kyler fackrell,2013.0,,,,,,,,,,,99.0,1.0,1.0,99.0,,,,,,,,,,,,,,,,,,,,,,,,,,,,,,,4.0,1.0,1.0,4.0,4.0,,,,,
2016,ka'imi fairbairn,K,UCLA,5-11,183.0,4.96,,,,,,False,,,kaimi fairbairn,2015.0,,,,,,,,,,,,,,,,,,,,24.0,20.0,60.0,0.833,107.0,47.0,47.0,,,,,,,,,,,,,,,,,,,,,,,,,,,,
2016,jason fanaika,DE,Utah,6-2,271.0,4.92,35.5,23.0,113.0,7.06,4.39,False,,,jason fanaika,2014.0,,,,,,,,,,,3.0,1.0,0.0,3.0,,,,,,,,,,,,,,,,,,,,,,,,,,,,,,,,,,,,,,,,
2016,travis feeney,OLB,Washington,6-4,230.0,4.5,40.0,,130.0,7.2,4.42,True,6.0,220.0,travis feeney,2014.0,,,,,,,,,,,44.5,2.0,1.0,89.0,,,,,,,,,,,,,,,,,,,,,,,,,,,,,,,,,,,,,,,,
2016,josh ferguson,RB,Illinois,5-9,198.0,4.48,34.5,21.0,120.0,,,False,,,josh ferguson,2015.0,,,,,,,,,,,,,,,,,,,,,,,,,,,,,,,,,,,,,,,,,,,,,34.0,37.0,2.0,280.0,7.6,129.0,52.0,3.0,708.0,5.5
2016,leonard floyd,OLB,Georgia,6-6,244.0,4.6,39.5,,127.0,,,True,1.0,9.0,leonard floyd,,,,,,,,,,,,,,,,,,,,,,,,,,,,,,,,,,,,,,,,,,,,,,,,,,,,,,,
2016,josh forrest,ILB,Kentucky,6-3,249.0,4.91,30.5,11.0,118.0,,,True,6.0,190.0,josh forrest,2015.0,,,,,,,,,,,40.5,2.0,1.0,81.0,,,,,,,,,,,,,,,,,,,,,,,,,,,,,,,,,,,,,,,,
2016,d.j. foster,WR,Arizona State,5-10,193.0,4.57,35.5,14.0,117.0,6.75,4.07,False,,,dj foster,2015.0,,,,,,,,,,,,,,,,,,,,,,,,,,,,,,,,,,,,,,,,,,,,,33.0,59.0,3.0,584.0,9.9,55.0,63.0,1.0,280.0,5.1
2016,kavon frazier,S,Central Michigan,6-0,217.0,4.53,,18.0,,,,True,6.0,212.0,kavon frazier,2015.0,,,,,,,,,,,0.0,1.0,0.0,0.0,,,,,,,,,,,,,,,,,,,,3.0,3.0,1.0,0.0,3.0,,,,,,,,,,,,,,,,
2016,kris frost,OLB,Auburn,6-2,240.0,4.97,29.0,,113.0,,,False,,,kris frost,2015.0,,,,,,,,,,,0.0,2.0,0.0,0.0,,,,,,,,,,,,,,,,,,,,,,,,,,,,,,,,,,,,,,,,
2016,kendall fuller,CB,Virginia Tech,5-11,187.0,4.48,,15.0,,,,True,3.0,84.0,kendall fuller,2014.0,,,,,,,,,,,23.5,2.0,1.0,47.0,,,,,,,,,,,,,,,,,,,,1.0,5.0,2.0,0.0,2.0,,,,,,,,,,,,,,,,
2016,will fuller,WR,Notre Dame,6-0,186.0,4.32,33.5,10.0,126.0,6.93,4.27,True,1.0,21.0,will fuller,,,,,,,,,,,,,,,,,,,,,,,,,,,,,,,,,,,,,,,,,,,,,,,,,,,,,,,
2016,joshua garnett,OG,Stanford,6-4,312.0,5.32,29.0,30.0,99.0,7.62,4.64,True,1.0,28.0,joshua garnett,,,,,,,,,,,,,,,,,,,,,,,,,,,,,,,,,,,,,,,,,,,,,,,,,,,,,,,
2016,keyarris garrett,WR,Tulsa,6-3,220.0,4.53,36.5,14.0,128.0,7.3,4.33,False,,,keyarris garrett,2015.0,,,,,,,,,,,,,,,,,,,,,,,,,,,,,,,,,,,,,,,,,,,,,50.0,96.0,8.0,1588.0,16.5,,,,,
2016,graham glasgow,C,Michigan,6-6,307.0,5.13,25.0,23.0,106.0,7.63,4.63,True,3.0,95.0,graham glasgow,,,,,,,,,,,,,,,,,,,,,,,,,,,,,,,,,,,,,,,,,,,,,,,,,,,,,,,
2016,jared goff,QB,California,6-4,215.0,4.82,27.0,,110.0,7.17,4.47,True,1.0,1.0,jared goff,2015.0,,,,,,,,,,,,,,,,,,,,,,,,,,,529.0,341.0,13.0,0.645,43.0,4719.0,8.9,,,,,,0.0,45.0,6.0,0.0,209.0,34.8,11.0,1.0,0.0,11.0,11.0,56.0,20.0,0.0,,
2016,b.j. goodson,OLB,Clemson,6-1,242.0,4.69,34.5,30.0,118.0,7.05,4.51,True,4.0,109.0,bj goodson,2015.0,,,,,,,,,,,0.5,2.0,0.0,1.0,,,,,,,,,,,,,,,,,,,,,,,,,,,,,,,,,,,,,,,,
2016,adam gotsis,DT,Georgia Tech,6-4,287.0,4.88,,,,,,True,2.0,63.0,adam gotsis,2014.0,,,,,,,,,,,0.0,1.0,0.0,0.0,,,,,,,,,,,,,,,,,,,,,,,,,,,,,,,,,,,,,,,,
2016,t.j. green,S,Clemson,6-2,209.0,4.34,35.5,13.0,129.0,,,True,2.0,57.0,tj green,2014.0,,,,,,,,,,,,1.0,0.0,,21.2,30.0,21.0,0.0,445.0,,,,,,,,,,,,,,,,,,,,,,,,,,,,,,,,,,,
2016,darrell greene,OG,San Diego State,6-3,321.0,5.2,21.5,28.0,98.0,8.07,4.98,False,,,darrell greene,,,,,,,,,,,,,,,,,,,,,,,,,,,,,,,,,,,,,,,,,,,,,,,,,,,,,,,
2016,david grinnage,TE,North Carolina State,6-5,248.0,4.9,29.5,,106.0,,,False,,,david grinnage,2015.0,,,,,,,,,,,,,,,,,,,,,,,,,,,,,,,,,,,,,,,,,,,,,21.0,25.0,3.0,290.0,11.6,,,,,
2016,glenn gronkowski,FB,Kansas State,6-2,239.0,4.71,33.0,17.0,120.0,7.1,4.45,False,,,glenn gronkowski,2015.0,,,,,,,,,,,,,,,,,,,,,,,,,,,2.0,1.0,0.0,0.5,1.0,4.0,2.0,,,,,,,,,,,,31.0,5.0,1.0,76.0,15.2,11.0,11.0,1.0,45.0,4.1
2016,christian hackenberg,QB,Penn State,6-4,223.0,4.78,31.0,,114.0,7.04,4.33,True,2.0,51.0,christian hackenberg,2015.0,,,,,,,,,,,,,,,,,,,,,,,,,,,359.0,192.0,6.0,0.535,16.0,2525.0,7.0,,,,,,,,,,,,14.0,1.0,1.0,14.0,14.0,66.0,22.0,2.0,,
2016,tom hackett,P,Utah,5-10,198.0,4.86,,,,,,False,,,tom hackett,2015.0,,,,,,,,,,,,,,,,,,,,,,,,,,,,,,,,,,,,,,,0.0,76.0,61.0,0.0,2925.0,48.0,,,,,,2.0,33.0,0.0,54.0,27.0
2016,joe haeg,OT,North Dakota State,6-6,304.0,5.16,27.5,,111.0,7.47,4.47,True,5.0,155.0,joe haeg,,,,,,,,,,,,,,,,,,,,,,,,,,,,,,,,,,,,,,,,,,,,,,,,,,,,,,,
2016,deiondre hall,CB,Northern Iowa,6-2,199.0,4.68,37.0,,127.0,7.07,4.06,False,,,deiondre hall,,,,,,,,,,,,,,,,,,,,,,,,,,,,,,,,,,,,,,,,,,,,,,,,,,,,,,,
2016,javon hargrave,DT,South Carolina State,6-1,309.0,4.93,34.5,29.0,109.0,7.9,4.7,True,3.0,89.0,javon hargrave,,,,,,,,,,,,,,,,,,,,,,,,,,,,,,,,,,,,,,,,,,,,,,,,,,,,,,,
2016,de'vante harris,CB,Texas A&M,5-11,176.0,4.56,38.5,,124.0,6.82,4.06,False,,,devante harris,2015.0,,,,,,,,,,,21.5,2.0,1.0,43.0,,,,,,,,,,,,,,,,,,,,,,,,,,,,,,,,,,,,,,,,
2016,jerald hawkins,OT,LSU,6-6,305.0,5.23,23.5,23.0,100.0,8.19,4.89,True,4.0,123.0,jerald hawkins,2015.0,,,,,,,,,,,,,,,,,,,,,,,,,,,,,,,,,,,,,,,,,,,,,2.0,1.0,0.0,2.0,2.0,,,,,
2016,joel heath,DT,Michigan State,6-5,293.0,5.02,33.0,26.0,113.0,7.44,4.52,False,,,joel heath,,,,,,,,,,,,,,,,,,,,,,,,,,,,,,,,,,,,,,,,,,,,,,,,,,,,,,,
2016,temarrick hemingway,TE,South Carolina State,6-5,244.0,4.71,30.5,18.0,115.0,6.88,4.31,True,6.0,177.0,temarrick hemingway,2014.0,,,,,,,,,,,,,,,,,,,,,,,,,,,,,,,,,,,,,,,,,,,,,13.0,2.0,0.0,17.0,8.5,,,,,
2016,derrick henry,RB,Alabama,6-3,247.0,4.54,37.0,22.0,130.0,7.2,4.38,True,2.0,45.0,derrick henry,2015.0,,,,,,,,,,,,,,,,,,,,,,,,,,,,,,,,,,,,,,,,,,,,,28.0,11.0,0.0,91.0,8.3,395.0,74.0,28.0,2219.0,5.6
2016,hunter henry,TE,Arkansas,6-5,250.0,4.79,,13.0,,,,True,2.0,35.0,hunter henry,2015.0,,,,,,,,,,,,,,,,,,,,,,,,,,,,,,,,,,,,,,,,,,,,,51.0,51.0,3.0,739.0,14.5,,,,,
2016,willie henry,DT,Michigan,6-3,303.0,5.0,30.5,28.0,110.0,7.57,4.53,True,4.0,132.0,willie henry,2014.0,,,,,,,,,,,7.0,1.0,1.0,7.0,,,,,,,,,,,,,,,,,,,,,,,,,,,,,,,,,,,,,,,,
2016,quayvon hicks,FB,Georgia,6-1,259.0,4.82,,,,,,False,,,quayvon hicks,2015.0,,,,,,,,,,,,,,,,,,,,,,,,,,,,,,,,,,,,,,,,,,,,,15.0,3.0,0.0,34.0,11.3,4.0,6.0,0.0,9.0,2.3
2016,tyler higbee,TE,Western Kentucky,6-6,249.0,4.77,,,,,,True,4.0,110.0,tyler higbee,2015.0,,,,,,,,,,,,,,,,,,,,,,,,,,,,,,,,,,,,,,,,,,,,,65.0,38.0,8.0,563.0,14.8,,,,,
2016,rashard higgins,WR,Colorado State,6-1,196.0,4.64,32.0,13.0,116.0,,,True,5.0,172.0,rashard higgins,2015.0,,,,,,,,,,,,,,,,,,,,,,,,,,,,,,,,,,,,,,,,,,,,,46.0,75.0,8.0,1062.0,14.2,1.0,20.0,0.0,20.0,20.0
2016,kevin hogan,QB,Stanford,6-3,218.0,4.78,32.5,,113.0,6.9,4.31,True,5.0,162.0,kevin hogan,2015.0,,,,,,,,,,,,,,,,,,,,,,,,,,,304.0,206.0,8.0,0.678,27.0,2867.0,9.4,,,,,,,,,,,,11.0,1.0,1.0,11.0,11.0,85.0,59.0,6.0,336.0,4.0
2016,johnny holton,WR,Cincinnati,6-1,190.0,4.54,31.5,8.0,123.0,,,False,,,johnny holton,2015.0,,,,,,,,,,,,,,,22.0,40.0,10.0,0.0,220.0,,,,,,,,,,,,,,,,,,,,,,,,,,78.0,17.0,5.0,461.0,27.1,,,,,
2016,austin hooper,TE,Stanford,6-4,254.0,4.72,33.0,19.0,117.0,7.0,4.32,True,3.0,81.0,austin hooper,2015.0,,,,,,,,,,,,,,,,,,,,,,,,,,,,,,,,,,,,,,,,,,,,,42.0,34.0,6.0,438.0,12.9,,,,,
2016,deandre houston-carson,S,William & Mary,6-1,201.0,4.54,32.5,13.0,115.0,7.15,4.28,True,6.0,185.0,deandre houstoncarson,,,,,,,,,,,,,,,,,,,,,,,,,,,,,,,,,,,,,,,,,,,,,,,,,,,,,,,
2016,jordan howard,RB,Indiana,6-0,230.0,4.57,34.0,16.0,122.0,,,True,5.0,150.0,jordan howard,2016.0,,,,,,,,,,,,,,,,,,,,,,,,,,,,,,,,,,,,,,,,,,,,,,,,,,5.0,7.0,0.0,32.0,6.4
2016,xavien howard,CB,Baylor,6-0,201.0,4.58,33.0,11.0,122.0,7.18,4.15,True,2.0,38.0,xavien howard,2015.0,,,,,,,,,,,14.8,5.0,0.0,74.0,,,,,,,,,,,,,,,,,,,,,,,,,,,,,,,,,,,,,,,,
2016,germain ifedi,OT,Texas A&M,6-6,324.0,5.27,32.5,24.0,109.0,,4.75,True,1.0,31.0,germain ifedi,,,,,,,,,,,,,,,,,,,,,,,,,,,,,,,,,,,,,,,,,,,,,,,,,,,,,,,
2016,cleveland wallace iii,CB,San Jose State,5-11,188.0,4.68,35.5,,123.0,,,False,,,cleveland wallace,2015.0,,,,,,,,,,,24.0,3.0,1.0,72.0,,,,,,,,,,,,,,,,,,,,,,,,,,,,,,,,,,,,,,,,
2016,vernon hargreaves iii,CB,Florida,5-10,204.0,4.5,39.0,15.0,130.0,,3.98,True,1.0,11.0,vernon hargreaves,2015.0,,,,,,,,,,,38.0,4.0,0.0,152.0,20.5,25.0,4.0,0.0,82.0,,,,,,,,,,,,,,,5.5,11.0,2.0,0.0,11.0,,,,,,,6.0,1.0,0.0,6.0,6.0,,,,,
2016,william jackson iii,CB,Houston,6-0,189.0,4.37,,10.0,116.0,,,True,1.0,24.0,william jackson,2015.0,,,,,,,,,,,22.0,5.0,2.0,110.0,,,,,,,,,,,,,,,,,,,,,,,,,,,,,,,,,,,,,,,,
2016,scooby wright iii,ILB,Arizona,6-0,239.0,4.9,31.0,22.0,113.0,,4.47,True,7.0,250.0,scooby wright,2013.0,,,,,,,,,,,13.0,1.0,0.0,13.0,,,,,,,,,,,,,,,,,,,,,,,,,,,,,,,,,,,,,,,,
2016,matt ioannidis,DT,Temple,6-3,299.0,5.03,28.0,32.0,108.0,7.78,4.71,True,5.0,152.0,matt ioannidis,,,,,,,,,,,,,,,,,,,,,,,,,,,,,,,,,,,,,,,,,,,,,,,,,,,,,,,
2016,myles jack,OLB,UCLA,6-1,245.0,4.56,,19.0,,,,True,2.0,36.0,myles jack,2015.0,,,,,,,,,,,3.0,1.0,0.0,3.0,29.0,29.0,1.0,0.0,29.0,,,,,,,,,,,,,,,,,,,,,,,,,,,,,,,2.0,6.0,1.0,7.0,3.5
2016,branden jackson,DE,Texas Tech,6-4,273.0,5.06,31.5,20.0,113.0,7.4,4.77,False,,,branden jackson,,,,,,,,,,,,,,,,,,,,,,,,,,,,,,,,,,,,,,,,,,,,,,,,,,,,,,,
2016,dominick jackson,OT,Alabama,6-5,313.0,5.38,26.0,20.0,97.0,,,False,,,dominick jackson,,,,,,,,,,,,,,,,,,,,,,,,,,,,,,,,,,,,,,,,,,,,,,,,,,,,,,,
2016,andy janovich,FB,Nebraska,6-1,238.0,4.81,34.0,30.0,119.0,7.28,4.32,True,6.0,176.0,andy janovich,2015.0,,,,,,,,,,,,,,,15.5,22.0,2.0,0.0,31.0,,,,,,,,,,,,,,,,,,,,,,,,,,53.0,2.0,0.0,58.0,29.0,42.0,55.0,3.0,265.0,6.3
2016,quinton jefferson,DT,Maryland,6-4,291.0,4.95,29.0,24.0,,7.95,4.37,True,5.0,147.0,quinton jefferson,2015.0,,,,,,,,,,,0.0,1.0,0.0,0.0,,,,,,,,,,,,,,,,,,,,,,,,,,,,,,,,,,,,,,,,
2016,jordan jenkins,OLB,Georgia,6-3,259.0,4.8,36.5,16.0,121.0,,,True,3.0,83.0,jordan jenkins,2014.0,,,,,,,,,,,,,,,0.0,0.0,1.0,0.0,0.0,,,,,,,,,,,,,,,,,,,,,,,,,,,,,,,,,,,
2016,austin johnson,DT,Penn State,6-4,314.0,5.32,26.0,25.0,96.0,7.84,4.75,True,2.0,43.0,austin johnson,2011.0,,,,,,,,,,,12.3,4.0,0.0,49.0,,,,,,,,,,,,,,,,,,,,,,,,,,,,,,,,,,,,,,,,
2016,c.j. johnson,ILB,Mississippi,6-1,234.0,4.81,,,,,4.52,False,,,cj johnson,2023.0,,,,,,,,,,,,,,,,,,,,,,,,,,,,,,,,,,,,,,,,,,,,,11.0,4.0,0.0,32.0,8.0,,,,,
2016,devon johnson,RB,Marshall,6-0,238.0,4.64,,,,,,False,,,devon johnson,2018.0,,,,,,,,,,,,,,,36.0,36.0,1.0,0.0,36.0,,,,,,,,,,,,,,,3.0,3.0,1.0,0.0,3.0,,,,,,,24.0,4.0,0.0,62.0,15.5,,,,,
2016,tyler johnstone,OT,Oregon,6-5,301.0,5.21,30.5,24.0,104.0,7.31,4.6,False,,,tyler johnstone,2015.0,,,,,,,,,,,,,,,,,,,,,,,,,,,,,,,,,,,,,,,,,,,,,,,,,,1.0,0.0,0.0,,
2016,cardale jones,QB,Ohio State,6-5,253.0,4.81,36.0,,,,,True,4.0,139.0,cardale jones,2015.0,,,,,,,,,,,,,,,,,,,,,,,,,,,176.0,110.0,5.0,0.625,8.0,1460.0,8.3,,,,,,,,,,,,,,,,,64.0,38.0,2.0,193.0,3.0
2016,cayleb jones,WR,Arizona,6-3,209.0,4.65,33.5,9.0,,6.99,4.14,False,,,cayleb jones,2015.0,,,,,,,,,,,,,,,,,,,,,,,,,,,1.0,1.0,0.0,1.0,0.0,25.0,25.0,,,,,,,,,,,,78.0,55.0,5.0,904.0,16.4,,,,,
2016,chris jones,DT,Mississippi State,6-6,310.0,5.03,24.5,26.0,106.0,7.44,4.62,True,2.0,37.0,chris jones,2017.0,1.0,0.0,0.0,7.0,0.0,0.0,9.0,,,,,,,,17.6,22.0,7.0,0.0,123.0,,,,,,,,,,,,,,,7.5,18.0,15.0,0.0,113.0,,,,,,,58.0,27.0,4.0,543.0,27.6,20.0,42.0,1.0,105.0,15.100000000000001
2016,cyrus jones,CB,Alabama,5-10,197.0,4.49,33.0,10.0,116.0,6.71,4.21,True,2.0,60.0,cyrus jones,2015.0,,,,,,,,,,,10.5,2.0,0.0,21.0,24.0,24.0,1.0,0.0,24.0,,,,,,,,,,,,,,,12.6,72.0,42.0,4.0,530.0,,,,,,,,,,,,,,,,
2016,deion jones,OLB,LSU,6-1,222.0,4.59,33.0,,120.0,,,True,2.0,52.0,deion jones,2016.0,0.0,1.0,1.0,6.0,0.0,2.5,10.0,,,,,,,,,,,,,,,,,,,,,,,,,,,,,,,,,,,,,,,,,,,,,,,
2016,jonathan jones,CB,Auburn,5-9,186.0,4.33,36.0,19.0,123.0,7.25,4.25,False,,,jonathan jones,2016.0,,,,,,,,,,,5.0,1.0,0.0,5.0,,,,,,,,,,,,,,,,,,,,,,,,,,,,,,,,,,,,,,,,
2016,karl joseph,S,West Virginia,5-10,205.0,4.57,,,,,,True,1.0,14.0,karl joseph,2015.0,,,,,,,,,,,1.4,5.0,0.0,7.0,,,,,,,,,,,,,,,,,,,,,,,,,,,,,,,,,,,,,,,,
2016,matt judon,DE,Grand Valley State,6-3,275.0,4.73,35.0,30.0,109.0,7.67,4.52,True,5.0,146.0,matt judon,,,,,,,,,,,,,,,,,,,,,,,,,,,,,,,,,,,,,,,,,,,,,,,,,,,,,,,
2016,ufomba kamalu,DE,Miami (FL),6-5,295.0,5.01,25.0,26.0,106.0,7.32,4.58,False,,,ufomba kamalu,,,,,,,,,,,,,,,,,,,,,,,,,,,,,,,,,,,,,,,,,,,,,,,,,,,,,,,
2016,drew kaser,P,Texas A&M,6-2,212.0,4.95,,,,,,True,6.0,179.0,drew kaser,2015.0,,,,,,,,,,,,,,,,,,,,,,,,,,,,,,,,,,,,,,,0.0,71.0,60.0,0.0,2848.0,47.5,,,,,,,,,,
2016,nila kasitati,OG,Oklahoma,6-3,317.0,5.32,27.5,12.0,107.0,8.3,4.83,False,,,nila kasitati,,,,,,,,,,,,,,,,,,,,,,,,,,,,,,,,,,,,,,,,,,,,,,,,,,,,,,,
2016,bronson kaufusi,DE,BYU,6-6,285.0,4.87,30.0,25.0,111.0,7.03,4.25,True,3.0,70.0,bronson kaufusi,2015.0,,,,,,,,,,,10.0,1.0,0.0,10.0,,,,,,,,,,,,,,,,,,,,15.0,15.0,1.0,0.0,15.0,,,,,,,,,,,,,,,,
2016,jayron kearse,S,Clemson,6-4,216.0,4.62,31.5,16.0,124.0,7.06,,True,7.0,244.0,jayron kearse,2015.0,,,,,,,,,,,0.0,1.0,0.0,0.0,,,,,,,,,,,,,,,,,,,,,,,,,,,,,,,,,,,,,,,,
2016,ryan kelly,C,Alabama,6-4,311.0,5.03,30.0,26.0,103.0,7.58,4.59,True,1.0,18.0,ryan kelly,,,,,,,,,,,,,,,,,,,,,,,,,,,,,,,,,,,,,,,,,,,,,,,,,,,,,,,
2016,cody kessler,QB,USC,6-1,220.0,4.89,29.5,,104.0,7.32,4.0,True,3.0,93.0,cody kessler,2015.0,,,,,,,,,,,,,,,,,,,,,,,,,,,446.0,298.0,7.0,0.668,29.0,3536.0,7.9,,,,,,,,,,,,,,,,,61.0,21.0,4.0,,
2016,miles killebrew,S,Southern Utah,6-2,217.0,4.65,38.0,22.0,127.0,6.93,4.18,True,4.0,111.0,miles killebrew,,,,,,,,,,,,,,,,,,,,,,,,,,,,,,,,,,,,,,,,,,,,,,,,,,,,,,,
2016,derrick kindred,S,TCU,5-10,207.0,4.5,37.5,,123.0,7.05,4.29,True,4.0,129.0,derrick kindred,2015.0,,,,,,,,,,,30.0,2.0,1.0,60.0,,,,,,,,,,,,,,,,,,,,,,,,,,,,,,,,,,,,,,,,
2016,raphael kirby,ILB,Miami (FL),6-0,236.0,4.72,,27.0,,,,False,,,raphael kirby,2014.0,,,,,,,,,,,4.5,2.0,0.0,9.0,,,,,,,,,,,,,,,,,,,,,,,,,,,,,,,,,,,,,,,,
2016,denver kirkland,OT,Arkansas,6-4,335.0,5.55,22.5,19.0,94.0,8.72,5.06,False,,,denver kirkland,,,,,,,,,,,,,,,,,,,,,,,,,,,,,,,,,,,,,,,,,,,,,,,,,,,,,,,
2016,marshall koehn,K,Iowa,6-1,197.0,4.61,,,,,,False,,,marshall koehn,2015.0,,,,,,,,,,,,,,,,,,,,20.0,16.0,57.0,0.8,95.0,53.0,47.0,,,,,,,,,,,,,0.0,64.0,8.0,0.0,327.0,40.9,,,,,,2.0,17.0,0.0,25.0,12.5
2016,nick kwiatkoski,ILB,West Virginia,6-2,243.0,4.73,32.0,19.0,120.0,7.16,4.22,True,4.0,113.0,nick kwiatkoski,2015.0,,,,,,,,,,,0.0,3.0,0.0,0.0,,,,,,,,,,,,,,,,,,,,,,,,,,,,,,,,,,,,,,,,
2016,jimmy landes,LS,Baylor,6-1,240.0,4.95,27.5,,110.0,7.05,4.38,True,6.0,210.0,jimmy landes,,,,,,,,,,,,,,,,,,,,,,,,,,,,,,,,,,,,,,,,,,,,,,,,,,,,,,,
2016,daniel lasco,RB,California,6-0,209.0,4.46,41.5,23.0,135.0,7.22,4.26,True,7.0,237.0,daniel lasco,2015.0,,,,,,,,,,,,,,,5.0,5.0,1.0,0.0,5.0,,,,,,,,,,,,,,,,,,,,,,,,,,20.0,4.0,0.0,24.0,6.0,65.0,22.0,3.0,331.0,5.1
2016,darius latham,DT,Indiana,6-4,311.0,5.32,29.0,,100.0,7.76,4.63,False,,,darius latham,2015.0,,,,,,,,,,,6.0,1.0,0.0,6.0,,,,,,,,,,,,,,,,,,,,,,,,,,,,,,,,,,,,,,,,
2016,kenny lawler,WR,California,6-2,203.0,4.64,31.0,,111.0,7.13,4.2,True,7.0,243.0,kenny lawler,2015.0,,,,,,,,,,,,,,,,,,,,,,,,,,,,,,,,,,,,,,,,,,,,,52.0,52.0,13.0,658.0,12.7,1.0,5.0,0.0,5.0,5.0
2016,nile lawrence-stample,DL,Florida State,6-1,320.0,5.24,,,,,,False,,,nile lawrencestample,,,,,,,,,,,,,,,,,,,,,,,,,,,,,,,,,,,,,,,,,,,,,,,,,,,,,,,
2016,shaq lawson,DE,Clemson,6-3,269.0,4.7,33.0,,120.0,7.16,4.21,True,1.0,19.0,shaq lawson,,,,,,,,,,,,,,,,,,,,,,,,,,,,,,,,,,,,,,,,,,,,,,,,,,,,,,,
2016,darron lee,OLB,Ohio State,6-1,232.0,4.47,35.5,17.0,133.0,7.12,4.2,True,1.0,20.0,darron lee,2015.0,,,,,,,,,,,41.0,1.0,1.0,41.0,,,,,,,,,,,,,,,,,,,,,,,,,,,,,,,,,,,,,,,,
2016,alex lewis,OT,Nebraska,6-6,312.0,5.22,29.5,27.0,100.0,7.94,4.72,True,4.0,130.0,alex lewis,2015.0,,,,,,,,,,,,,,,,,,,,,,,,,,,,,,,,,,,,,,,,,,,,,,,,,,0.0,4.0,0.0,4.0,0.0
2016,roger lewis,WR,Bowling Green,6-0,201.0,4.57,33.5,8.0,116.0,,,False,,,roger lewis,2015.0,,,,,,,,,,,,,,,,,,,,,,,,,,,,,,,,,,,,,,,,,,,,,94.0,85.0,16.0,1544.0,18.2,,,,,
2016,kolby listenbee,WR,TCU,6-0,197.0,4.39,35.5,15.0,129.0,,,True,6.0,192.0,kolby listenbee,2015.0,,,,,,,,,,,,,,,19.0,24.0,4.0,0.0,76.0,,,,,,,,,,,,,,,,,,,,,,,,,,60.0,30.0,5.0,597.0,19.9,1.0,11.0,0.0,11.0,11.0
2016,cory littleton,OLB,Washington,6-3,238.0,4.73,29.5,,114.0,7.11,4.32,False,,,cory littleton,2014.0,,,,,,,,,,,,,,,2.0,2.0,1.0,0.0,2.0,,,,,,,,,,,,,,,,,,,,,,,,,,,,,,,,,,,
2016,jordan lomax,S,Iowa,5-10,202.0,4.75,36.0,8.0,120.0,7.18,4.15,False,,,jordan lomax,2015.0,,,,,,,,,,,0.0,1.0,0.0,0.0,,,,,,,,,,,,,,,,,,,,,,,,,,,,,,,,,,,,,,,,
2016,steve longa,ILB,Rutgers,6-1,241.0,4.78,32.0,19.0,116.0,7.5,4.56,False,,,steve longa,,,,,,,,,,,,,,,,,,,,,,,,,,,,,,,,,,,,,,,,,,,,,,,,,,,,,,,
2016,ricardo louis,WR,Auburn,6-2,215.0,4.43,38.0,18.0,132.0,,,True,4.0,114.0,ricardo louis,2015.0,,,,,,,,,,,,,,,22.0,22.0,1.0,0.0,22.0,,,,,,,,,,,,,,,,,,,,,,,,,,56.0,46.0,3.0,716.0,15.6,29.0,18.0,1.0,158.0,5.4
2016,dean lowry,DE,Northwestern,6-6,296.0,4.87,32.5,30.0,114.0,7.26,4.38,True,4.0,137.0,dean lowry,2015.0,,,,,,,,,,,18.0,1.0,0.0,18.0,,,,,,,,,,,,,,,,,,,,,,,,,,,,,,,,,,,,,,,,
2016,jordan lucas,S,Penn State,6-0,201.0,4.54,,,,,,True,6.0,204.0,jordan lucas,2014.0,,,,,,,,,,,,,,,,,,,,,,,,,,,,,,,,,,1.0,1.0,1.0,0.0,1.0,,,,,,,,,,,,,,,,
2016,john lunsford,K,Liberty,6-1,214.0,4.74,,,,,,False,,,john lunsford,,,,,,,,,,,,,,,,,,,,,,,,,,,,,,,,,,,,,,,,,,,,,,,,,,,,,,,
2016,paxton lynch,QB,Memphis,6-7,244.0,4.86,36.0,,118.0,7.14,4.26,True,1.0,26.0,paxton lynch,2015.0,,,,,,,,,,,,,,,,,,,,,,,,,,,443.0,296.0,4.0,0.668,28.0,3776.0,8.5,,,,,,,,,,,,,,,,,87.0,23.0,2.0,239.0,2.7
2016,tre madden,RB,USC,6-0,223.0,4.53,,24.0,,,,False,,,tre madden,2015.0,,,,,,,,,,,,,,,,,,,,,,,,,,,,,,,,,,,,,,,,,,,,,30.0,17.0,1.0,133.0,7.8,85.0,65.0,5.0,452.0,5.3
2016,luther maddy,DT,Virginia Tech,6-0,287.0,4.96,,29.0,,,,False,,,luther maddy,,,,,,,,,,,,,,,,,,,,,,,,,,,,,,,,,,,,,,,,,,,,,,,,,,,,,,,
2016,curt maggitt,OLB,Tennessee,6-3,247.0,4.73,,,,,,False,,,curt maggitt,,,,,,,,,,,,,,,,,,,,,,,,,,,,,,,,,,,,,,,,,,,,,,,,,,,,,,,
2016,ryan malleck,TE,Virginia Tech,6-4,247.0,4.77,34.5,18.0,121.0,7.0,4.33,False,,,ryan malleck,2015.0,,,,,,,,,,,,,,,,,,,,,,,,,,,,,,,,,,,,,,,,,,,,,71.0,21.0,2.0,289.0,13.8,,,,,
2016,byron marshall,WR,Oregon,5-9,201.0,4.42,,17.0,,,,False,,,byron marshall,2015.0,,,,,,,,,,,,,,,27.5,77.0,14.0,0.0,385.0,,,,,,,,,,,,,,,,,,,,,,,,,,25.0,9.0,2.0,121.0,13.4,,,,,
2016,jalin marshall,WR,Ohio State,5-10,200.0,4.6,37.5,16.0,125.0,6.8,4.13,False,,,jalin marshall,2015.0,,,,,,,,,,,,,,,36.0,36.0,1.0,0.0,36.0,,,,,,,,,,,,,,,13.5,38.0,28.0,0.0,379.0,,,,,,,48.0,36.0,5.0,477.0,13.3,2.0,15.0,0.0,30.0,15.0
2016,keith marshall,RB,Georgia,5-11,219.0,4.31,30.5,25.0,,,,True,7.0,242.0,keith marshall,2015.0,,,,,,,,,,,,,,,18.0,18.0,1.0,0.0,18.0,,,,,,,,,,,,,,,,,,,,,,,,,,13.0,4.0,1.0,28.0,7.0,68.0,20.0,3.0,350.0,5.1
2016,nick martin,C,Notre Dame,6-4,299.0,5.22,28.0,28.0,97.0,7.57,4.72,True,2.0,50.0,nick martin,,,,,,,,,,,,,,,,,,,,,,,,,,,,,,,,,,,,,,,,,,,,,,,,,,,,,,,
2016,blake martinez,ILB,Stanford,6-2,237.0,4.71,28.5,22.0,113.0,6.98,4.2,True,4.0,131.0,blake martinez,2015.0,,,,,,,,,,,10.0,1.0,0.0,10.0,,,,,,,,,,,,,,,,,,,,,,,,,,,,,,,,,,,,,,,,
2016,tyler marz,OT,Wisconsin,6-7,316.0,5.54,27.5,19.0,99.0,8.38,4.97,False,,,tyler marz,,,,,,,,,,,,,,,,,,,,,,,,,,,,,,,,,,,,,,,,,,,,,,,,,,,,,,,
2016,tyler matakevich,OLB,Temple,6-0,238.0,4.81,31.0,22.0,112.0,7.19,4.5,True,7.0,246.0,tyler matakevich,2015.0,,,,,,,,,,,9.4,5.0,0.0,47.0,,,,,,,,,,,,,,,,,,,,,,,,,,,,,,,,,,,,,,,,
2016,chris mayes,DL,Georgia,6-3,338.0,5.34,23.5,33.0,104.0,,5.13,False,,,chris mayes,,,,,,,,,,,,,,,,,,,,,,,,,,,,,,,,,,,,,,,,,,,,,,,,,,,,,,,
2016,alex mccalister,DE,Florida,6-6,239.0,4.8,34.5,,128.0,7.01,4.0,True,7.0,240.0,alex mccalister,2014.0,,,,,,,,,,,,,,,0.0,0.0,1.0,0.0,0.0,,,,,,,,,,,,,,,,,,,,,,,,,,,,,,,,,,,
2016,jake mcgee,TE,Florida,6-5,250.0,4.83,,17.0,,,,False,,,jake mcgee,2015.0,,,,,,,,,,,,,,,,,,,,,,,,,,,,,,,,,,,,,,,,,,,,,19.0,41.0,4.0,381.0,9.3,,,,,
2016,connor mcgovern,OG,Missouri,6-4,306.0,5.11,33.0,33.0,109.0,7.5,4.65,True,5.0,144.0,connor mcgovern,2018.0,0.0,0.0,0.0,1.0,0.0,0.0,1.0,,,,,,,,,,,,,,,,,,,,,,,,,,,,,,,,,,,,,,,,,,,,,,,
2016,mekale mckay,WR,Cincinnati,6-4,207.0,4.55,35.0,12.0,123.0,7.08,4.63,False,,,mekale mckay,2015.0,,,,,,,,,,,,,,,,,,,,,,,,,,,,,,,,,,,,,,,,,,,,,88.0,27.0,2.0,507.0,18.8,,,,,
2016,cassanova mckinzy,ILB,Auburn,6-1,248.0,4.83,,21.0,,,,False,,,cassanova mckinzy,2014.0,,,,,,,,,,,1.0,1.0,0.0,1.0,,,,,,,,,,,,,,,,,,,,,,,,,,,,,,,,,,,,,,,,
2016,braxton miller,WR,Ohio State,6-1,201.0,4.5,35.0,17.0,123.0,6.65,4.07,True,3.0,85.0,braxton miller,2015.0,,,,,,,,,,,,,,,,,,,,,,,,,,,1.0,1.0,0.0,1.0,0.0,3.0,3.0,,,,,,,,,,,,54.0,26.0,3.0,341.0,13.1,42.0,53.0,1.0,260.0,6.2
2016,harlan miller,CB,SE Louisiana,6-0,182.0,4.65,35.5,6.0,118.0,7.44,4.43,True,6.0,205.0,harlan miller,,,,,,,,,,,,,,,,,,,,,,,,,,,,,,,,,,,,,,,,,,,,,,,,,,,,,,,
2016,jalen mills,S,LSU,6-0,191.0,4.61,37.0,16.0,123.0,6.86,4.0,True,7.0,233.0,jalen mills,2014.0,,,,,,,,,,,0.0,1.0,0.0,0.0,,,,,,,,,,,,,,,,,,,,,,,,,,,,,,,,,,,,,,,,
2016,malcolm mitchell,WR,Georgia,6-0,198.0,4.45,36.0,15.0,129.0,6.94,4.34,True,4.0,112.0,malcolm mitchell,2015.0,,,,,,,,,,,,,,,4.0,4.0,1.0,0.0,4.0,,,,,,,,,,,,,,,,,,,,,,,,,,44.0,58.0,5.0,865.0,14.9,,,,,
2016,will monday,P,Duke,6-4,212.0,5.1,,,,,,False,,,will monday,2015.0,,,,,,,,,,,,,,,,,,,,,,,,,,,1.0,0.0,0.0,0.0,0.0,0.0,0.0,,,,,,0.0,71.0,65.0,0.0,2826.0,43.5,,,,,,1.0,3.0,0.0,3.0,3.0
2016,chris moore,WR,Cincinnati,6-1,206.0,4.53,37.0,10.0,130.0,6.76,4.2,True,4.0,107.0,chris moore,2016.0,2.0,0.0,0.0,6.0,0.0,1.0,15.0,,,,,,,,,,,,,,,,,,,,,,,,,,,,,,,,,,,,,,,,,,,,,,,
2016,david morgan,TE,Texas-San Antonio,6-4,262.0,,,,,,,True,6.0,188.0,david morgan,2015.0,,,,,,,,,,,,,,,,,,,,,,,,,,,,,,,,,,,,,,,,,,,,,32.0,45.0,5.0,566.0,12.6,,,,,
2016,antonio morrison,ILB,Florida,6-1,232.0,4.76,,,,,,True,4.0,125.0,antonio morrison,2014.0,,,,,,,,,,,20.0,1.0,0.0,20.0,,,,,,,,,,,,,,,,,,,,,,,,,,,,,,,,,,,,,,,,
2016,kyle murphy,OT,Stanford,6-6,305.0,5.19,,23.0,,,,True,6.0,200.0,kyle murphy,,,,,,,,,,,,,,,,,,,,,,,,,,,,,,,,,,,,,,,,,,,,,,,,,,,,,,,
2016,eric murray,CB,Minnesota,5-11,199.0,4.49,39.5,15.0,124.0,7.08,4.05,True,4.0,106.0,eric murray,2015.0,,,,,,,,,,,5.0,1.0,0.0,5.0,,,,,,,,,,,,,,,,,,,,,,,,,,,,,,,,,,,,,,,,
2016,carl nassib,DE,Penn State,6-7,277.0,4.84,28.5,21.0,114.0,7.27,4.37,True,3.0,65.0,carl nassib,2015.0,,,,,,,,,,,10.0,1.0,0.0,10.0,,,,,,,,,,,,,,,,,,,,,,,,,,,,,,,,,,,,,,,,
2016,keanu neal,S,Florida,6-0,211.0,4.62,38.0,17.0,132.0,7.09,4.38,True,1.0,17.0,keanu neal,2015.0,,,,,,,,,,,0.0,1.0,0.0,0.0,,,,,,,,,,,,,,,,,,,,,,,,,,,,,,,,,,,,,,,,
2016,stephane nembot,OT,Colorado,6-7,322.0,5.39,26.5,32.0,103.0,8.55,5.15,False,,,stephane nembot,,,,,,,,,,,,,,,,,,,,,,,,,,,,,,,,,,,,,,,,,,,,,,,,,,,,,,,
2016,giorgio newberry,DE,Florida State,6-5,285.0,4.94,30.0,20.0,114.0,7.53,4.78,False,,,giorgio newberry,,,,,,,,,,,,,,,,,,,,,,,,,,,,,,,,,,,,,,,,,,,,,,,,,,,,,,,
2016,yannick ngakoue,DE,Maryland,6-2,252.0,4.75,34.5,26.0,118.0,7.35,4.5,True,3.0,69.0,yannick ngakoue,2013.0,,,,,,,,,,,3.0,1.0,0.0,3.0,,,,,,,,,,,,,,,,,,,,,,,,,,,,,,,,,,,,,,,,
2016,dadi nicolas,DE,Virginia Tech,6-3,235.0,4.74,41.0,14.0,116.0,7.04,4.38,True,6.0,203.0,dadi nicolas,,,,,,,,,,,,,,,,,,,,,,,,,,,,,,,,,,,,,,,,,,,,,,,,,,,,,,,
2016,robert nkemdiche,DT,Mississippi,6-3,294.0,4.87,35.0,28.0,116.0,,,True,1.0,29.0,robert nkemdiche,2015.0,,,,,,,,,,,,,,,,,,,,,,,,,,,,,,,,,,,,,,,,,,,,,31.0,1.0,1.0,31.0,31.0,4.0,1.0,2.0,2.0,0.5
2016,jared norris,ILB,Utah,6-1,241.0,4.8,29.5,19.0,114.0,,4.52,False,,,jared norris,,,,,,,,,,,,,,,,,,,,,,,,,,,,,,,,,,,,,,,,,,,,,,,,,,,,,,,
2016,marquez north,WR,Tennessee,6-2,223.0,4.48,35.0,17.0,123.0,6.9,4.13,False,,,marquez north,2015.0,,,,,,,,,,,,,,,,,,,,,,,,,,,,,,,,,,,,,,,,,,,,,16.0,6.0,0.0,58.0,9.7,,,,,
2016,nick o'toole,P,West Virginia,6-3,219.0,5.05,,,,,,False,,,nick otoole,2015.0,,,,,,,,,,,,,,,,,,,,,,,,,,,,,,,,,,,,,,,0.0,65.0,71.0,0.0,3223.0,45.4,,,,,,1.0,13.0,0.0,13.0,13.0
2016,shawn oakman,DE,Baylor,6-8,287.0,4.96,32.0,23.0,123.0,7.53,4.56,False,,,shawn oakman,,,,,,,,,,,,,,,,,,,,,,,,,,,,,,,,,,,,,,,,,,,,,,,,,,,,,,,
2016,jaden oberkrom,K,TCU,6-2,186.0,4.96,,,,,,False,,,jaden oberkrom,2015.0,,,,,,,,,,,,,,,,,,,,25.0,21.0,57.0,0.84,122.0,60.0,59.0,,,,,,,,,,,,,,,,,,,,,,,,,,,,
2016,victor ochi,DE,Stony Brook,6-1,246.0,4.86,32.0,,119.0,7.24,4.4,False,,,victor ochi,,,,,,,,,,,,,,,,,,,,,,,,,,,,,,,,,,,,,,,,,,,,,,,,,,,,,,,
2016,rees odhiambo,OT,Boise State,6-4,314.0,5.17,,23.0,,,,True,3.0,97.0,rees odhiambo,,,,,,,,,,,,,,,,,,,,,,,,,,,,,,,,,,,,,,,,,,,,,,,,,,,,,,,
2016,emmanuel ogbah,DE,Oklahoma State,6-4,273.0,4.63,35.5,20.0,121.0,7.26,4.5,True,2.0,32.0,emmanuel ogbah,,,,,,,,,,,,,,,,,,,,,,,,,,,,,,,,,,,,,,,,,,,,,,,,,,,,,,,
2016,romeo okwara,DE,Notre Dame,6-5,265.0,4.9,33.0,23.0,120.0,7.38,4.53,False,,,romeo okwara,,,,,,,,,,,,,,,,,,,,,,,,,,,,,,,,,,,,,,,,,,,,,,,,,,,,,,,
2016,drew ott,DE,Iowa,6-4,273.0,4.88,,,,,,False,,,drew ott,2014.0,,,,,,,,,,,,1.0,0.0,,,,,,,,,,,,,,,,,,,,,12.0,12.0,1.0,1.0,12.0,,,,,,,,,,,,,,,,
2016,montese overton,OLB,East Carolina,6-2,223.0,4.61,34.0,18.0,123.0,7.15,4.47,False,,,montese overton,,,,,,,,,,,,,,,,,,,,,,,,,,,,,,,,,,,,,,,,,,,,,,,,,,,,,,,
2016,gionni paul,ILB,Utah,5-10,231.0,5.05,31.0,22.0,113.0,,,False,,,gionni paul,2015.0,,,,,,,,,,,7.5,4.0,0.0,30.0,,,,,,,,,,,,,,,,,,,,,,,,,,,,,,,,,,,,,,,,
2016,jordan payton,WR,UCLA,6-1,207.0,4.47,34.5,,121.0,7.08,4.33,True,5.0,154.0,jordan payton,2015.0,,,,,,,,,,,,,,,,,,,,,,,,,,,,,,,,,,,,,,,,,,,,,59.0,78.0,5.0,1106.0,14.2,,,,,
2016,charone peake,WR,Clemson,6-2,209.0,4.45,35.5,12.0,122.0,6.96,4.46,True,7.0,241.0,charone peake,2015.0,,,,,,,,,,,,,,,,,,,,,,,,,,,,,,,,,,,,,,,,,,,,,64.0,50.0,5.0,716.0,14.3,,,,,
2016,paul perkins,RB,UCLA,5-10,208.0,4.54,32.0,19.0,124.0,,,True,5.0,149.0,paul perkins,2015.0,,,,,,,,,,,,,,,,,,,,,,,,,,,,,,,,,,,,,,,,,,,,,31.0,30.0,1.0,242.0,8.1,237.0,82.0,14.0,1343.0,5.7
2016,joshua perry,ILB,Ohio State,6-4,254.0,4.68,33.5,20.0,124.0,,,True,4.0,102.0,joshua perry,2014.0,,,,,,,,,,,0.0,1.0,0.0,0.0,,,,,,,,,,,,,,,,,,,,,,,,,,,,,,,,,,,,,,,,
2016,kevin peterson,CB,Oklahoma State,5-10,181.0,4.58,35.5,14.0,121.0,6.94,4.31,False,,,kevin peterson,2015.0,,,,,,,,,,,9.0,1.0,0.0,9.0,,,,,,,,,,,,,,,,,,,,,,,,,,,,,,,,,,,,,,,,
2016,d.j. pettway,DE,Alabama,6-2,265.0,4.99,28.0,17.0,108.0,7.74,4.69,False,,,dj pettway,,,,,,,,,,,,,,,,,,,,,,,,,,,,,,,,,,,,,,,,,,,,,,,,,,,,,,,
2016,tyvis powell,S,Ohio State,6-3,211.0,4.46,34.5,15.0,120.0,7.03,4.25,False,,,tyvis powell,2015.0,,,,,,,,,,,9.7,3.0,0.0,29.0,,,,,,,,,,,,,,,,,,,,,,,,,,,,,,,,,,,,,,,,
2016,dak prescott,QB,Mississippi State,6-2,226.0,4.79,32.5,,116.0,7.11,4.32,True,4.0,135.0,dak prescott,2015.0,,,,,,,,,,,,,,,,,,,,,,,,,,,477.0,316.0,5.0,0.662,29.0,3793.0,8.0,,,,,,,,,,,,,,,,,160.0,49.0,10.0,588.0,3.7
2016,c.j. prosise,RB,Notre Dame,6-0,220.0,4.48,35.5,,121.0,,,True,3.0,90.0,cj prosise,2015.0,,,,,,,,,,,,,,,,,,,,,,,,,,,,,,,,,,,,,,,,,,,,,56.0,26.0,1.0,308.0,11.8,156.0,91.0,11.0,1032.0,6.6
2016,jimmy pruitt,CB,San Jose State,6-0,198.0,4.73,32.0,19.0,117.0,,,False,,,jimmy pruitt,2015.0,,,,,,,,,,,18.7,3.0,1.0,56.0,,,,,,,,,,,,,,,,,,,,,,,,,,,,,,,,,,,,,,,,
2016,reggie ragland,ILB,Alabama,6-1,247.0,4.72,31.5,,116.0,,4.28,True,2.0,41.0,reggie ragland,2014.0,,,,,,,,,,,1.0,1.0,0.0,1.0,,,,,,,,,,,,,,,,,,,,,,,,,,,,,,,,,,,,,,,,
2016,jalen ramsey,CB,Florida State,6-1,209.0,4.41,41.5,14.0,135.0,6.94,4.18,True,1.0,5.0,jalen ramsey,2015.0,,,,,,,,,,,,,,,27.0,37.0,2.0,0.0,54.0,,,,,,,,,,,,,,,6.0,6.0,1.0,0.0,6.0,,,,,,,,,,,,,,,,
2016,sheldon rankins,DT,Louisville,6-1,299.0,5.03,34.5,28.0,118.0,7.44,4.59,True,1.0,12.0,sheldon rankins,2014.0,,,,,,,,,,,4.5,2.0,0.0,9.0,,,,,,,,,,,,,,,,,,,,,,,,,,,,,,,,,,,,,,,,
2016,d.j. reader,DT,Clemson,6-3,327.0,5.33,29.5,30.0,99.0,7.9,4.71,True,5.0,166.0,dj reader,,,,,,,,,,,,,,,,,,,,,,,,,,,,,,,,,,,,,,,,,,,,,,,,,,,,,,,
2016,alex redmond,OG,UCLA,6-5,294.0,5.3,28.0,30.0,111.0,7.75,4.9,False,,,alex redmond,,,,,,,,,,,,,,,,,,,,,,,,,,,,,,,,,,,,,,,,,,,,,,,,,,,,,,,
2016,will redmond,CB,Mississippi State,5-11,182.0,4.45,,,,,,True,3.0,68.0,will redmond,2015.0,,,,,,,,,,,19.0,2.0,0.0,38.0,,,,,,,,,,,,,,,,,,,,,,,,,,,,,,,,,,,,,,,,
2016,jarran reed,DT,Alabama,6-3,307.0,5.21,31.0,,104.0,7.77,4.75,True,2.0,49.0,jarran reed,,,,,,,,,,,,,,,,,,,,,,,,,,,,,,,,,,,,,,,,,,,,,,,,,,,,,,,
2016,hassan ridgeway,DT,Texas,6-3,303.0,5.02,32.0,24.0,113.0,8.28,4.82,True,4.0,116.0,hassan ridgeway,,,,,,,,,,,,,,,,,,,,,,,,,,,,,,,,,,,,,,,,,,,,,,,,,,,,,,,
2016,dominique robertson,OT,West Georgia,6-5,324.0,5.36,28.5,30.0,100.0,8.42,4.83,False,,,dominique robertson,2013.0,,,,,,,,,,,25.0,1.0,0.0,25.0,,,,,,,,,,,,,,,,,,,,,,,,,,,,,,,,,,,,,,,,
2016,a'shawn robinson,DT,Alabama,6-4,307.0,5.2,26.0,22.0,106.0,7.8,4.74,True,2.0,46.0,ashawn robinson,,,,,,,,,,,,,,,,,,,,,,,,,,,,,,,,,,,,,,,,,,,,,,,,,,,,,,,
2016,demarcus robinson,WR,Florida,6-1,203.0,4.59,34.5,,123.0,6.77,4.19,True,4.0,126.0,demarcus robinson,2015.0,,,,,,,,,,,,,,,,,,,,,,,,,,,1.0,0.0,0.0,0.0,0.0,0.0,0.0,,,,,,,,,,,,38.0,48.0,2.0,522.0,10.9,1.0,1.0,0.0,1.0,1.0
2016,rashard robinson,CB,Louisiana St,6-1,171.0,4.49,35.5,,121.0,,,True,4.0,133.0,rashard robinson,2013.0,,,,,,,,,,,0.0,1.0,0.0,0.0,,,,,,,,,,,,,,,,,,,,,,,,,,,,,,,,,,,,,,,,
2016,alonzo russell,WR,Toledo,6-4,206.0,4.54,29.5,12.0,112.0,7.18,4.33,False,,,alonzo russell,2015.0,,,,,,,,,,,,,,,23.0,23.0,1.0,0.0,23.0,,,,,,,,,,,,,,,0.0,0.0,1.0,0.0,0.0,,,,,,,51.0,36.0,5.0,618.0,17.2,,,,,
2016,keivarae russell,CB,Notre Dame,5-11,192.0,4.49,,17.0,,,,True,3.0,74.0,keivarae russell,2015.0,,,,,,,,,,,0.0,2.0,0.0,0.0,,,,,,,,,,,,,,,,,,,,,,,,,,,,,,,,,,,,,,,,
2016,zack sanchez,CB,Oklahoma,5-11,185.0,4.5,35.5,19.0,116.0,,,True,5.0,141.0,zack sanchez,2015.0,,,,,,,,,,,8.6,7.0,1.0,60.0,,,,,,,,,,,,,,,,,,,,,,,,,,,,,,,,,,,,,,,,
2016,beau sandland,TE,Montana State,6-4,253.0,4.74,35.0,23.0,124.0,7.1,4.33,True,7.0,252.0,beau sandland,2013.0,,,,,,,,,,,,,,,,,,,,,,,,,,,,,,,,,,,,,,,,,,,,,20.0,9.0,1.0,94.0,10.4,,,,,
2016,joe schobert,OLB,Wisconsin,6-1,244.0,4.76,33.5,22.0,111.0,7.11,4.3,True,4.0,99.0,joe schobert,2015.0,,,,,,,,,,,14.0,1.0,0.0,14.0,,,,,,,,,,,,,,,,,,,,,,,,,,,,,,,,,,,,1.0,57.0,0.0,57.0,57.0
2016,rashawn scott,WR,Miami (FL),6-1,199.0,4.54,32.5,17.0,116.0,,,False,,,rashawn scott,2015.0,,,,,,,,,,,,,,,27.0,27.0,1.0,0.0,27.0,,,,,,,,,,,,,,,,,,,,,,,,,,58.0,52.0,5.0,695.0,13.4,,,,,
2016,isaac seumalo,OG,Oregon State,6-4,303.0,5.19,26.0,,105.0,7.4,4.52,True,3.0,79.0,isaac seumalo,,,,,,,,,,,,,,,,,,,,,,,,,,,,,,,,,,,,,,,,,,,,,,,,,,,,,,,
2016,kevon seymour,CB,USC,5-11,186.0,4.39,35.0,12.0,124.0,,4.18,True,6.0,218.0,kevon seymour,2015.0,,,,,,,,,,,27.0,1.0,0.0,27.0,,,,,,,,,,,,,,,,,,,,,,,,,,,,,,,,,,,,,,,,
2016,hunter sharp,WR,Utah State,5-11,198.0,4.58,32.5,12.0,116.0,7.12,4.19,False,,,hunter sharp,2015.0,,,,,,,,,,,,,,,35.4,96.0,7.0,1.0,248.0,,,,,,,,,,,,,,,6.4,27.0,10.0,0.0,64.0,,,,,,,49.0,71.0,9.0,835.0,11.8,8.0,8.0,0.0,20.0,2.5
2016,tajae sharpe,WR,Massachusetts,6-2,194.0,4.55,33.5,11.0,114.0,,,True,5.0,140.0,tajae sharpe,2015.0,,,,,,,,,,,,,,,,,,,,,,,,,,,,,,,,,,,,,,,,,,,,,49.0,111.0,5.0,1319.0,11.9,1.0,0.0,0.0,,
2016,brandon shell,OT,South Carolina,6-5,324.0,5.22,30.5,22.0,112.0,,,True,5.0,158.0,brandon shell,,,,,,,,,,,,,,,,,,,,,,,,,,,,,,,,,,,,,,,,,,,,,,,,,,,,,,,
2016,sterling shepard,WR,Oklahoma,5-10,194.0,4.48,41.0,20.0,123.0,7.0,4.35,True,2.0,40.0,sterling shepard,2015.0,,,,,,,,,,,,,,,,,,,,,,,,,,,,,,,,,,7.8,27.0,19.0,0.0,148.0,,,,,,,74.0,86.0,11.0,1288.0,15.0,1.0,5.0,0.0,5.0,5.0
2016,elijah shumate,S,Notre Dame,6-0,216.0,4.58,33.0,18.0,119.0,,4.51,False,,,elijah shumate,2015.0,,,,,,,,,,,0.0,1.0,0.0,0.0,,,,,,,,,,,,,,,,,,,,,,,,,,,,,,,,,,,,,,,,
2016,devaunte sigler,DT,Jacksonville State,6-3,298.0,5.15,25.0,23.0,,7.9,4.97,False,,,devaunte sigler,,,,,,,,,,,,,,,,,,,,,,,,,,,,,,,,,,,,,,,,,,,,,,,,,,,,,,,
2016,justin simmons,S,Boston Col.,6-2,202.0,4.61,40.0,16.0,126.0,6.58,3.85,True,3.0,98.0,justin simmons,2015.0,,,,,,,,,,,5.6,5.0,0.0,28.0,,,,,,,,,,,,,,,,,,,,,,,,,,,,,,,3.0,1.0,0.0,3.0,3.0,,,,,
2016,leshaun sims,CB,Southern Utah,6-0,203.0,4.53,37.0,11.0,120.0,7.08,4.19,True,5.0,157.0,leshaun sims,,,,,,,,,,,,,,,,,,,,,,,,,,,,,,,,,,,,,,,,,,,,,,,,,,,,,,,
2016,matt skura,C,Duke,6-3,305.0,5.39,24.0,27.0,103.0,7.89,4.76,False,,,matt skura,,,,,,,,,,,,,,,,,,,,,,,,,,,,,,,,,,,,,,,,,,,,,,,,,,,,,,,
2016,pearce slater,OT,San Diego State,6-7,329.0,5.42,23.0,17.0,92.0,8.36,5.12,False,,,pearce slater,,,,,,,,,,,,,,,,,,,,,,,,,,,,,,,,,,,,,,,,,,,,,,,,,,,,,,,
2016,wendell smallwood,RB,West Virginia,5-10,208.0,4.47,33.5,14.0,120.0,6.83,4.28,True,5.0,153.0,wendell smallwood,2015.0,,,,,,,,,,,,,,,,,,,,,,,,,,,,,,,,,,,,,,,,,,,,,15.0,26.0,0.0,160.0,6.2,238.0,52.0,9.0,1519.0,6.4
2016,jaylon smith,OLB,Notre Dame,6-2,223.0,4.67,,,,,,True,2.0,34.0,jaylon smith,2013.0,,,,,,,,,,,,1.0,0.0,,,,,,,,,,,,,,,,,,,,,,,,,,,,,,,,,,,,,,,,,
2016,ryan smith,CB,North Carolina Central,5-11,189.0,4.47,36.0,18.0,122.0,6.88,4.09,True,4.0,108.0,ryan smith,2016.0,0.0,0.0,0.0,1.0,0.0,0.0,1.0,1.0,1.0,0.0,,,,,,,,,,,,,,,,,,,,,,,,8.8,36.0,20.0,0.0,175.0,,,,,,,26.0,31.0,5.0,356.0,11.5,,,,,
2016,terrance smith,ILB,Florida State,6-3,235.0,4.77,34.5,19.0,120.0,,,False,,,terrance smith,2014.0,,,,,,,,,,,48.5,2.0,1.0,97.0,,,,,,,,,,,,,,,,,,,,,,,,,,,,,,,,,,,,,,,,
2016,noah spence,DE,East. Kentucky,6-2,251.0,4.8,35.0,25.0,121.0,7.21,4.35,True,2.0,39.0,noah spence,,,,,,,,,,,,,,,,,,,,,,,,,,,,,,,,,,,,,,,,,,,,,,,,,,,,,,,
2016,jason spriggs,OT,Indiana,6-6,301.0,4.94,31.5,31.0,115.0,7.7,4.44,True,2.0,48.0,jason spriggs,,,,,,,,,,,,,,,,,,,,,,,,,,,,,,,,,,,,,,,,,,,,,,,,,,,,,,,
2016,nelson spruce,WR,Colorado,6-1,206.0,4.69,35.0,12.0,114.0,7.09,4.2,False,,,nelson spruce,2015.0,,,,,,,,,,,,,,,,,,,,,,,,,,,4.0,1.0,0.0,0.25,0.0,12.0,3.0,6.1,45.0,10.0,0.0,61.0,,,,,,,50.0,89.0,4.0,1053.0,11.8,,,,,
2016,a.j. stamps,S,Kentucky,5-11,193.0,4.79,33.0,15.0,115.0,7.17,4.25,False,,,aj stamps,2015.0,,,,,,,,,,,35.0,1.0,0.0,35.0,,,,,,,,,,,,,,,,,,,,,,,,,,,,,,,,,,,,,,,,
2016,ronnie stanley,OT,Notre Dame,6-6,312.0,5.2,28.5,,,8.03,4.9,True,1.0,6.0,ronnie stanley,,,,,,,,,,,,,,,,,,,,,,,,,,,,,,,,,,,,,,,,,,,,,,,,,,,,,,,
2016,joel stave,QB,Wisconsin,6-5,236.0,4.8,33.5,,115.0,7.29,4.33,False,,,joel stave,2015.0,,,,,,,,,,,,,,,,,,,,,,,,,,,370.0,225.0,11.0,0.608,11.0,2687.0,7.3,,,,,,,,,,,,,,,,,33.0,11.0,1.0,,
2016,eric striker,OLB,Oklahoma,5-11,227.0,4.8,30.0,23.0,116.0,7.3,4.46,False,,,eric striker,2015.0,,,,,,,,,,,33.0,1.0,0.0,33.0,,,,,,,,,,,,,,,,,,,,,,,,,,,,,,,,,,,,,,,,
2016,nate sudfeld,QB,Indiana,6-6,234.0,5.02,29.0,,105.0,,,True,6.0,187.0,nate sudfeld,2015.0,,,,,,,,,,,,,,,,,,,,,,,,,,,412.0,247.0,7.0,0.6,27.0,3573.0,8.7,,,,,,,,,,,,,,,,,46.0,21.0,5.0,61.0,1.3
2016,charles tapper,DE,Oklahoma,6-3,271.0,4.59,34.0,23.0,119.0,,,True,4.0,101.0,charles tapper,,,,,,,,,,,,,,,,,,,,,,,,,,,,,,,,,,,,,,,,,,,,,,,,,,,,,,,
2016,kelvin taylor,RB,Florida,5-10,207.0,4.6,32.0,15.0,113.0,,,True,6.0,211.0,kelvin taylor,2015.0,,,,,,,,,,,,,,,,,,,,,,,,,,,,,,,,,,,,,,,,,,,,,43.0,17.0,0.0,150.0,8.8,259.0,53.0,13.0,1035.0,4.0
2016,john theus,OT,Georgia,6-6,313.0,5.22,28.0,,103.0,7.9,4.78,True,5.0,145.0,john theus,,,,,,,,,,,,,,,,,,,,,,,,,,,,,,,,,,,,,,,,,,,,,,,,,,,,,,,
2016,lawrence thomas,DT,Michigan State,6-3,286.0,4.98,35.0,,113.0,,,False,,,lawrence thomas,2014.0,,,,,,,,,,,,,,,,,,,,,,,,,,,,,,,,,,,,,,,,,,,,,,,,,,1.0,1.0,0.0,1.0,1.0
2016,michael thomas,WR,Ohio State,6-3,212.0,4.57,35.0,18.0,126.0,6.8,4.13,True,2.0,47.0,michael thomas,2015.0,,,,,,,,,,,,,,,20.7,30.0,15.0,0.0,311.0,,,,,,,,,,,,,,,,,,,,,,,,,,119.0,127.0,23.0,2172.0,33.5,,,,,
2016,darian thompson,S,Boise State,6-2,208.0,4.69,32.5,12.0,118.0,7.26,4.33,True,3.0,71.0,darian thompson,2015.0,,,,,,,,,,,9.2,5.0,0.0,46.0,,,,,,,,,,,,,,,,,,,,,,,,,,,,,,,0.0,0.0,0.0,,0.0,,,,,
2016,ron thompson,DE,Syracuse,6-3,253.0,4.92,,18.0,,7.46,4.5,False,,,ron thompson,,,,,,,,,,,,,,,,,,,,,,,,,,,,,,,,,,,,,,,,,,,,,,,,,,,,,,,
2016,shadrach thornton,RB,North Carolina State,6-0,217.0,4.75,31.0,12.0,116.0,6.85,4.21,False,,,shadrach thornton,2015.0,,,,,,,,,,,,,,,,,,,,,,,,,,,,,,,,,,,,,,,,,,,,,,,,,,30.0,39.0,3.0,203.0,6.8
2016,joe thuney,OT,North Carolina State,6-5,304.0,4.95,28.5,28.0,110.0,7.47,4.54,True,3.0,78.0,joe thuney,,,,,,,,,,,,,,,,,,,,,,,,,,,,,,,,,,,,,,,,,,,,,,,,,,,,,,,
2016,cole toner,OT,Harvard,6-5,306.0,5.32,26.0,22.0,103.0,7.88,4.59,True,5.0,170.0,cole toner,,,,,,,,,,,,,,,,,,,,,,,,,,,,,,,,,,,,,,,,,,,,,,,,,,,,,,,
2016,laquon treadwell,WR,Mississippi,6-2,221.0,4.52,33.0,12.0,117.0,,,True,1.0,23.0,laquon treadwell,2015.0,,,,,,,,,,,,,,,,,,,,,,,,,,,3.0,3.0,0.0,1.0,1.0,134.0,44.7,,,,,,,,,,,,58.0,82.0,11.0,1153.0,14.1,1.0,0.0,0.0,,
2016,sebastian tretola,OG,Arkansas,6-4,314.0,5.45,23.5,22.0,90.0,7.94,5.02,True,6.0,193.0,sebastian tretola,2014.0,,,,,,,,,,,,,,,,,,,,,,,,,,,1.0,1.0,0.0,1.0,1.0,6.0,6.0,,,,,,,,,,,,,,,,,,,,,
2016,max tuerk,C,USC,6-5,298.0,5.12,,22.0,,,,True,3.0,66.0,max tuerk,2013.0,,,,,,,,,,,,,,,1.0,1.0,1.0,0.0,1.0,,,,,,,,,,,,,,,,,,,,,,,,,,,,,,,,,,,
2016,laremy tunsil,OT,Mississippi,6-5,310.0,5.23,,,,,,True,1.0,13.0,laremy tunsil,2015.0,,,,,,,,,,,,,,,,,,,,,,,,,,,,,,,,,,,,,,,,,,,,,,,,,,1.0,2.0,1.0,2.0,2.0
2016,landon turner,OG,North Carolina,6-4,330.0,5.58,19.0,30.0,88.0,,,False,,,landon turner,,,,,,,,,,,,,,,,,,,,,,,,,,,,,,,,,,,,,,,,,,,,,,,,,,,,,,,
2016,soma vainuku,FB,USC,5-11,246.0,4.68,32.0,26.0,108.0,,,False,,,soma vainuku,2015.0,,,,,,,,,,,,,,,,,1.0,0.0,,,,,,,,,,,,,,,,,,,,,,,,,,,,,,,,2.0,3.0,1.0,4.0,2.0
2016,halapoulivaati vaitai,OT,TCU,6-6,320.0,5.26,29.0,23.0,113.0,8.26,5.0,True,5.0,164.0,halapoulivaati vaitai,,,,,,,,,,,,,,,,,,,,,,,,,,,,,,,,,,,,,,,,,,,,,,,,,,,,,,,
2016,vincent valentine,DT,Nebraska,6-4,329.0,5.19,29.0,17.0,110.0,8.03,4.59,True,3.0,96.0,vincent valentine,,,,,,,,,,,,,,,,,,,,,,,,,,,,,,,,,,,,,,,,,,,,,,,,,,,,,,,
2016,nick vannett,TE,Ohio State,6-6,257.0,4.76,30.5,17.0,111.0,7.05,4.2,True,3.0,94.0,nick vannett,2015.0,,,,,,,,,,,,,,,,,,,,,,,,,,,,,,,,,,,,,,,,,,,,,26.0,19.0,0.0,162.0,8.5,,,,,
2016,nick vigil,ILB,Utah State,6-2,239.0,4.72,31.5,,115.0,6.73,4.0,True,3.0,87.0,nick vigil,2015.0,,,,,,,,,,,,,,,,,,,,,,,,,,,,,,,,,,,,,,,,,,,,,,,,,,6.0,8.0,1.0,17.0,2.8
2016,dan vitale,FB,Northwestern,6-1,239.0,4.6,38.5,30.0,123.0,7.12,4.12,True,6.0,197.0,dan vitale,,,,,,,,,,,,,,,,,,,,,,,,,,,,,,,,,,,,,,,,,,,,,,,,,,,,,,,
2016,jihad ward,DT,Illinois,6-5,297.0,5.11,25.0,20.0,111.0,7.38,4.63,True,2.0,44.0,jihad ward,,,,,,,,,,,,,,,,,,,,,,,,,,,,,,,,,,,,,,,,,,,,,,,,,,,,,,,
2016,adolphus washington,DT,Ohio State,6-3,301.0,5.17,27.0,21.0,99.0,8.06,4.79,True,3.0,80.0,adolphus washington,2015.0,,,,,,,,,,,20.0,1.0,1.0,20.0,,,,,,,,,,,,,,,,,,,,,,,,,,,,,,,,,,,,,,,,
2016,deandre washington,RB,Texas Tech,5-8,204.0,4.49,34.5,24.0,116.0,7.03,4.2,True,5.0,143.0,deandre washington,2015.0,,,,,,,,,,,,,,,,,,,,,,,,,,,,,,,,,,,,,,,,,,,,,49.0,41.0,2.0,385.0,9.4,233.0,80.0,14.0,1492.0,6.4
2016,stephen weatherly,OLB,Vanderbilt,6-4,267.0,4.61,31.0,23.0,117.0,,,True,7.0,227.0,stephen weatherly,2014.0,,,,,,,,,,,,,,,,,,,,,,,,,,,,,,,,,,26.0,26.0,1.0,1.0,26.0,,,,,,,,,,,,,,,,
2016,carson wentz,QB,North Dakota State,6-5,237.0,4.77,30.5,,118.0,6.86,4.15,True,1.0,2.0,carson wentz,2014.0,,,,,,,,,,,,,,,,,,,,,,,,,,,28.0,18.0,0.0,0.643,0.0,204.0,7.3,,,,,,,,,,,,,,,,,8.0,20.0,0.0,38.0,4.8
2016,christian westerman,OG,Arizona State,6-3,298.0,5.12,,34.0,98.0,7.69,4.71,True,5.0,161.0,christian westerman,,,,,,,,,,,,,,,,,,,,,,,,,,,,,,,,,,,,,,,,,,,,,,,,,,,,,,,
2016,d.j. white,CB,Georgia Tech,5-11,193.0,4.49,33.0,17.0,132.0,7.18,4.33,True,6.0,178.0,dj white,2015.0,,,,,,,,,,,0.0,2.0,0.0,0.0,,,,,,,,,,,,,,,,,,,,,,,,,,,,,,,,,,,,,,,,
2016,cody whitehair,OT,Kansas State,6-4,301.0,5.02,25.5,16.0,110.0,7.32,4.58,True,2.0,56.0,cody whitehair,,,,,,,,,,,,,,,,,,,,,,,,,,,,,,,,,,,,,,,,,,,,,,,,,,,,,,,
2016,brandon wilds,RB,South Carolina,6-1,220.0,4.54,36.5,21.0,118.0,7.08,4.33,False,,,brandon wilds,2015.0,,,,,,,,,,,,,,,,,,,,,,,,,,,,,,,,,,,,,,,,,,,,,20.0,17.0,0.0,142.0,8.4,123.0,43.0,3.0,567.0,4.6
2016,brandon williams,CB,Texas A&M,5-11,197.0,4.37,30.5,18.0,118.0,6.85,4.19,True,3.0,92.0,brandon williams,2016.0,0.0,0.0,0.0,14.0,0.0,1.0,17.0,,,,0.0,1.0,0.0,0.0,,,,,,,,,,,,,,,,,,,,,,,,,,,,,,,,,,,,,,,,
2016,bryce williams,TE,East Carolina,6-6,257.0,4.94,29.5,19.0,111.0,7.19,4.53,False,,,bryce williams,2015.0,,,,,,,,,,,,,,,,,,,,,,,,,,,,,,,,,,,,,,,,,,,,,56.0,58.0,4.0,588.0,10.1,,,,,
2016,duke williams,WR,Auburn,6-2,229.0,4.72,30.0,14.0,121.0,7.43,4.47,False,,,duke williams,2011.0,,,,,,,,,,,0.0,2.0,0.0,0.0,41.4,56.0,18.0,0.0,372.0,,,,,,,,,,,,,,,,,,,,,,,,,,,,,,,,,,,
2016,jonathan williams,RB,Arkansas,5-11,220.0,4.56,,16.0,,,,True,5.0,156.0,jonathan williams,2014.0,,,,,,,,,,,,,,,,,,,,,,,,,,,1.0,0.0,0.0,0.0,0.0,0.0,0.0,,,,,,,,,,,,69.0,19.0,2.0,169.0,18.9,211.0,90.0,12.0,1190.0,5.6
2016,de'runnya wilson,WR,Mississippi State,6-5,224.0,4.85,28.0,,113.0,,,False,,,derunnya wilson,2015.0,,,,,,,,,,,,,,,,,,,,,,,,,,,,,,,,,,,,,,,,,,,,,63.0,60.0,10.0,918.0,15.3,,,,,
2016,josh woodrum,QB,Liberty,6-3,231.0,4.8,31.0,,116.0,6.74,4.31,False,,,josh woodrum,2015.0,,,,,,,,,,,,,,,,,,,,,,,,,,,64.0,46.0,0.0,0.719,1.0,519.0,8.1,,,,,,,,,,,,,,,,,10.0,36.0,0.0,52.0,5.2
2016,antwaun woods,DL,USC,6-0,318.0,5.18,,,,,,False,,,antwaun woods,,,,,,,,,,,,,,,,,,,,,,,,,,,,,,,,,,,,,,,,,,,,,,,,,,,,,,,
2016,daryl worley,CB,West Virginia,6-1,204.0,4.64,35.5,14.0,123.0,6.98,4.15,True,3.0,77.0,daryl worley,2015.0,,,,,,,,,,,0.0,6.0,0.0,0.0,,,,,,,,,,,,,,,,,,,,,,,,,,,,,,,,,,,,,,,,
2016,connor wujciak,DT,Boston Col.,6-2,291.0,4.91,34.5,22.0,117.0,7.32,4.27,False,,,connor wujciak,,,,,,,,,,,,,,,,,,,,,,,,,,,,,,,,,,,,,,,,,,,,,,,,,,,,,,,
2016,avery young,OT,Auburn,6-5,328.0,5.39,,,,8.22,4.91,False,,,avery young,,,,,,,,,,,,,,,,,,,,,,,,,,,,,,,,,,,,,,,,,,,,,,,,,,,,,,,
2016,tavon young,CB,Temple,5-9,183.0,4.46,34.5,9.0,118.0,6.8,3.93,True,4.0,104.0,tavon young,2014.0,,,,,,,,,,,38.3,4.0,1.0,153.0,,,,,,,,,,,,,,,,,,,,,,,,,,,,,,,,,,,,,,,,
2016,anthony zettel,DT,Penn State,6-4,277.0,4.81,30.5,28.0,109.0,7.63,4.39,True,6.0,202.0,anthony zettel,2014.0,,,,,,,,,,,17.3,3.0,1.0,52.0,,,,,,,,,,,,,,,,,,,,,,,,,,,,,,,,,,,,,,,,
2017,jamal adams,S,LSU,6-0,214.0,4.56,31.5,18.0,120.0,6.96,4.13,True,1.0,6.0,jamal adams,2016.0,4.0,1.0,1.0,42.0,0.0,7.5,76.0,0.0,0.0,1.0,0.0,1.0,0.0,0.0,,,,,,,,,,,,,,,,,,,,,,,,,,,,,,,,,,,,,,,,
2017,montravius adams,DT,Auburn,6-4,304.0,4.87,29.0,22.0,108.0,7.62,4.89,True,3.0,93.0,montravius adams,2016.0,2.0,15.0,4.5,26.0,0.0,8.5,44.0,0.0,0.0,2.0,7.0,1.0,0.0,7.0,,,,,,,,,,,,,,,,,,,,,,,,,,,,,,,,,,,,,,,,
2017,rodney adams,WR,South Florida,6-1,189.0,4.44,29.5,8.0,125.0,6.98,4.28,True,5.0,170.0,rodney adams,2016.0,0.0,0.0,0.0,1.0,0.0,0.0,1.0,6.0,3.0,0.0,,,,,24.3,52.0,22.0,0.0,534.0,,,,,,,,,,,,,,,,,,,,,,,,,,84.0,67.0,5.0,822.0,12.3,23.0,92.0,5.0,231.0,10.0
2017,quincy adeboyejo,WR,Mississippi,6-3,197.0,4.42,34.5,8.0,123.0,6.73,4.14,False,,,quincy adeboyejo,2016.0,0.0,0.0,0.0,1.0,0.0,0.0,1.0,,,,,,,,,,,,,,,,,,,,,,,,,,,,,,,,,,,,,,30.0,35.0,1.0,456.0,13.0,,,,,
2017,brian allen,CB,Utah,6-3,215.0,4.48,34.5,15.0,117.0,6.64,4.34,True,5.0,173.0,brian allen,2016.0,12.0,0.0,2.0,54.0,0.0,9.0,70.0,,,,0.0,8.0,0.0,0.0,,,,,,,,,,,,,,,,,,,,,,,,,,,,,,,,,,,,,,,,
2017,jonathan allen,DT,Alabama,6-3,286.0,5.0,30.0,21.0,108.0,7.49,4.5,True,1.0,17.0,jonathan allen,2016.0,2.0,15.0,10.5,33.0,0.0,16.0,69.0,0.0,0.0,2.0,,,,,,,,,,,,,,,,,,,,,,,,,,,,,,,,,,,,,,,,,,,,
2017,ryan anderson,OLB,Alabama,6-2,253.0,4.78,,,,,,True,2.0,49.0,ryan anderson,2017.0,,,,,,,,,,,,,,,,,,,,,,,,,,,,,,,,,,,,,,,0.0,70.0,79.0,0.0,3508.0,44.4,,,,,,,,,,
2017,alex anzalone,OLB,Florida,6-3,241.0,4.63,30.5,16.0,116.0,6.88,4.25,True,3.0,76.0,alex anzalone,2016.0,2.0,6.0,3.0,22.0,0.0,4.0,53.0,0.0,0.0,1.0,,,,,,,,,,,,,,,,,,,,,,,,,,,,,,,,,,,,,,,,,,,,
2017,isaac asiata,OG,Utah,6-3,323.0,5.34,25.5,35.0,102.0,7.83,4.93,True,5.0,164.0,isaac asiata,2016.0,0.0,0.0,0.0,1.0,0.0,0.0,1.0,,,,,,,,,,,,,,,,,,,,,,,,,,,,,,,,,,,,,,,,,,,0.0,0.0,1.0,0.0,0.0
2017,erik austell,OG,Charleston Southern,6-3,301.0,5.23,27.5,24.0,107.0,8.13,4.9,False,,,erik austell,,,,,,,,,,,,,,,,,,,,,,,,,,,,,,,,,,,,,,,,,,,,,,,,,,,,,,,
2017,chidobe awuzie,CB,Colorado,6-0,202.0,4.43,34.5,16.0,132.0,6.81,4.14,True,2.0,60.0,chidobe awuzie,2016.0,12.0,3.0,4.0,53.0,0.0,6.0,65.0,0.0,0.0,1.0,14.0,1.0,0.0,14.0,,,,,,,,,,,,,,,,,,,,,,,,,,,,,,,,,,,,,,,,
2017,budda baker,S,Washington,5-10,195.0,4.45,32.5,15.0,115.0,6.76,4.08,True,2.0,36.0,budda baker,2016.0,5.0,1.0,3.0,48.0,0.0,10.0,70.0,,,,9.0,2.0,0.0,18.0,,,,,,,,,,,,,,,,,,,,,,,,,,,,,,,,,,,,1.0,0.0,0.0,,
2017,toby baker,P,Arkansas,6-3,210.0,,,,,,,False,,,toby baker,2016.0,0.0,0.0,0.0,1.0,0.0,0.0,1.0,,,,,,,,,,,,,,,,,,,,,,,,,,,,,,,,0.0,60.0,57.0,0.0,2532.0,44.4,,,,,,,,,,
2017,zach banner,OG,USC,6-8,353.0,5.58,23.5,22.0,92.0,8.31,5.21,True,4.0,137.0,zach banner,2016.0,,,,,,,,,,,,,,,,,,,,,,,,,,,,,,,,,,,,,,,,,,,,,3.0,0.0,0.0,3.0,0.0,,,,,
2017,derek barnett,DE,Tennessee,6-3,259.0,4.88,31.0,,117.0,6.96,4.44,True,1.0,14.0,derek barnett,2016.0,5.0,16.0,13.0,40.0,0.0,19.0,56.0,,,,7.0,1.0,0.0,7.0,,,,,,,,,,,,,,,,,,,,,,,,,,,,,,,,,,,,,,,,
2017,tarell basham,DE,Ohio,6-4,269.0,4.7,31.5,15.0,119.0,7.27,4.35,True,3.0,80.0,tarell basham,2016.0,2.0,10.0,11.5,30.0,0.0,15.0,50.0,0.0,0.0,1.0,,,,,,,,,,,,,,,,,,,,,,,,,,,,,,,,,,,,,,,,,,,,
2017,c.j. beathard,QB,Iowa,6-2,219.0,,31.0,,113.0,,,True,3.0,104.0,cj beathard,2016.0,,,,,,,,3.0,0.0,0.0,,,,,,,,,,,,,,,,,301.0,170.0,10.0,0.565,17.0,1929.0,6.4,,,,,,0.0,36.0,2.0,0.0,70.0,35.0,,,,,,83.0,15.0,2.0,,
2017,kendell beckwith,ILB,LSU,6-2,243.0,,,20.0,,,,True,3.0,107.0,kendell beckwith,2016.0,4.0,1.0,1.0,33.0,0.0,6.0,91.0,0.0,0.0,1.0,,,,,,,,,,,,,,,,,,,,,,,,,,,,,,,,,,,,,,,,,,,,
2017,vince biegel,OLB,Wisconsin,6-3,246.0,4.67,33.5,21.0,118.0,6.92,4.3,True,4.0,108.0,vince biegel,2016.0,1.0,7.0,4.0,29.0,0.0,6.0,44.0,,,,,,,,,,,,,,,,,,,,,,,,,,,,,,,,,,,,,,,,,,,,,,,
2017,adam bisnowaty,OT,Pittsburgh,6-6,304.0,5.23,29.5,23.0,96.0,8.02,4.94,True,6.0,200.0,adam bisnowaty,,,,,,,,,,,,,,,,,,,,,,,,,,,,,,,,,,,,,,,,,,,,,,,,,,,,,,,
2017,garrett bolles,OT,Utah,6-5,297.0,4.95,28.0,,115.0,7.29,4.55,True,1.0,20.0,garrett bolles,,,,,,,,,,,,,,,,,,,,,,,,,,,,,,,,,,,,,,,,,,,,,,,,,,,,,,,
2017,ben boulware,ILB,Clemson,6-0,238.0,,29.5,20.0,111.0,7.02,4.43,False,,,ben boulware,2016.0,2.0,0.0,4.0,58.0,0.0,11.5,116.0,0.0,0.0,1.0,0.0,1.0,0.0,0.0,,,,,,,,,,,,,,,,,,,,,,,,,,,,,,,,,,,,,,,,
2017,kendrick bourne,WR,East. Washington,6-1,203.0,4.68,34.0,9.0,125.0,6.73,4.21,False,,,kendrick bourne,2016.0,,,,,,,,,,,,,,,2.0,2.0,1.0,0.0,2.0,,,,,,,,,,,,,,,,,,,,,,,,,,26.0,7.0,0.0,87.0,12.4,1.0,4.0,0.0,4.0,4.0
2017,tashawn bower,OLB,LSU,6-5,250.0,4.82,31.5,20.0,121.0,7.2,4.37,False,,,tashawn bower,2016.0,1.0,5.0,4.0,12.0,0.0,5.5,23.0,,,,,,,,,,,,,,,,,,,,,,,,,,,,,,,,,,,,,,,,,,,,,,,
2017,tyus bowser,OLB,Houston,6-3,247.0,4.65,37.5,21.0,127.0,6.75,,True,2.0,47.0,tyus bowser,2016.0,4.0,9.0,8.5,27.0,0.0,12.0,47.0,,,,,,,,,,,,,,,,,,,,,,,,,,,,,,,,,,,,,,,,,,,,,,,
2017,ben braden,OG,Michigan,6-6,329.0,5.04,28.0,25.0,102.0,7.85,4.9,False,,,ben braden,,,,,,,,,,,,,,,,,,,,,,,,,,,,,,,,,,,,,,,,,,,,,,,,,,,,,,,
2017,caleb brantley,DT,Florida,6-3,307.0,5.14,27.0,21.0,105.0,7.66,4.62,True,6.0,185.0,caleb brantley,2016.0,0.0,3.0,2.5,16.0,0.0,9.5,31.0,,,,,,,,,,,,,,,,,,,,,,,,,,,,,,,,,,,,,,,,,,,,,,,
2017,billy brown,TE,Shepherd,6-3,254.0,4.7,29.0,23.0,118.0,,,False,,,billy brown,,,,,,,,,,,,,,,,,,,,,,,,,,,,,,,,,,,,,,,,,,,,,,,,,,,,,,,
2017,blair brown,ILB,Ohio,5-11,238.0,4.65,37.0,,124.0,6.92,4.18,True,5.0,148.0,blair brown,2016.0,0.0,0.0,4.5,71.0,0.0,14.5,128.0,,,,,,,,,,,,,,,,,,,,,,,,,,,,,,,,,,,,,,,,,,,,,,,
2017,fadol brown,DE,Mississippi,6-4,273.0,4.94,34.0,19.0,115.0,7.24,4.44,False,,,fadol brown,2016.0,0.0,1.0,2.5,13.0,0.0,5.5,39.0,,,,,,,,,,,,,,,,,,,,,,,,,,,,,,,,,,,,,,,,,,,,,,,
2017,jayon brown,ILB,UCLA,6-0,231.0,4.7,31.5,17.0,120.0,,,True,5.0,155.0,jayon brown,2016.0,6.0,1.0,2.5,69.0,0.0,7.0,119.0,0.0,0.0,2.0,10.7,3.0,0.0,32.0,,,,,,,,,,,,,,,,,,,,,,,,,,,,,,,,,,,,,,,,
2017,noah brown,WR,Ohio State,6-2,222.0,,,19.0,,7.07,4.33,True,7.0,239.0,noah brown,2016.0,1.0,4.0,2.0,9.0,0.0,4.5,25.0,0.0,0.0,1.0,,,,,,,,,,,,,,,,,,,,,,,,,,,,,,,,,,,37.0,32.0,7.0,402.0,12.6,,,,,
2017,pharaoh brown,TE,Oregon,6-6,255.0,,34.0,24.0,,,,False,,,pharaoh brown,2016.0,,,,,,,,,,,,,,,,,,,,,,,,,,,,,,,,,,,,,,,,,,,,,72.0,33.0,5.0,426.0,12.9,,,,,
2017,daniel brunskill,OT,San Diego State,6-5,273.0,,28.0,17.0,106.0,7.9,4.84,False,,,daniel brunskill,2016.0,0.0,0.0,0.0,0.0,0.0,0.0,1.0,,,,,,,,,,,,,,,,,,,,,,,,,,,,,,,,,,,,,,,,,,,,,,,
2017,collin buchanan,OT,Miami (OH),6-5,316.0,,25.0,23.0,97.0,,,False,,,collin buchanan,,,,,,,,,,,,,,,,,,,,,,,,,,,,,,,,,,,,,,,,,,,,,,,,,,,,,,,
2017,riley bullough,ILB,Michigan State,6-2,226.0,,31.5,20.0,116.0,,,False,,,riley bullough,2016.0,0.0,7.0,0.0,20.0,0.0,6.5,76.0,,,,,,,,,,,,,,,,,,,,,,,,,,,,,,,,,,,,,,,,,,,,,,,
2017,harrison butker,K,Georgia Tech,6-4,199.0,,,,,,,True,7.0,233.0,harrison butker,2016.0,,,,,,,,,,,,,,,,,,,,17.0,15.0,52.0,0.882,91.0,46.0,46.0,,,,,,,,,,,,,,,,,,,,,,,,,,,,
2017,jake butt,TE,Michigan,6-5,246.0,,,,,,,True,5.0,145.0,jake butt,2016.0,,,,,,,,1.0,0.0,0.0,,,,,,,,,,,,,,,,,,,,,,,,,,,,,,,,,,,37.0,46.0,4.0,546.0,11.9,,,,,
2017,k.d. cannon,WR,Baylor,5-11,182.0,4.41,37.0,13.0,119.0,,,False,,,kd cannon,2016.0,0.0,0.0,0.0,1.0,0.0,0.0,1.0,,,,,,,,,,,,,,,,,,,,,,,,,,,,,,,,,,,,,,68.0,87.0,13.0,1215.0,14.0,,,,,
2017,josh carraway,DE,TCU,6-3,242.0,4.74,29.5,25.0,120.0,7.2,4.44,True,7.0,227.0,josh carraway,2016.0,0.0,5.0,8.0,25.0,0.0,11.0,49.0,,,,,,,,,,,,,,,,,,,,,,,,,,,,,,,,,,,,,,,,,,,,,,,
2017,chris carson,RB,Oklahoma State,6-0,218.0,4.58,37.0,23.0,130.0,,,True,7.0,249.0,chris carson,2016.0,,,,,,,,1.0,0.0,0.0,,,,,,,,,,,,,,,,,2.0,1.0,0.0,0.5,0.0,24.0,12.0,,,,,,,,,,,,18.0,13.0,1.0,128.0,9.8,82.0,26.0,9.0,559.0,6.8
2017,cethan carter,TE,Nebraska,6-3,241.0,4.68,,19.0,,,,False,,,cethan carter,2016.0,0.0,0.0,0.0,1.0,0.0,0.0,1.0,,,,,,,,,,,,,,,,,,,,,,,,,,,,,,,,,,,,,,33.0,19.0,1.0,190.0,10.0,3.0,16.0,0.0,34.0,11.3
2017,jamal carter,S,Miami (FL),6-1,218.0,4.64,35.0,19.0,122.0,,,False,,,jamal carter,2016.0,3.0,0.0,0.0,53.0,0.0,1.0,85.0,,,,,,,,,,,,,,,,,,,,,,,,,,,,,,,,,,,,,,,,,,,,,,,
2017,taco charlton,DE,Michigan,6-6,277.0,4.92,33.0,25.0,116.0,7.17,4.39,True,1.0,28.0,taco charlton,2016.0,2.0,8.0,9.5,20.0,0.0,13.0,39.0,,,,,,,,,,,,,,,,,,,,,,,,,,,,,,,,,,,,,,,,,,,,,,,
2017,jehu chesson,WR,Michigan,6-3,204.0,4.47,35.5,10.0,132.0,6.7,4.09,True,4.0,139.0,jehu chesson,2016.0,0.0,0.0,0.0,0.0,0.0,0.0,1.0,1.0,1.0,0.0,,,,,,,,,,,,,,,,,,,,,,,,,,,,,,,,,,,40.0,35.0,2.0,500.0,14.3,12.0,17.0,1.0,63.0,5.3
2017,chuck clark,S,Virginia Tech,6-0,208.0,4.54,34.0,16.0,122.0,6.85,4.07,True,6.0,186.0,chuck clark,2016.0,2.0,0.0,0.0,50.0,0.0,2.5,93.0,,,,,,,,,,,,,,,,,,,,,,,,,,,,,,,,,,,,,,,,,,,,,,,
2017,jeremy clark,CB,Michigan,6-3,220.0,,,20.0,,,,True,6.0,197.0,jeremy clark,2017.0,0.0,0.0,0.0,1.0,0.0,0.0,2.0,,,,,,,,,,,,,,,,,,,,,,,,,,,,,,,,,,,,,,,,,,,,,,,
2017,corey clement,RB,Wisconsin,5-10,220.0,4.68,28.5,19.0,115.0,,,False,,,corey clement,2016.0,0.0,0.0,0.0,0.0,0.0,0.0,1.0,5.0,2.0,0.0,,,,,4.0,4.0,1.0,0.0,4.0,,,,,,,,1.0,0.0,0.0,0.0,0.0,0.0,0.0,14.0,24.0,2.0,0.0,28.0,,,,,,,26.0,12.0,0.0,132.0,11.0,314.0,68.0,15.0,1375.0,4.4
2017,chunky clements,DT,Illinois,6-2,301.0,,,23.0,,,,False,,,chunky clements,2016.0,1.0,1.0,3.5,14.0,0.0,7.0,36.0,,,,,,,,,,,,,,,,,,,,,,,,,,,,,,,,,,,,,,,,,,,,,,,
2017,tarik cohen,RB,North Carolina A&T,5-6,179.0,4.42,31.5,11.0,118.0,,,True,4.0,119.0,tarik cohen,2016.0,,,,,,,,1.0,1.0,0.0,,,,,,,,,,,,,,,,,,,,,,,,,,,,,,,,,,,39.0,9.0,0.0,125.0,13.9,28.0,25.0,1.0,149.0,5.3
2017,stacy coley,WR,Miami (FL),6-1,195.0,4.45,34.0,10.0,122.0,,,True,7.0,219.0,stacy coley,2016.0,0.0,0.0,0.0,3.0,0.0,0.0,4.0,,,,,,,,,,,,,,,,,,,,,,,,,,,,,,,,,,,,,,55.0,63.0,9.0,754.0,12.0,,,,,
2017,aviante collins,OG,TCU,6-4,295.0,4.81,,34.0,,,,False,,,aviante collins,,,,,,,,,,,,,,,,,,,,,,,,,,,,,,,,,,,,,,,,,,,,,,,,,,,,,,,
2017,gareon conley,CB,Ohio State,6-0,195.0,4.44,37.0,11.0,129.0,6.68,4.18,True,1.0,24.0,gareon conley,2016.0,8.0,0.0,0.0,21.0,0.0,0.0,26.0,,,,0.0,4.0,0.0,0.0,,,,,,,,,,,,,,,,,,,,,,,,,,,,,,,,,,,,,,,,
2017,james conner,RB,Pittsburgh,6-1,233.0,4.65,29.0,20.0,113.0,,,True,3.0,105.0,james conner,2016.0,0.0,0.0,0.0,0.0,0.0,0.0,1.0,1.0,1.0,0.0,,,,,,,,,,,,,,,,,,,,,,,,,,,,,,,,,,,55.0,21.0,4.0,302.0,14.4,216.0,40.0,16.0,1092.0,5.1
2017,dalvin cook,RB,Florida State,5-10,210.0,4.49,30.5,22.0,116.0,7.27,4.53,True,2.0,41.0,dalvin cook,2016.0,0.0,0.0,0.0,1.0,0.0,0.0,2.0,6.0,4.0,0.0,,,,,,,,,,,,,,,,,,,,,,,,,,,,,,,,,,,59.0,33.0,1.0,488.0,14.8,288.0,75.0,19.0,1765.0,6.1
2017,ethan cooper,OG,Indiana (PA),6-2,322.0,5.36,24.5,26.0,99.0,8.02,4.88,False,,,ethan cooper,,,,,,,,,,,,,,,,,,,,,,,,,,,,,,,,,,,,,,,,,,,,,,,,,,,,,,,
2017,zach cunningham,OLB,Vanderbilt,6-3,234.0,4.67,35.0,15.0,125.0,7.03,4.29,True,2.0,57.0,zach cunningham,2016.0,3.0,1.0,0.0,71.0,0.0,16.5,125.0,0.0,0.0,4.0,,,,,,,,,,,,,,,,,,,,,,,,,,,,,,,,,,,,,,,,,,,,
2017,darrell daniels,TE,Washington,6-3,247.0,4.55,32.0,17.0,116.0,7.09,4.47,False,,,darrell daniels,2016.0,,,,,,,,,,,,,,,,,,,,,,,,,,,,,,,,,,,,,,,,,,,,,50.0,17.0,3.0,307.0,18.1,,,,,
2017,amara darboh,WR,Michigan,6-2,214.0,4.45,36.0,17.0,124.0,,,True,3.0,106.0,amara darboh,2016.0,,,,,,,,,,,,,,,,,,,,,,,,,,,,,,,,,,,,,,,,,,,,,46.0,57.0,7.0,862.0,15.1,,,,,
2017,julien davenport,OT,Bucknell,6-7,318.0,5.45,27.0,18.0,106.0,7.57,4.69,False,,,julien davenport,,,,,,,,,,,,,,,,,,,,,,,,,,,,,,,,,,,,,,,,,,,,,,,,,,,,,,,
2017,corey davis,WR,West. Michigan,6-3,209.0,,,,,,,True,1.0,5.0,corey davis,2016.0,0.0,0.0,0.0,1.0,0.0,0.0,1.0,,,,,,,,0.0,0.0,1.0,0.0,0.0,,,,,,,,,,,,,,,,,,,,,,,,,,70.0,97.0,19.0,1500.0,15.5,1.0,0.0,0.0,0.0,0.0
2017,jarrad davis,ILB,Florida,6-1,238.0,,,,,,,True,1.0,21.0,jarrad davis,2016.0,4.0,5.0,2.0,29.0,0.0,6.0,60.0,,,,,,,,,,,,,,,,,,,,,,,,,,,,,,,,,,,,,,,,,,,,,,,
2017,justin davis,RB,USC,6-1,208.0,,,21.0,,,,False,,,justin davis,2016.0,,,,,,,,3.0,2.0,0.0,,,,,,,,,,,,,,,,,,,,,,,,,,,,,,,,,,,27.0,14.0,0.0,112.0,8.0,110.0,50.0,2.0,607.0,5.5
2017,kevin davis,ILB,Colorado State,6-2,235.0,4.91,30.5,11.0,110.0,7.18,4.38,False,,,kevin davis,2016.0,2.0,4.0,3.0,66.0,0.0,10.5,110.0,0.0,0.0,1.0,0.0,1.0,0.0,0.0,,,,,,,,,,,,,,,,,,,,,,,,,,,,,,,5.0,1.0,0.0,5.0,5.0,,,,,
2017,keionta davis,DE,Tenn-Chattanooga,6-3,271.0,,,,,,,False,,,keionta davis,,,,,,,,,,,,,,,,,,,,,,,,,,,,,,,,,,,,,,,,,,,,,,,,,,,,,,,
2017,robert davis,WR,Georgia State,6-3,219.0,4.44,41.0,19.0,136.0,6.82,4.28,True,6.0,209.0,robert davis,2016.0,0.0,0.0,0.0,1.0,0.0,0.0,1.0,1.0,1.0,0.0,,,,,,,,,,,,,,,,,,,,,,,,,,,,,,,,,,,65.0,67.0,5.0,968.0,14.4,,,,,
2017,dion dawkins,OG,Temple,6-4,314.0,5.11,26.0,26.0,106.0,7.3,4.78,True,2.0,63.0,dion dawkins,2016.0,,,,,,,,,,,,,,,,,,,,,,,,,,,,,,,,,,,,,,,,,,,,,,,,,,0.0,4.0,0.0,4.0,0.0
2017,matthew dayes,RB,North Carolina State,5-9,205.0,4.47,28.0,18.0,109.0,,,True,7.0,252.0,matthew dayes,2016.0,0.0,0.0,0.0,3.0,0.0,0.0,3.0,3.0,3.0,0.0,,,,,,,,,,,,,,,,,,,,,,,,,,,,,,,,,,,38.0,32.0,0.0,267.0,8.3,249.0,54.0,10.0,1166.0,4.7
2017,treston decoud,CB,Oregon State,6-2,206.0,4.62,31.0,11.0,116.0,,,True,5.0,169.0,treston decoud,2016.0,10.0,0.0,0.0,46.0,0.0,2.0,58.0,,,,44.0,2.0,0.0,88.0,,,,,,,,,,,,,,,,,,,,,,,,,,,,,,,,,,,,,,,,
2017,j.j. dielman,OT,Utah,6-5,309.0,,,27.0,,,,True,5.0,176.0,jj dielman,,,,,,,,,,,,,,,,,,,,,,,,,,,,,,,,,,,,,,,,,,,,,,,,,,,,,,,
2017,joshua dobbs,QB,Tennessee,6-3,216.0,4.64,33.0,,122.0,6.75,4.31,True,4.0,135.0,joshua dobbs,2016.0,,,,,,,,10.0,4.0,0.0,,,,,,,,,,,,,,,,,357.0,225.0,12.0,0.63,27.0,2946.0,8.3,,,,,,,,,,,,4.0,1.0,1.0,4.0,4.0,150.0,70.0,12.0,831.0,5.5
2017,dylan donahue,OLB,West Georgia,6-3,248.0,4.75,29.5,26.0,116.0,7.02,4.46,True,5.0,181.0,dylan donahue,,,,,,,,,,,,,,,,,,,,,,,,,,,,,,,,,,,,,,,,,,,,,,,,,,,,,,,
2017,rasul douglas,CB,West Virginia,6-2,209.0,4.59,33.5,16.0,120.0,6.97,4.26,True,3.0,99.0,rasul douglas,2016.0,8.0,0.0,1.0,49.0,1.0,3.5,70.0,,,,12.6,8.0,1.0,101.0,,,,,,,,,,,,,,,,,,,,,,,,,,,,,,,,,,,,,,,,
2017,jessamen dunker,OG,Tennessee State,6-4,318.0,4.98,28.5,23.0,108.0,,,False,,,jessamen dunker,,,,,,,,,,,,,,,,,,,,,,,,,,,,,,,,,,,,,,,,,,,,,,,,,,,,,,,
2017,malachi dupre,WR,LSU,6-2,196.0,4.52,39.5,11.0,135.0,7.19,4.26,True,7.0,247.0,malachi dupre,2016.0,,,,,,,,,,,,,,,,,,,,,,,,,,,1.0,0.0,0.0,0.0,0.0,0.0,0.0,,,,,,,,,,,,63.0,41.0,3.0,593.0,14.5,,,,,
2017,travin dural,WR,LSU,6-1,202.0,4.57,30.5,,116.0,7.29,4.55,False,,,travin dural,2016.0,,,,,,,,,,,,,,,,,,,,,,,,,,,,,,,,,,,,,,,,,,,,,21.0,28.0,1.0,280.0,10.0,1.0,0.0,0.0,,
2017,ken ekanem,DE,Virginia Tech,6-3,257.0,4.88,30.5,,115.0,7.38,4.58,False,,,ken ekanem,2016.0,2.0,11.0,7.5,20.0,0.0,10.0,36.0,,,,,,,,,,,,,,,,,,,,,,,,,,,,,,,,,,,,,,,,,,,,,,,
2017,corn elder,CB,Miami (FL),5-10,183.0,4.55,,,,,,True,5.0,152.0,corn elder,2016.0,12.0,1.0,3.0,55.0,0.0,4.5,76.0,0.0,0.0,1.0,2.0,1.0,0.0,2.0,,,,,,,,,,,,,,,,,,,,,,,,,,,,,,,,,,,,,,,,
2017,pat elflein,C,Ohio State,6-3,303.0,5.32,23.5,22.0,99.0,7.94,4.71,True,3.0,70.0,pat elflein,,,,,,,,,,,,,,,,,,,,,,,,,,,,,,,,,,,,,,,,,,,,,,,,,,,,,,,
2017,jake elliott,K,Memphis,5-9,167.0,4.79,,,,,,True,5.0,153.0,jake elliott,2016.0,,,,,,,,,,,,,,,,,,,,26.0,21.0,50.0,0.808,121.0,58.0,58.0,,,,,,,,,,,,,,,,,,,,,,,,,,,,
2017,brooks ellis,ILB,Arkansas,6-2,240.0,4.79,29.5,18.0,115.0,6.8,4.25,False,,,brooks ellis,2016.0,5.0,3.0,1.0,38.0,1.0,7.0,83.0,0.0,0.0,1.0,47.0,1.0,1.0,47.0,,,,,,,,,,,,,,,,,,,,,,,,,,,,,,,,,,,,,,,,
2017,jermaine eluemunor,OG,Texas A&M,6-4,332.0,5.22,,34.0,,,,True,5.0,159.0,jermaine eluemunor,,,,,,,,,,,,,,,,,,,,,,,,,,,,,,,,,,,,,,,,,,,,,,,,,,,,,,,
2017,evan engram,TE,Mississippi,6-3,234.0,4.42,36.0,19.0,125.0,6.92,4.23,True,1.0,23.0,evan engram,2016.0,,,,,,,,,,,,,,,,,,,,,,,,,,,,,,,,,,,,,,,,,,,,,63.0,65.0,8.0,926.0,14.2,,,,,
2017,amba etta-tawo,WR,Syracuse,6-1,208.0,4.49,31.0,14.0,126.0,6.95,4.32,False,,,amba ettatawo,2016.0,0.0,0.0,0.0,2.0,0.0,0.0,2.0,,,,,,,,,,,,,,,,,,,,,,,,,,,,,,,,,,,,,,81.0,94.0,14.0,1482.0,15.8,,,,,
2017,jerod evans,QB,Virginia Tech,6-3,232.0,4.8,26.5,,112.0,,4.41,False,,,jerod evans,2016.0,,,,,,,,10.0,7.0,0.0,,,,,,,,,,,,,,,,,422.0,268.0,8.0,0.635,29.0,3552.0,8.4,,,,,,,,,,,,,,,,,204.0,55.0,12.0,846.0,4.1
2017,justin evans,S,Texas A&M,6-0,199.0,,,14.0,,,,True,2.0,50.0,justin evans,2016.0,8.0,0.0,0.0,53.0,0.0,5.0,88.0,,,,0.0,4.0,0.0,0.0,28.5,90.0,15.0,0.0,428.0,,,,,,,,,,,,,,,,,,,,,,,,,,,,,,,,,,,
2017,gerald everett,TE,South Alabama,6-3,239.0,4.62,37.5,22.0,126.0,6.99,4.33,True,2.0,44.0,gerald everett,2016.0,1.0,0.0,0.0,0.0,0.0,0.0,1.0,1.0,0.0,0.0,,,,,,,,,,,,,,,,,,,,,,,,,,,,,,,,,,,79.0,49.0,4.0,717.0,14.6,,,,,
2017,dan feeney,OG,Indiana,6-4,305.0,5.24,28.0,26.0,101.0,7.52,4.68,True,3.0,71.0,dan feeney,,,,,,,,,,,,,,,,,,,,,,,,,,,,,,,,,,,,,,,,,,,,,,,,,,,,,,,
2017,devonte fields,OLB,Louisville,6-2,236.0,4.72,34.0,,124.0,7.4,4.5,False,,,devonte fields,2016.0,3.0,10.0,6.0,24.0,0.0,9.0,45.0,,,,0.0,1.0,0.0,0.0,,,,,,,,,,,,,,,,,,,,,,,,,,,,,,,,,,,,,,,,
2017,isaiah ford,WR,Virginia Tech,6-1,194.0,4.61,35.5,14.0,127.0,6.94,4.34,True,7.0,237.0,isaiah ford,2016.0,,,,,,,,,,,,,,,,,,,,,,,,,,,1.0,0.0,0.0,0.0,0.0,0.0,0.0,,,,,,,,,,,,53.0,79.0,7.0,1094.0,13.8,6.0,26.0,0.0,33.0,5.5
2017,johnathan ford,S,Auburn,5-11,205.0,,,20.0,,,,True,6.0,208.0,johnathan ford,,,,,,,,,,,,,,,,,,,,,,,,,,,,,,,,,,,,,,,,,,,,,,,,,,,,,,,
2017,d'onta foreman,RB,Texas,6-0,233.0,,,18.0,,,,True,3.0,89.0,donta foreman,2016.0,0.0,0.0,0.0,1.0,0.0,0.0,1.0,6.0,6.0,0.0,,,,,,,,,,,,,,,,,,,,,,,,,,,,,,,,,,,21.0,7.0,0.0,75.0,10.7,323.0,74.0,15.0,2028.0,6.3
2017,reuben foster,ILB,Alabama,6-0,229.0,,,,,,,True,1.0,31.0,reuben foster,2016.0,2.0,7.0,5.0,60.0,0.0,13.0,115.0,,,,,,,,,,,,,,,,,,,,,,,,,,,,,,,,,,,,,,,,,,,,,,,
2017,leonard fournette,RB,LSU,6-0,240.0,4.51,28.5,,,,,True,1.0,4.0,leonard fournette,2016.0,0.0,0.0,0.0,1.0,0.0,0.0,1.0,3.0,2.0,0.0,,,,,,,,,,,,,,,,,1.0,0.0,0.0,0.0,0.0,0.0,0.0,,,,,,,,,,,,38.0,15.0,0.0,146.0,9.7,129.0,78.0,8.0,843.0,6.5
2017,kyle fuller,C,Baylor,6-5,307.0,5.24,26.0,23.0,96.0,7.71,4.84,True,7.0,243.0,kyle fuller,2013.0,,,,,,,,,,,8.0,4.0,0.0,16.0,,,,,,,,,,,,,,,,,,,,46.0,46.0,2.0,0.0,46.0,,,,,,,,,,,,,,,,
2017,wayne gallman,RB,Clemson,6-0,215.0,4.6,29.5,21.0,120.0,7.17,4.28,True,4.0,140.0,wayne gallman,2016.0,,,,,,,,2.0,2.0,0.0,,,,,,,,,,,,,,,,,,,,,,,,,,,,,,,,,,,18.0,20.0,0.0,152.0,7.6,232.0,59.0,17.0,1133.0,4.9
2017,antonio garcia,OT,Troy,6-6,302.0,5.15,31.0,24.0,108.0,7.98,4.94,True,3.0,85.0,antonio garcia,2016.0,0.0,0.0,0.0,1.0,0.0,0.0,1.0,,,,,,,,,,,,,,,,,,,,,,,,,,,,,,,,,,,,,,,,,,,,,,,
2017,myles garrett,DE,Texas A&M,6-4,272.0,4.64,41.0,33.0,128.0,,,True,1.0,1.0,myles garrett,2016.0,2.0,9.0,8.5,18.0,0.0,15.0,33.0,0.0,0.0,1.0,,,,,,,,,,,,,,,,,,,,,,,,,,,,,,,,,,,,,,,,,,,,
2017,davon gaudchaux,DT,LSU,6-3,310.0,5.27,,18.0,,,,True,5.0,178.0,davon gaudchaux,,,,,,,,,,,,,,,,,,,,,,,,,,,,,,,,,,,,,,,,,,,,,,,,,,,,,,,
2017,ben gedeon,ILB,Michigan,6-2,244.0,4.75,34.5,27.0,119.0,6.98,4.13,True,4.0,120.0,ben gedeon,2016.0,2.0,2.0,4.5,39.0,0.0,15.0,94.0,1.0,0.0,0.0,,,,,,,,,,,,,,,,,,,,,,,,,,,,,,,,,,,,,,,,1.0,0.0,0.0,,
2017,avery gennesy,OG,Texas A&M,6-3,318.0,5.35,20.0,24.0,91.0,8.08,5.0,False,,,avery gennesy,,,,,,,,,,,,,,,,,,,,,,,,,,,,,,,,,,,,,,,,,,,,,,,,,,,,,,,
2017,nate gerry,S,Nebraska,6-2,218.0,4.58,30.5,17.0,122.0,,,True,5.0,184.0,nate gerry,,,,,,,,,,,,,,,,,,,,,,,,,,,,,,,,,,,,,,,,,,,,,,,,,,,,,,,
2017,shelton gibson,WR,West Virginia,5-11,191.0,4.5,32.0,8.0,118.0,6.83,4.2,True,5.0,166.0,shelton gibson,2016.0,0.0,0.0,0.0,1.0,0.0,0.0,1.0,,,,,,,,21.8,51.0,29.0,0.0,633.0,,,,,,,,,,,,,,,,,,,,,,,,,,71.0,43.0,8.0,951.0,22.1,2.0,25.0,0.0,29.0,14.5
2017,ryan glasgow,DT,Michigan,6-3,302.0,5.13,27.5,20.0,105.0,7.55,4.5,True,4.0,138.0,ryan glasgow,2016.0,1.0,3.0,4.0,20.0,0.0,10.0,41.0,,,,,,,,,,,,,,,,,,,,,,,,,,,,,,,,,,,,,,,,,,,,,,,
2017,chris godwin,WR,Penn State,6-1,209.0,4.42,36.0,19.0,126.0,7.01,4.0,True,3.0,84.0,chris godwin,2016.0,0.0,0.0,0.0,1.0,0.0,0.0,2.0,,,,,,,,,,,,,,,,,,,,,,,,,,,,,,,,,,,,,,72.0,59.0,11.0,982.0,16.6,1.0,13.0,0.0,13.0,13.0
2017,kenny golladay,WR,Northern Illinois,6-4,218.0,4.5,35.5,18.0,120.0,7.0,4.15,True,3.0,96.0,kenny golladay,2016.0,,,,,,,,1.0,1.0,0.0,,,,,,,,,,,,,,,,,,,,,,,,2.0,3.0,2.0,0.0,4.0,,,,,,,49.0,88.0,8.0,1164.0,13.2,20.0,39.0,2.0,192.0,9.6
2017,zane gonzalez,K,Arizona State,6-0,202.0,,,,,,,True,7.0,224.0,zane gonzalez,2016.0,,,,,,,,,,,,,,,,,,,,25.0,23.0,59.0,0.92,108.0,40.0,39.0,,,,,,,,,,,,,,,,,,,,,,,,,,,,
2017,shaquill griffin,CB,Central Florida,6-0,194.0,4.38,38.5,17.0,132.0,6.87,4.14,True,3.0,90.0,shaquill griffin,2016.0,14.0,0.0,0.0,30.0,1.0,2.5,48.0,0.0,0.0,1.0,11.5,4.0,1.0,46.0,,,,,,,,,,,,,,,,,,,,,,,,,,,,,,,,,,,,,,,,
2017,nate hairston,CB,Temple,6-0,196.0,4.52,35.5,14.0,118.0,,,True,5.0,158.0,nate hairston,2016.0,3.0,0.0,0.0,23.0,0.0,3.0,27.0,,,,14.5,2.0,0.0,29.0,12.0,12.0,1.0,0.0,12.0,,,,,,,,,,,,,,,,,,,,,,,,,,,,,,,,,,,
2017,daeshon hall,DE,Texas A&M,6-5,266.0,4.76,36.0,18.0,123.0,7.03,4.38,True,3.0,77.0,daeshon hall,2016.0,1.0,12.0,3.5,28.0,0.0,13.0,50.0,0.0,0.0,1.0,,,,,,,,,,,,,,,,,,,,,,,,,,,,,,,,,,,,,,,,,,,,
2017,chad hansen,WR,California,6-2,202.0,4.53,35.0,11.0,119.0,6.74,4.13,True,4.0,141.0,chad hansen,2016.0,,,,,,,,,,,,,,,,,,,,,,,,,,,,,,,,,,,,,,,,,,,,,70.0,92.0,11.0,1249.0,13.6,,,,,
2017,sean harlow,OG,Oregon State,6-4,303.0,5.15,30.5,26.0,105.0,8.16,4.81,True,4.0,136.0,sean harlow,,,,,,,,,,,,,,,,,,,,,,,,,,,,,,,,,,,,,,,,,,,,,,,,,,,,,,,
2017,connor harris,ILB,Lindenwood,5-11,242.0,4.73,33.0,18.0,114.0,7.13,4.31,False,,,connor harris,,,,,,,,,,,,,,,,,,,,,,,,,,,,,,,,,,,,,,,,,,,,,,,,,,,,,,,
2017,charles harris,DE,Missouri,6-3,253.0,4.82,32.0,21.0,109.0,7.47,4.42,True,1.0,22.0,charles harris,2017.0,0.0,5.0,4.0,44.0,0.0,7.0,73.0,0.0,0.0,1.0,,,,,,,,,,,,,,,,,,,,,,,,,,,,,,,,,,,,,,,,,,,,
2017,josh harvey-clemons,S,Louisville,6-4,217.0,,31.5,12.0,121.0,,,True,7.0,230.0,josh harveyclemons,2016.0,2.0,0.0,1.0,37.0,0.0,3.0,60.0,,,,,,,,,,,,,,,,,,,,,,,,,,,,,,,,,,,,,,,,,,,,,,,
2017,keon hatcher,WR,Arkansas,6-1,212.0,4.64,,16.0,,,,False,,,keon hatcher,2016.0,0.0,0.0,1.0,5.0,0.0,1.5,8.0,,,,,,,,20.0,20.0,1.0,0.0,20.0,,,,,,,,,,,,,,,21.0,21.0,1.0,0.0,21.0,,,,,,,73.0,44.0,8.0,743.0,16.9,4.0,6.0,0.0,7.0,1.8
2017,deangelo henderson,RB,Coastal Carolina,5-7,208.0,4.48,34.0,20.0,120.0,,,False,,,deangelo henderson,,,,,,,,,,,,,,,,,,,,,,,,,,,,,,,,,,,,,,,,,,,,,,,,,,,,,,,
2017,carlos henderson,WR,Louisiana Tech,5-11,199.0,4.46,36.0,13.0,131.0,7.18,4.35,True,3.0,82.0,carlos henderson,2016.0,0.0,0.0,0.0,1.0,2.0,0.0,1.0,,,,,,,,32.2,92.0,25.0,2.0,805.0,,,,,,,,,,,,,,,,,,,,,,,,,,83.0,82.0,19.0,1535.0,18.7,14.0,35.0,2.0,133.0,9.5
2017,trey hendrickson,DE,Florida Atlantic,6-4,266.0,4.65,33.5,,122.0,7.03,4.2,True,3.0,103.0,trey hendrickson,2016.0,2.0,7.0,9.5,25.0,0.0,14.0,50.0,0.0,0.0,1.0,,,,,,,,,,,,,,,,,,,,,,,,,,,,,,,,,,,,,,,,,,,,
2017,treyvon hester,DT,Toledo,6-2,300.0,,,,,,,True,7.0,244.0,treyvon hester,2016.0,1.0,7.0,5.0,22.0,0.0,8.5,39.0,0.0,0.0,1.0,,,,,,,,,,,,,,,,,,,,,,,,,,,,,,,,,,,,,,,,,,,,
2017,cole hikutini,TE,Louisville,6-4,247.0,,,20.0,,,,False,,,cole hikutini,2016.0,,,,,,,,1.0,1.0,0.0,,,,,,,,,,,,,,,,,,,,,,,,,,,,,,,,,,,67.0,50.0,8.0,668.0,13.4,,,,,
2017,brian hill,RB,Wyoming,6-1,219.0,4.54,34.0,15.0,125.0,7.03,4.32,True,5.0,156.0,brian hill,2016.0,,,,,,,,1.0,0.0,0.0,,,,,27.0,27.0,1.0,0.0,27.0,,,,,,,,,,,,,,,,,,,,,,,,,,19.0,8.0,0.0,67.0,8.4,349.0,66.0,22.0,1860.0,5.3
2017,delano hill,S,Michigan,6-1,216.0,4.47,33.5,17.0,115.0,6.96,4.27,True,3.0,95.0,delano hill,2016.0,3.0,1.0,0.0,37.0,1.0,4.5,50.0,,,,12.0,3.0,1.0,36.0,,,,,,,,,,,,,,,,,,,,,,,,,,,,,,,,,,,,,,,,
2017,bucky hodges,TE,Virginia Tech,6-6,257.0,4.57,39.0,18.0,134.0,,4.45,True,6.0,201.0,bucky hodges,2016.0,0.0,0.0,0.0,1.0,0.0,0.0,1.0,1.0,1.0,0.0,,,,,,,,,,,,,,,,,,,,,,,,,,,,,,,,,,,42.0,48.0,7.0,691.0,14.4,9.0,15.0,0.0,42.0,4.7
2017,colin holba,LS,Louisville,6-4,248.0,5.19,28.0,,115.0,,,True,6.0,213.0,colin holba,2016.0,0.0,0.0,0.0,0.0,0.0,0.0,2.0,,,,,,,,,,,,,,,,,,,,,,,,,,,,,,,,,,,,,,,,,,,,,,,
2017,will holden,OT,Vanderbilt,6-7,311.0,5.47,28.0,23.0,111.0,7.71,4.72,True,5.0,157.0,will holden,,,,,,,,,,,,,,,,,,,,,,,,,,,,,,,,,,,,,,,,,,,,,,,,,,,,,,,
2017,mack hollins,WR,North Carolina,6-4,221.0,4.53,,,,,,True,4.0,118.0,mack hollins,2016.0,0.0,0.0,0.0,1.0,0.0,0.0,1.0,,,,,,,,,,,,,,,,,,,,,,,,,,,,,,,,,,,,,,71.0,16.0,4.0,309.0,19.3,,,,,
2017,elijah hood,RB,North Carolina,6-0,232.0,,,18.0,,,,True,7.0,242.0,elijah hood,2016.0,0.0,0.0,0.0,0.0,0.0,0.0,1.0,2.0,2.0,0.0,,,,,,,,,,,,,,,,,,,,,,,,,,,,,,,,,,,31.0,25.0,0.0,142.0,5.7,145.0,62.0,8.0,858.0,5.9
2017,malik hooker,S,Ohio State,6-1,206.0,,,,,,,True,1.0,15.0,malik hooker,2016.0,4.0,0.0,0.5,43.0,3.0,5.5,74.0,,,,25.9,7.0,3.0,181.0,,,,,,,,,,,,,,,,,,,,,,,,,,,,,,,,,,,,,,,,
2017,bug howard,WR,North Carolina,6-4,221.0,4.58,37.5,,119.0,6.95,4.14,False,,,bug howard,2016.0,,,,,,,,,,,,,,,,,,,,,,,,,,,,,,,,,,,,,,,,,,,,,68.0,53.0,8.0,827.0,15.6,,,,,
2017,o.j. howard,TE,Alabama,6-6,251.0,4.51,30.0,22.0,121.0,6.85,4.16,True,1.0,19.0,oj howard,2016.0,0.0,0.0,0.0,1.0,0.0,0.0,1.0,,,,,,,,,,,,,,,,,,,,,,,,,,,,,,,,,,,,,,68.0,45.0,3.0,595.0,13.2,,,,,
2017,marlon humphrey,CB,Alabama,6-0,197.0,4.41,,10.0,125.0,6.75,,True,1.0,16.0,marlon humphrey,2016.0,5.0,0.0,0.0,26.0,1.0,3.0,36.0,,,,9.0,2.0,1.0,18.0,,,,,,,,,,,,,,,,,,,,,,,,,,,,,,,,,,,,,,,,
2017,hayden hunt,P,Colorado State,6-0,212.0,,,,,,,False,,,hayden hunt,2016.0,,,,,,,,,,,,,,,,,,,,,,,,,,,1.0,1.0,0.0,1.0,0.0,29.0,29.0,,,,,,0.0,66.0,56.0,0.0,2469.0,44.1,,,,,,1.0,6.0,0.0,6.0,6.0
2017,kareem hunt,RB,Toledo,5-10,216.0,4.62,36.5,18.0,119.0,,,True,3.0,86.0,kareem hunt,2016.0,,,,,,,,,,,,,,,,,,,,,,,,,,,,,,,,,,,,,,,,,,,,,71.0,41.0,1.0,403.0,9.8,262.0,47.0,10.0,1475.0,5.6
2017,rushel shell iii,RB,West Virginia,5-10,227.0,4.74,32.5,21.0,,,,False,,,rushel shell,2016.0,,,,,,,,1.0,1.0,0.0,,,,,,,,,,,,,,,,,,,,,,,,,,,,,,,,,,,28.0,12.0,0.0,100.0,8.3,113.0,23.0,5.0,514.0,4.5
2017,danny isidora,OG,Miami (FL),6-3,306.0,5.03,29.0,26.0,94.0,8.13,4.9,True,5.0,180.0,danny isidora,2016.0,0.0,0.0,0.0,1.0,0.0,0.0,1.0,,,,,,,,,,,,,,,,,,,,,,,,,,,,,,,,,,,,,,,,,,,,,,,
2017,adoree jackson,CB,USC,5-10,186.0,4.42,36.0,,122.0,,,True,1.0,18.0,adoree jackson,2016.0,11.0,0.0,0.0,46.0,3.0,2.0,55.0,3.0,1.0,2.0,4.2,5.0,0.0,21.0,28.4,100.0,27.0,2.0,767.0,,,,,,,,,,,,,,,15.0,77.0,21.0,2.0,315.0,,,,,,,52.0,2.0,1.0,76.0,38.0,7.0,17.0,0.0,51.0,7.3
2017,eddie jackson,S,Alabama,6-0,201.0,,,10.0,,,,True,4.0,112.0,eddie jackson,2016.0,2.0,0.0,0.0,15.0,3.0,2.5,24.0,,,,55.0,1.0,1.0,55.0,,,,,,,,,,,,,,,,,,,,23.0,85.0,11.0,2.0,253.0,,,,,,,,,,,,,,,,
2017,rayshawn jenkins,S,Miami (FL),6-1,214.0,4.51,37.0,19.0,128.0,,,True,4.0,113.0,rayshawn jenkins,2016.0,7.0,1.0,1.5,56.0,0.0,4.5,76.0,,,,0.0,2.0,0.0,0.0,,,,,,,,,,,,,,,,,,,,,,,,,,,,,,,,,,,,,,,,
2017,dorian johnson,OG,Pittsburgh,6-5,300.0,5.27,30.0,21.0,114.0,8.39,5.09,True,4.0,115.0,dorian johnson,,,,,,,,,,,,,,,,,,,,,,,,,,,,,,,,,,,,,,,,,,,,,,,,,,,,,,,
2017,jadar johnson,S,Clemson,6-0,206.0,4.6,33.0,19.0,119.0,6.9,4.2,False,,,jadar johnson,2016.0,7.0,0.0,0.0,41.0,0.0,2.0,60.0,,,,8.8,5.0,0.0,44.0,,,,,,,,,,,,,,,,,,,,,,,,,,,,,,,,,,,,,,,,
2017,jaleel johnson,DT,Iowa,6-3,316.0,5.38,28.0,19.0,100.0,7.64,4.62,True,4.0,109.0,jaleel johnson,2016.0,2.0,5.0,7.5,30.0,0.0,11.0,55.0,,,,,,,,,,,,,,,,,,,,,,,,,,,,,,,,,,,,,,,,,,,,,,,
2017,john johnson,S,Troy,6-1,205.0,4.61,37.0,14.0,119.0,6.72,4.18,True,3.0,91.0,john johnson,2017.0,4.0,0.0,0.0,19.0,0.0,0.0,26.0,,,,0.0,1.0,0.0,0.0,,,,,,,,,,,,,2.0,2.0,0.0,1.0,1.0,72.0,36.0,,,,,,,,,,,,49.0,23.0,2.0,287.0,12.5,2.0,5.0,0.0,5.0,2.5
2017,roderick johnson,OT,Florida State,6-7,298.0,,,,,,,True,5.0,160.0,roderick johnson,,,,,,,,,,,,,,,,,,,,,,,,,,,,,,,,,,,,,,,,,,,,,,,,,,,,,,,
2017,cameron johnston,P,Ohio State,5-11,194.0,4.92,,,,,,False,,,cameron johnston,2016.0,0.0,1.0,0.0,0.0,0.0,0.0,0.0,,,,,,,,,,,,,,,,,,,,,,,,,,,,,,,,0.0,70.0,56.0,0.0,2614.0,46.7,,,,,,1.0,3.0,0.0,3.0,3.0
2017,aaron jones,RB,Texas-El Paso,5-9,208.0,4.56,37.5,16.0,127.0,6.82,4.2,True,5.0,182.0,aaron jones,2017.0,0.0,0.0,0.0,2.0,0.0,0.0,3.0,,,,,,,,,,,,,,,,,,,,,,,,,,,,,,,,,,,,,,,,,,,,,,,
2017,d.j. jones,DT,Akron,6-1,319.0,5.04,28.5,25.0,108.0,7.73,4.65,True,6.0,198.0,dj jones,2016.0,0.0,3.0,2.0,11.0,0.0,3.0,30.0,0.0,0.0,1.0,0.0,1.0,0.0,0.0,,,,,,,,,,,,,,,,,,,,,,,,,,,,,,,,,,,,,,,,
2017,jarron jones,DT,Notre Dame,6-6,316.0,5.33,20.5,22.0,,,,False,,,jarron jones,2016.0,3.0,1.0,2.0,26.0,0.0,10.5,44.0,0.0,0.0,2.0,,,,,,,,,,,,,,,,,,,,,,,,,,,,,,,,,,,,,,,,,,,,
2017,josh jones,S,North Carolina State,6-1,220.0,4.41,37.5,20.0,132.0,,,True,2.0,61.0,josh jones,2016.0,8.0,0.0,1.0,62.0,0.0,3.5,108.0,0.0,0.0,1.0,11.3,3.0,0.0,34.0,,,,,,,,,,,,,1.0,0.0,0.0,0.0,0.0,0.0,0.0,,,,,,,,,,,,,,,,,,,,,
2017,nazair jones,DT,North Carolina,6-5,304.0,5.11,24.5,,101.0,7.93,4.63,True,3.0,102.0,nazair jones,2016.0,3.0,1.0,2.5,32.0,0.0,9.5,70.0,0.0,0.0,1.0,,,,,,,,,,,,,,,,,,,,,,,,,,,,,,,,,,,,,,,,,,,,
2017,sidney jones,CB,Washington,6-0,186.0,4.47,33.5,,123.0,7.02,4.28,True,2.0,43.0,sidney jones,2016.0,6.0,0.0,0.0,27.0,0.0,2.5,39.0,,,,0.0,3.0,0.0,0.0,,,,,,,,,,,,,,,,,,,,,,,,,,,,,,,,,,,,,,,,
2017,zay jones,WR,East Carolina,6-2,201.0,4.45,36.5,15.0,133.0,6.79,4.01,True,2.0,37.0,zay jones,2016.0,0.0,0.0,0.0,2.0,0.0,0.0,2.0,,,,,,,,,,,,,,,,,,,,1.0,1.0,0.0,1.0,1.0,2.0,2.0,,,,,,,,,,,,77.0,156.0,8.0,1731.0,11.1,4.0,13.0,0.0,24.0,6.0
2017,victor bolden jr.,WR,Oregon State,5-8,178.0,4.54,32.0,9.0,117.0,6.83,4.22,False,,,victor bolden,2016.0,0.0,0.0,0.0,0.0,1.0,0.0,0.0,4.0,1.0,0.0,,,,,23.8,99.0,27.0,1.0,642.0,,,,,,,,,,,,,,,4.3,16.0,15.0,0.0,64.0,,,,,,,75.0,46.0,2.0,542.0,11.8,28.0,92.0,2.0,329.0,11.8
2017,bryan cox jr.,DE,Florida,6-3,265.0,4.89,26.5,16.0,109.0,7.36,4.46,False,,,bryan cox,2016.0,0.0,6.0,0.5,10.0,0.0,2.5,19.0,,,,,,,,,,,,,,,,,,,,,,,,,,,,,,,,,,,,,,,,,,,,,,,
2017,anthony walker jr.,ILB,Northwestern,6-1,238.0,4.65,30.5,23.0,116.0,7.23,4.34,True,5.0,161.0,anthony walker,2016.0,5.0,6.0,2.0,62.0,0.0,10.0,105.0,0.0,0.0,2.0,17.0,1.0,0.0,17.0,,,,,,,,,,,,,,,,,,,,,,,,,,,,,,,,,,,,,,,,
2017,greg ward jr.,WR,Houston,5-11,186.0,,,10.0,,,,False,,,greg ward,2016.0,0.0,0.0,0.0,1.0,0.0,0.0,1.0,6.0,4.0,0.0,,,,,,,,,,,,,,,,,469.0,319.0,13.0,0.68,22.0,3557.0,7.6,,,,,,,,,,,,0.0,0.0,0.0,,0.0,197.0,33.0,10.0,518.0,2.6
2017,deatrich wise jr.,DE,Arkansas,6-5,274.0,4.92,33.0,22.0,124.0,,,True,4.0,131.0,deatrich wise,,,,,,,,,,,,,,,,,,,,,,,,,,,,,,,,,,,,,,,,,,,,,,,,,,,,,,,
2017,brad kaaya,QB,Miami (FL),6-4,214.0,,,,,,,True,6.0,215.0,brad kaaya,2016.0,,,,,,,,3.0,1.0,0.0,,,,,,,,,,,,,,,,,421.0,261.0,7.0,0.62,27.0,3532.0,8.4,,,,,,,,,,,,,,,,,37.0,12.0,1.0,,
2017,alvin kamara,RB,Tennessee,5-10,214.0,4.56,39.5,15.0,131.0,,,True,3.0,67.0,alvin kamara,2016.0,,,,,,,,5.0,2.0,0.0,,,,,16.0,16.0,1.0,0.0,16.0,,,,,,,,,,,,,,,9.7,32.0,19.0,0.0,184.0,,,,,,,53.0,40.0,4.0,392.0,9.8,103.0,39.0,9.0,596.0,5.8
2017,damontae kazee,CB,San Diego State,5-10,184.0,4.54,34.0,11.0,124.0,,,True,5.0,149.0,damontae kazee,2016.0,8.0,0.0,0.0,46.0,1.0,3.0,67.0,1.0,1.0,0.0,22.3,7.0,1.0,156.0,,,,,,,,,,,,,,,,,,,,,,,,,,,,,,,,,,,,,,,,
2017,keith kelsey,ILB,Louisville,6-0,233.0,4.92,29.5,23.0,112.0,7.28,4.56,False,,,keith kelsey,2016.0,2.0,4.0,1.0,47.0,0.0,4.0,91.0,0.0,0.0,1.0,,,,,,,,,,,,,,,,,,,,,,,,,,,,,,,,,,,,,,,,,,,,
2017,desmond king,S,Iowa,5-10,201.0,,34.0,14.0,117.0,6.67,4.18,True,5.0,151.0,desmond king,2016.0,7.0,0.0,0.0,42.0,1.0,3.5,58.0,1.0,0.0,1.0,13.7,3.0,1.0,41.0,27.8,77.0,27.0,0.0,750.0,,,,,,,,,,,,,,,10.2,44.0,26.0,0.0,264.0,,,,,,,,,,,,,,,,
2017,kevin king,CB,Washington,6-3,200.0,4.43,39.5,11.0,,6.56,3.89,True,2.0,33.0,kevin king,2016.0,13.0,0.0,0.0,26.0,0.0,3.5,44.0,,,,0.0,2.0,0.0,0.0,,,,,,,,,,,,,,,,,,,,,,,,,,,,,,,,,,,,,,,,
2017,george kittle,TE,Iowa,6-4,247.0,4.52,35.0,18.0,132.0,,,True,5.0,146.0,george kittle,2016.0,,,,,,,,1.0,0.0,0.0,,,,,,,,,,,,,,,,,,,,,,,,,,,,,,,,,,,51.0,22.0,4.0,314.0,14.3,,,,,
2017,deshone kizer,QB,Notre Dame,6-4,233.0,4.83,30.5,,107.0,7.4,4.53,True,2.0,52.0,deshone kizer,2016.0,,,,,,,,5.0,3.0,0.0,,,,,,,,,,,,,,,,,361.0,212.0,9.0,0.587,26.0,2925.0,8.1,,,,,,0.0,37.0,1.0,0.0,37.0,37.0,4.0,1.0,0.0,4.0,4.0,129.0,49.0,8.0,472.0,3.7
2017,trevor knight,QB,Texas A&M,6-1,219.0,4.54,35.5,,125.0,7.04,4.14,False,,,trevor knight,2017.0,,,,,,,,,,,,,,,,,,,,,,,,,,,22.0,13.0,0.0,0.591,2.0,129.0,5.9,,,,,,,,,,,,,,,,,9.0,43.0,0.0,55.0,6.1
2017,tanoh kpassagnon,DE,Villanova,6-7,289.0,4.83,30.0,23.0,128.0,7.46,4.62,True,2.0,59.0,tanoh kpassagnon,,,,,,,,,,,,,,,,,,,,,,,,,,,,,,,,,,,,,,,,,,,,,,,,,,,,,,,
2017,cooper kupp,WR,East. Washington,6-2,204.0,4.62,31.0,,116.0,6.75,4.08,True,3.0,69.0,cooper kupp,2016.0,,,,,,,,,,,,,,,,,,,,,,,,,,,1.0,1.0,0.0,1.0,0.0,22.0,22.0,,,,,,,,,,,,75.0,12.0,3.0,206.0,17.2,2.0,15.0,0.0,29.0,14.5
2017,forrest lamp,OG,Western Kentucky,6-4,309.0,5.0,27.5,34.0,111.0,7.55,4.62,True,2.0,38.0,forrest lamp,2016.0,,,,,,,,,,,,,,,,,,,,,,,,,,,,,,,,,,,,,,,,,,,,,,,,,,1.0,9.0,1.0,9.0,9.0
2017,ashton lampkin,CB,Oklahoma State,6-0,189.0,4.52,34.5,19.0,120.0,,,False,,,ashton lampkin,2016.0,3.0,0.0,0.0,29.0,0.0,0.0,34.0,0.0,0.0,1.0,1.0,1.0,0.0,1.0,,,,,,,,,,,,,,,,,,,,,,,,,,,,,,,,,,,,,,,,
2017,jerome lane,WR,Akron,6-2,226.0,4.6,35.0,16.0,125.0,6.87,4.12,False,,,jerome lane,2016.0,0.0,0.0,0.0,2.0,0.0,0.0,2.0,2.0,1.0,0.0,,,,,,,,,,,,,,,,,,,,,,,,,,,,,,,,,,,91.0,62.0,6.0,1018.0,16.4,,,,,
2017,harvey langi,ILB,BYU,6-2,251.0,,33.0,23.0,118.0,7.0,4.32,False,,,harvey langi,2016.0,2.0,2.0,2.0,31.0,0.0,5.0,56.0,,,,,,,,,,,,,,,,,,,,,,,,,,,,,,,,,,,,,,,,,,,20.0,15.0,2.0,79.0,4.0
2017,marshon lattimore,CB,Ohio State,6-0,193.0,4.36,38.5,,132.0,,,True,1.0,11.0,marshon lattimore,2016.0,9.0,0.0,0.0,30.0,1.0,1.0,41.0,,,,15.3,4.0,1.0,61.0,,,,,,,,,,,,,,,,,,,,,,,,,,,,,,,,,,,,,,,,
2017,carl lawson,DE,Auburn,6-2,261.0,4.67,33.0,35.0,114.0,7.46,4.19,True,4.0,116.0,carl lawson,2016.0,0.0,24.0,9.0,15.0,0.0,13.5,30.0,,,,,,,,,,,,,,,,,,,,,,,,,,,,,,,,,,,,,,,,,,,,,,,
2017,javarius leamon,OT,South Carolina State,6-7,332.0,,23.5,22.0,,,,False,,,javarius leamon,,,,,,,,,,,,,,,,,,,,,,,,,,,,,,,,,,,,,,,,,,,,,,,,,,,,,,,
2017,jeremiah ledbetter,DT,Arkansas,6-3,280.0,4.84,32.5,29.0,113.0,7.55,4.56,True,6.0,205.0,jeremiah ledbetter,2016.0,2.0,1.0,5.5,17.0,0.0,7.5,49.0,,,,,,,,,,,,,,,,,,,,,,,,,,,,,,,,,,,,,,,,,,,,,,,
2017,cameron lee,OG,Illinois State,6-5,312.0,5.44,25.5,18.0,100.0,8.02,4.75,False,,,cameron lee,,,,,,,,,,,,,,,,,,,,,,,,,,,,,,,,,,,,,,,,,,,,,,,,,,,,,,,
2017,marquel lee,ILB,Wake Forest,6-3,240.0,,31.0,25.0,118.0,,,True,5.0,168.0,marquel lee,2016.0,0.0,4.0,7.5,63.0,0.0,20.0,105.0,,,,,,,,,,,,,,,,,,,,,,,,,,,,,,,,,,,,,,,,,,,,,,,
2017,jordan leggett,TE,Clemson,6-5,258.0,,33.0,18.0,114.0,7.12,4.33,True,5.0,150.0,jordan leggett,2016.0,0.0,0.0,0.0,1.0,0.0,0.0,1.0,1.0,1.0,0.0,,,,,,,,,,,,,,,,,,,,,,,,,,,,,,,,,,,56.0,46.0,7.0,736.0,16.0,,,,,
2017,mitch leidner,QB,Minnesota,6-3,226.0,4.93,34.5,,123.0,6.96,4.25,False,,,mitch leidner,2016.0,0.0,0.0,0.0,2.0,0.0,0.0,2.0,2.0,1.0,0.0,,,,,,,,,,,,,,,,,307.0,173.0,12.0,0.564,8.0,2169.0,7.1,,,,,,,,,,,,,,,,,111.0,32.0,10.0,366.0,3.3
2017,corey levin,OG,Tenn-Chattanooga,6-4,307.0,5.16,26.5,26.0,106.0,7.55,4.73,True,6.0,217.0,corey levin,,,,,,,,,,,,,,,,,,,,,,,,,,,,,,,,,,,,,,,,,,,,,,,,,,,,,,,
2017,jourdan lewis,CB,Michigan,5-10,188.0,4.54,34.5,15.0,121.0,,,True,3.0,92.0,jourdan lewis,2016.0,9.0,0.0,0.0,18.0,0.0,3.5,27.0,,,,0.0,2.0,0.0,0.0,18.1,45.0,7.0,0.0,127.0,,,,,,,,,,,,,,,,0.0,2.0,0.0,,,,,,,,,,,,,,,,,
2017,william likely,CB,Maryland,5-7,180.0,,,15.0,,,,False,,,william likely,2016.0,3.0,0.0,1.0,22.0,0.0,4.0,32.0,1.0,1.0,1.0,,,,,27.4,64.0,8.0,0.0,219.0,,,,,,,,,,,,,,,3.3,12.0,8.0,0.0,26.0,,,,,,,0.0,1.0,0.0,,,2.0,13.0,0.0,15.0,7.5
2017,sefo liufau,QB,Colorado,6-3,232.0,5.08,27.0,,105.0,7.32,4.45,False,,,sefo liufau,2016.0,0.0,0.0,0.0,1.0,0.0,0.0,1.0,7.0,4.0,0.0,,,,,,,,,,,,,,,,,319.0,200.0,6.0,0.627,11.0,2366.0,7.4,,,,,,,,,,,,14.0,1.0,0.0,14.0,14.0,165.0,25.0,8.0,494.0,3.0
2017,t.j. logan,RB,North Carolina,5-9,196.0,4.37,33.5,17.0,121.0,,,True,5.0,179.0,tj logan,2016.0,0.0,0.0,0.0,1.0,2.0,0.0,1.0,2.0,1.0,0.0,,,,,32.9,100.0,21.0,2.0,690.0,,,,,,,,,,,,,,,,,,,,,,,,,,46.0,29.0,3.0,244.0,8.4,120.0,35.0,7.0,650.0,5.4
2017,shalom luani,S,Washington State,5-11,202.0,4.55,31.0,12.0,116.0,6.87,4.21,True,7.0,221.0,shalom luani,2016.0,6.0,2.0,2.0,47.0,0.0,8.5,67.0,1.0,0.0,0.0,27.3,4.0,0.0,109.0,,,,,,,,,,,,,,,,,,,,,,,,,,,,,,,,,,,,,,,,
2017,keevan lucas,WR,Tulsa,5-9,192.0,4.55,32.5,11.0,119.0,7.23,4.43,False,,,keevan lucas,2016.0,0.0,0.0,0.0,1.0,0.0,0.0,1.0,1.0,1.0,0.0,,,,,,,,,,,,,,,,,,,,,,,,,,,,,,,,,,,74.0,81.0,15.0,1180.0,14.6,8.0,15.0,0.0,45.0,5.6
2017,marlon mack,RB,South Florida,5-11,213.0,4.5,35.5,15.0,125.0,,,True,4.0,143.0,marlon mack,2016.0,,,,,,,,4.0,3.0,0.0,,,,,,,,,,,,,,,,,,,,,,,,,,,,,,,,,,,37.0,28.0,0.0,227.0,8.1,174.0,85.0,15.0,1187.0,6.8
2017,patrick mahomes,QB,Texas Tech,6-2,225.0,4.8,30.0,,114.0,6.88,4.08,True,1.0,10.0,patrick mahomes,2016.0,,,,,,,,6.0,1.0,0.0,,,,,,,,,,,,,,,,,591.0,388.0,10.0,0.657,41.0,5052.0,8.5,,,,,,,,,,,,,,,,,131.0,32.0,12.0,285.0,2.2
2017,josh malone,WR,Tennessee,6-3,208.0,4.4,30.5,10.0,121.0,7.05,4.19,True,4.0,128.0,josh malone,2016.0,,,,,,,,,,,,,,,,,,,,,,,,,,,,,,,,,,,,,,,,,,,,,67.0,50.0,11.0,972.0,19.4,,,,,
2017,damien mama,OG,USC,6-3,334.0,5.84,24.5,,96.0,8.51,5.38,False,,,damien mama,,,,,,,,,,,,,,,,,,,,,,,,,,,,,,,,,,,,,,,,,,,,,,,,,,,,,,,
2017,gabe marks,WR,Washington State,5-11,189.0,4.56,29.5,11.0,117.0,7.01,4.2,False,,,gabe marks,2016.0,,,,,,,,,,,,,,,,,,,,,,,,,,,,,,,,,,,,,,,,,,,,,53.0,89.0,13.0,894.0,10.0,2.0,7.0,0.0,6.0,3.0
2017,joe mathis,DE,Washington,6-2,266.0,,,24.0,,,,False,,,joe mathis,2016.0,1.0,0.0,5.0,14.0,0.0,7.5,25.0,,,,,,,,,,,,,,,,,,,,,,,,,,,,,,,,,,,,,,,,,,,,,,,
2017,arthur maulet,CB,Memphis,5-10,189.0,4.62,34.5,18.0,120.0,,,False,,,arthur maulet,2016.0,12.0,0.0,4.5,55.0,0.0,7.5,71.0,,,,9.0,2.0,0.0,18.0,,,,,,,,,,,,,,,,,,,,,,,,,,,,,,,12.0,1.0,0.0,12.0,12.0,,,,,
2017,marcus maye,S,Florida,6-0,210.0,,,,,,,True,2.0,39.0,marcus maye,2016.0,6.0,0.0,1.0,29.0,0.0,1.5,50.0,,,,6.0,1.0,0.0,6.0,,,,,,,,,,,,,,,,,,,,,,,,,,,,,,,,,,,,,,,,
2017,christian mccaffrey,RB,Stanford,5-11,202.0,4.48,37.5,10.0,121.0,6.57,4.22,True,1.0,8.0,christian mccaffrey,2016.0,,,,,,,,1.0,0.0,0.0,,,,,22.7,57.0,14.0,0.0,318.0,,,,,,,,,,,,,,,9.6,33.0,10.0,0.0,96.0,,,,,,,56.0,37.0,3.0,310.0,8.4,253.0,90.0,13.0,1603.0,6.3
2017,conor mcdermott,OT,UCLA,6-8,307.0,5.18,28.5,,105.0,7.52,4.58,True,6.0,211.0,conor mcdermott,2012.0,,,,,,,,,,,,,,,4.5,11.0,2.0,0.0,9.0,,,,,,,,,,,,,,,,,,,,,,,,,,,,,,,,,,,
2017,malik mcdowell,DT,Michigan State,6-6,295.0,4.85,28.5,23.0,112.0,7.69,4.53,True,2.0,35.0,malik mcdowell,2016.0,0.0,5.0,1.5,20.0,0.0,7.0,34.0,,,,,,,,,,,,,,,,,,,,,,,,,,,,,,,,,,,,,,,,,,,,,,,
2017,elijah mcguire,RB,Louisiana,5-10,214.0,4.53,36.0,15.0,120.0,7.26,4.56,True,6.0,188.0,elijah mcguire,2016.0,,,,,,,,1.0,1.0,0.0,,,,,,,,,,,,,,,,,,,,,,,,7.8,25.0,4.0,0.0,31.0,,,,,,,28.0,29.0,2.0,238.0,8.2,232.0,68.0,7.0,1127.0,4.9
2017,isaiah mckenzie,WR,Georgia,5-7,173.0,4.42,36.0,11.0,123.0,6.64,4.15,True,5.0,172.0,isaiah mckenzie,2016.0,0.0,0.0,0.0,0.0,1.0,0.0,0.0,4.0,2.0,0.0,,,,,12.0,24.0,2.0,0.0,24.0,,,,,,,,,,,,,,,9.8,82.0,25.0,1.0,245.0,,,,,,,77.0,44.0,7.0,633.0,14.4,19.0,55.0,2.0,134.0,7.1
2017,takkarist mckinley,OLB,UCLA,6-2,250.0,4.59,33.0,24.0,122.0,7.48,4.62,True,1.0,26.0,takkarist mckinley,2016.0,6.0,3.0,10.0,50.0,0.0,18.0,61.0,0.0,0.0,1.0,,,,,,,,,,,,,,,,,,,,,,,,,,,,,,,,,,,,,,,,,,,,
2017,raekwon mcmillan,ILB,Ohio State,6-2,240.0,4.61,33.0,23.0,121.0,7.15,4.39,True,2.0,54.0,raekwon mcmillan,2016.0,4.0,2.0,2.0,49.0,0.0,7.0,102.0,,,,,,,,,,,,,,,,,,,,,,,,,,,,,,,,,,,,,,,,,,,,,,,
2017,jeremy mcnichols,RB,Boise State,5-9,214.0,4.49,35.5,,121.0,6.93,4.28,True,5.0,162.0,jeremy mcnichols,2016.0,0.0,0.0,0.0,2.0,0.0,0.0,2.0,5.0,2.0,0.0,,,,,18.0,21.0,4.0,0.0,72.0,,,,,,,,,,,,,,,,,,,,,,,,,,76.0,37.0,4.0,474.0,12.8,314.0,80.0,23.0,1709.0,5.4
2017,obi melifonwu,S,Connecticut,6-4,224.0,4.4,44.0,17.0,141.0,,,True,2.0,56.0,obi melifonwu,2016.0,3.0,0.0,0.0,73.0,0.0,2.5,118.0,0.0,0.0,1.0,1.5,4.0,0.0,6.0,,,,,,,,,,,,,,,,,,,,,,,,,,,,,,,,,,,,,,,,
2017,matt milano,OLB,Boston Col.,6-0,223.0,4.67,35.0,24.0,126.0,,,True,5.0,163.0,matt milano,2016.0,2.0,1.0,6.5,42.0,1.0,12.0,59.0,0.0,0.0,2.0,19.0,1.0,1.0,19.0,,,,,,,,,,,,,,,,,,,,,,,,,,,,,,,,,,,,,,,,
2017,fabian moreau,CB,UCLA,6-0,206.0,4.35,38.0,,136.0,6.94,4.12,True,3.0,81.0,fabian moreau,2016.0,9.0,0.0,0.0,24.0,0.0,1.0,31.0,,,,16.0,2.0,0.0,32.0,,,,,,,,,,,,,,,,,,,,,,,,,,,,,,,,,,,,,,,,
2017,drew morgan,WR,Arkansas,6-0,190.0,4.74,30.0,10.0,112.0,6.85,4.12,False,,,drew morgan,2016.0,,,,,,,,2.0,1.0,0.0,,,,,19.3,28.0,3.0,0.0,58.0,,,,,,,,,,,,,,,9.3,33.0,4.0,0.0,37.0,,,,,,,36.0,65.0,3.0,739.0,11.4,4.0,8.0,0.0,8.0,2.0
2017,jordan morgan,OG,Kutztown Pennsylvania,6-3,309.0,5.36,27.0,21.0,102.0,8.13,4.73,True,5.0,147.0,jordan morgan,,,,,,,,,,,,,,,,,,,,,,,,,,,,,,,,,,,,,,,,,,,,,,,,,,,,,,,
2017,avery moss,DE,Youngstown State,6-3,264.0,4.79,32.5,14.0,114.0,7.25,4.43,True,5.0,167.0,avery moss,2016.0,0.0,0.0,0.0,6.0,0.0,0.0,6.0,,,,,,,,,,,,,,,,,,,,,,,,,,,,,,,,,,,,,,,,,,,,,,,
2017,taylor moton,OT,West. Michigan,6-5,319.0,5.18,30.5,23.0,109.0,7.73,4.58,True,2.0,64.0,taylor moton,2014.0,,,,,,,,,,,,,,,,,,,,,,,,,,,,,,,,,,,,,,,,,,,,,0.0,1.0,0.0,,,,,,,
2017,al-quadin muhammad,DE,Miami (FL),6-3,253.0,4.88,30.5,22.0,117.0,7.25,4.47,True,6.0,196.0,alquadin muhammad,,,,,,,,,,,,,,,,,,,,,,,,,,,,,,,,,,,,,,,,,,,,,,,,,,,,,,,
2017,jalen myrick,CB,Minnesota,5-10,200.0,4.28,37.5,13.0,124.0,7.06,4.22,True,7.0,222.0,jalen myrick,2016.0,11.0,0.0,0.0,29.0,0.0,3.5,41.0,1.0,1.0,0.0,0.0,1.0,0.0,0.0,22.1,56.0,13.0,0.0,287.0,,,,,,,,,,,,,,,4.9,17.0,9.0,0.0,44.0,,,,,,,,,,,,,,,,
2017,montae nicholson,S,Michigan State,6-2,212.0,4.42,35.0,,125.0,,,True,4.0,123.0,montae nicholson,2016.0,2.0,0.0,0.0,39.0,0.0,2.0,86.0,0.0,0.0,1.0,10.0,1.0,0.0,10.0,,,,,,,,,,,,,,,,,,,,,,,,,,,,,,,,,,,,,,,,
2017,hardy nickerson,ILB,Illinois,6-0,232.0,4.78,33.0,18.0,116.0,,4.38,False,,,hardy nickerson,2016.0,0.0,1.0,2.0,38.0,0.0,5.5,107.0,0.0,0.0,1.0,16.5,2.0,0.0,33.0,,,,,,,,,,,,,,,,,,,,,,,,,,,,,,,,,,,,,,,,
2017,david njoku,TE,Miami (FL),6-4,246.0,4.64,37.5,21.0,133.0,6.97,4.34,True,1.0,29.0,david njoku,2016.0,0.0,0.0,0.0,0.0,0.0,0.0,1.0,,,,,,,,,,,,,,,,,,,,,,,,,,,,,,,,,,,,,,76.0,43.0,8.0,698.0,16.2,,,,,
2017,speedy noil,WR,Texas A&M,5-11,199.0,,43.5,18.0,133.0,,,False,,,speedy noil,2016.0,,,,,,,,,,,,,,,20.8,42.0,5.0,0.0,104.0,,,,,,,,,,,,,,,,,,,,,,,,,,48.0,21.0,2.0,325.0,15.5,,,,,
2017,bradley northnagel,LS,California,6-2,243.0,5.3,25.5,,99.0,,,False,,,bradley northnagel,2016.0,0.0,0.0,0.0,1.0,0.0,0.0,3.0,,,,,,,,,,,,,,,,,,,,,,,,,,,,,,,,,,,,,,,,,,,,,,,
2017,noble nwachukwu,DE,West Virginia,6-1,268.0,4.83,30.5,27.0,110.0,,,False,,,noble nwachukwu,2016.0,2.0,3.0,4.0,28.0,0.0,7.5,40.0,0.0,0.0,1.0,,,,,,,,,,,,,,,,,,,,,,,,,,,,,,,,,,,,,,,,,,,,
2017,ifeadi odenigbo,DE,Northwestern,6-3,258.0,4.72,31.5,25.0,128.0,7.26,4.4,True,7.0,220.0,ifeadi odenigbo,2016.0,0.0,6.0,10.0,16.0,0.0,12.0,22.0,,,,,,,,,,,,,,,,,,,,,,,,,,,,,,,,,,,,,,,,,,,,,,,
2017,dare ogunbowale,RB,Wisconsin,5-11,213.0,4.65,35.0,14.0,120.0,6.99,4.34,False,,,dare ogunbowale,2016.0,0.0,0.0,0.0,2.0,0.0,0.0,2.0,,,,,,,,21.3,41.0,10.0,0.0,213.0,,,,,,,,,,,,,,,,,,,,,,,,,,34.0,24.0,1.0,208.0,8.7,91.0,48.0,5.0,506.0,5.6
2017,larry ogunjobi,DE,Charlotte,6-3,305.0,4.97,32.0,26.0,116.0,7.55,4.75,True,3.0,65.0,larry ogunjobi,2016.0,2.0,10.0,3.0,31.0,0.0,13.5,65.0,,,,,,,,,,,,,,,,,,,,,,,,,,,,,,,,,,,,,,,,,,,,,,,
2017,tyler orlosky,C,West Virginia,6-3,298.0,,,24.0,,,,False,,,tyler orlosky,2016.0,,,,,,,,1.0,1.0,0.0,,,,,,,,,,,,,,,,,,,,,,,,,,,,,,,,,,,,,,,,1.0,0.0,0.0,,
2017,scott orndoff,TE,Pittsburgh,6-5,253.0,4.84,27.0,17.0,112.0,7.37,4.45,False,,,scott orndoff,2016.0,0.0,0.0,0.0,3.0,0.0,0.0,3.0,,,,,,,,,,,,,,,,,,,,,,,,,,,,,,,,,,,,,,74.0,35.0,5.0,579.0,16.5,,,,,
2017,zach pascal,WR,Old Dominion,6-2,219.0,4.55,36.0,14.0,126.0,7.11,4.29,False,,,zach pascal,2016.0,0.0,0.0,0.0,1.0,0.0,0.0,2.0,1.0,0.0,0.0,,,,,26.3,53.0,12.0,0.0,315.0,,,,,,,,,,,,,,,,,,,,,,,,,,53.0,65.0,9.0,946.0,14.6,23.0,25.0,0.0,145.0,6.3
2017,jabrill peppers,S,Michigan,5-11,213.0,4.46,35.5,19.0,128.0,,,True,1.0,25.0,jabrill peppers,2016.0,1.0,7.0,4.0,47.0,1.0,13.5,72.0,1.0,0.0,0.0,11.0,1.0,0.0,11.0,26.0,55.0,10.0,0.0,260.0,,,,,,,,,,,,,,,14.8,54.0,21.0,1.0,310.0,,,,,,,5.0,2.0,0.0,3.0,1.5,27.0,63.0,3.0,167.0,6.2
2017,samaje perine,RB,Oklahoma,5-11,233.0,4.65,33.0,30.0,116.0,7.26,4.37,True,4.0,114.0,samaje perine,2016.0,,,,,,,,2.0,1.0,0.0,,,,,,,,,,,,,,,,,,,,,,,,,,,,,,,,,,,29.0,10.0,1.0,106.0,10.6,196.0,66.0,12.0,1060.0,5.4
2017,nathan peterman,QB,Pittsburgh,6-2,226.0,4.82,31.0,,110.0,7.14,4.31,True,5.0,171.0,nathan peterman,2016.0,0.0,0.0,0.0,1.0,0.0,0.0,1.0,7.0,4.0,0.0,,,,,,,,,,,,,,,,,306.0,185.0,7.0,0.605,27.0,2855.0,9.3,,,,,,,,,,,,11.0,1.0,0.0,11.0,11.0,72.0,42.0,3.0,286.0,4.0
2017,carroll phillips,OLB,Illinois,6-3,242.0,4.64,30.0,23.0,123.0,7.06,4.37,False,,,carroll phillips,2016.0,0.0,3.0,9.0,30.0,0.0,20.0,56.0,0.0,0.0,1.0,,,,,,,,,,,,,,,,,,,,,,,,,,,,,,,,,,,,,,,,,,,,
2017,hayden plinke,TE,Texas-El Paso,6-4,264.0,4.97,28.0,18.0,109.0,7.55,4.59,False,,,hayden plinke,2016.0,0.0,0.0,0.0,2.0,0.0,0.0,2.0,,,,,,,,,,,,,,,,,,,,,,,,,,,,,,,,,,,,,,72.0,38.0,8.0,456.0,12.0,,,,,
2017,ethan pocic,C,LSU,6-6,310.0,5.15,27.0,26.0,107.0,7.89,4.81,True,2.0,58.0,ethan pocic,,,,,,,,,,,,,,,,,,,,,,,,,,,,,,,,,,,,,,,,,,,,,,,,,,,,,,,
2017,ejuan price,OLB,Pittsburgh,5-11,241.0,4.84,31.5,20.0,117.0,,4.34,True,7.0,234.0,ejuan price,2016.0,1.0,14.0,13.0,34.0,0.0,23.0,45.0,,,,,,,,,,,,,,,,,,,,,,,,,,,,,,,,,,,,,,,,,,,,,,,
2017,donnel pumphrey,RB,San Diego State,5-8,176.0,4.48,33.5,5.0,117.0,,,True,4.0,132.0,donnel pumphrey,2016.0,0.0,0.0,0.0,1.0,0.0,0.0,1.0,2.0,1.0,0.0,,,,,6.0,6.0,1.0,0.0,6.0,,,,,,,,1.0,0.0,0.0,0.0,0.0,0.0,0.0,,,,,,,,,,,,27.0,27.0,0.0,231.0,8.6,349.0,79.0,17.0,2133.0,6.1
2017,elijah qualls,DT,Washington,6-1,313.0,5.13,31.5,33.0,105.0,7.65,4.66,True,6.0,214.0,elijah qualls,2016.0,0.0,3.0,3.0,18.0,0.0,5.0,38.0,,,,,,,,,,,,,,,,,,,,,,,,,,,,,,,,,,,,,,,,,,,,,,,
2017,james quick,WR,Louisville,6-0,186.0,4.6,31.0,11.0,115.0,7.0,4.39,False,,,james quick,2016.0,,,,,,,,2.0,1.0,0.0,,,,,,,,,,,,,,,,,,,,,,,,,,,,,,,,,,,72.0,45.0,6.0,769.0,17.1,,,,,
2017,ryan ramczyk,OT,Wisconsin,6-6,310.0,,,25.0,,,,True,1.0,32.0,ryan ramczyk,,,,,,,,,,,,,,,,,,,,,,,,,,,,,,,,,,,,,,,,,,,,,,,,,,,,,,,
2017,michael rector,WR,Stanford,6-0,193.0,4.42,36.5,,129.0,6.77,4.19,False,,,michael rector,2016.0,0.0,0.0,0.0,1.0,0.0,0.0,1.0,,,,,,,,9.7,16.0,6.0,0.0,58.0,,,,,,,,,,,,,,,,,,,,,,,,,,44.0,32.0,3.0,367.0,11.5,5.0,56.0,1.0,71.0,14.2
2017,haason reddick,OLB,Temple,6-1,237.0,4.52,36.5,24.0,133.0,7.01,4.37,True,1.0,13.0,haason reddick,2016.0,3.0,3.0,9.5,43.0,0.0,22.5,65.0,0.0,0.0,1.0,5.0,1.0,0.0,5.0,,,,,,,,,,,,,,,,,,,,,,,,,,,,,,,,,,,,,,,,
2017,devine redding,RB,Indiana,5-8,205.0,4.76,30.5,16.0,116.0,7.18,4.46,False,,,devine redding,2016.0,0.0,0.0,0.0,1.0,0.0,0.0,1.0,4.0,2.0,0.0,,,,,,,,,,,,,,,,,,,,,,,,,,,,,,,,,,,19.0,27.0,2.0,146.0,5.4,253.0,36.0,7.0,1122.0,4.4
2017,jalen reeves-maybin,OLB,Tennessee,6-0,230.0,,,,,,,True,4.0,124.0,jalen reevesmaybin,2016.0,0.0,0.0,0.0,12.0,0.0,2.0,20.0,,,,,,,,,,,,,,,,,,,,,,,,,,,,,,,,,,,,,,,,,,,,,,,
2017,austin rehkow,P,Idaho,6-3,214.0,,,,,,,False,,,austin rehkow,2016.0,0.0,0.0,0.0,2.0,0.0,0.0,2.0,,,,,,,,,,,,,28.0,26.0,50.0,0.929,120.0,44.0,42.0,,,,,,,,,,,,,0.0,60.0,56.0,0.0,2332.0,41.6,,,,,,,,,,
2017,josh reynolds,WR,Texas A&M,6-3,194.0,4.52,37.0,,124.0,6.83,4.13,True,4.0,117.0,josh reynolds,2016.0,0.0,0.0,0.0,2.0,0.0,0.0,2.0,,,,,,,,,,,,,,,,,,,,,,,,,,,,,,,,,,,,,,92.0,61.0,12.0,1039.0,17.0,,,,,
2017,duke riley,OLB,LSU,6-0,232.0,4.58,34.5,18.0,122.0,6.89,4.21,True,3.0,75.0,duke riley,2016.0,1.0,3.0,1.5,39.0,0.0,9.0,92.0,0.0,0.0,1.0,3.0,1.0,0.0,3.0,,,,,,,,,,,,,,,,,,,,,,,,,,,,,,,,,,,,,,,,
2017,derek rivers,DE,Youngstown State,6-4,248.0,4.61,35.0,30.0,123.0,6.94,4.4,True,3.0,83.0,derek rivers,,,,,,,,,,,,,,,,,,,,,,,,,,,,,,,,,,,,,,,,,,,,,,,,,,,,,,,
2017,michael roberts,TE,Toledo,6-4,270.0,4.86,30.0,,110.0,7.05,4.51,True,4.0,127.0,michael roberts,2016.0,,,,,,,,,,,,,,,,,,,,,,,,,,,,,,,,,,,,,,,,,,,,,41.0,45.0,16.0,533.0,11.8,,,,,
2017,jalen robinette,WR,Air Force,6-3,220.0,4.62,31.5,13.0,120.0,6.77,4.46,False,,,jalen robinette,2016.0,0.0,0.0,0.0,2.0,0.0,0.0,2.0,,,,,,,,,,,,,,,,,,,,1.0,0.0,0.0,0.0,0.0,0.0,0.0,,,,,,,,,,,,75.0,35.0,6.0,959.0,27.4,,,,,
2017,ezra robinson,CB,Tennessee State,5-11,189.0,4.47,34.0,13.0,130.0,,,False,,,ezra robinson,,,,,,,,,,,,,,,,,,,,,,,,,,,,,,,,,,,,,,,,,,,,,,,,,,,,,,,
2017,cam robinson,OT,Alabama,6-6,322.0,5.15,26.0,,106.0,7.81,4.82,True,2.0,34.0,cam robinson,2009.0,,,,,,,,,,,,,,,1.0,1.0,1.0,0.0,1.0,,,,,,,,,,,,,,,,,,,,,,,,,,,,,,,,,,,
2017,isaac rochell,DE,Notre Dame,6-4,280.0,4.89,31.5,25.0,114.0,,,True,7.0,225.0,isaac rochell,2016.0,1.0,6.0,1.0,29.0,0.0,7.5,56.0,,,,,,,,,,,,,,,,,,,,,,,,,,,,,,,,,,,,,,,,,,,,,,,
2017,darreus rogers,WR,USC,6-1,216.0,,26.5,8.0,112.0,7.22,4.54,False,,,darreus rogers,2016.0,0.0,0.0,0.0,1.0,0.0,0.0,1.0,,,,,,,,,,,,,,,,,,,,,,,,,,,,,,,,,,,,,,46.0,56.0,4.0,696.0,12.4,,,,,
2017,sam rogers,FB,Virginia Tech,5-10,231.0,4.93,32.0,19.0,114.0,7.27,4.34,True,6.0,206.0,sam rogers,2016.0,,,,,,,,,,,,,,,15.0,15.0,1.0,0.0,15.0,,,,,,,,1.0,1.0,0.0,1.0,1.0,13.0,13.0,,,,,,,,,,,,52.0,24.0,4.0,301.0,12.5,67.0,32.0,2.0,283.0,4.2
2017,fred ross,WR,Mississippi State,6-1,213.0,4.51,35.0,10.0,113.0,6.99,4.28,False,,,fred ross,2016.0,0.0,0.0,0.0,1.0,0.0,0.0,1.0,3.0,0.0,0.0,,,,,,,,,,,,,,,,,2.0,2.0,0.0,1.0,1.0,26.0,13.0,5.7,16.0,15.0,0.0,85.0,,,,,,,60.0,72.0,12.0,917.0,12.7,2.0,46.0,0.0,39.0,19.5
2017,john ross,WR,Washington,5-11,188.0,4.22,37.0,,133.0,,,True,1.0,9.0,john ross,2016.0,0.0,0.0,0.0,0.0,1.0,0.0,0.0,3.0,2.0,1.0,,,,,24.2,92.0,17.0,1.0,411.0,,,,,,,,,,,,,,,,,,,,,,,,,,70.0,81.0,17.0,1150.0,14.2,8.0,32.0,1.0,102.0,12.8
2017,chase roullier,C,Wyoming,6-4,312.0,5.54,26.5,19.0,97.0,7.6,4.47,True,6.0,199.0,chase roullier,,,,,,,,,,,,,,,,,,,,,,,,,,,,,,,,,,,,,,,,,,,,,,,,,,,,,,,
2017,travis rudolph,WR,Florida State,6-0,189.0,4.65,31.5,12.0,114.0,6.93,4.46,False,,,travis rudolph,2016.0,0.0,0.0,0.0,1.0,0.0,0.0,1.0,,,,,,,,,,,,,,,,,,,,,,,,,,,,,,,,,,,,,,58.0,56.0,7.0,840.0,15.0,,,,,
2017,cooper rush,QB,Central Michigan,6-3,228.0,4.93,27.0,,105.0,7.23,4.47,False,,,cooper rush,2016.0,,,,,,,,6.0,2.0,0.0,,,,,,,,,,,,,,,,,465.0,278.0,16.0,0.598,23.0,3540.0,7.6,,,,,,,,,,,,1.0,1.0,0.0,1.0,1.0,68.0,29.0,1.0,,
2017,seth russell,QB,Baylor,6-3,213.0,,,,,,,False,,,seth russell,2016.0,0.0,0.0,0.0,1.0,0.0,0.0,1.0,3.0,1.0,0.0,,,,,,,,,,,,,,,,,278.0,152.0,8.0,0.547,20.0,2126.0,7.6,,,,,,0.0,42.0,1.0,0.0,42.0,42.0,,,,,,94.0,50.0,8.0,506.0,5.4
2017,curtis samuel,WR,Ohio State,5-11,196.0,4.31,37.0,18.0,119.0,7.09,4.33,True,2.0,40.0,curtis samuel,2016.0,0.0,0.0,0.0,1.0,0.0,0.0,1.0,2.0,0.0,0.0,,,,,,,,,,,,,,,,,,,,,,,,3.2,12.0,6.0,0.0,19.0,,,,,,,79.0,74.0,7.0,865.0,11.7,97.0,74.0,8.0,771.0,7.9
2017,eric saubert,TE,Drake,6-5,253.0,,33.0,22.0,121.0,,,True,5.0,174.0,eric saubert,,,,,,,,,,,,,,,,,,,,,,,,,,,,,,,,,,,,,,,,,,,,,,,,,,,,,,,
2017,artavis scott,WR,Clemson,5-10,193.0,4.61,31.0,13.0,116.0,7.19,4.49,False,,,artavis scott,2016.0,0.0,0.0,0.0,4.0,0.0,0.0,5.0,2.0,0.0,0.0,,,,,23.3,77.0,23.0,0.0,535.0,,,,,,,,,,,,,,,5.9,28.0,10.0,0.0,59.0,,,,,,,28.0,75.0,5.0,614.0,8.2,7.0,5.0,0.0,11.0,1.6
2017,ricky seals-jones,WR,Texas A&M,6-5,243.0,4.69,28.0,17.0,121.0,7.46,4.33,False,,,ricky sealsjones,2016.0,0.0,0.0,0.0,1.0,0.0,0.0,1.0,1.0,1.0,0.0,,,,,10.0,10.0,1.0,0.0,10.0,,,,,,,,,,,,,,,,,,,,,,,,,,47.0,26.0,1.0,333.0,12.8,,,,,
2017,justin senior,OT,Mississippi State,6-5,331.0,5.55,23.0,,98.0,8.19,5.06,True,6.0,210.0,justin senior,,,,,,,,,,,,,,,,,,,,,,,,,,,,,,,,,,,,,,,,,,,,,,,,,,,,,,,
2017,adam shaheen,TE,Ashland,6-6,278.0,4.79,32.5,24.0,121.0,7.09,4.38,True,2.0,45.0,adam shaheen,,,,,,,,,,,,,,,,,,,,,,,,,,,,,,,,,,,,,,,,,,,,,,,,,,,,,,,
2017,david sharpe,OT,Florida,6-6,343.0,5.44,20.5,19.0,97.0,7.87,4.78,True,4.0,129.0,david sharpe,,,,,,,,,,,,,,,,,,,,,,,,,,,,,,,,,,,,,,,,,,,,,,,,,,,,,,,
2017,sojourn shelton,CB,Wisconsin,5-9,177.0,4.51,35.0,10.0,120.0,6.92,4.02,False,,,sojourn shelton,2016.0,12.0,1.0,0.0,23.0,0.0,1.0,30.0,0.0,0.0,1.0,12.0,4.0,0.0,48.0,,,,,,,,,,,,,,,,,,,,,,,,,,,,,,,,,,,,,,,,
2017,garrett sickels,DE,Penn State,6-3,261.0,4.9,28.0,20.0,105.0,7.21,4.41,False,,,garrett sickels,2016.0,0.0,2.0,6.0,23.0,0.0,12.5,47.0,,,,,,,,,,,,,,,,,,,,,,,,,,,,,,,,,,,,,,,,,,,,,,,
2017,nico siragusa,OG,San Diego State,6-4,319.0,5.35,32.0,28.0,110.0,7.71,4.56,True,4.0,122.0,nico siragusa,,,,,,,,,,,,,,,,,,,,,,,,,,,,,,,,,,,,,,,,,,,,,,,,,,,,,,,
2017,dan skipper,OT,Arkansas,6-10,309.0,5.42,26.0,,97.0,7.61,5.01,False,,,dan skipper,,,,,,,,,,,,,,,,,,,,,,,,,,,,,,,,,,,,,,,,,,,,,,,,,,,,,,,
2017,tanzel smart,DT,Tulane,6-1,296.0,5.24,27.0,22.0,105.0,7.53,4.57,True,6.0,189.0,tanzel smart,2016.0,0.0,2.0,5.5,34.0,0.0,19.0,68.0,0.0,0.0,1.0,,,,,,,,,,,,,,,,,,,,,,,,,,,,,,,,,,,,,,,,,,,,
2017,de'veon smith,RB,Michigan,5-11,223.0,,29.0,22.0,108.0,7.3,4.56,False,,,deveon smith,2016.0,0.0,0.0,0.0,1.0,0.0,0.0,1.0,1.0,1.0,0.0,,,,,,,,,,,,,,,,,,,,,,,,,,,,,,,,,,,17.0,16.0,0.0,66.0,4.1,181.0,42.0,10.0,846.0,4.7
2017,jonnu smith,TE,Florida International,6-3,248.0,4.62,38.0,22.0,127.0,,4.18,True,3.0,100.0,jonnu smith,2016.0,0.0,0.0,0.0,2.0,0.0,0.0,2.0,,,,,,,,0.0,0.0,1.0,0.0,0.0,,,,,,,,,,,,,,,,,,,,,,,,,,40.0,42.0,4.0,506.0,12.0,1.0,5.0,0.0,5.0,5.0
2017,juju smith-schuster,WR,USC,6-1,215.0,4.54,32.5,15.0,120.0,,,True,2.0,62.0,juju smithschuster,2016.0,0.0,0.0,0.0,2.0,0.0,0.0,2.0,,,,,,,,2.0,2.0,1.0,0.0,2.0,,,,,,,,,,,,,,,,,,,,,,,,,,67.0,70.0,10.0,914.0,13.1,5.0,20.0,0.0,27.0,5.4
2017,dawuane smoot,DE,Illinois,6-3,264.0,4.77,29.5,,117.0,7.18,4.39,True,3.0,68.0,dawuane smoot,2016.0,1.0,10.0,5.0,30.0,0.0,15.5,56.0,,,,,,,,,,,,,,,,,,,,,,,,,,,,,,,,,,,,,,,,,,,,,,,
2017,jeremy sprinkle,TE,Arkansas,6-5,252.0,4.69,29.0,,116.0,,,True,5.0,154.0,jeremy sprinkle,2016.0,,,,,,,,,,,,,,,,,,,,,,,,,,,,,,,,,,,,,,,,,,,,,31.0,33.0,4.0,380.0,11.5,,,,,
2017,jamari staples,WR,Louisville,6-3,195.0,4.51,36.0,,130.0,,,False,,,jamari staples,2016.0,0.0,0.0,0.0,1.0,0.0,0.0,1.0,,,,,,,,,,,,,,,,,,,,,,,,,,,,,,,,,,,,,,55.0,36.0,2.0,615.0,17.1,,,,,
2017,freddie stevenson,FB,Florida State,6-0,234.0,4.75,28.0,24.0,111.0,7.65,4.45,False,,,freddie stevenson,2016.0,0.0,0.0,0.0,0.0,0.0,0.0,2.0,,,,,,,,12.0,12.0,1.0,0.0,12.0,,,,,,,,,,,,,,,,,,,,,,,,,,6.0,1.0,1.0,6.0,6.0,13.0,38.0,4.0,90.0,6.9
2017,ardarius stewart,WR,Alabama,5-11,204.0,4.49,34.0,,124.0,,,True,3.0,79.0,ardarius stewart,2016.0,,,,,,,,1.0,1.0,0.0,,,,,20.1,30.0,8.0,0.0,161.0,,,,,,,,2.0,2.0,0.0,1.0,0.0,36.0,18.0,,,,,,,,,,,,71.0,54.0,8.0,864.0,16.0,8.0,25.0,0.0,68.0,8.5
2017,channing stribling,CB,Michigan,6-1,188.0,4.6,31.5,5.0,114.0,6.94,4.56,False,,,channing stribling,2016.0,12.0,1.0,1.0,21.0,1.0,3.0,29.0,,,,15.0,4.0,1.0,60.0,,,,,,,,,,,,,,,,,,,,,,,,,,,,,,,,,,,,,,,,
2017,cameron sutton,CB,Tennessee,5-11,188.0,4.52,34.0,11.0,120.0,6.81,,True,3.0,94.0,cameron sutton,2016.0,4.0,0.0,0.0,19.0,0.0,2.0,23.0,1.0,1.0,0.0,0.0,1.0,0.0,0.0,21.7,24.0,3.0,0.0,65.0,,,,,,,,,,,,,,,5.3,17.0,6.0,0.0,32.0,,,,,,,,,,,,,,,,
2017,ryan switzer,WR,North Carolina,5-8,181.0,4.51,32.0,11.0,116.0,6.77,4.0,True,4.0,133.0,ryan switzer,2016.0,,,,,,,,2.0,2.0,0.0,,,,,,,,,,,,,,,,,1.0,0.0,0.0,0.0,0.0,0.0,0.0,6.6,31.0,16.0,0.0,106.0,,,,,,,75.0,96.0,6.0,1112.0,11.6,3.0,7.0,0.0,14.0,4.7
2017,teez tabor,CB,Florida,6-0,199.0,4.62,31.0,9.0,120.0,,,True,2.0,53.0,teez tabor,2016.0,6.0,0.0,1.0,23.0,1.0,2.0,33.0,0.0,0.0,1.0,11.8,4.0,1.0,47.0,33.0,33.0,1.0,0.0,33.0,,,,,,,,,,,,,,,,,,,,,,,,,,,,,,,,,,,
2017,cordrea tankersley,CB,Clemson,6-1,199.0,4.4,29.5,13.0,121.0,7.0,4.32,True,3.0,97.0,cordrea tankersley,2016.0,11.0,0.0,0.0,39.0,0.0,6.0,52.0,,,,5.5,4.0,0.0,22.0,,,,,,,,,,,,,,,,,,,,,,,,,,,,,,,,,,,,,,,,
2017,pita taumoepenu,OLB,Utah,6-1,243.0,4.67,28.5,24.0,112.0,6.91,4.33,True,6.0,202.0,pita taumoepenu,2016.0,0.0,4.0,9.0,27.0,0.0,12.0,41.0,0.0,0.0,1.0,,,,,,,,,,,,,,,,,,,,,,,,,,,,,,,,,,,,,,,,,,,,
2017,taywan taylor,WR,Western Kentucky,5-11,203.0,4.5,33.5,13.0,132.0,6.57,4.21,True,3.0,72.0,taywan taylor,2016.0,0.0,0.0,0.0,1.0,0.0,0.0,1.0,2.0,1.0,1.0,,,,,,,,,,,,,,,,,,,,,,,,,,,,,,,,,,,80.0,98.0,17.0,1730.0,17.7,6.0,16.0,0.0,36.0,6.0
2017,trent taylor,WR,Louisiana Tech,5-8,181.0,4.63,33.0,13.0,117.0,6.74,4.01,True,5.0,177.0,trent taylor,2017.0,1.0,0.0,0.0,6.0,0.0,0.0,10.0,,,,,,,,,,,,,,,,,,,,,,,,,,,,,,,,,,,,,,,,,,,,,,,
2017,vincent taylor,DT,Oklahoma State,6-3,304.0,5.07,28.5,26.0,108.0,7.58,4.72,True,6.0,194.0,vincent taylor,2016.0,1.0,2.0,7.0,29.0,0.0,12.5,51.0,0.0,0.0,2.0,,,,,,,,,,,,,,,,,,,,,,,,,,,,,,,,,,,,,,,,,,,,
2017,sam tevi,OT,Utah,6-5,311.0,5.27,26.0,15.0,107.0,7.84,4.6,True,6.0,190.0,sam tevi,,,,,,,,,,,,,,,,,,,,,,,,,,,,,,,,,,,,,,,,,,,,,,,,,,,,,,,
2017,nate theaker,OG,Wayne State (MI),6-5,315.0,5.41,27.0,23.0,105.0,7.97,4.89,False,,,nate theaker,,,,,,,,,,,,,,,,,,,,,,,,,,,,,,,,,,,,,,,,,,,,,,,,,,,,,,,
2017,jahad thomas,RB,Temple,5-10,190.0,4.62,32.0,11.0,116.0,,,False,,,jahad thomas,2016.0,0.0,0.0,0.0,1.0,0.0,0.0,1.0,3.0,0.0,0.0,,,,,14.0,15.0,2.0,0.0,28.0,,,,,,,,,,,,,,,12.6,37.0,8.0,0.0,101.0,,,,,,,61.0,33.0,6.0,418.0,12.7,207.0,56.0,13.0,953.0,4.6
2017,noel thomas,WR,Connecticut,6-0,205.0,4.63,32.5,9.0,118.0,,,False,,,noel thomas,2016.0,,,,,,,,2.0,1.0,0.0,,,,,,,,,,,,,,,,,1.0,1.0,0.0,1.0,0.0,11.0,11.0,,,,,,,,,,,,62.0,100.0,3.0,1179.0,11.8,13.0,17.0,0.0,60.0,4.6
2017,solomon thomas,DE,Stanford,6-3,273.0,4.69,35.0,30.0,126.0,6.95,4.28,True,1.0,3.0,solomon thomas,2016.0,0.0,7.0,8.0,40.0,0.0,14.0,61.0,0.0,0.0,2.0,,,,,,,,,,,,,,,,,,,,,,,,,,,,,,,,,,,,,,,,,,,,
2017,tedric thompson,S,Colorado,6-0,204.0,4.6,32.5,17.0,117.0,7.11,4.36,True,4.0,111.0,tedric thompson,2016.0,16.0,1.0,0.0,42.0,0.0,3.0,63.0,,,,14.7,7.0,0.0,103.0,,,,,,,,,,,,,,,,,,,,,,,,,,,,,,,,,,,,,,,,
2017,jack tocho,CB,North Carolina State,6-0,202.0,4.54,35.0,21.0,125.0,,,True,7.0,245.0,jack tocho,2016.0,9.0,0.0,1.0,33.0,0.0,2.0,37.0,,,,0.0,2.0,0.0,0.0,,,,,,,,,,,,,,,,,,,,,,,,,,,,,,,,,,,,,,,,
2017,dalvin tomlinson,DT,Alabama,6-3,310.0,5.19,27.0,,110.0,7.68,4.59,True,2.0,55.0,dalvin tomlinson,2016.0,4.0,7.0,3.0,17.0,0.0,5.5,62.0,,,,,,,,,,,,,,,,,,,,,,,,,,,,,,,,,,,,,,,,,,,,,,,
2017,jon toth,C,Kentucky,6-5,307.0,5.51,25.5,21.0,100.0,8.09,4.84,False,,,jon toth,,,,,,,,,,,,,,,,,,,,,,,,,,,,,,,,,,,,,,,,,,,,,,,,,,,,,,,
2017,damarius travis,S,Minnesota,6-1,206.0,,32.5,13.0,115.0,7.08,4.28,False,,,damarius travis,2016.0,4.0,0.0,0.0,56.0,0.0,5.0,83.0,0.0,0.0,1.0,0.0,2.0,0.0,0.0,,,,,,,,,,,,,,,,,,,,,,,,,,,,,,,,,,,,,,,,
2017,mitchell trubisky,QB,North Carolina,6-2,222.0,4.67,27.5,,116.0,6.87,4.25,True,1.0,2.0,mitchell trubisky,,,,,,,,,,,,,,,,,,,,,,,,,,,,,,,,,,,,,,,,,,,,,,,,,,,,,,,
2017,stevie tu'ikolovatu,DT,USC,6-1,331.0,5.45,24.5,28.0,91.0,7.83,5.0,True,7.0,223.0,stevie tuikolovatu,2016.0,1.0,0.0,0.5,29.0,0.0,2.0,53.0,,,,,,,,,,,,,,,,,,,,,,,,,,,,,,,,,,,,,,,,,,,,,,,
2017,michael tyson,S,Cincinnati,6-1,204.0,4.56,33.0,17.0,118.0,,,True,6.0,187.0,michael tyson,,,,,,,,,,,,,,,,,,,,,,,,,,,,,,,,,,,,,,,,,,,,,,,,,,,,,,,
2017,jerry ugokwe,OT,William & Mary,6-7,321.0,5.61,26.0,18.0,103.0,8.35,5.17,False,,,jerry ugokwe,,,,,,,,,,,,,,,,,,,,,,,,,,,,,,,,,,,,,,,,,,,,,,,,,,,,,,,
2017,conrad ukropina,K,Stanford,6-0,190.0,,,,,,,False,,,conrad ukropina,2016.0,,,,,,,,,,,,,,,,,,,,27.0,22.0,52.0,0.815,100.0,34.0,34.0,,,,,,,,,,,,,,,,,,,,,,,,,,,,
2017,tanner vallejo,ILB,Boise State,6-1,228.0,4.67,33.5,,121.0,,4.39,True,6.0,195.0,tanner vallejo,2016.0,0.0,1.0,1.0,39.0,0.0,6.0,69.0,,,,,,,,,,,,,,,,,,,,,,,,,,,,,,,,,,,,,,,,,,,,,,,
2017,eddie vanderdoes,DT,UCLA,6-3,305.0,4.99,28.5,28.0,111.0,7.69,4.39,True,3.0,88.0,eddie vanderdoes,2016.0,0.0,0.0,1.5,15.0,0.0,1.5,27.0,,,,,,,,,,,,,,,,,,,,,,,,,,,,,,,,,,,,,,,,,,,,,,,
2017,justin vogel,P,Miami (FL),6-4,219.0,4.7,34.0,,,,,False,,,justin vogel,2016.0,0.0,0.0,0.0,2.0,0.0,0.0,2.0,,,,,,,,,,,,,,,,,,,,,,,,,,,,,,,,0.0,63.0,64.0,0.0,2803.0,43.8,,,,,,,,,,
2017,charles walker,DT,Oklahoma,6-2,310.0,4.96,28.0,25.0,107.0,7.89,4.96,False,,,charles walker,2017.0,,,,,,,,,,,,,,,1.0,1.0,1.0,0.0,1.0,,,,,,,,,,,,,,,13.4,52.0,7.0,0.0,94.0,,,,,,,27.0,15.0,0.0,180.0,12.0,,,,,
2017,demarcus walker,DE,Florida State,6-4,280.0,,,18.0,,,,True,2.0,51.0,demarcus walker,2016.0,2.0,4.0,16.0,45.0,0.0,20.5,67.0,0.0,0.0,2.0,,,,,,,,,,,,,,,,,,,,,,,,,,,,,,,,,,,,,,,,,,,,
2017,carlos watkins,DT,Clemson,6-3,309.0,,,25.0,,,,True,4.0,142.0,carlos watkins,2016.0,4.0,4.0,10.5,30.0,0.0,13.5,50.0,0.0,0.0,1.0,,,,,,,,,,,,,,,,,,,,,,,,,,,,,,,,,,,,,,,,,,,,
2017,deshaun watson,QB,Clemson,6-2,221.0,4.66,32.5,,119.0,6.95,4.31,True,1.0,12.0,deshaun watson,2016.0,,,,,,,,3.0,2.0,0.0,,,,,,,,,,,,,,,,,578.0,387.0,17.0,0.67,41.0,4593.0,7.9,,,,,,0.0,38.0,1.0,0.0,38.0,38.0,,,,,,165.0,33.0,9.0,629.0,3.8
2017,t.j. watt,OLB,Wisconsin,6-4,252.0,4.69,37.0,21.0,128.0,6.79,4.13,True,1.0,30.0,tj watt,2016.0,4.0,13.0,11.5,38.0,1.0,15.5,63.0,0.0,0.0,1.0,17.0,1.0,1.0,17.0,,,,,,,,,,,,,,,,,,,,,,,,,,,,,,,,,,,,,,,,
2017,davis webb,QB,California,6-5,229.0,4.79,33.0,,118.0,6.92,4.21,True,3.0,87.0,davis webb,2016.0,0.0,0.0,0.0,1.0,0.0,0.0,1.0,5.0,1.0,0.0,,,,,,,,,,,,,,,,,620.0,382.0,12.0,0.616,37.0,4295.0,6.9,,,,,,0.0,52.0,7.0,0.0,275.0,39.3,,,,,,33.0,8.0,6.0,,
2017,dede westbrook,WR,Oklahoma,6-0,178.0,,,,,,,True,4.0,110.0,dede westbrook,2016.0,0.0,0.0,0.0,1.0,1.0,0.0,1.0,1.0,1.0,0.0,,,,,27.1,63.0,9.0,0.0,244.0,,,,,,,,2.0,0.0,0.0,0.0,0.0,0.0,0.0,16.2,71.0,5.0,1.0,81.0,,,,,,,88.0,80.0,17.0,1524.0,19.1,10.0,35.0,0.0,101.0,10.1
2017,chad wheeler,OT,USC,6-7,306.0,5.48,20.5,15.0,105.0,,5.01,False,,,chad wheeler,,,,,,,,,,,,,,,,,,,,,,,,,,,,,,,,,,,,,,,,,,,,,,,,,,,,,,,
2017,marquez white,CB,Florida State,6-0,194.0,4.59,36.0,,123.0,,,True,6.0,216.0,marquez white,2016.0,4.0,0.0,0.0,19.0,0.0,2.0,25.0,,,,7.0,2.0,0.0,14.0,,,,,,,,,,,,,,,,,,,,,,,,,,,,,,,,,,,,,,,,
2017,tredavious white,CB,LSU,5-11,192.0,4.47,32.0,16.0,119.0,6.9,4.32,True,1.0,27.0,tredavious white,2016.0,14.0,0.0,0.5,19.0,2.0,4.0,35.0,1.0,1.0,0.0,10.5,2.0,1.0,21.0,,,,,,,,,,,,,,,,,,,,7.8,60.0,24.0,1.0,186.0,,,,,,,,,,,,,,,,
2017,kermit whitfield,WR,Florida State,5-8,185.0,4.44,32.5,8.0,120.0,7.17,4.37,False,,,kermit whitfield,2016.0,,,,,,,,,,,,,,,22.9,53.0,26.0,0.0,595.0,,,,,,,,,,,,,,,,,,,,,,,,,,28.0,34.0,1.0,395.0,11.6,8.0,21.0,1.0,79.0,9.9
2017,jamaal williams,RB,BYU,6-0,212.0,4.59,30.0,,123.0,7.25,4.53,True,4.0,134.0,jamaal williams,2016.0,0.0,0.0,0.0,0.0,0.0,0.0,1.0,2.0,2.0,0.0,,,,,,,,,,,,,,,,,,,,,,,,,,,,,,,,,,,39.0,7.0,0.0,80.0,11.4,234.0,62.0,12.0,1375.0,5.9
2017,joe williams,RB,Utah,5-11,210.0,4.41,35.0,14.0,125.0,7.19,4.19,True,4.0,121.0,joe williams,2017.0,,,,,,,,,,,,,,,,,,,,,,,,,,,,,,,,,,,,,,,,,,,,,23.0,3.0,0.0,29.0,9.7,,,,,
2017,marcus williams,S,Utah,6-1,202.0,4.56,43.5,14.0,129.0,6.85,4.2,True,2.0,42.0,marcus williams,2017.0,0.0,0.0,0.0,1.0,0.0,0.0,1.0,,,,,,,,9.0,21.0,5.0,0.0,45.0,,,,,,,,,,,,,,,,,,,,,,,,,,37.0,5.0,0.0,54.0,33.8,97.0,34.0,2.0,500.0,5.2
2017,mike williams,WR,Clemson,6-4,218.0,,32.5,15.0,121.0,,,True,1.0,7.0,mike williams,2016.0,0.0,0.0,0.0,2.0,0.0,0.0,2.0,2.0,2.0,0.0,,,,,,,,,,,,,,,,,,,,,,,,,,,,,,,,,,,50.0,98.0,11.0,1361.0,13.9,,,,,
2017,stanley williams,RB,Kentucky,5-7,190.0,4.51,36.0,18.0,121.0,6.86,4.18,False,,,stanley williams,2016.0,0.0,0.0,0.0,0.0,0.0,0.0,1.0,3.0,2.0,0.0,,,,,,,,,,,,,,,,,,,,,,,,,,,,,,,,,,,15.0,8.0,1.0,56.0,7.0,171.0,63.0,7.0,1170.0,6.8
2017,tim williams,OLB,Alabama,6-3,244.0,4.68,33.5,,124.0,7.36,4.57,True,3.0,78.0,tim williams,2016.0,2.0,12.0,9.0,22.0,0.0,16.0,31.0,0.0,0.0,1.0,,,,,,,,,,,,,,,,,,,,,,,,,,,,,,,,,,,,,,,,,,,,
2017,jordan willis,DE,Kansas State,6-4,255.0,4.53,39.0,24.0,125.0,6.85,4.28,True,3.0,73.0,jordan willis,2017.0,0.0,0.0,0.0,0.0,0.0,0.0,2.0,,,,,,,,,,,,,,,,,,,,,,,,,,,,,,,,,,,,,,,,,,,,,,,
2017,howard wilson,CB,Houston,6-1,184.0,4.57,33.5,,119.0,6.68,3.94,True,4.0,126.0,howard wilson,2016.0,10.0,0.0,0.0,45.0,1.0,2.5,54.0,0.0,0.0,2.0,11.6,5.0,1.0,58.0,,,,,,,,,,,,,,,,,,,,,,,,,,,,,,,,,,,,,,,,
2017,jesus wilson,WR,Florida State,5-9,189.0,4.57,,10.0,119.0,,4.57,False,,,jesus wilson,2016.0,0.0,0.0,0.0,0.0,1.0,0.0,0.0,1.0,0.0,0.0,,,,,,,,,,,,,,,,,,,,,,,,17.2,89.0,9.0,1.0,155.0,,,,,,,34.0,30.0,1.0,390.0,13.0,1.0,6.0,0.0,6.0,6.0
2017,quincy wilson,CB,Florida,6-1,211.0,4.54,32.0,14.0,118.0,6.86,4.02,True,2.0,46.0,quincy wilson,2016.0,6.0,1.0,1.0,18.0,1.0,3.5,33.0,,,,26.7,3.0,1.0,80.0,,,,,,,,,,,,,,,,,,,,,,,,,,,,,,,,,,,,,,,,
2017,ahkello witherspoon,CB,Colorado,6-3,198.0,4.45,40.5,,127.0,6.93,4.13,True,3.0,66.0,ahkello witherspoon,2016.0,19.0,0.0,0.0,19.0,0.0,0.0,23.0,0.0,0.0,1.0,0.0,1.0,0.0,0.0,,,,,,,,,,,,,,,,,,,,,,,,,,,,,,,,,,,,,,,,
2017,xavier woods,S,Louisiana Tech,5-11,197.0,4.54,33.5,19.0,122.0,6.72,4.13,True,6.0,191.0,xavier woods,2016.0,6.0,1.0,3.0,60.0,0.0,6.5,89.0,,,,9.0,5.0,0.0,45.0,,,,,,,,,,,,,,,,,,,,,,,,,,,,,,,,,,,,,,,,
2017,chris wormley,DT,Michigan,6-5,298.0,,,23.0,,,,True,3.0,74.0,chris wormley,2016.0,0.0,6.0,6.0,18.0,0.0,8.0,37.0,,,,,,,,,,,,,,,,,,,,,,,,,,,,,,,,,,,,,,,,,,,,,,,
2018,dante pettis,WR,Washington,6-0,186.0,,,,,,,True,2.0,44.0,dante pettis,2017.0,0.0,0.0,0.0,0.0,3.0,0.0,0.0,3.0,2.0,0.0,,,,,,,,,,,,,,,,,1.0,1.0,0.0,1.0,0.0,36.0,36.0,19.5,77.0,22.0,4.0,428.0,,,,,,,73.0,63.0,7.0,761.0,12.1,3.0,32.0,0.0,50.0,16.7
2018,kemoko turay,EDGE,Rutgers,6-5,253.0,4.65,,,,,,True,2.0,52.0,kemoko turay,2017.0,1.0,7.0,4.0,32.0,0.0,6.0,60.0,0.0,0.0,2.0,,,,,,,,,,,,,,,,,,,,,,,,,,,,,,,,,,,,,,,,,,,,
2018,josh adams,RB,Notre Dame,6-2,213.0,,,18.0,,,,False,,,josh adams,2017.0,,,,,,,,,,,,,,,,,,,,,,,,,,,,,,,,,,,,,,,,,,,,,32.0,13.0,0.0,101.0,7.8,206.0,84.0,9.0,1430.0,6.9
2018,ola adeniyi,EDGE,Toledo,6-2,248.0,4.83,31.5,26.0,,7.21,4.28,False,,,ola adeniyi,,,,,,,,,,,,,,,,,,,,,,,,,,,,,,,,,,,,,,,,,,,,,,,,,,,,,,,
2018,jordan akins,TE,Central Florida,6-3,249.0,,,,,,,True,3.0,98.0,jordan akins,2017.0,,,,,,,,1.0,1.0,0.0,,,,,,,,,,,,,,,,,,,,,,,,,,,,,,,,,,,48.0,32.0,4.0,515.0,16.1,,,,,
2018,jaire alexander,CB,Louisville,5-11,192.0,4.38,35.0,14.0,127.0,6.71,3.98,True,1.0,18.0,jaire alexander,2017.0,4.0,0.0,0.0,13.0,0.0,1.0,19.0,,,,0.0,1.0,0.0,0.0,,,,,,,,,,,,,,,,,,,,6.0,6.0,1.0,0.0,6.0,,,,,,,,,,,,,,,,
2018,austin allen,QB,Arkansas,6-0,210.0,4.81,29.5,,112.0,7.18,4.48,False,,,austin allen,2021.0,0.0,0.0,0.0,2.0,0.0,0.0,2.0,,,,,,,,,,,,,,,,,,,,,,,,,,,,,,,,,,,,,,46.0,38.0,2.0,602.0,15.8,,,,,
2018,brian allen,C,Michigan State,6-1,298.0,5.34,26.5,27.0,99.0,7.81,4.71,True,4.0,111.0,brian allen,2016.0,12.0,0.0,2.0,54.0,0.0,9.0,70.0,,,,0.0,8.0,0.0,0.0,,,,,,,,,,,,,,,,,,,,,,,,,,,,,,,,,,,,,,,,
2018,josh allen,QB,Wyoming,6-5,237.0,4.75,33.5,,119.0,6.9,4.4,True,1.0,7.0,josh allen,2018.0,8.0,14.0,34.0,112.0,0.0,41.0,176.0,0.0,0.0,4.0,,,,,,,,,,,,,,,,,,,,,,,,,,,,,,,,,,,,,,,,,,,,
2018,marcus allen,S,Penn State,6-2,202.0,,37.0,15.0,127.0,,4.32,True,5.0,148.0,marcus allen,2017.0,2.0,1.0,1.0,45.0,0.0,4.0,71.0,,,,50.0,1.0,0.0,50.0,,,,,,,,,,,,,,,,,,,,,,,,,,,,,,,,,,,,,,,,
2018,mark andrews,TE,Oklahoma,6-5,256.0,4.67,31.0,17.0,113.0,7.34,4.38,True,3.0,86.0,mark andrews,2017.0,,,,,,,,3.0,1.0,0.0,,,,,,,,,,,,,,,,,,,,,,,,,,,,,,,,,,,59.0,62.0,8.0,958.0,15.5,,,,,
2018,troy apke,S,Penn State,6-2,198.0,4.34,41.0,16.0,131.0,6.56,4.03,True,4.0,109.0,troy apke,2017.0,5.0,3.0,0.0,37.0,0.0,3.0,54.0,,,,1.0,1.0,0.0,1.0,,,,,,,,,,,,,,,,,,,,3.0,3.0,1.0,0.0,3.0,,,,,,,,,,,,,,,,
2018,dorance armstrong,EDGE,Kansas,6-4,257.0,4.87,30.0,20.0,118.0,7.12,4.23,True,4.0,116.0,dorance armstrong,2017.0,4.0,7.0,2.0,33.0,0.0,9.5,63.0,0.0,0.0,1.0,,,,,,,,,,,,,,,,,,,,,,,,,,,,,,,,,,,,,,,,,,,,
2018,ade aruna,DE,Tulane,6-6,262.0,4.6,38.5,18.0,128.0,7.53,4.48,True,6.0,218.0,ade aruna,2017.0,2.0,3.0,3.0,15.0,0.0,3.0,25.0,0.0,0.0,1.0,,,,,,,,,,,,,,,,,,,,,,,,,,,,,,,,,,,,,,,,,,,,
2018,marcell ateman,WR,Oklahoma State,6-4,216.0,4.62,34.0,13.0,121.0,7.07,4.25,True,7.0,228.0,marcell ateman,2017.0,,,,,,,,1.0,0.0,0.0,,,,,,,,,,,,,,,,,,,,,,,,,,,,,,,,,,,69.0,59.0,8.0,1156.0,19.6,,,,,
2018,john atkins,DT,Georgia,6-4,321.0,5.38,24.0,,89.0,7.95,4.75,False,,,john atkins,2017.0,1.0,0.0,0.0,16.0,0.0,1.0,34.0,,,,,,,,,,,,,,,,,,,,,,,,,,,,,,,,,,,,,,,,,,,,,,,
2018,anthony averett,CB,Alabama,6-0,185.0,4.36,31.5,13.0,119.0,6.93,4.4,True,4.0,118.0,anthony averett,2017.0,8.0,0.0,1.0,31.0,0.0,4.0,48.0,,,,30.0,1.0,0.0,30.0,,,,,,,,,,,,,,,,,,,,,,,,,,,,,,,,,,,,,,,,
2018,genard avery,ILB,Memphis,6-1,248.0,4.59,36.0,26.0,124.0,6.9,4.36,True,5.0,150.0,genard avery,2017.0,2.0,7.0,8.5,52.0,0.0,22.0,80.0,0.0,0.0,1.0,,,,,,,,,,,,,,,,,,,,,,,,,,,,,,,,,,,,,,,,,,,,
2018,mike badgley,K,Miami (FL),5-10,183.0,4.94,,,111.0,,,False,,,mike badgley,,,,,,,,,,,,,,,,,,,,,,,,,,,,,,,,,,,,,,,,,,,,,,,,,,,,,,,
2018,jerome baker,OLB,Ohio State,6-1,229.0,4.53,36.5,22.0,126.0,,,True,3.0,73.0,jerome baker,2017.0,3.0,2.0,3.5,42.0,0.0,8.0,72.0,0.0,0.0,2.0,,,,,,,,,,,,,,,,,,,,,,,,,,,,,,,,,,,,,,,,,,,,
2018,kalen ballage,RB,Arizona State,6-1,228.0,4.46,33.5,15.0,122.0,6.91,4.35,True,4.0,131.0,kalen ballage,2017.0,0.0,0.0,0.0,0.0,0.0,0.0,1.0,1.0,0.0,0.0,,,,,20.8,51.0,21.0,0.0,437.0,,,,,,,,,,,,,,,,,,,,,,,,,,10.0,20.0,0.0,91.0,4.6,157.0,35.0,6.0,669.0,4.3
2018,saquon barkley,RB,Penn State,6-0,233.0,4.4,41.0,29.0,,,4.24,True,1.0,2.0,saquon barkley,2017.0,0.0,0.0,0.0,1.0,2.0,0.0,1.0,,,,,,,,28.4,98.0,15.0,2.0,426.0,,,,,,,,2.0,2.0,0.0,1.0,1.0,36.0,18.0,,,,,,,,,,,,85.0,54.0,3.0,632.0,11.7,217.0,92.0,18.0,1271.0,5.9
2018,j.t. barrett,QB,Ohio State,6-1,224.0,4.7,30.0,,108.0,7.38,4.44,False,,,jt barrett,2017.0,0.0,0.0,0.0,1.0,0.0,0.0,1.0,2.0,1.0,0.0,,,,,,,,,,,,,,,,,371.0,240.0,9.0,0.647,35.0,3053.0,8.2,,,,,,,,,,,,,,,,,165.0,37.0,12.0,798.0,4.8
2018,jessie bates,S,Wake Forest,6-2,195.0,4.5,35.5,,117.0,6.78,4.26,True,2.0,54.0,jessie bates,2017.0,6.0,0.0,0.0,50.0,1.0,6.0,79.0,1.0,0.0,0.0,37.0,1.0,0.0,37.0,0.0,0.0,1.0,0.0,0.0,,,,,,,,,,,,,,,17.9,75.0,9.0,1.0,161.0,,,,,,,,,,,,,,,,
2018,marcus baugh,TE,Ohio State,6-3,247.0,4.81,33.0,,117.0,7.28,4.51,False,,,marcus baugh,2017.0,0.0,0.0,0.0,1.0,0.0,0.0,1.0,,,,,,,,,,,,,,,,,,,,,,,,,,,,,,,,,,,,,,31.0,28.0,5.0,304.0,10.9,1.0,5.0,0.0,5.0,5.0
2018,nick bawden,FB,San Diego State,6-2,245.0,,,,,,,True,7.0,237.0,nick bawden,2017.0,0.0,0.0,0.0,1.0,0.0,0.0,1.0,,,,,,,,,,,,,,,,,,,,,,,,,,,,,,,,,,,,,,24.0,15.0,1.0,103.0,6.9,,,,,
2018,davin bellamy,EDGE,Georgia,6-5,255.0,,,15.0,,,,False,,,davin bellamy,2017.0,3.0,4.0,5.0,16.0,0.0,7.5,32.0,,,,,,,,,,,,,,,,,,,,,,,,,,,,,,,,,,,,,,,,,,,,,,,
2018,kurt benkert,QB,Virginia,6-3,218.0,4.95,31.0,16.0,112.0,7.15,4.33,False,,,kurt benkert,2017.0,,,,,,,,11.0,3.0,0.0,,,,,,,,,,,,,,,,,509.0,298.0,9.0,0.585,25.0,3207.0,6.3,,,,,,,,,,,,,,,,,65.0,15.0,0.0,,
2018,braxton berrios,WR,Miami (FL),5-9,184.0,,,11.0,,,,True,6.0,210.0,braxton berrios,2017.0,,,,,,,,,,,,,,,,,,,,,,,,,,,1.0,1.0,0.0,1.0,0.0,17.0,17.0,15.9,44.0,13.0,0.0,207.0,,,,,,,55.0,54.0,9.0,670.0,12.4,1.0,9.0,0.0,9.0,9.0
2018,keishawn bierria,ILB,Washington,6-2,230.0,4.79,30.5,21.0,117.0,7.26,,True,6.0,217.0,keishawn bierria,2017.0,2.0,0.0,1.0,41.0,0.0,4.0,60.0,0.0,0.0,2.0,,,,,,,,,,,,,,,,,,,,,,,,,,,,,,,,,,,,,,,,,,,,
2018,quin blanding,S,Virginia,6-2,215.0,4.63,31.5,,122.0,,,False,,,quin blanding,2017.0,2.0,1.0,0.0,61.0,1.0,3.5,136.0,,,,18.0,4.0,1.0,72.0,,,,,,,,,,,,,,,,,,,,,,,,,,,,,,,,,,,,,,,,
2018,david bright,OT,Stanford,6-5,307.0,,,,,,,False,,,david bright,,,,,,,,,,,,,,,,,,,,,,,,,,,,,,,,,,,,,,,,,,,,,,,,,,,,,,,
2018,drew brown,K,Nebraska,5-10,208.0,,,,,,,False,,,drew brown,2017.0,0.0,0.0,0.0,3.0,0.0,0.0,3.0,,,,,,,,,,,,,14.0,12.0,44.0,0.857,73.0,37.0,37.0,,,,,,,,,,,,,,,,,,,,,,,,,,,,
2018,andrew brown,DE,Virginia,6-4,296.0,5.03,28.0,31.0,101.0,7.51,4.48,True,5.0,158.0,andrew brown,2017.0,2.0,3.0,3.5,51.0,0.0,12.5,86.0,,,,0.0,1.0,0.0,0.0,,,,,,,,,,,,,,,,,,,,,,,,,,,,,,,,,,,,,,,,
2018,orlando brown,OT,Oklahoma,6-8,345.0,5.85,19.5,14.0,82.0,7.87,5.38,True,3.0,83.0,orlando brown,,,,,,,,,,,,,,,,,,,,,,,,,,,,,,,,,,,,,,,,,,,,,,,,,,,,,,,
2018,tony brown,CB,Alabama,6-0,198.0,4.35,31.5,14.0,126.0,6.78,4.11,False,,,tony brown,2020.0,0.0,0.0,0.0,0.0,0.0,0.0,1.0,,,,,,,,,,,,,,,,,,,,,,,,,,,,,,,,,,,,,,,,,,,,,,,
2018,equanimeous st. brown,WR,Notre Dame,6-5,214.0,4.48,,20.0,,,,True,6.0,207.0,equanimeous st brown,2017.0,,,,,,,,,,,,,,,,,,,,,,,,,,,,,,,,,,,,,,,,,,,,,75.0,33.0,4.0,515.0,15.6,,,,,
2018,taven bryan,DT,Florida,6-4,291.0,4.98,35.0,30.0,119.0,7.12,4.48,True,1.0,29.0,taven bryan,2017.0,0.0,3.0,4.0,19.0,0.0,6.0,40.0,,,,,,,,,,,,,,,,,,,,,,,,,,,,,,,,,,,,,,,,,,,,,,,
2018,oren burks,OLB,Vanderbilt,6-3,233.0,4.59,39.5,18.0,131.0,6.82,4.15,True,3.0,88.0,oren burks,2017.0,3.0,1.0,1.0,45.0,0.0,7.0,82.0,0.0,0.0,1.0,9.0,1.0,0.0,9.0,,,,,,,,,,,,,,,,,,,,,,,,,,,,,,,,,,,,,,,,
2018,deontay burnett,WR,USC,6-0,186.0,,,,,,,False,,,deontay burnett,2017.0,,,,,,,,1.0,1.0,0.0,,,,,,,,,,,,,,,,,,,,,,,,,,,,,,,,,,,42.0,86.0,9.0,1114.0,13.0,2.0,3.0,0.0,,
2018,jason cabinda,ILB,Penn State,6-1,239.0,,,19.0,,,,False,,,jason cabinda,2017.0,3.0,1.0,2.5,34.0,0.0,6.5,88.0,0.0,0.0,1.0,,,,,,,,,,,,,,,,,,,,,,,,,,,,,,,,,,,,,,,,,,,,
2018,deon cain,WR,Clemson,6-2,202.0,4.43,33.5,11.0,115.0,6.71,4.37,True,6.0,185.0,deon cain,2017.0,0.0,1.0,0.0,0.0,0.0,0.0,0.0,,,,,,,,,,,,,,,,,,,,,,,,,,,,,,,,,,,,,,61.0,58.0,6.0,734.0,12.7,,,,,
2018,antonio callaway,WR,Florida,5-11,200.0,4.41,34.0,,121.0,,,True,4.0,105.0,antonio callaway,2016.0,0.0,0.0,0.0,1.0,1.0,0.0,1.0,5.0,1.0,0.0,,,,,32.3,44.0,3.0,1.0,97.0,,,,,,,,,,,,,,,8.4,39.0,26.0,0.0,218.0,,,,,,,78.0,54.0,3.0,721.0,13.4,5.0,24.0,1.0,32.0,6.4
2018,chris campbell,CB,Penn State,6-1,194.0,,,14.0,,,,False,,,chris campbell,2012.0,,,,,,,,,,,,,,,,,,,,,,,,,,,55.0,27.0,2.0,0.491,3.0,322.0,5.9,,,,,,0.0,24.0,1.0,0.0,24.0,24.0,,,,,,12.0,13.0,0.0,5.0,0.4
2018,dylan cantrell,WR,Texas Tech,6-3,226.0,4.59,38.5,18.0,130.0,6.56,4.03,True,6.0,191.0,dylan cantrell,2017.0,,,,,,,,,,,,,,,,,,,,,,,,,,,,,,,,,,,,,,,,,,,,,42.0,71.0,7.0,816.0,11.5,1.0,3.0,1.0,3.0,3.0
2018,alex cappa,OT,Humboldt State,6-6,305.0,5.39,26.5,24.0,97.0,8.04,4.84,True,3.0,94.0,alex cappa,,,,,,,,,,,,,,,,,,,,,,,,,,,,,,,,,,,,,,,,,,,,,,,,,,,,,,,
2018,tanner carew,LS,Oregon,6-1,243.0,5.0,30.0,18.0,111.0,7.26,4.28,False,,,tanner carew,2017.0,0.0,0.0,0.0,1.0,0.0,0.0,1.0,,,,,,,,,,,,,,,,,,,,,,,,,,,,,,,,,,,,,,,,,,,,,,,
2018,daniel carlson,K,Auburn,6-5,213.0,,,,,,,True,5.0,167.0,daniel carlson,2017.0,0.0,0.0,0.0,1.0,0.0,0.0,1.0,,,,,,,,,,,,,31.0,23.0,54.0,0.742,126.0,57.0,57.0,,,,,,,,,,,,,,,,,,,,,,,,,,,,
2018,lorenzo carter,EDGE,Georgia,6-6,250.0,4.5,36.0,,130.0,,,True,3.0,66.0,lorenzo carter,2017.0,0.0,4.0,4.5,28.0,0.0,7.5,58.0,0.0,0.0,3.0,,,,,,,,,,,,,,,,,,,,,,,,,,,,,,,,,,,,,,,,,,,,
2018,andre chachere,CB,San Jose State,6-0,200.0,4.49,38.0,13.0,123.0,6.78,4.07,False,,,andre chachere,2017.0,5.0,0.0,0.0,39.0,0.0,2.0,46.0,0.0,0.0,1.0,28.0,1.0,0.0,28.0,,,,,,,,,,,,,,,,,,,,,,,,,,,,,,,,,,,,,,,,
2018,sean chandler,S,Temple,6-0,190.0,4.65,34.5,16.0,119.0,,4.62,False,,,sean chandler,2017.0,4.0,0.0,0.0,56.0,0.0,1.5,79.0,0.0,0.0,1.0,30.7,3.0,0.0,92.0,,,,,,,,,,,,,,,,,,,,4.5,7.0,2.0,0.0,9.0,,,,,,,,,,,,,,,,
2018,d.j. chark,WR,LSU,6-3,199.0,4.34,40.0,16.0,129.0,,,True,2.0,61.0,dj chark,2017.0,0.0,0.0,0.0,1.0,2.0,0.0,1.0,2.0,1.0,0.0,,,,,12.0,12.0,1.0,0.0,12.0,,,,,,,,,,,,,,,10.6,75.0,18.0,2.0,190.0,,,,,,,68.0,40.0,3.0,874.0,21.9,12.0,20.0,1.0,63.0,5.3
2018,geron christian,OT,Louisville,6-5,298.0,5.33,,19.0,,,,True,3.0,74.0,geron christian,2017.0,0.0,0.0,0.0,2.0,0.0,0.0,2.0,,,,,,,,,,,,,,,,,,,,,,,,,,,,,,,,,,,,,,,,,,,,,,,
2018,bradley chubb,DE,North Carolina State,6-4,269.0,4.65,36.0,24.0,121.0,7.37,4.41,True,1.0,5.0,bradley chubb,2017.0,2.0,9.0,10.0,39.0,0.0,25.0,72.0,,,,,,,,,,,,,,,,,,,,,,,,,,,,,,,,,,,,,,,,,,,,,,,
2018,nick chubb,RB,Georgia,5-11,227.0,4.52,38.5,29.0,128.0,7.09,4.25,True,2.0,35.0,nick chubb,2017.0,,,,,,,,,,,,,,,,,,,,,,,,,,,,,,,,,,,,,,,,,,,,,11.0,4.0,0.0,30.0,7.5,223.0,55.0,15.0,1345.0,6.0
2018,jack cichy,ILB,Wisconsin,6-2,238.0,,,18.0,,,,True,6.0,202.0,jack cichy,2016.0,2.0,3.0,1.5,45.0,0.0,7.0,60.0,,,,,,,,,,,,,,,,,,,,,,,,,,,,,,,,,,,,,,,,,,,,,,,
2018,will clapp,C,LSU,6-4,311.0,5.39,29.0,25.0,97.0,8.04,4.92,True,7.0,245.0,will clapp,2015.0,,,,,,,,,,,,,,,,,,,,,,,,,,,,,,,,,,,,,,,,,,,,,,,,,,0.0,0.0,1.0,0.0,0.0
2018,simmie cobbs,WR,Indiana,6-3,220.0,4.64,30.0,11.0,113.0,6.7,4.32,False,,,simmie cobbs,2017.0,0.0,0.0,0.0,1.0,0.0,0.0,1.0,2.0,1.0,0.0,,,,,,,,,,,,,,,,,,,,,,,,,,,,,,,,,,,35.0,72.0,8.0,841.0,11.7,0.0,0.0,1.0,0.0,0.0
2018,mason cole,C,Michigan,6-4,307.0,5.23,23.5,23.0,104.0,7.77,4.78,True,3.0,97.0,mason cole,,,,,,,,,,,,,,,,,,,,,,,,,,,,,,,,,,,,,,,,,,,,,,,,,,,,,,,
2018,lavon coleman,RB,Washington,5-11,215.0,4.65,33.0,23.0,120.0,,,False,,,lavon coleman,2017.0,0.0,0.0,0.0,2.0,0.0,0.0,3.0,1.0,0.0,0.0,,,,,,,,,,,,,,,,,,,,,,,,,,,,,,,,,,,35.0,13.0,3.0,155.0,11.9,89.0,33.0,4.0,407.0,4.6
2018,tyler conklin,TE,Central Michigan,6-3,254.0,4.8,38.0,18.0,120.0,7.13,4.23,True,5.0,157.0,tyler conklin,2017.0,0.0,0.0,0.0,2.0,0.0,0.0,2.0,1.0,1.0,0.0,,,,,,,,,,,,,,,,,,,,,,,,,,,,,,,,,,,42.0,35.0,5.0,504.0,14.4,,,,,
2018,austin corbett,OG,Nevada,6-4,306.0,5.15,28.0,19.0,106.0,7.87,4.5,True,2.0,33.0,austin corbett,2017.0,,,,,,,,,,,,,,,,,,,,,,,,,,,,,,,,,,,,,,,,,,,,,,,,,,1.0,0.0,0.0,,
2018,keke coutee,WR,Texas Tech,5-10,181.0,4.43,34.5,14.0,113.0,6.93,4.15,True,4.0,103.0,keke coutee,2017.0,0.0,0.0,0.0,0.0,1.0,0.0,0.0,,,,,,,,31.5,92.0,10.0,1.0,315.0,,,,,,,,,,,,,,,,,,,,,,,,,,77.0,93.0,10.0,1429.0,15.4,5.0,11.0,0.0,15.0,3.0
2018,chris covington,OLB,Indiana,6-2,245.0,4.78,,23.0,,,,True,6.0,193.0,chris covington,2017.0,5.0,5.0,3.0,50.0,0.0,12.0,85.0,0.0,0.0,1.0,,,,,,,,,,,,,,,,,,,,,,,,,,,,,,,,,,,,,,,,,,,,
2018,justin crawford,RB,West Virginia,5-11,199.0,4.64,33.5,11.0,122.0,,,False,,,justin crawford,2017.0,0.0,0.0,0.0,1.0,0.0,0.0,1.0,4.0,3.0,0.0,,,,,,,,,,,,,,,,,,,,,,,,,,,,,,,,,,,16.0,8.0,0.0,38.0,4.8,190.0,42.0,7.0,1061.0,5.6
2018,tyrell crosby,OT,Oregon,6-5,309.0,5.23,30.0,17.0,105.0,7.89,4.77,True,5.0,153.0,tyrell crosby,,,,,,,,,,,,,,,,,,,,,,,,,,,,,,,,,,,,,,,,,,,,,,,,,,,,,,,
2018,dane cruikshank,S,Arizona,6-1,206.0,4.41,38.5,25.0,121.0,6.89,4.24,True,5.0,152.0,dane cruikshank,2017.0,5.0,0.0,1.0,49.0,0.0,5.0,64.0,,,,21.7,3.0,0.0,65.0,,,,,,,,,,,,,,,,,,,,,,,,,,,,,,,,,,,,,,,,
2018,trevor daniel,P,Tennessee,6-1,230.0,4.98,32.5,23.0,119.0,,,False,,,trevor daniel,2017.0,,,,,,,,,,,,,,,,,,,,,,,,,,,,,,,,,,,,,,,4.0,72.0,70.0,1.0,3323.0,47.5,,,,,,,,,,
2018,james daniels,C,Iowa,6-3,306.0,,30.5,21.0,108.0,7.29,4.4,True,2.0,39.0,james daniels,2017.0,0.0,0.0,0.0,1.0,0.0,0.0,1.0,,,,,,,,,,,,,,,,,,,,,,,,,,,,,,,,,,,,,,,,,,,,,,,
2018,sam darnold,QB,USC,6-3,221.0,4.85,26.5,,105.0,6.96,4.4,True,1.0,3.0,sam darnold,2017.0,0.0,0.0,0.0,2.0,0.0,0.0,2.0,12.0,9.0,0.0,,,,,,,,,,,,,,,,,480.0,303.0,13.0,0.631,26.0,4143.0,8.6,,,,,,,,,,,,,,,,,75.0,39.0,5.0,82.0,1.1
2018,marcus davenport,DE,Texas-San Antonio,6-6,264.0,4.58,33.5,22.0,124.0,7.2,4.41,True,1.0,14.0,marcus davenport,2017.0,4.0,8.0,8.5,33.0,0.0,17.0,55.0,0.0,0.0,1.0,,,,,,,,,,,,,,,,,,,,,,,,,,,,,,,,,,,,,,,,,,,,
2018,joseph davidson,P,Bowling Green,6-7,232.0,,,,,,,False,,,joseph davidson,2017.0,,,,,,,,,,,,,,,,,,,,,,,,,,,,,,,,,,,,,,,0.0,65.0,60.0,0.0,2641.0,44.0,,,,,,0.0,14.0,0.0,14.0,0.0
2018,carlton davis,CB,Auburn,6-1,203.0,4.53,34.0,16.0,124.0,,,True,2.0,63.0,carlton davis,2017.0,11.0,0.0,0.0,23.0,0.0,0.5,30.0,0.0,0.0,1.0,0.0,1.0,0.0,0.0,,,,,,,,,,,,,,,,,,,,,,,,,,,,,,,,,,,,,,,,
2018,duke dawson,CB,Florida,5-10,208.0,4.46,,15.0,,,,True,2.0,56.0,duke dawson,2017.0,9.0,0.0,0.0,23.0,1.0,2.0,34.0,,,,13.5,4.0,1.0,54.0,,,,,,,,,,,,,,,,,,,,,,,,,,,,,,,,,,,,,,,,
2018,dee delaney,CB,Miami (FL),6-1,194.0,4.46,32.5,13.0,120.0,6.95,4.25,False,,,dee delaney,2017.0,1.0,0.0,0.0,22.0,0.0,0.5,36.0,0.0,0.0,1.0,4.0,1.0,0.0,4.0,,,,,,,,,,,,,,,,,,,,,,,,,,,,,,,,,,,,,,,,
2018,nick deluca,OLB,North Dakota State,6-3,251.0,4.85,29.5,18.0,112.0,7.09,4.23,False,,,nick deluca,2016.0,0.0,1.0,0.0,6.0,0.0,1.0,8.0,,,,,,,,,,,,,,,,,,,,,,,,,,,,,,,,,,,,,,,,,,,,,,,
2018,jamil demby,OG,Maine,6-4,319.0,5.58,23.5,17.0,98.0,7.86,4.95,True,6.0,192.0,jamil demby,,,,,,,,,,,,,,,,,,,,,,,,,,,,,,,,,,,,,,,,,,,,,,,,,,,,,,,
2018,matt dickerson,DE,UCLA,6-4,292.0,5.06,31.0,26.0,,,,False,,,matt dickerson,2017.0,0.0,0.0,0.0,15.0,0.0,1.0,21.0,,,,,,,,,,,,,,,,,,,,,,,,,,,,,,,,,,,,,,,,,,,,,,,
2018,michael dickson,P,Texas,6-2,208.0,,,,,,,True,5.0,149.0,michael dickson,2017.0,0.0,0.0,0.0,1.0,0.0,0.0,1.0,,,,,,,,,,,,,,,,,,,,,,,,,,,,,,,,0.0,76.0,84.0,0.0,3984.0,47.4,,,,,,,,,,
2018,will dissly,TE,Washington,6-4,262.0,4.87,28.0,15.0,111.0,7.07,4.4,True,4.0,120.0,will dissly,2017.0,0.0,0.0,0.0,1.0,0.0,0.0,1.0,,,,,,,,,,,,,,,,,,,,,,,,,,,,,,,,,,,,,,52.0,20.0,2.0,281.0,14.1,,,,,
2018,garret dooley,EDGE,Wisconsin,6-3,248.0,4.8,33.0,21.0,121.0,,4.28,False,,,garret dooley,2017.0,1.0,4.0,7.5,18.0,0.0,12.0,40.0,,,,,,,,,,,,,,,,,,,,,,,,,,,,,,,,,,,,,,,,,,,,,,,
2018,chase edmonds,RB,Fordham,5-9,205.0,4.55,34.0,19.0,122.0,6.79,4.07,True,4.0,134.0,chase edmonds,2017.0,,,,,,,,,,,,,,,11.5,15.0,2.0,0.0,23.0,,,,,,,,,,,,,,,,,,,,,,,,,,11.0,2.0,0.0,21.0,10.5,15.0,11.0,1.0,42.0,2.8
2018,terrell edmunds,S,Virginia Tech,6-2,220.0,4.47,41.5,,134.0,,,True,1.0,28.0,terrell edmunds,2017.0,4.0,1.0,1.5,30.0,0.0,2.5,60.0,,,,35.0,2.0,0.0,70.0,,,,,,,,,,,,,,,,,,,,,,,,,,,,,,,,,,,,,,,,
2018,tremaine edmunds,LB,Virginia Tech,6-5,253.0,4.54,,19.0,117.0,,,True,1.0,16.0,tremaine edmunds,2017.0,2.0,4.0,5.5,60.0,0.0,14.0,109.0,,,,,,,,,,,,,,,,,,,,,,,,,,,,,,,,,,,,,,,,,,,,,,,
2018,duke ejiofor,DE,Wake Forest,6-4,264.0,,,,,,,True,6.0,177.0,duke ejiofor,2017.0,1.0,9.0,6.5,26.0,0.0,16.5,43.0,,,,,,,,,,,,,,,,,,,,,,,,,,,,,,,,,,,,,,,,,,,,,,,
2018,deshon elliott,S,Texas,6-2,205.0,4.58,36.0,15.0,121.0,,,True,6.0,190.0,deshon elliott,2017.0,9.0,0.0,1.5,50.0,2.0,8.5,63.0,0.0,0.0,1.0,21.2,6.0,2.0,127.0,,,,,,,,,,,,,,,,,,,,,,,,,,,,,,,,,,,,,,,,
2018,donnie ernsberger,RB,Western Michigan,6-3,241.0,4.78,31.0,15.0,114.0,7.09,4.34,False,,,donnie ernsberger,2017.0,,,,,,,,,,,,,,,9.3,15.0,4.0,0.0,37.0,,,,,,,,,,,,,,,,,,,,,,,,,,30.0,34.0,4.0,394.0,11.6,,,,,
2018,leighton vander esch,ILB,Boise State,6-4,256.0,4.65,39.5,20.0,124.0,6.88,4.15,True,1.0,19.0,leighton vander esch,2017.0,4.0,1.0,4.0,91.0,0.0,8.5,141.0,,,,15.7,3.0,0.0,47.0,,,,,,,,,,,,,,,,,,,,,,,,,,,,,,,,,,,,,,,,
2018,danny etling,QB,LSU,6-2,222.0,4.76,30.5,,114.0,7.09,4.37,True,7.0,219.0,danny etling,2017.0,0.0,0.0,0.0,0.0,0.0,0.0,1.0,1.0,0.0,0.0,,,,,,,,,,,,,,,,,275.0,165.0,2.0,0.6,16.0,2463.0,9.0,,,,,,,,,,,,,,,,,72.0,19.0,2.0,128.0,1.8
2018,rashaan evans,LB,Alabama,6-3,232.0,,30.0,,116.0,6.95,4.36,True,1.0,22.0,rashaan evans,2017.0,3.0,7.0,6.0,35.0,0.0,13.0,74.0,0.0,0.0,1.0,,,,,,,,,,,,,,,,,,,,,,,,,,,,,,,,,,,,,,,,,,,,
2018,brandon facyson,CB,Virginia Tech,6-2,197.0,4.53,,16.0,,,,False,,,brandon facyson,2017.0,5.0,0.0,0.0,14.0,0.0,2.0,19.0,,,,,,,,,,,,,,,,,,,,,,,,,,,,,,,,,,,,,,,,,,,,,,,
2018,luke falk,QB,Washington State,6-4,215.0,,26.5,,103.0,,,True,6.0,199.0,luke falk,2017.0,0.0,0.0,0.0,1.0,0.0,0.0,1.0,4.0,3.0,0.0,,,,,,,,,,,,,,,,,534.0,357.0,13.0,0.669,30.0,3593.0,6.7,,,,,,,,,,,,,,,,,67.0,16.0,0.0,,
2018,rashard fant,CB,Indiana,5-10,175.0,,,,,,,False,,,rashard fant,2017.0,9.0,0.0,0.0,21.0,0.0,2.5,24.0,1.0,0.0,1.0,0.0,1.0,0.0,0.0,,,,,,,,,,,,,,,,,,,,6.0,13.0,2.0,0.0,12.0,,,,,,,,,,,,,,,,
2018,foley fatukasi,DT,Connecticut,6-4,318.0,5.29,30.0,33.0,112.0,7.44,4.53,False,,,foley fatukasi,,,,,,,,,,,,,,,,,,,,,,,,,,,,,,,,,,,,,,,,,,,,,,,,,,,,,,,
2018,riley ferguson,QB,Memphis,6-3,212.0,4.98,29.0,,110.0,6.96,4.4,False,,,riley ferguson,2017.0,0.0,0.0,0.0,0.0,0.0,0.0,1.0,2.0,1.0,0.0,,,,,,,,,,,,,,,,,474.0,299.0,9.0,0.631,38.0,4257.0,9.0,,,,,,0.0,32.0,1.0,0.0,32.0,32.0,,,,,,54.0,15.0,6.0,22.0,0.4
2018,kylie fitts,EDGE,Utah,6-4,263.0,4.69,32.5,31.0,117.0,6.88,4.19,True,6.0,181.0,kylie fitts,2017.0,1.0,0.0,3.0,14.0,0.0,3.0,23.0,,,,,,,,,,,,,,,,,,,,,,,,,,,,,,,,,,,,,,,,,,,,,,,
2018,minkah fitzpatrick,DB,Alabama,6-1,201.0,4.46,33.0,14.0,121.0,,,True,1.0,11.0,minkah fitzpatrick,2017.0,8.0,3.0,1.5,38.0,0.0,8.0,60.0,,,,0.0,1.0,0.0,0.0,39.0,39.0,1.0,0.0,39.0,,,,,,,,,,,,,,,,,,,,,,,,,,,,,,,,,,,
2018,quinton flowers,QB,South Florida,5-10,214.0,4.63,,,112.0,6.81,4.57,False,,,quinton flowers,2017.0,,,,,,,,5.0,3.0,0.0,,,,,20.0,20.0,1.0,0.0,20.0,,,,,,,,354.0,188.0,6.0,0.531,25.0,2911.0,8.2,,,,,,,,,,,,,,,,,196.0,44.0,11.0,1078.0,5.5
2018,dimitri flowers,RB,Oklahoma,6-2,248.0,4.83,30.5,17.0,109.0,7.45,4.53,False,,,dimitri flowers,2017.0,0.0,0.0,0.0,2.0,0.0,0.0,2.0,,,,,,,,,,,,,,,,,,,,,,,,,,,,,,,,,,,,,,52.0,26.0,5.0,464.0,17.8,14.0,6.0,4.0,22.0,1.6
2018,tre flowers,S,Oklahoma State,6-3,200.0,4.45,34.5,18.0,122.0,,,True,5.0,146.0,tre flowers,2017.0,8.0,0.0,0.0,55.0,0.0,1.0,80.0,,,,7.0,2.0,0.0,14.0,,,,,,,,,,,,,,,,,,,,,,,,,,,,,,,,,,,,,,,,
2018,robert foster,WR,Alabama,6-2,196.0,4.41,31.0,,116.0,6.9,4.2,False,,,robert foster,2017.0,0.0,0.0,0.0,0.0,0.0,0.0,1.0,2.0,1.0,0.0,,,,,,,,,,,,,,,,,,,,,,,,,,,,,,,,,,,52.0,14.0,1.0,174.0,12.4,1.0,12.0,0.0,12.0,12.0
2018,jarvion franklin,RB,West. Michigan,5-11,239.0,4.63,30.0,18.0,109.0,6.93,4.31,False,,,jarvion franklin,2017.0,0.0,0.0,0.0,1.0,0.0,0.0,1.0,2.0,1.0,0.0,,,,,,,,,,,,,,,,,1.0,0.0,1.0,0.0,0.0,0.0,0.0,,,,,,,,,,,,20.0,5.0,1.0,35.0,7.0,235.0,72.0,11.0,1228.0,5.2
2018,john franklin-myers,DE,Stephen F. Austin,6-4,283.0,4.75,33.0,26.0,113.0,7.36,4.48,True,4.0,135.0,john franklinmyers,,,,,,,,,,,,,,,,,,,,,,,,,,,,,,,,,,,,,,,,,,,,,,,,,,,,,,,
2018,joshua frazier,DT,Alabama,6-4,321.0,,,21.0,,,,True,7.0,246.0,joshua frazier,2017.0,3.0,1.0,0.0,8.0,0.0,2.5,15.0,,,,,,,,,,,,,,,,,,,,,,,,,,,,,,,,,,,,,,,,,,,,,,,
2018,royce freeman,RB,Oregon,5-11,229.0,4.54,34.0,17.0,118.0,6.9,4.16,True,3.0,71.0,royce freeman,2017.0,0.0,0.0,0.0,0.0,0.0,0.0,1.0,2.0,1.0,0.0,,,,,,,,,,,,,,,,,,,,,,,,,,,,,,,,,,,50.0,14.0,0.0,164.0,11.7,244.0,59.0,16.0,1475.0,6.0
2018,troy fumagalli,TE,Wisconsin,6-5,247.0,,,14.0,,,,True,5.0,156.0,troy fumagalli,2017.0,0.0,0.0,0.0,1.0,0.0,0.0,1.0,,,,,,,,,,,,,,,,,,,,,,,,,,,,,,,,,,,,,,44.0,46.0,4.0,547.0,11.9,,,,,
2018,michael gallup,WR,Colorado State,6-1,205.0,4.51,36.0,10.0,122.0,6.95,4.37,True,3.0,81.0,michael gallup,2017.0,0.0,0.0,0.0,2.0,0.0,0.0,2.0,,,,,,,,,,,,,,,,,,,,,,,,,,,,,,,,,,,,,,76.0,100.0,7.0,1413.0,14.1,,,,,
2018,nick gates,OT,Nebraska,6-5,307.0,5.46,24.0,20.0,94.0,7.61,4.68,False,,,nick gates,2017.0,0.0,0.0,0.0,1.0,0.0,0.0,1.0,,,,,,,,,,,,,,,,,,,,,,,,,,,,,,,,,,,,,,,,,,,0.0,6.0,0.0,6.0,0.0
2018,rashaan gaulden,CB,Tennessee,6-1,193.0,4.61,30.0,8.0,119.0,7.16,4.33,True,3.0,85.0,rashaan gaulden,2017.0,5.0,1.0,0.0,35.0,0.0,3.5,63.0,0.0,0.0,2.0,0.0,1.0,0.0,0.0,,,,,,,,,,,,,,,,,,,,,,,,,,,,,,,,,,,,,,,,
2018,mike gesicki,TE,Penn State,6-5,247.0,4.54,41.5,22.0,129.0,6.76,4.1,True,2.0,42.0,mike gesicki,2017.0,0.0,0.0,0.0,1.0,0.0,0.0,1.0,,,,,,,,,,,,,,,,,,,,,,,,,,,,,,,,,,,,,,35.0,57.0,9.0,563.0,9.9,,,,,
2018,dallas goedert,TE,South Dakota State,6-5,256.0,,,23.0,,,,True,2.0,49.0,dallas goedert,2016.0,,,,,,,,,,,,,,,,,,,,,,,,,,,,,,,,,,,,,,,,,,,,,35.0,5.0,1.0,96.0,19.2,,,,,
2018,colby gossett,OG,Appalachian State,6-5,311.0,5.2,25.0,32.0,103.0,7.6,4.83,True,6.0,213.0,colby gossett,,,,,,,,,,,,,,,,,,,,,,,,,,,,,,,,,,,,,,,,,,,,,,,,,,,,,,,
2018,davon grayson,WR,East Carolina,6-1,199.0,4.51,34.5,19.0,124.0,,,False,,,davon grayson,2017.0,,,,,,,,,,,,,,,24.5,29.0,2.0,0.0,49.0,,,,,,,,,,,,,,,,,,,,,,,,,,75.0,59.0,6.0,886.0,15.0,6.0,12.0,0.0,40.0,6.7
2018,rasheem green,DE,USC,6-5,275.0,4.73,32.5,,118.0,7.24,4.39,True,3.0,79.0,rasheem green,2017.0,4.0,5.0,10.0,19.0,0.0,12.5,43.0,,,,,,,,,,,,,,,,,,,,,,,,,,,,,,,,,,,,,,,,,,,,,,,
2018,shaquem griffin,OLB,Central Florida,6-1,227.0,4.38,,20.0,117.0,,,True,5.0,141.0,shaquem griffin,2017.0,3.0,9.0,7.0,43.0,0.0,13.5,74.0,0.0,0.0,2.0,22.0,1.0,0.0,22.0,,,,,,,,,,,,,,,,,,,,,,,,,,,,,,,,,,,,,,,,
2018,derrius guice,RB,LSU,5-10,224.0,4.49,31.5,15.0,,,,True,2.0,59.0,derrius guice,2017.0,0.0,0.0,0.0,1.0,0.0,0.0,1.0,1.0,0.0,0.0,,,,,,,,,,,,,,,,,,,,,,,,,,,,,,,,,,,20.0,18.0,2.0,124.0,6.9,237.0,59.0,11.0,1251.0,5.3
2018,grant haley,CB,Penn State,5-9,190.0,4.44,34.0,15.0,119.0,6.51,3.94,False,,,grant haley,2017.0,9.0,2.0,2.0,27.0,0.0,3.0,40.0,0.0,0.0,1.0,23.0,2.0,0.0,46.0,,,,,,,,,,,,,,,,,,,,,,,,,,,,,,,,,,,,,,,,
2018,shaun dion hamilton,ILB,Alabama,6-0,228.0,,,20.0,,,,True,6.0,197.0,shaun dion hamilton,2017.0,2.0,2.0,2.5,20.0,0.0,5.5,40.0,,,,,,,,,,,,,,,,,,,,,,,,,,,,,,,,,,,,,,,,,,,,,,,
2018,daesean hamilton,WR,Penn State,6-1,203.0,,34.5,,118.0,6.84,4.15,True,4.0,113.0,daesean hamilton,2017.0,,,,,,,,,,,,,,,,,,,,,,,,,,,,,,,,,,,,,,,,,,,,,48.0,53.0,9.0,857.0,16.2,1.0,2.0,0.0,2.0,2.0
2018,dashawn hand,DE,Alabama,6-4,297.0,4.83,31.5,28.0,111.0,7.98,4.62,False,,,dashawn hand,2017.0,1.0,0.0,3.0,9.0,0.0,3.5,27.0,,,,,,,,,,,,,,,,,,,,,,,,,,,,,,,,,,,,,,,,,,,,,,,
2018,davontae harris,CB,Illinois State,6-0,200.0,4.43,32.5,22.0,123.0,6.96,4.4,True,5.0,151.0,davontae harris,2016.0,2.0,0.0,0.0,2.0,0.0,0.0,3.0,,,,,,,,,,,,,,,,,,,,,,,,,,,,,,,,,,,,,,,,,,,,,,,
2018,marcell harris,S,Florida,6-0,208.0,,,16.0,,,,True,6.0,184.0,marcell harris,2016.0,1.0,1.0,1.0,43.0,0.0,4.0,73.0,0.0,0.0,1.0,12.5,2.0,0.0,25.0,,,,,,,,,,,,,,,,,,,,,,,,,,,,,,,,,,,,,,,,
2018,desmond harrison,OT,West Georgia,6-6,292.0,4.9,,,,,,False,,,desmond harrison,,,,,,,,,,,,,,,,,,,,,,,,,,,,,,,,,,,,,,,,,,,,,,,,,,,,,,,
2018,ronnie harrison,S,Alabama,6-3,214.0,,34.0,,120.0,,,True,3.0,93.0,ronnie harrison,2017.0,4.0,0.0,2.5,43.0,0.0,4.5,74.0,,,,2.3,3.0,0.0,7.0,,,,,,,,,,,,,,,,,,,,,,,,,,,,,,,,,,,,,,,,
2018,marquis haynes,EDGE,Mississippi,6-3,235.0,4.67,32.0,23.0,123.0,7.14,4.45,True,4.0,136.0,marquis haynes,2017.0,0.0,5.0,7.5,27.0,0.0,11.0,45.0,,,,,,,,,,,,,,,,,,,,,,,,,,,,,,,,,,,,,,,,,,,,,,,
2018,taylor hearn,OG,Clemson,6-4,320.0,5.45,24.0,18.0,96.0,7.84,4.8,False,,,taylor hearn,2017.0,,,,,,,,,,,,,,,,,,,,,,,,,,,,,,,,,,,,,,,,,,,,,,,,,,0.0,12.0,0.0,12.0,0.0
2018,james hearns,EDGE,Louisville,6-3,239.0,4.89,,22.0,,,,False,,,james hearns,2017.0,3.0,2.0,7.0,29.0,0.0,13.5,42.0,0.0,0.0,1.0,,,,,,,,,,,,,,,,,,,,,,,,,,,,,,,,,,,,,,,,,,,,
2018,quadree henderson,WR,Pittsburgh,5-8,192.0,4.5,32.5,12.0,120.0,6.89,4.28,False,,,quadree henderson,2017.0,0.0,0.0,0.0,0.0,2.0,0.0,0.0,1.0,1.0,0.0,,,,,21.0,36.0,25.0,0.0,524.0,,,,,,,,,,,,,,,11.6,80.0,21.0,2.0,243.0,,,,,,,74.0,17.0,0.0,186.0,10.9,36.0,26.0,0.0,249.0,6.9
2018,zaycoven henderson,DT,Texas A&M,6-0,298.0,5.16,29.5,20.0,105.0,7.33,4.58,False,,,zaycoven henderson,2017.0,0.0,3.0,2.5,15.0,0.0,5.0,35.0,,,,,,,,,,,,,,,,,,,,,,,,,,,,,,,,,,,,,,,,,,,,,,,
2018,will hernandez,OG,Texas-El Paso,6-2,327.0,5.15,24.0,37.0,104.0,7.59,4.7,True,2.0,34.0,will hernandez,,,,,,,,,,,,,,,,,,,,,,,,,,,,,,,,,,,,,,,,,,,,,,,,,,,,,,,
2018,chris herndon,TE,Miami (FL),6-4,253.0,,,21.0,,,,True,4.0,107.0,chris herndon,,,,,,,,,,,,,,,,,,,,,,,,,,,,,,,,,,,,,,,,,,,,,,,,,,,,,,,
2018,kyle hicks,RB,TCU,5-10,204.0,4.63,36.5,13.0,122.0,,,False,,,kyle hicks,2017.0,,,,,,,,1.0,1.0,0.0,,,,,,,,,,,,,,,,,,,,,,,,,,,,,,,,,,,62.0,30.0,1.0,291.0,9.7,139.0,41.0,4.0,637.0,4.6
2018,b.j. hill,DT,North Carolina State,6-4,311.0,4.99,26.5,35.0,101.0,7.28,4.53,True,3.0,69.0,bj hill,2017.0,3.0,2.0,2.0,18.0,0.0,3.5,55.0,,,,,,,,,,,,,,,,,,,,,,,,,,,,,,,,,,,,,,,,,,,,,,,
2018,holton hill,CB,Texas,6-3,200.0,4.49,31.0,14.0,120.0,6.83,4.15,False,,,holton hill,2017.0,6.0,0.0,0.0,39.0,2.0,0.0,51.0,,,,38.0,2.0,2.0,76.0,,,,,,,,,,,,,,,,,,,,,,,,,,,,,,,,,,,,,,,,
2018,nyheim hines,RB,North Carolina State,5-8,198.0,4.38,35.5,,119.0,7.18,4.35,True,4.0,104.0,nyheim hines,2017.0,0.0,0.0,0.0,1.0,1.0,0.0,1.0,4.0,1.0,0.0,,,,,22.3,50.0,21.0,0.0,469.0,,,,,,,,,,,,,,,11.3,92.0,12.0,1.0,135.0,,,,,,,28.0,26.0,0.0,152.0,5.8,197.0,83.0,12.0,1112.0,5.6
2018,jeff holland,EDGE,Auburn,6-2,249.0,4.79,,,116.0,,,False,,,jeff holland,2017.0,1.0,19.0,9.0,26.0,0.0,12.0,40.0,0.0,0.0,1.0,,,,,,,,,,,,,,,,,,,,,,,,,,,,,,,,,,,,,,,,,,,,
2018,jalyn holmes,DE,Ohio State,6-5,283.0,4.82,32.0,25.0,,,,True,4.0,102.0,jalyn holmes,2017.0,3.0,2.0,2.0,18.0,0.0,3.0,30.0,,,,,,,,,,,,,,,,,,,,,,,,,,,,,,,,,,,,,,,,,,,,,,,
2018,sam hubbard,DE,Ohio State,6-5,270.0,,35.0,,116.0,6.84,4.32,True,3.0,77.0,sam hubbard,2017.0,0.0,3.0,7.0,27.0,0.0,13.5,42.0,,,,,,,,,,,,,,,,,,,,,,,,,,,,,,,,,,,,,,,,,,,,,,,
2018,mike hughes,CB,Central Florida,5-11,191.0,4.53,35.5,20.0,127.0,6.7,4.13,True,1.0,30.0,mike hughes,2017.0,11.0,0.0,8.0,60.0,4.0,7.5,102.0,1.0,0.0,0.0,23.0,4.0,1.0,92.0,31.8,95.0,20.0,2.0,635.0,,,,,,,,,,,,,,,16.6,66.0,14.0,1.0,233.0,,,,,,,,,,,,,,,,
2018,hayden hurst,TE,South Carolina,6-4,250.0,4.67,31.5,,120.0,7.19,4.37,True,1.0,25.0,hayden hurst,2017.0,0.0,0.0,0.0,1.0,0.0,0.0,2.0,,,,,,,,,,,,,,,,,,,,1.0,0.0,0.0,0.0,0.0,0.0,0.0,,,,,,,,,,,,62.0,44.0,2.0,559.0,12.7,9.0,13.0,1.0,30.0,3.3
2018,maurice hurst,DT,Michigan,6-2,292.0,,,,,,,True,5.0,140.0,maurice hurst,2017.0,2.0,2.0,5.5,26.0,0.0,13.5,58.0,,,,,,,,,,,,,,,,,,,,,,,,,,,,,,,,,,,,,,,,,,,,,,,
2018,godwin igwebuike,S,Northwestern,6-0,205.0,4.44,35.5,19.0,128.0,6.56,4.12,False,,,godwin igwebuike,2017.0,9.0,1.0,0.0,51.0,0.0,1.5,78.0,,,,3.0,2.0,0.0,6.0,,,,,,,,,,,,,,,,,,,,,,,,,,,,,,,,,,,,,,,,
2018,darren carrington ii,WR,Utah,6-2,199.0,,36.0,,120.0,,,False,,,darren carrington,2017.0,0.0,0.0,0.0,2.0,0.0,0.0,2.0,2.0,1.0,0.0,,,,,,,,,,,,,,,,,1.0,0.0,0.0,0.0,0.0,0.0,0.0,,,,,,,,,,,,46.0,70.0,6.0,980.0,14.0,,,,,
2018,joel iyiegbuniwe,LB,Western Kentucky,6-1,229.0,4.6,35.0,19.0,117.0,7.06,4.28,True,4.0,115.0,joel iyiegbuniwe,2017.0,1.0,2.0,2.0,54.0,0.0,11.5,117.0,0.0,0.0,1.0,,,,,,,,,,,,,,,,,,,,,,,,,,,,,,,,,,,,,,,,,,,,
2018,ryan izzo,TE,Florida State,6-5,256.0,4.94,33.0,18.0,110.0,7.15,4.43,True,7.0,250.0,ryan izzo,2017.0,0.0,0.0,0.0,1.0,0.0,0.0,1.0,,,,,,,,,,,,,,,,,,,,,,,,,,,,,,,,,,,,,,60.0,20.0,3.0,317.0,15.9,,,,,
2018,darius jackson,EDGE,Jacksonville State,6-3,242.0,4.87,26.5,21.0,113.0,7.52,,False,,,darius jackson,2015.0,,,,,,,,,,,,,,,,,,,,,,,,,,,,,,,,,,,,,,,,,,,,,38.0,21.0,2.0,201.0,9.6,208.0,63.0,14.0,1078.0,5.2
2018,donte jackson,CB,LSU,5-11,175.0,4.32,,7.0,124.0,,,True,2.0,55.0,donte jackson,2017.0,9.0,1.0,1.0,32.0,0.0,3.5,48.0,,,,0.0,1.0,0.0,0.0,,,,,,,,,,,,,,,,,,,,,,,,,,,,,,,,,,,,,,,,
2018,j.c. jackson,CB,Maryland,5-11,193.0,4.46,35.5,14.0,120.0,,,False,,,jc jackson,2017.0,7.0,0.0,0.0,33.0,0.0,1.0,40.0,0.0,0.0,1.0,0.0,3.0,0.0,0.0,,,,,,,,,,,,,,,,,,,,,,,,,,,,,,,,,,,,,,,,
2018,josh jackson,CB,Iowa,6-1,192.0,4.56,38.0,18.0,123.0,6.86,4.03,True,2.0,45.0,josh jackson,2018.0,,,,,,,,,,,,,,,,,,,,,,,,,,,58.0,36.0,1.0,0.621,5.0,575.0,9.9,,,,,,,,,,,,,,,,,20.0,24.0,1.0,61.0,3.1
2018,justin jackson,RB,Northwestern,6-0,199.0,4.52,38.5,13.0,122.0,6.81,4.07,True,7.0,251.0,justin jackson,2017.0,2.0,0.0,0.0,3.0,0.0,0.0,4.0,1.0,0.0,0.0,,,,,,,,,,,,,,,,,1.0,1.0,0.0,1.0,1.0,12.0,12.0,,,,,,,,,,,,24.0,44.0,0.0,276.0,6.3,287.0,79.0,11.0,1311.0,4.6
2018,lamar jackson,QB,Louisville,6-2,216.0,,,,,,,True,1.0,32.0,lamar jackson,2019.0,12.0,1.0,1.0,26.0,0.0,3.0,35.0,0.0,0.0,1.0,4.0,3.0,0.0,12.0,,,,,,,,,,,,,,,,,,,,,,,,,,,,,,,,,,,,,,,,
2018,leon jacobs,EDGE,Wisconsin,6-3,246.0,4.48,34.5,26.0,122.0,7.14,4.44,True,7.0,230.0,leon jacobs,2017.0,3.0,8.0,3.5,35.0,0.0,10.0,60.0,0.0,0.0,2.0,2.5,2.0,0.0,5.0,,,,,,,,,,,,,,,,,,,,,,,,,,,,,,,,,,,,,,,,
2018,natrell jamerson,S,Wisconsin,6-0,198.0,4.4,35.5,25.0,120.0,,,True,5.0,164.0,natrell jamerson,2017.0,10.0,2.0,1.5,32.0,1.0,3.5,51.0,,,,20.0,2.0,1.0,40.0,12.4,21.0,5.0,0.0,62.0,,,,,,,,,,,,,,,,,,,,,,,,,,,,,,,,,,,
2018,derwin james,S,Florida State,6-3,215.0,4.47,40.0,21.0,132.0,,,True,1.0,17.0,derwin james,2017.0,11.0,4.0,1.0,49.0,1.0,5.5,84.0,,,,20.5,2.0,1.0,41.0,28.3,49.0,6.0,0.0,170.0,,,,,,,,,,,,,,,,,,,,,,,,,,,,,,,,,,,
2018,richie james,WR,Middle Tennessee State,5-10,183.0,4.48,35.5,6.0,122.0,6.87,4.16,True,7.0,240.0,richie james,2017.0,,,,,,,,1.0,0.0,0.0,,,,,,,,,,,,,,,,,1.0,0.0,0.0,0.0,0.0,0.0,0.0,5.3,20.0,7.0,0.0,37.0,,,,,,,31.0,31.0,3.0,290.0,9.4,10.0,22.0,0.0,57.0,5.7
2018,malik jefferson,OLB,Texas,6-3,236.0,4.52,36.0,27.0,125.0,,,True,3.0,78.0,malik jefferson,2017.0,0.0,5.0,4.0,79.0,0.0,10.0,110.0,,,,,,,,,,,,,,,,,,,,,,,,,,,,,,,,,,,,,,,,,,,,,,,
2018,josey jewell,ILB,Iowa,6-1,234.0,4.82,33.0,18.0,117.0,6.8,4.27,True,4.0,106.0,josey jewell,2017.0,11.0,2.0,4.5,69.0,0.0,13.5,132.0,0.0,0.0,1.0,18.5,2.0,0.0,37.0,,,,,,,,,,,,,,,,,,,,,,,,,,,,,,,,,,,,,,,,
2018,danny johnson,CB,Southern,5-10,185.0,4.44,35.0,15.0,123.0,,,False,,,danny johnson,2017.0,0.0,0.0,0.0,7.0,1.0,0.0,9.0,,,,61.0,1.0,1.0,61.0,,,,,,,,,,,,,,,,,,,,,,,,,,,,,,,,,,,,,,,,
2018,kerryon johnson,RB,Auburn,5-11,213.0,,40.0,11.0,126.0,7.07,4.29,True,2.0,43.0,kerryon johnson,2017.0,,,,,,,,1.0,1.0,0.0,,,,,,,,,,,,,,,,,1.0,1.0,0.0,1.0,1.0,3.0,3.0,,,,,,,,,,,,55.0,24.0,2.0,194.0,8.1,285.0,60.0,18.0,1391.0,4.9
2018,taron johnson,CB,Weber State,6-0,180.0,4.5,33.0,17.0,118.0,7.03,4.28,True,4.0,121.0,taron johnson,2017.0,0.0,0.0,0.0,2.0,0.0,0.0,3.0,,,,,,,,19.0,19.0,1.0,0.0,19.0,,,,,,,,,,,,,,,,,,,,,,,,,,,,,,,,,,,
2018,chris jones,CB,Nebraska,6-0,195.0,4.57,,14.0,,,,False,,,chris jones,2017.0,1.0,0.0,0.0,7.0,0.0,0.0,9.0,,,,,,,,17.6,22.0,7.0,0.0,123.0,,,,,,,,,,,,,,,7.5,18.0,15.0,0.0,113.0,,,,,,,58.0,27.0,4.0,543.0,27.6,20.0,42.0,1.0,105.0,15.100000000000001
2018,jamarco jones,OT,Ohio State,6-4,299.0,5.5,24.0,,102.0,8.32,4.99,True,5.0,168.0,jamarco jones,2016.0,0.0,0.0,0.0,1.0,0.0,0.0,1.0,,,,,,,,,,,,,,,,,,,,,,,,,,,,,,,,,,,,,,,,,,,,,,,
2018,justin jones,DT,North Carolina State,6-2,309.0,5.09,29.0,24.0,104.0,7.82,4.74,True,3.0,84.0,justin jones,2017.0,0.0,3.0,3.5,15.0,0.0,9.5,35.0,0.0,0.0,1.0,,,,,,,,,,,,,,,,,,,,,,,,,,,,,,,,,,,,,,,,,,,,
2018,ronald jones,RB,USC,5-11,205.0,4.65,36.5,,,,,True,2.0,38.0,ronald jones,2017.0,0.0,0.0,0.0,2.0,0.0,0.0,2.0,,,,,,,,,,,,,,,,,,,,,,,,,,,,,,,,,,,,,,56.0,14.0,1.0,187.0,13.4,261.0,86.0,19.0,1550.0,5.9
2018,sam jones,OG,Arizona State,6-5,305.0,5.32,27.0,28.0,101.0,7.92,4.86,True,6.0,183.0,sam jones,,,,,,,,,,,,,,,,,,,,,,,,,,,,,,,,,,,,,,,,,,,,,,,,,,,,,,,
2018,jaryd jones-smith,OT,Pittsburgh,6-6,317.0,5.22,27.0,16.0,109.0,8.1,4.94,False,,,jaryd jonessmith,,,,,,,,,,,,,,,,,,,,,,,,,,,,,,,,,,,,,,,,,,,,,,,,,,,,,,,
2018,michael joseph,CB,Dubuque,6-1,181.0,,34.0,17.0,,6.89,4.2,False,,,michael joseph,,,,,,,,,,,,,,,,,,,,,,,,,,,,,,,,,,,,,,,,,,,,,,,,,,,,,,,
2018,peter kalambayi,EDGE,Stanford,6-3,252.0,4.57,34.0,19.0,121.0,7.13,4.36,True,6.0,214.0,peter kalambayi,2017.0,1.0,5.0,11.0,33.0,0.0,6.5,59.0,,,,,,,,,,,,,,,,,,,,,,,,,,,,,,,,,,,,,,,,,,,,,,,
2018,joshua kalu,S,Nebraska,6-1,195.0,4.58,41.5,17.0,134.0,,,False,,,joshua kalu,2017.0,6.0,0.0,0.0,34.0,0.0,0.0,47.0,,,,16.0,2.0,0.0,32.0,,,,,,,,,,,,,,,,,,,,,,,,,,,,,,,,,,,,,,,,
2018,john kelly,RB,Tennessee,5-10,216.0,,35.0,15.0,120.0,7.13,4.51,True,6.0,176.0,john kelly,2017.0,,,,,,,,1.0,1.0,0.0,,,,,,,,,,,,,,,,,1.0,1.0,0.0,1.0,0.0,10.0,10.0,,,,,,,,,,,,52.0,37.0,0.0,299.0,8.1,189.0,38.0,9.0,778.0,4.1
2018,kameron kelly,S,San Diego State,6-2,200.0,4.66,33.0,9.0,120.0,6.94,4.28,False,,,kameron kelly,2017.0,7.0,0.0,2.0,54.0,0.0,5.0,67.0,,,,14.7,3.0,0.0,44.0,14.0,14.0,1.0,0.0,14.0,,,,,,,,,,,,,,,,,,,,,,,,,,,,,,,,,,,
2018,arden key,EDGE,LSU,6-6,238.0,,31.0,,117.0,7.16,4.25,True,3.0,87.0,arden key,2017.0,0.0,7.0,4.0,15.0,0.0,5.5,33.0,,,,,,,,,,,,,,,,,,,,,,,,,,,,,,,,,,,,,,,,,,,,,,,
2018,jamarcus king,CB,South Carolina,6-1,186.0,4.7,,,,,,False,,,jamarcus king,2017.0,12.0,0.0,1.0,35.0,0.0,1.0,41.0,,,,0.0,2.0,0.0,0.0,,,,,,,,,,,,,,,,,,,,,,,,,,,,,,,,,,,,,,,,
2018,christian kirk,WR,Texas A&M,5-10,201.0,4.47,35.5,20.0,115.0,7.09,4.45,True,2.0,47.0,christian kirk,2017.0,0.0,0.0,0.0,0.0,2.0,0.0,0.0,3.0,2.0,0.0,,,,,22.3,100.0,22.0,1.0,490.0,,,,,,,,,,,,,,,19.1,90.0,10.0,1.0,191.0,,,,,,,81.0,71.0,10.0,919.0,12.9,4.0,28.0,0.0,31.0,7.8
2018,micah kiser,ILB,Virginia,6-2,238.0,4.66,35.5,,121.0,7.05,4.24,True,5.0,147.0,micah kiser,2017.0,4.0,2.0,5.0,50.0,0.0,9.5,143.0,0.0,0.0,2.0,,,,,,,,,,,,,,,,,,,,,,,,,,,,,,,,,,,,,,,,,,,,
2018,chris lacy,WR,Oklahoma State,6-3,205.0,4.51,33.5,11.0,120.0,,,False,,,chris lacy,2017.0,,,,,,,,1.0,0.0,0.0,,,,,11.0,15.0,2.0,0.0,22.0,,,,,,,,,,,,,,,,,,,,,,,,,,32.0,20.0,0.0,264.0,13.2,1.0,26.0,0.0,26.0,26.0
2018,harold landry,EDGE,Boston Col.,6-3,252.0,4.64,36.0,24.0,119.0,6.88,4.19,True,2.0,41.0,harold landry,2017.0,2.0,2.0,5.0,22.0,0.0,8.5,38.0,,,,,,,,,,,,,,,,,,,,,,,,,,,,,,,,,,,,,,,,,,,,,,,
2018,jordan lasley,WR,UCLA,6-1,203.0,4.5,34.5,8.0,112.0,,4.19,True,5.0,162.0,jordan lasley,2017.0,0.0,0.0,0.0,1.0,0.0,0.0,1.0,,,,,,,,19.3,25.0,3.0,0.0,58.0,,,,,,,,,,,,,,,,,,,,,,,,,,59.0,69.0,9.0,1264.0,18.3,4.0,5.0,0.0,,
2018,kyle lauletta,QB,Richmond,6-3,222.0,4.81,31.0,,113.0,6.95,4.07,True,4.0,108.0,kyle lauletta,2016.0,,,,,,,,2.0,0.0,0.0,,,,,,,,,,,,,,,,,35.0,24.0,0.0,0.686,3.0,337.0,9.6,,,,,,,,,,,,,,,,,5.0,9.0,0.0,,
2018,allen lazard,WR,Iowa State,6-5,227.0,4.55,38.0,17.0,122.0,,,False,,,allen lazard,2017.0,0.0,0.0,0.0,2.0,0.0,0.0,2.0,,,,,,,,,,,,,,,,,,,,,,,,,,,0.0,0.0,2.0,0.0,0.0,,,,,,,36.0,71.0,10.0,941.0,13.3,,,,,
2018,tanner lee,QB,Nebraska,6-4,218.0,4.98,32.0,,115.0,7.0,4.41,True,6.0,203.0,tanner lee,2017.0,0.0,0.0,0.0,2.0,0.0,0.0,2.0,3.0,0.0,0.0,,,,,,,,,,,,,,,,,428.0,246.0,16.0,0.575,23.0,3143.0,7.3,,,,,,,,,,,,,,,,,30.0,6.0,2.0,,
2018,darius leonard,OLB,South Carolina State,6-2,234.0,4.7,,17.0,,,,True,2.0,36.0,darius leonard,2016.0,1.0,0.0,0.0,20.0,0.0,1.0,43.0,,,,,,,,,,,,,,,,,,,,,,,,,,,,,,,,,,,,,,,,,,,,,,,
2018,rick leonard,OT,Florida State,6-7,311.0,,,19.0,,,,True,4.0,127.0,rick leonard,2017.0,0.0,0.0,0.0,2.0,0.0,0.0,2.0,,,,,,,,,,,,,,,,,,,,,,,,,,,,,,,,,,,,,,,,,,,,,,,
2018,tyquan lewis,EDGE,Ohio State,6-3,265.0,,35.5,,122.0,,,True,2.0,64.0,tyquan lewis,2017.0,2.0,3.0,7.0,12.0,0.0,9.5,20.0,,,,,,,,,,,,,,,,,,,,,,,,,,,,,,,,,,,,,,,,,,,,,,,
2018,chase litton,QB,Marshall,6-5,230.0,4.9,29.5,,106.0,7.49,4.53,False,,,chase litton,2017.0,0.0,0.0,0.0,2.0,0.0,0.0,2.0,3.0,2.0,0.0,,,,,,,,,,,,,,,,,443.0,266.0,14.0,0.6,25.0,3115.0,7.0,,,,,,,,,,,,,,,,,35.0,14.0,1.0,12.0,0.3
2018,james looney,DE,California,6-3,287.0,4.89,35.5,28.0,113.0,7.32,4.37,True,7.0,232.0,james looney,2017.0,0.0,3.0,3.5,19.0,0.0,9.5,41.0,0.0,0.0,2.0,,,,,,,,,,,,,,,,,,,,,,,,,,,,,,,,,,,,,,,,,,,,
2018,lowell lotulelei,DT,Utah,6-2,315.0,,,28.0,,,,False,,,lowell lotulelei,2017.0,1.0,1.0,1.5,6.0,0.0,3.5,16.0,,,,,,,,,,,,,,,,,,,,,,,,,,,,,,,,,,,,,,,,,,,,,,,
2018,avonte maddox,CB,Pittsburgh,5-9,180.0,4.39,37.0,13.0,125.0,6.51,4.0,True,4.0,125.0,avonte maddox,2017.0,11.0,1.0,4.0,20.0,0.0,4.0,27.0,0.0,0.0,1.0,0.0,2.0,0.0,0.0,16.0,16.0,1.0,0.0,16.0,,,,,,,,,,,,,,,,,,,,,,,,,,,,,,,2.0,7.0,0.0,8.0,4.0
2018,cole madison,OL,Washington State,6-5,308.0,5.33,28.5,26.0,97.0,7.86,4.88,True,5.0,138.0,cole madison,2016.0,0.0,0.0,0.0,0.0,0.0,0.0,1.0,,,,,,,,,,,,,,,,,,,,,,,,,,,,,,,,,,,,,,,,,,,,,,,
2018,k.j. malone,OG,LSU,6-4,303.0,5.34,29.5,15.0,103.0,,,False,,,kj malone,,,,,,,,,,,,,,,,,,,,,,,,,,,,,,,,,,,,,,,,,,,,,,,,,,,,,,,
2018,tavares martin,WR,Washington State,6-1,177.0,4.8,31.5,,,,,False,,,tavares martin,2017.0,0.0,0.0,0.0,0.0,0.0,0.0,1.0,,,,,,,,,,,,,,,,,,,,,,,,,,,,,,,,,,,,,,57.0,70.0,9.0,831.0,11.9,,,,,
2018,hercules mata'afa,EDGE,Washington State,6-1,254.0,4.76,31.5,26.0,108.0,7.24,4.37,False,,,hercules mataafa,2017.0,0.0,5.0,7.5,23.0,0.0,17.5,37.0,,,,,,,,,,,,,,,,,,,,,,,,,,,,,,,,,,,,,,,,,,,,,,,
2018,baker mayfield,QB,Oklahoma,6-1,215.0,4.84,29.0,,111.0,7.0,4.28,True,1.0,1.0,baker mayfield,2017.0,0.0,0.0,0.0,1.0,0.0,0.0,1.0,1.0,0.0,0.0,,,,,,,,,,,,,,,,,404.0,285.0,6.0,0.705,43.0,4627.0,11.5,,,,,,,,,,,,2.0,1.0,1.0,2.0,2.0,97.0,54.0,5.0,311.0,3.2
2018,ray-ray mccloud,WR,Clemson,5-9,190.0,4.53,34.5,13.0,113.0,,,True,6.0,187.0,rayray mccloud,2017.0,0.0,0.0,0.0,3.0,1.0,0.0,3.0,5.0,2.0,0.0,,,,,12.0,12.0,1.0,0.0,12.0,,,,,,,,,,,,,,,12.1,77.0,25.0,1.0,303.0,,,,,,,79.0,49.0,1.0,503.0,10.3,6.0,11.0,0.0,30.0,5.0
2018,mike mccray,ILB,Michigan,6-4,243.0,4.76,31.5,16.0,119.0,7.09,4.25,False,,,mike mccray,2017.0,0.0,5.0,4.5,49.0,0.0,16.5,79.0,,,,,,,,,,,,,,,,,,,,,,,,,,,,,,,,,,,,,,,,,,,,,,,
2018,kc mcdermott,OG,Miami (FL),6-6,311.0,5.35,23.5,26.0,97.0,7.72,4.82,False,,,kc mcdermott,,,,,,,,,,,,,,,,,,,,,,,,,,,,,,,,,,,,,,,,,,,,,,,,,,,,,,,
2018,tarvarus mcfadden,CB,Florida State,6-2,198.0,4.67,38.5,,121.0,,,False,,,tarvarus mcfadden,2017.0,10.0,0.0,0.0,21.0,0.0,0.0,30.0,2.0,1.0,0.0,,,,,,,,,,,,,,,,,,,,,,,,3.2,15.0,13.0,0.0,42.0,,,,,,,,,,,,,,,,
2018,mike mcglinchey,OT,Notre Dame,6-8,309.0,,28.5,24.0,105.0,,,True,1.0,9.0,mike mcglinchey,2017.0,0.0,0.0,0.0,1.0,0.0,0.0,1.0,,,,,,,,,,,,,,,,,,,,,,,,,,,,,,,,,,,,,,,,,,,,,,,
2018,r.j. mcintosh,DT,Miami (FL),6-4,286.0,,,,,,,True,5.0,139.0,rj mcintosh,2017.0,7.0,3.0,2.5,23.0,0.0,12.0,46.0,0.0,0.0,1.0,,,,,,,,,,,,,,,,,,,,,,,,,,,,,,,,,,,,,,,,,,,,
2018,kahlil mckenzie,DT,Tennessee,6-5,314.0,5.15,29.5,26.0,105.0,7.94,4.68,True,6.0,198.0,kahlil mckenzie,,,,,,,,,,,,,,,,,,,,,,,,,,,,,,,,,,,,,,,,,,,,,,,,,,,,,,,
2018,quenton meeks,DB,Stanford,6-2,205.0,,39.0,11.0,128.0,6.72,4.23,False,,,quenton meeks,2017.0,7.0,0.0,0.0,38.0,0.0,0.5,61.0,,,,5.5,2.0,0.0,11.0,,,,,,,,,,,,,,,,,,,,,,,,,,,,,,,,,,,,,,,,
2018,sony michel,RB,Georgia,5-11,214.0,4.54,,22.0,,,4.21,True,1.0,31.0,sony michel,2017.0,0.0,0.0,0.0,1.0,0.0,0.0,1.0,2.0,1.0,0.0,,,,,,,,,,,,,,,,,,,,,,,,,,,,,,,,,,,32.0,9.0,1.0,96.0,10.7,156.0,75.0,16.0,1227.0,7.9
2018,anthony miller,WR,Memphis,5-11,201.0,,,22.0,,,,True,2.0,51.0,anthony miller,2017.0,0.0,0.0,0.0,1.0,0.0,0.0,2.0,3.0,1.0,0.0,,,,,15.5,17.0,2.0,0.0,31.0,,,,,,,,3.0,1.0,0.0,0.333,0.0,35.0,11.7,5.5,6.0,2.0,0.0,11.0,,,,,,,89.0,96.0,18.0,1462.0,15.2,10.0,7.0,0.0,25.0,2.5
2018,kolton miller,OT,UCLA,6-9,309.0,4.95,31.5,24.0,121.0,7.34,4.49,True,1.0,15.0,kolton miller,2017.0,0.0,0.0,0.0,1.0,0.0,0.0,1.0,,,,,,,,,,,,,,,,,,,,,,,,,,,,,,,,,,,,,,,,,,,1.0,0.0,0.0,,
2018,steven mitchell,WR,USC,5-10,189.0,4.56,32.5,13.0,121.0,6.75,4.4,False,,,steven mitchell,2017.0,,,,,,,,,,,,,,,,,,,,,,,,,,,,,,,,,,,,,,,,,,,,,49.0,41.0,4.0,644.0,15.7,1.0,10.0,0.0,10.0,10.0
2018,jmon moore,WR,Missouri,6-3,207.0,4.6,38.0,21.0,120.0,6.56,4.04,False,,,jmon moore,2017.0,0.0,0.0,0.0,1.0,0.0,0.0,1.0,,,,,,,,,,,,,,,,,,,,,,,,,,,,,,,,,,,,,,71.0,65.0,10.0,1082.0,16.6,,,,,
2018,d.j. moore,WR,Maryland,6-0,210.0,4.42,39.5,15.0,132.0,6.95,4.07,True,1.0,24.0,dj moore,2017.0,0.0,0.0,0.0,1.0,0.0,0.0,1.0,1.0,0.0,0.0,,,,,,,,,,,,,,,,,2.0,2.0,0.0,1.0,0.0,15.0,7.5,10.2,33.0,15.0,0.0,153.0,0.0,34.0,1.0,0.0,34.0,34.0,52.0,80.0,8.0,1033.0,12.9,5.0,24.0,1.0,61.0,12.2
2018,kamrin moore,CB,Boston Col.,5-11,200.0,,,,,,,True,6.0,189.0,kamrin moore,2017.0,9.0,0.0,0.0,29.0,0.0,2.0,50.0,1.0,0.0,1.0,,,,,,,,,,,,,,,,,,,,,,,,,,,,,,,,,,,,,,,,,,,,
2018,skai moore,OLB,South Carolina,6-2,226.0,4.73,36.0,,117.0,,,False,,,skai moore,2017.0,2.0,4.0,2.0,62.0,1.0,8.0,93.0,,,,17.3,3.0,1.0,52.0,,,,,,,,,,,,,,,,,,,,,,,,,,,,,,,,,,,,,,,,
2018,ryan nall,RB,Oregon State,6-2,232.0,4.58,33.0,15.0,122.0,6.95,4.16,False,,,ryan nall,2017.0,0.0,0.0,0.0,2.0,0.0,0.0,2.0,3.0,2.0,0.0,,,,,,,,,,,,,,,,,,,,,,,,,,,,,,,,,,,44.0,27.0,2.0,240.0,8.9,165.0,75.0,8.0,810.0,4.9
2018,siran neal,S,Jacksonville State,6-0,199.0,4.56,40.5,17.0,122.0,7.0,4.28,True,5.0,154.0,siran neal,2017.0,0.0,0.0,0.0,5.0,0.0,0.0,5.0,,,,,,,,,,,,,,,,,,,,,,,,,,,,,,,,,,,,,,,,,,,,,,,
2018,nick nelson,CB,Wisconsin,5-11,208.0,4.52,,17.0,123.0,,,True,4.0,110.0,nick nelson,2017.0,17.0,2.0,0.0,21.0,1.0,0.0,30.0,1.0,0.0,0.0,,,,,,,,,,,,,,,,,,,,,,,,8.6,50.0,24.0,1.0,206.0,,,,,,,,,,,,,,,,
2018,quenton nelson,OG,Notre Dame,6-5,325.0,,26.5,35.0,105.0,7.65,4.62,True,1.0,6.0,quenton nelson,2017.0,0.0,0.0,0.0,1.0,0.0,0.0,1.0,,,,,,,,,,,,,,,,,,,,,,,,,,,,,,,,,,,,,,,,,,,,,,,
2018,bilal nichols,DT,Delaware,6-4,306.0,4.95,,29.0,,,,True,5.0,145.0,bilal nichols,2017.0,0.0,1.0,1.0,2.0,0.0,1.0,5.0,,,,,,,,,,,,,,,,,,,,,,,,,,,,,,,,,,,,,,,,,,,,,,,
2018,parry nickerson,CB,Tulane,6-0,180.0,4.32,,15.0,,,,True,6.0,179.0,parry nickerson,2017.0,8.0,0.0,0.0,48.0,0.0,2.0,55.0,,,,1.3,6.0,0.0,8.0,,,,,,,,,,,,,,,,,,,,,,,,,,,,,,,,,,,,,,,,
2018,derrick nnadi,DT,Florida State,6-1,317.0,5.38,27.0,25.0,96.0,8.15,5.02,True,3.0,75.0,derrick nnadi,2017.0,1.0,2.0,3.5,22.0,0.0,10.0,53.0,,,,,,,,,,,,,,,,,,,,,,,,,,,,,,,,,,,,,,,,,,,,,,,
2018,kendrick norton,DT,Miami (FL),6-3,314.0,5.25,,30.0,,,,True,7.0,242.0,kendrick norton,2017.0,1.0,1.0,2.0,14.0,0.0,6.5,26.0,,,,,,,,,,,,,,,,,,,,,,,,,,,,,,,,,,,,,,,,,,,,,,,
2018,joseph noteboom,OT,TCU,6-5,309.0,4.96,24.0,27.0,102.0,7.65,4.44,True,3.0,89.0,joseph noteboom,,,,,,,,,,,,,,,,,,,,,,,,,,,,,,,,,,,,,,,,,,,,,,,,,,,,,,,
2018,uchenna nwosu,EDGE,USC,6-3,251.0,4.65,32.0,20.0,119.0,,,True,2.0,48.0,uchenna nwosu,2017.0,13.0,9.0,9.5,47.0,0.0,11.5,75.0,0.0,0.0,1.0,0.0,1.0,0.0,0.0,,,,,,,,,,,,,,,,,,,,,,,,,,,,,,,,,,,,,,,,
2018,dorian o'daniel,OLB,Clemson,6-1,223.0,4.61,32.0,21.0,119.0,6.64,4.07,True,3.0,100.0,dorian odaniel,2017.0,5.0,3.0,5.0,51.0,2.0,11.5,88.0,0.0,0.0,2.0,33.0,2.0,2.0,66.0,,,,,,,,,,,,,,,,,,,,,,,,,,,,,,,,,,,,,,,,
2018,brian o'neill,OT,Pittsburgh,6-7,297.0,4.82,29.5,22.0,107.0,7.14,4.5,True,2.0,62.0,brian oneill,2017.0,,,,,,,,,,,,,,,,,,,,,,,,,,,,,,,,,,,,,,,,,,,,,,,,,,1.0,10.0,0.0,10.0,10.0
2018,chukwuma okorafor,OT,West. Michigan,6-6,320.0,5.31,23.5,19.0,102.0,7.87,4.8,True,3.0,92.0,chukwuma okorafor,,,,,,,,,,,,,,,,,,,,,,,,,,,,,,,,,,,,,,,,,,,,,,,,,,,,,,,
2018,ogbonnia okoronkwo,EDGE,Oklahoma,6-1,253.0,4.77,38.0,27.0,121.0,,,True,5.0,160.0,ogbonnia okoronkwo,2017.0,2.0,6.0,8.0,44.0,0.0,15.0,70.0,0.0,0.0,1.0,,,,,,,,,,,,,,,,,,,,,,,,,,,,,,,,,,,,,,,,,,,,
2018,isaiah oliver,CB,Colorado,6-1,190.0,4.5,,,,,,True,2.0,58.0,isaiah oliver,2017.0,12.0,0.0,0.0,20.0,0.0,0.0,26.0,1.0,0.0,0.0,20.5,2.0,0.0,41.0,,,,,,,,,,,,,,,,,,,,3.2,7.0,5.0,0.0,16.0,,,,,,,,,,,,,,,,
2018,brandon parker,OT,North Carolina A&T,6-8,305.0,5.4,28.5,,113.0,7.82,4.68,True,3.0,65.0,brandon parker,,,,,,,,,,,,,,,,,,,,,,,,,,,,,,,,,,,,,,,,,,,,,,,,,,,,,,,
2018,timon parris,OT,Stony Brook,6-6,312.0,,,27.0,,,,False,,,timon parris,,,,,,,,,,,,,,,,,,,,,,,,,,,,,,,,,,,,,,,,,,,,,,,,,,,,,,,
2018,daron payne,DT,Alabama,6-2,311.0,4.95,28.5,27.0,107.0,7.58,4.71,True,1.0,13.0,daron payne,2017.0,3.0,8.0,1.0,21.0,0.0,1.0,53.0,,,,21.0,1.0,0.0,21.0,,,,,,,,,,,,,,,,,,,,,,,,,,,,,,,1.0,1.0,1.0,1.0,1.0,,,,,
2018,rashaad penny,RB,San Diego State,5-11,220.0,4.46,32.5,13.0,120.0,,,True,1.0,27.0,rashaad penny,2017.0,0.0,0.0,0.0,0.0,3.0,0.0,0.0,3.0,2.0,0.0,,,,,30.6,100.0,17.0,2.0,521.0,,,,,,,,,,,,,,,35.0,70.0,2.0,1.0,70.0,,,,,,,33.0,19.0,2.0,135.0,7.1,289.0,95.0,23.0,2248.0,7.8
2018,kamryn pettway,RB,Auburn,6-0,233.0,4.74,33.5,22.0,116.0,,,False,,,kamryn pettway,2017.0,,,,,,,,2.0,2.0,0.0,,,,,,,,,,,,,,,,,,,,,,,,,,,,,,,,,,,16.0,3.0,0.0,32.0,10.7,76.0,38.0,6.0,305.0,4.0
2018,skyler phillips,OG,Idaho State,6-3,318.0,5.1,29.0,,104.0,7.95,4.69,False,,,skyler phillips,,,,,,,,,,,,,,,,,,,,,,,,,,,,,,,,,,,,,,,,,,,,,,,,,,,,,,,
2018,cam phillips,WR,Virginia Tech,6-0,201.0,,,,,,,False,,,cam phillips,2018.0,0.0,0.0,0.0,13.0,0.0,0.0,14.0,,,,0.0,1.0,0.0,0.0,,,,,,,,,,,,,,,,,,,,,,,,,,,,,,,,,,,,,,,,
2018,darius phillips,CB,West. Michigan,5-10,190.0,4.54,,,,,,True,5.0,170.0,darius phillips,2017.0,10.0,0.0,1.0,28.0,3.0,5.0,40.0,2.0,1.0,1.0,21.0,3.0,1.0,63.0,26.3,100.0,26.0,2.0,683.0,,,,,,,,,,,,,,,7.4,49.0,14.0,0.0,104.0,,,,,,,9.0,2.0,0.0,16.0,8.0,1.0,8.0,0.0,8.0,8.0
2018,harrison phillips,DT,Stanford,6-4,307.0,5.21,32.0,42.0,103.0,7.28,4.5,True,3.0,96.0,harrison phillips,2017.0,0.0,5.0,7.0,39.0,0.0,15.0,93.0,0.0,0.0,2.0,,,,,,,,,,,,,,,,,,,,,,,,,,,,,,,,,,,,,,,,,,,,
2018,eddy pineiro,K,Florida,6-0,185.0,,,,,,,False,,,eddy pineiro,2017.0,,,,,,,,,,,,,,,,,,,,18.0,17.0,50.0,0.944,75.0,26.0,24.0,,,,,,,,,,,,,,,,,,,,,,,,,,,,
2018,billy price,C,Ohio State,6-4,305.0,,,,,,,True,1.0,21.0,billy price,2017.0,0.0,0.0,0.0,1.0,0.0,0.0,1.0,,,,,,,,,,,,,,,,,,,,,,,,,,,,,,,,,,,,,,,,,,,,,,,
2018,byron pringle,WR,Kansas State,6-1,203.0,4.46,33.5,15.0,120.0,6.87,4.4,False,,,byron pringle,2017.0,0.0,0.0,0.0,0.0,1.0,0.0,0.0,1.0,1.0,0.0,,,,,26.1,89.0,16.0,1.0,417.0,,,,,,,,1.0,0.0,0.0,0.0,0.0,0.0,0.0,11.2,34.0,5.0,0.0,56.0,,,,,,,60.0,30.0,6.0,724.0,24.1,1.0,15.0,0.0,15.0,15.0
2018,jacob pugh,OLB,Florida State,6-4,246.0,4.65,38.5,,122.0,,,False,,,jacob pugh,2018.0,0.0,0.0,1.0,5.0,0.0,1.5,8.0,,,,,,,,,,,,,,,,,,,,,,,,,,,,,,,,,,,,,,,,,,,,,,,
2018,scott quessenberry,C,UCLA,6-4,310.0,5.09,33.5,25.0,111.0,7.5,4.69,True,5.0,155.0,scott quessenberry,2016.0,0.0,0.0,0.0,1.0,0.0,0.0,1.0,1.0,0.0,0.0,,,,,,,,,,,,,,,,,,,,,,,,,,,,,,,,,,,,,,,,,,,,
2018,trey quinn,WR,SMU,5-11,203.0,4.55,33.5,17.0,116.0,6.91,4.19,True,7.0,256.0,trey quinn,2017.0,0.0,0.0,0.0,2.0,0.0,0.0,2.0,,,,,,,,22.6,32.0,5.0,0.0,113.0,,,,,,,,2.0,1.0,1.0,0.5,0.0,34.0,17.0,2.6,8.0,5.0,0.0,13.0,,,,,,,77.0,114.0,13.0,1236.0,10.8,1.0,0.0,0.0,0.0,0.0
2018,frank ragnow,C,Arkansas,6-5,312.0,,,26.0,,,,True,1.0,20.0,frank ragnow,2016.0,0.0,0.0,0.0,0.0,0.0,0.0,1.0,,,,,,,,,,,,,,,,,,,,,,,,,,,,,,,,,,,,,,,,,,,,,,,
2018,martinas rankin,OL,Mississippi State,6-4,308.0,,,24.0,,,,True,3.0,80.0,martinas rankin,2016.0,0.0,0.0,0.0,0.0,0.0,0.0,2.0,,,,,,,,,,,,,,,,,,,,,,,,,,,,,,,,,,,,,,,,,,,,,,,
2018,max redfield,S,Indiana (PA),6-1,205.0,4.69,,15.0,,,,False,,,max redfield,2015.0,,,,,,,,,,,19.0,1.0,0.0,19.0,,,,,,,,,,,,,,,,,,,,,,,,,,,,,,,,,,,,,,,,
2018,d.j. reed,CB,Kansas State,5-9,188.0,4.51,36.5,11.0,,,,True,5.0,142.0,dj reed,2017.0,7.0,0.0,0.0,34.0,2.0,4.5,40.0,5.0,1.0,1.0,8.0,4.0,0.0,32.0,32.3,99.0,18.0,1.0,581.0,,,,,,,,,,,,,,,14.9,62.0,17.0,1.0,253.0,,,,,,,,,,,,,,,,
2018,justin reid,S,Stanford,6-1,204.0,4.4,36.5,16.0,128.0,6.65,4.15,True,3.0,68.0,justin reid,2017.0,6.0,2.0,1.0,54.0,0.0,7.5,94.0,0.0,0.0,1.0,0.2,5.0,0.0,1.0,,,,,,,,,,,,,,,,,,,,,,,,,,,,,,,,,,,,,,,,
2018,demario richard,RB,Arizona State,5-9,218.0,4.7,29.5,12.0,115.0,,,False,,,demario richard,2017.0,0.0,0.0,0.0,1.0,0.0,0.0,1.0,,,,,,,,11.0,11.0,1.0,0.0,11.0,,,,,,,,,,,,,,,,,,,,,,,,,,34.0,8.0,0.0,67.0,8.4,198.0,63.0,12.0,1027.0,5.2
2018,will richardson,OT,North Carolina State,6-6,306.0,5.26,31.5,,108.0,7.8,4.83,True,4.0,129.0,will richardson,2017.0,0.0,0.0,0.0,1.0,0.0,0.0,1.0,,,,,,,,,,,,,,,,,,,,,,,,,,,,,,,,,,,,,,,,,,,,,,,
2018,calvin ridley,WR,Alabama,6-0,189.0,4.43,31.0,15.0,110.0,6.88,4.41,True,1.0,26.0,calvin ridley,2017.0,,,,,,,,,,,,,,,,,,,,,,,,,,,,,,,,,,,,,,,,,,,,,78.0,63.0,5.0,967.0,15.3,2.0,13.0,0.0,17.0,8.5
2018,stephen roberts,S,Auburn,5-11,189.0,4.53,34.0,,121.0,,,False,,,stephen roberts,2017.0,5.0,0.0,0.0,25.0,0.0,6.0,45.0,,,,,,,,,,,,,,,,,,,,,,,,,,,6.8,25.0,17.0,0.0,115.0,,,,,,,,,,,,,,,,
2018,korey robertson,WR,Southern Miss,6-1,212.0,4.56,34.0,13.0,123.0,,,False,,,korey robertson,2017.0,,,,,,,,1.0,0.0,0.0,,,,,,,,,,,,,,,,,,,,,,,,,,,,,,,,,,,70.0,76.0,12.0,1106.0,14.6,,,,,
2018,javon rolland-jones,EDGE,Arkansas State,6-2,253.0,4.88,,23.0,,,,False,,,javon rollandjones,2017.0,1.0,6.0,13.0,29.0,0.0,19.0,56.0,,,,,,,,,,,,,,,,,,,,,,,,,,,,,,,,,,,,,,,,,,,,,,,
2018,josh rosen,QB,UCLA,6-4,226.0,4.92,31.0,,111.0,7.09,4.28,True,1.0,10.0,josh rosen,2017.0,0.0,0.0,0.0,1.0,0.0,0.0,1.0,8.0,3.0,0.0,,,,,,,,,,,,,,,,,451.0,282.0,10.0,0.625,26.0,3717.0,8.2,,,,,,,,,,,,,,,,,50.0,14.0,2.0,,
2018,olubunmi rotimi,DE,Old Dominion,6-4,273.0,,32.0,21.0,113.0,7.46,4.7,False,,,olubunmi rotimi,,,,,,,,,,,,,,,,,,,,,,,,,,,,,,,,,,,,,,,,,,,,,,,,,,,,,,,
2018,mason rudolph,QB,Oklahoma State,6-5,235.0,4.9,26.0,,,,,True,3.0,76.0,mason rudolph,2017.0,,,,,,,,4.0,2.0,0.0,,,,,,,,,,,,,,,,,489.0,318.0,9.0,0.65,37.0,4904.0,10.0,,,,,,,,,,,,,,,,,61.0,19.0,10.0,35.0,0.6
2018,christian sam,ILB,Arizona State,6-2,244.0,4.75,32.0,28.0,114.0,7.03,4.25,True,6.0,178.0,christian sam,2017.0,1.0,1.0,3.0,87.0,0.0,9.5,127.0,,,,11.0,1.0,0.0,11.0,,,,,,,,,,,,,,,,,,,,,,,,,,,,,,,,,,,,,,,,
2018,jaylen samuels,TE,North Carolina State,5-11,225.0,4.54,34.5,18.0,121.0,6.93,4.28,True,5.0,165.0,jaylen samuels,2017.0,,,,,,,,2.0,2.0,0.0,,,,,23.7,58.0,9.0,0.0,213.0,,,,,,,,2.0,1.0,0.0,0.5,0.0,25.0,12.5,,,,,,,,,,,,79.0,75.0,4.0,593.0,7.9,78.0,40.0,12.0,407.0,5.2
2018,dominick sanders,S,Georgia,6-0,193.0,,,14.0,,,,False,,,dominick sanders,2017.0,5.0,0.0,0.0,21.0,0.0,3.5,36.0,,,,21.3,4.0,0.0,85.0,,,,,,,,,,,,,,,,,,,,,,,,,,,,,,,,,,,,,,,,
2018,tegray scales,ILB,Indiana,6-0,230.0,4.77,,27.0,,,,False,,,tegray scales,2017.0,1.0,2.0,5.0,49.0,0.0,10.5,77.0,0.0,0.0,2.0,0.0,2.0,0.0,0.0,,,,,,,,,,,,,,,,,,,,0.0,0.0,1.0,0.0,0.0,,,,,,,,,,,,,,,,
2018,bo scarbrough,RB,Alabama,6-1,228.0,4.52,40.0,14.0,129.0,,4.34,True,7.0,236.0,bo scarbrough,2017.0,,,,,,,,0.0,0.0,1.0,,,,,,,,,,,,,,,,,,,,,,,,,,,,,,,,,,,15.0,17.0,0.0,109.0,6.4,124.0,44.0,8.0,596.0,4.8
2018,dalton schultz,TE,Stanford,6-5,244.0,4.75,32.0,15.0,120.0,7.0,4.4,True,4.0,137.0,dalton schultz,2017.0,,,,,,,,1.0,1.0,0.0,,,,,,,,,,,,,,,,,,,,,,,,,,,,,,,,,,,36.0,22.0,3.0,212.0,9.6,,,,,
2018,jaleel scott,WR,New Mexico State,6-5,218.0,4.56,34.5,16.0,124.0,7.2,4.4,True,4.0,132.0,jaleel scott,2017.0,,,,,,,,1.0,1.0,0.0,,,,,,,,,,,,,,,,,,,,,,,,,,,,,,,,,,,41.0,76.0,9.0,1079.0,14.2,,,,,
2018,jk scott,P,Alabama,6-6,208.0,4.83,30.5,,114.0,7.28,4.41,True,5.0,172.0,jk scott,2017.0,,,,,,,,,,,,,,,,,,,,3.0,1.0,48.0,0.333,11.0,8.0,8.0,1.0,1.0,0.0,1.0,0.0,,,,,,,,0.0,64.0,54.0,0.0,2320.0,43.0,,,,,,,,,,
2018,deadrin senat,DT,South Florida,6-0,314.0,5.16,26.0,35.0,100.0,7.77,4.79,True,3.0,90.0,deadrin senat,2017.0,0.0,1.0,6.0,35.0,0.0,10.5,66.0,,,,,,,,,,,,,,,,,,,,,,,,,,,,,,,,,,,,,,,,,,,,,,,
2018,greg senat,OT,Wagner,6-6,302.0,5.38,26.0,19.0,106.0,7.41,4.71,True,6.0,212.0,greg senat,,,,,,,,,,,,,,,,,,,,,,,,,,,,,,,,,,,,,,,,,,,,,,,,,,,,,,,
2018,tim settle,DT,Virginia Tech,6-3,329.0,5.37,23.5,,96.0,7.95,4.83,True,5.0,163.0,tim settle,2017.0,1.0,2.0,4.0,21.0,0.0,12.5,36.0,,,,,,,,,,,,,,,,,,,,,,,,,,,,,,,,,,,,,,,,,,,,,,,
2018,coleman shelton,C,Washington,6-3,292.0,5.24,26.5,,110.0,7.62,4.59,False,,,coleman shelton,2016.0,0.0,0.0,0.0,1.0,0.0,0.0,1.0,,,,,,,,,,,,,,,,,,,,,,,,,,,,,,,,,,,,,,,,,,,,,,,
2018,nathan shepherd,DT,Fort Hays State,6-5,315.0,5.09,31.0,,112.0,7.5,4.53,True,3.0,72.0,nathan shepherd,,,,,,,,,,,,,,,,,,,,,,,,,,,,,,,,,,,,,,,,,,,,,,,,,,,,,,,
2018,nic shimonek,QB,Texas Tech,6-3,220.0,4.88,28.5,,101.0,7.28,4.32,False,,,nic shimonek,2017.0,,,,,,,,3.0,1.0,0.0,,,,,,,,,,,,,,,,,493.0,328.0,10.0,0.665,33.0,3963.0,8.0,,,,,,,,,,,,,,,,,59.0,16.0,1.0,,
2018,trequan smith,WR,Central Florida,6-2,203.0,4.49,37.5,12.0,130.0,6.97,4.5,False,,,trequan smith,2018.0,0.0,0.0,0.0,20.0,0.0,1.0,25.0,,,,,,,,,,,,,,,,,,,,,,,,,,,,,,,,,,,,,,,,,,,,,,,
2018,andre smith,ILB,North Carolina,6-0,237.0,4.63,,19.0,,,,True,7.0,234.0,andre smith,2017.0,1.0,0.0,0.0,10.0,0.0,0.5,21.0,,,,73.0,1.0,0.0,73.0,,,,,,,,,,,,,,,,,,,,,,,,,,,,,,,,,,,,,,,,
2018,braden smith,OG,Auburn,6-6,315.0,5.22,33.5,35.0,113.0,,4.77,True,2.0,37.0,braden smith,2018.0,0.0,0.0,0.0,3.0,0.0,0.0,4.0,,,,,,,,,,,,,,,,,,,,,,,,,,,,,,,,,,,,,,,,,,,,,,,
2018,roquan smith,OLB,Georgia,6-1,236.0,4.51,,,,,,True,1.0,8.0,roquan smith,2017.0,2.0,3.0,6.5,77.0,0.0,12.5,125.0,0.0,0.0,2.0,,,,,,,,,,,,,,,,,,,,,,,,,,,,,,,,,,,,,,,,,,,,
2018,van smith,S,Clemson,5-11,185.0,4.61,29.5,,,,,False,,,van smith,2017.0,1.0,0.0,0.0,28.0,0.0,1.5,49.0,0.0,0.0,1.0,38.0,1.0,0.0,38.0,,,,,,,,,,,,,,,,,,,,,,,,,,,,,,,,,,,,,,,,
2018,durham smythe,TE,Notre Dame,6-5,253.0,4.81,31.0,18.0,110.0,7.17,4.23,True,4.0,123.0,durham smythe,2017.0,0.0,0.0,0.0,3.0,0.0,0.0,3.0,,,,,,,,0.0,0.0,1.0,0.0,0.0,,,,,,,,,,,,,,,,,,,,,,,,,,33.0,15.0,1.0,244.0,16.3,,,,,
2018,breeland speaks,DT,Mississippi,6-3,283.0,4.87,32.5,,110.0,7.63,4.65,True,2.0,46.0,breeland speaks,2017.0,1.0,8.0,7.0,27.0,0.0,8.0,67.0,0.0,0.0,1.0,,,,,,,,,,,,,,,,,,,,,,,,,,,,,,,,,,,,,,,,,,,,
2018,taylor stallworth,DT,South Carolina,6-2,312.0,5.28,23.5,18.0,101.0,7.95,4.75,False,,,taylor stallworth,2017.0,2.0,10.0,0.0,14.0,0.0,2.5,30.0,,,,,,,,,,,,,,,,,,,,,,,,,,,,,,,,,,,,,,,,,,,,,,,
2018,m.j. stewart,CB,North Carolina,5-11,200.0,4.54,35.0,18.0,118.0,6.9,4.28,True,2.0,53.0,mj stewart,2017.0,12.0,2.0,2.0,33.0,0.0,5.0,45.0,,,,,,,,18.0,23.0,2.0,0.0,36.0,,,,,,,,,,,,,,,11.3,41.0,15.0,0.0,170.0,,,,,,,,,,,,,,,,
2018,kentavius street,DE,North Carolina State,6-2,280.0,4.87,,28.0,,,,True,4.0,128.0,kentavius street,2017.0,2.0,4.0,3.5,16.0,0.0,6.5,38.0,0.0,0.0,2.0,,,,,,,,,,,,,,,,,,,,,,,,,,,,,,,,,,,,,,,,,,,,
2018,greg stroman,CB,Virginia Tech,6-0,180.0,4.48,33.5,16.0,113.0,,4.45,True,7.0,241.0,greg stroman,2017.0,11.0,0.0,0.0,14.0,3.0,0.0,20.0,2.0,0.0,0.0,11.8,4.0,1.0,47.0,,,,,,,,,,,,,,,,,,,,11.3,91.0,35.0,2.0,397.0,,,,,,,,,,,,,,,,
2018,chandon sullivan,CB,Georgia State,5-11,195.0,4.6,40.5,15.0,134.0,,4.36,False,,,chandon sullivan,2017.0,5.0,0.0,0.0,41.0,0.0,1.0,46.0,0.0,0.0,1.0,0.0,1.0,0.0,0.0,,,,,,,,,,,,,,,,,,,,28.0,28.0,1.0,0.0,28.0,,,,,,,,,,,,,,,,
2018,courtland sutton,WR,SMU,6-3,218.0,4.54,35.5,18.0,124.0,6.57,4.11,True,2.0,40.0,courtland sutton,2017.0,0.0,0.0,0.0,2.0,0.0,0.0,2.0,,,,,,,,,,,,,,,,,,,,,,,,,,,,,,,,,,,,,,62.0,68.0,12.0,1085.0,16.0,1.0,2.0,1.0,2.0,2.0
2018,josh sweat,EDGE,Florida State,6-4,251.0,4.53,39.5,,124.0,,4.28,True,4.0,130.0,josh sweat,2017.0,3.0,6.0,5.5,31.0,0.0,12.5,56.0,,,,,,,,,,,,,,,,,,,,,,,,,,,,,,,,,,,,,,,,,,,,,,,
2018,auden tate,WR,Florida State,6-5,228.0,4.68,31.0,,112.0,,,True,7.0,253.0,auden tate,2017.0,0.0,0.0,0.0,1.0,0.0,0.0,1.0,,,,,,,,,,,,,,,,,,,,,,,,,,,,,,,,,,,,,,51.0,40.0,10.0,548.0,13.7,,,,,
2018,rod taylor,OT,Mississippi,6-3,320.0,5.24,30.5,,99.0,,,True,7.0,252.0,rod taylor,,,,,,,,,,,,,,,,,,,,,,,,,,,,,,,,,,,,,,,,,,,,,,,,,,,,,,,
2018,wyatt teller,OG,Virginia Tech,6-4,314.0,5.24,29.0,30.0,114.0,7.45,4.84,True,5.0,166.0,wyatt teller,2017.0,0.0,0.0,0.0,1.0,0.0,0.0,1.0,,,,,,,,,,,,,,,,,,,,,,,,,,,,,,,,,,,,,,,,,,,,,,,
2018,jordan thomas,CB,Oklahoma,6-0,186.0,4.64,38.0,4.0,124.0,6.28,3.94,False,,,jordan thomas,2017.0,4.0,0.0,0.0,48.0,0.0,4.0,54.0,2.0,2.0,0.0,92.0,2.0,0.0,92.0,0.0,0.0,2.0,0.0,0.0,,,,,,,,,,,,,,,10.0,10.0,2.0,0.0,10.0,,,,,,,58.0,44.0,6.0,526.0,24.0,,,,,
2018,chad thomas,DE,Miami (FL),6-6,281.0,4.92,29.0,,116.0,,,True,3.0,67.0,chad thomas,2017.0,1.0,3.0,5.5,17.0,0.0,12.0,37.0,,,,,,,,,,,,,,,,,,,,,,,,,,,,,,,,,,,,,,,,,,,,,,,
2018,ian thomas,TE,Indiana,6-4,259.0,4.74,36.0,,123.0,7.15,4.2,True,4.0,101.0,ian thomas,2017.0,,,,,,,,,,,,,,,,,,,,,,,,,,,,,,,,,,,,,,,,,,,,,71.0,25.0,5.0,376.0,15.0,,,,,
2018,jordan thomas,TE,Mississippi State,6-5,265.0,4.74,27.0,16.0,111.0,7.5,4.75,True,6.0,211.0,jordan thomas,2017.0,4.0,0.0,0.0,48.0,0.0,4.0,54.0,2.0,2.0,0.0,92.0,2.0,0.0,92.0,0.0,0.0,2.0,0.0,0.0,,,,,,,,,,,,,,,10.0,10.0,2.0,0.0,10.0,,,,,,,58.0,44.0,6.0,526.0,24.0,,,,,
2018,matthew thomas,OLB,Florida State,6-3,232.0,4.58,41.5,,131.0,6.85,4.28,False,,,matthew thomas,2017.0,2.0,1.0,2.0,43.0,0.0,10.0,85.0,0.0,0.0,1.0,29.0,1.0,0.0,29.0,,,,,,,,,,,,,,,,,,,,,,,,,,,,,,,,,,,,,,,,
2018,roc thomas,RB,Jacksonville State,5-10,198.0,4.56,35.5,16.0,125.0,,,False,,,roc thomas,2017.0,,,,,,,,,,,,,,,,,,,,,,,,,,,,,,,,,,,,,,,,,,,,,19.0,1.0,0.0,19.0,19.0,18.0,12.0,0.0,86.0,4.8
2018,trenton thompson,DT,Georgia,6-4,288.0,5.06,32.5,,111.0,7.68,4.56,False,,,trenton thompson,2018.0,2.0,0.0,1.0,31.0,1.0,2.0,56.0,,,,1.0,1.0,0.0,1.0,,,,,,,,,,,,,,,,,,,,0.0,19.0,0.0,1.0,19.0,,,,,,,,,,,,,,,,
2018,henre toliver,CB,Arkansas,6-1,185.0,4.63,32.5,6.0,117.0,7.01,4.15,False,,,henre toliver,2017.0,8.0,0.0,0.0,34.0,0.0,1.0,43.0,1.0,1.0,1.0,22.0,3.0,0.0,66.0,,,,,,,,,,,,,,,,,,,,12.8,33.0,4.0,0.0,51.0,,,,,,,,,,,,,,,,
2018,kevin toliver,CB,LSU,6-3,204.0,,33.0,10.0,120.0,,,False,,,kevin toliver,2017.0,10.0,0.0,1.0,14.0,0.0,2.0,27.0,,,,0.0,1.0,0.0,0.0,,,,,,,,,,,,,,,,,,,,,,,,,,,,,,,,,,,,,,,,
2018,brett toth,OT,Army,6-6,291.0,,,,,,,False,,,brett toth,,,,,,,,,,,,,,,,,,,,,,,,,,,,,,,,,,,,,,,,,,,,,,,,,,,,,,,
2018,johnny townsend,P,Florida,6-1,210.0,,,,,,,True,5.0,173.0,johnny townsend,2017.0,0.0,0.0,0.0,1.0,0.0,0.0,2.0,,,,,,,,,,,,,,,,,,,,,,,,,,,,,,,,0.0,70.0,64.0,0.0,3043.0,47.5,,,,,,,,,,
2018,shane tripucka,P,Texas A&M,6-3,211.0,,,,,,,False,,,shane tripucka,2017.0,,,,,,,,,,,,,,,,,,,,,,,,,,,,,,,,,,,,,,,0.0,64.0,83.0,0.0,3776.0,45.5,,,,,,1.0,0.0,0.0,,
2018,salesi uhatafe,OG,Utah,6-5,310.0,5.4,28.0,,109.0,7.7,4.9,False,,,salesi uhatafe,2016.0,0.0,0.0,0.0,2.0,0.0,0.0,2.0,,,,,,,,,,,,,,,,,,,,,,,,,,,,,,,,,,,,,,,,,,,,,,,
2018,marquez valdes-scantling,WR,South Florida,6-4,206.0,4.37,30.5,15.0,124.0,,,True,5.0,174.0,marquez valdesscantling,2017.0,,,,,,,,,,,,,,,19.5,27.0,2.0,0.0,39.0,,,,,,,,,,,,,,,,,,,,,,,,,,95.0,53.0,6.0,879.0,16.6,8.0,75.0,1.0,108.0,13.5
2018,vita vea,DT,Washington,6-4,347.0,5.1,,41.0,,,,True,1.0,12.0,vita vea,2017.0,4.0,0.0,3.5,31.0,0.0,5.5,44.0,,,,,,,,,,,,,,,,,,,,,,,,,,,17.0,17.0,1.0,0.0,17.0,,,,,,,,,,,,,,,,
2018,azeem victor,ILB,Washington,6-1,240.0,4.72,32.5,19.0,115.0,7.2,4.4,True,6.0,216.0,azeem victor,2017.0,3.0,0.0,2.0,21.0,0.0,2.0,30.0,,,,,,,,,,,,,,,,,,,,,,,,,,,,,,,,,,,,,,,,,,,,,,,
2018,dmontre wade,CB,Murray State,6-0,200.0,4.57,35.5,15.0,120.0,,4.4,False,,,dmontre wade,2017.0,,,,,,,,,,,,,,,19.5,20.0,2.0,0.0,39.0,,,,,,,,,,,,,,,,,,,,,,,,,,,,,,,,,,,
2018,akrum wadley,RB,Iowa,5-10,194.0,4.54,32.0,12.0,,,,False,,,akrum wadley,2017.0,0.0,0.0,0.0,1.0,0.0,0.0,1.0,2.0,1.0,0.0,,,,,30.1,72.0,9.0,0.0,271.0,,,,,,,,,,,,,,,,,,,,,,,,,,70.0,28.0,3.0,353.0,12.6,252.0,35.0,10.0,1109.0,4.4
2018,trey walker,S,Louisiana-Lafayette,6-2,200.0,4.51,33.0,14.0,119.0,7.0,4.28,False,,,trey walker,,,,,,,,,,,,,,,,,,,,,,,,,,,,,,,,,,,,,,,,,,,,,,,,,,,,,,,
2018,levi wallace,CB,Alabama,6-0,183.0,4.63,33.0,,,,,False,,,levi wallace,2017.0,15.0,1.0,2.0,31.0,1.0,4.5,48.0,,,,22.0,3.0,1.0,66.0,,,,,,,,,,,,,,,,,,,,,,,,,,,,,,,,,,,,,,,,
2018,mark walton,RB,Miami (FL),5-10,202.0,4.6,31.5,18.0,118.0,,,True,4.0,112.0,mark walton,2017.0,0.0,0.0,0.0,1.0,0.0,0.0,2.0,,,,,,,,4.0,4.0,1.0,0.0,4.0,,,,,,,,,,,,,,,,,,,,,,,,,,39.0,7.0,0.0,91.0,13.0,56.0,82.0,3.0,428.0,7.6
2018,denzel ward,CB,Ohio State,5-10,183.0,4.32,39.0,16.0,136.0,,,True,1.0,4.0,denzel ward,2017.0,15.0,0.0,0.0,30.0,0.0,2.0,37.0,,,,0.0,1.0,0.0,0.0,,,,,,,,,,,,,,,,,,,,10.0,10.0,1.0,0.0,10.0,,,,,,,,,,,,,,,,
2018,fred warner,OLB,BYU,6-3,236.0,4.64,38.5,21.0,119.0,6.9,4.28,True,3.0,70.0,fred warner,2017.0,5.0,0.0,1.0,48.0,0.0,9.0,87.0,0.0,0.0,1.0,26.0,1.0,0.0,26.0,,,,,,,,,,,,,,,,,,,,,,,,,,,,,,,,,,,,,,,,
2018,chris warren,RB,Texas,6-2,247.0,4.69,33.0,25.0,121.0,6.98,4.18,False,,,chris warren,2017.0,,,,,,,,2.0,1.0,0.0,,,,,,,,,,,,,,,,,1.0,0.0,0.0,0.0,0.0,0.0,0.0,,,,,,,,,,,,33.0,18.0,2.0,229.0,12.7,71.0,41.0,6.0,314.0,4.4
2018,james washington,WR,Oklahoma State,5-11,213.0,4.54,34.5,14.0,120.0,7.11,4.32,True,2.0,60.0,james washington,2017.0,,,,,,,,1.0,1.0,0.0,,,,,,,,,,,,,,,,,,,,,,,,,,,,,,,,,,,86.0,74.0,13.0,1549.0,20.9,3.0,11.0,1.0,12.0,4.0
2018,armani watts,S,Texas A&M,5-11,205.0,,35.0,13.0,120.0,7.25,4.37,True,4.0,124.0,armani watts,2017.0,5.0,0.0,0.5,58.0,0.0,10.0,87.0,0.0,0.0,2.0,3.8,4.0,0.0,15.0,,,,,,,,,,,,,,,,,,,,,,,,,,,,,,,,,,,,,,,,
2018,jester weah,WR,Pittsburgh,6-2,211.0,4.43,38.0,15.0,129.0,7.24,4.41,False,,,jester weah,2017.0,0.0,0.0,0.0,1.0,0.0,0.0,1.0,1.0,0.0,0.0,,,,,,,,,,,,,,,,,,,,,,,,,,,,,,,,,,,74.0,41.0,4.0,698.0,17.0,0.0,2.0,0.0,2.0,0.0
2018,toby weathersby,OT,LSU,6-4,317.0,5.34,24.5,28.0,106.0,8.55,5.38,False,,,toby weathersby,,,,,,,,,,,,,,,,,,,,,,,,,,,,,,,,,,,,,,,,,,,,,,,,,,,,,,,
2018,damon webb,S,Ohio State,5-11,195.0,4.62,,17.0,,,,False,,,damon webb,2017.0,3.0,0.0,0.0,44.0,1.0,2.0,61.0,0.0,0.0,2.0,14.8,5.0,1.0,74.0,,,,,,,,,,,,,,,,,,,,,,,,,,,,,,,,,,,,,,,,
2018,david wells,TE,San Diego State,6-6,256.0,4.75,33.0,20.0,116.0,7.5,4.59,False,,,david wells,2017.0,,,,,,,,,,,,,,,,,,,,,,,,,,,,,,,,,,,,,,,,,,,,,30.0,9.0,2.0,133.0,14.8,,,,,
2018,sean welsh,C,Iowa,6-3,306.0,5.43,25.0,20.0,103.0,7.9,4.81,False,,,sean welsh,,,,,,,,,,,,,,,,,,,,,,,,,,,,,,,,,,,,,,,,,,,,,,,,,,,,,,,
2018,karaun white,WR,West Virginia,6-1,206.0,4.52,33.5,24.0,118.0,7.16,4.57,False,,,karaun white,2017.0,1.0,0.0,0.0,3.0,0.0,0.0,6.0,,,,,,,,,,,,,,,,,,,,,,,,,,,,,,,,,,,,,,76.0,61.0,12.0,1004.0,16.5,,,,,
2018,kyzir white,S,West Virginia,6-2,216.0,,35.5,21.0,113.0,,,True,4.0,119.0,kyzir white,2017.0,4.0,4.0,1.0,66.0,0.0,7.5,94.0,0.0,0.0,1.0,0.7,3.0,0.0,2.0,,,,,,,,,,,,,,,,,,,,,,,,,,,,,,,,,,,,,,,,
2018,mike white,QB,Western Kentucky,6-5,224.0,5.09,27.0,,96.0,7.4,4.4,True,5.0,171.0,mike white,2017.0,0.0,0.0,0.0,0.0,0.0,0.0,1.0,12.0,6.0,0.0,,,,,,,,,,,,,,,,,560.0,368.0,8.0,0.657,26.0,4177.0,7.5,,,,,,,,,,,,,,,,,64.0,10.0,6.0,,
2018,jordan whitehead,S,Pittsburgh,5-11,195.0,,,21.0,,,,True,4.0,117.0,jordan whitehead,2017.0,4.0,0.0,0.0,41.0,0.0,0.0,60.0,0.0,0.0,1.0,0.0,1.0,0.0,0.0,,,,,,,,,,,,,,,,,,,,,,,,,,,,,,,8.0,2.0,0.0,7.0,3.5,22.0,35.0,1.0,142.0,6.5
2018,jojo wicker,DE,Arizona State,6-3,296.0,5.16,30.0,25.0,105.0,,,False,,,jojo wicker,2017.0,1.0,1.0,6.0,30.0,0.0,13.0,42.0,0.0,0.0,1.0,,,,,,,,,,,,,,,,,,,,,,,,,,,,,,,,,,,,,,,,,,,,
2018,jake wieneke,WR,South Dakota State,6-4,221.0,4.67,34.0,9.0,114.0,7.24,4.37,False,,,jake wieneke,2016.0,,,,,,,,,,,,,,,,,,,,,,,,,,,,,,,,,,,,,,,,,,,,,52.0,8.0,2.0,196.0,24.5,,,,,
2018,jordan wilkins,RB,Mississippi,6-1,216.0,,36.0,16.0,117.0,,4.27,True,5.0,169.0,jordan wilkins,2017.0,0.0,0.0,0.0,1.0,0.0,0.0,1.0,1.0,1.0,0.0,,,,,,,1.0,0.0,,,,,,,,,,,,,,,,,,,,,,,,,,,25.0,26.0,1.0,241.0,9.3,155.0,64.0,9.0,1011.0,6.5
2018,connor williams,OT,Texas,6-5,296.0,5.05,34.0,26.0,112.0,7.83,4.63,True,2.0,50.0,connor williams,2016.0,0.0,0.0,0.0,1.0,0.0,0.0,1.0,,,,,,,,,,,,,,,,,,,,,,,,,,,,,,,,,,,,,,,,,,,,,,,
2018,darrel williams,RB,LSU,6-0,225.0,4.72,32.0,22.0,109.0,,4.21,False,,,darrel williams,2017.0,0.0,0.0,0.0,0.0,0.0,0.0,2.0,,,,,,,,21.0,21.0,1.0,0.0,21.0,,,,,,,,,,,,,,,,,,,,,,,,,,63.0,23.0,0.0,331.0,14.4,145.0,77.0,9.0,820.0,5.7
2018,eddy wilson,DT,Purdue,6-4,301.0,5.37,,26.0,96.0,,,False,,,eddy wilson,2017.0,2.0,3.0,1.0,14.0,0.0,2.5,27.0,,,,,,,,,,,,,,,,,,,,,,,,,,,,,,,,,,,,,,,,,,,,,,,
2018,cedrick wilson,WR,Boise State,6-2,197.0,4.55,37.0,9.0,121.0,6.89,4.23,True,6.0,208.0,cedrick wilson,2017.0,0.0,0.0,0.0,1.0,0.0,0.0,2.0,,,,,,,,25.8,55.0,18.0,0.0,465.0,,,,,,,,3.0,2.0,0.0,0.667,0.0,46.0,15.3,,,,,,,,,,,,65.0,83.0,7.0,1511.0,18.2,9.0,9.0,0.0,13.0,1.4
2018,jeff wilson,RB,North Texas,5-11,210.0,,,15.0,,,,False,,,jeff wilson,,,,,,,,,,,,,,,,,,,,,,,,,,,,,,,,,,,,,,,,,,,,,,,,,,,,,,,
2018,javon wims,WR,Georgia,6-3,215.0,4.53,33.5,,113.0,7.0,,True,7.0,224.0,javon wims,2017.0,0.0,0.0,0.0,1.0,0.0,0.0,1.0,,,,,,,,,,,,,,,,,,,,,,,,,,,,,,,,,,,,,,38.0,46.0,7.0,724.0,15.7,,,,,
2018,anthony winbush,EDGE,Ball State,6-1,249.0,,,25.0,110.0,,,False,,,anthony winbush,2017.0,0.0,6.0,11.5,28.0,0.0,16.5,51.0,,,,,,,,,,,,,,,,,,,,,,,,,,,,,,,,,,,,,,,,,,,,,,,
2018,ryan winslow,P,Pittsburgh,6-5,217.0,,,,,,,False,,,ryan winslow,2017.0,,,,,,,,,,,,,,,,,,,,,,,,,,,1.0,1.0,0.0,1.0,1.0,15.0,15.0,,,,,,0.0,63.0,57.0,0.0,2536.0,44.5,,,,,,,,,,
2018,logan woodside,QB,Toledo,6-1,213.0,4.79,31.5,,103.0,6.94,4.15,True,7.0,249.0,logan woodside,2017.0,0.0,0.0,0.0,2.0,0.0,0.0,3.0,3.0,2.0,0.0,,,,,,,,,,,,,,,,,411.0,264.0,8.0,0.642,28.0,3882.0,9.4,,,,,,,,,,,,,,,,,51.0,18.0,1.0,34.0,0.7
2018,chris worley,ILB,Ohio State,6-2,238.0,4.86,29.5,15.0,,,,False,,,chris worley,2017.0,2.0,4.0,1.0,35.0,0.0,5.0,56.0,,,,,,,,,,,,,,,,,,,,,,,,,,,,,,,,,,,,,,,,,,,,,,,
2018,isaiah wynn,OG,Georgia,6-3,313.0,,,,,,,True,1.0,23.0,isaiah wynn,2016.0,0.0,0.0,0.0,2.0,0.0,0.0,2.0,,,,,,,,,,,,,,,,,,,,,,,,,,,,,,,,,,,,,,,,,,,,,,,
2018,isaac yiadom,CB,Boston Col.,6-1,190.0,4.52,,8.0,120.0,,4.18,True,3.0,99.0,isaac yiadom,2017.0,7.0,0.0,0.0,36.0,0.0,1.0,53.0,,,,15.0,2.0,0.0,30.0,,,,,,,,,,,,,,,,,,,,,,,,,,,,,,,,,,,,,,,,
2018,kenny young,ILB,UCLA,6-1,236.0,4.6,36.0,23.0,117.0,7.38,4.48,True,4.0,122.0,kenny young,2018.0,,,,,,,,1.0,0.0,0.0,,,,,1.0,1.0,1.0,0.0,1.0,,,,,,,,,,,,,,,4.4,9.0,5.0,0.0,22.0,,,,,,,59.0,42.0,4.0,384.0,9.1,59.0,74.0,4.0,367.0,6.2
2018,trevon young,EDGE,Louisville,6-4,258.0,4.78,33.0,25.0,114.0,6.99,4.4,True,6.0,205.0,trevon young,2017.0,5.0,9.0,4.5,37.0,0.0,12.0,62.0,0.0,0.0,1.0,,,,,,,,,,,,,,,,,,,,,,,,,,,,,,,,,,,,,,,,,,,,
2019,johnathan abram,S,Mississippi State,5-11,205.0,4.45,,,116.0,,,True,1.0,27.0,johnathan abram,2018.0,3.0,5.0,3.0,51.0,0.0,8.0,95.0,1.0,1.0,1.0,4.5,2.0,0.0,9.0,,,,,,,,,,,,,,,,,,,,,,,,,,,,,,,,,,,,,,,,
2019,paul adams,OT,Missouri,6-6,317.0,5.18,27.0,16.0,103.0,7.68,4.74,False,,,paul adams,,,,,,,,,,,,,,,,,,,,,,,,,,,,,,,,,,,,,,,,,,,,,,,,,,,,,,,
2019,nasir adderley,S,Delaware,6-0,206.0,,,,,,,True,2.0,60.0,nasir adderley,2017.0,0.0,0.0,0.0,2.0,0.0,0.0,6.0,,,,,,,,,,,,,,,,,,,,,,,,,,,,,,,,,,,,,,,,,,,,,,,
2019,azeez al-shaair,LB,Florida Atlantic,6-1,234.0,,,16.0,,,,False,,,azeez alshaair,2018.0,0.0,3.0,2.0,24.0,0.0,3.0,43.0,,,,,,,,,,,,,,,,,,,,,,,,,,,,,,,,,,,,,,,,,,,,,,,
2019,otaro alaka,LB,Texas A&M,6-3,239.0,4.82,36.0,20.0,131.0,,,False,,,otaro alaka,2018.0,1.0,4.0,4.0,39.0,0.0,14.5,79.0,,,,,,,,,,,,,1.0,1.0,52.0,1.0,3.0,0.0,0.0,,,,,,,,,,,,,,,,,,,,,,,,,,,,
2019,dakota allen,LB,Texas Tech,6-1,232.0,4.77,31.5,23.0,116.0,6.88,4.04,True,7.0,251.0,dakota allen,2019.0,,,,,,,,,,,,,,,,,,,,,,,,,,,,,,,,,,,,,,,0.0,40.0,3.0,0.0,93.0,31.0,,,,,,,,,,
2019,josh allen,EDGE,Kentucky,6-5,262.0,4.63,,28.0,118.0,7.15,4.23,True,1.0,7.0,josh allen,2018.0,8.0,14.0,34.0,112.0,0.0,41.0,176.0,0.0,0.0,4.0,,,,,,,,,,,,,,,,,,,,,,,,,,,,,,,,,,,,,,,,,,,,
2019,zach allen,DL,Boston Col.,6-4,281.0,5.0,32.0,24.0,112.0,7.34,4.36,True,3.0,65.0,zach allen,2018.0,7.0,11.0,6.5,26.0,0.0,15.0,61.0,0.0,0.0,2.0,6.0,1.0,0.0,6.0,,,,,,,,,,,,,,,,,,,,,,,,,,,,,,,,,,,,2.0,9.0,0.0,12.0,6.0
2019,bryson allen-williams,LB,South Carolina,6-1,236.0,4.88,,14.0,,7.4,,False,,,bryson allenwilliams,2018.0,0.0,4.0,2.0,28.0,0.0,9.5,39.0,,,,,,,,,,,,,,,,,,,,,,,,,,,,,,,,,,,,,,,,,,,,,,,
2019,jeff allison,LB,Fresno State,5-11,228.0,4.82,31.0,12.0,115.0,7.2,4.45,False,,,jeff allison,,,,,,,,,,,,,,,,,,,,,,,,,,,,,,,,,,,,,,,,,,,,,,,,,,,,,,,
2019,ugo amadi,S,Oregon,5-9,199.0,4.51,32.5,18.0,115.0,7.21,4.19,True,4.0,132.0,ugo amadi,,,,,,,,,,,,,,,,,,,,,,,,,,,,,,,,,,,,,,,,,,,,,,,,,,,,,,,
2019,rodney anderson,RB,Oklahoma,6-0,224.0,,,25.0,,,,True,6.0,211.0,rodney anderson,2018.0,,,,,,,,,,,,,,,,,,,,,,,,,,,,,,,,,,,,,,,,,,,,,,,,,,11.0,65.0,3.0,119.0,10.8
2019,j.j. arcega-whiteside,WR,Stanford,6-2,225.0,,,,,,,True,2.0,57.0,jj arcegawhiteside,2018.0,,,,,,,,,,,,,,,,,,,,,,,,,,,,,,,,,,,,,,,,,,,,,80.0,62.0,14.0,1040.0,16.8,,,,,
2019,ryquell armstead,RB,Temple,5-11,220.0,4.45,30.0,22.0,114.0,7.02,4.29,True,5.0,140.0,ryquell armstead,2018.0,0.0,0.0,1.0,1.0,0.0,1.0,1.0,1.0,0.0,0.0,,,,,,,,,,,,,,,,,,,,,,,,,,,,,,,,,,,15.0,8.0,0.0,52.0,6.5,210.0,75.0,13.0,1098.0,5.2
2019,blessuan austin,CB,Rutgers,6-1,198.0,,,15.0,,,,True,6.0,196.0,blessuan austin,2018.0,0.0,0.0,1.0,3.0,0.0,2.0,3.0,,,,,1.0,0.0,,,,,,,,,,,,,,,,,,,,,,,,,,,,,,,,,,,,,,,,,
2019,jake bailey,P,Stanford,6-1,200.0,4.72,33.0,,117.0,,,True,5.0,163.0,jake bailey,2019.0,,,,,,,,,,,,,,,,,,,,,,,,,,,,,,,,,,,,,,,,,,,,,13.0,9.0,0.0,53.0,5.9,,,,,
2019,zack bailey,OL,South Carolina,6-5,299.0,,28.0,24.0,103.0,,,False,,,zack bailey,,,,,,,,,,,,,,,,,,,,,,,,,,,,,,,,,,,,,,,,,,,,,,,,,,,,,,,
2019,derrick baity,CB,Kentucky,6-2,197.0,,38.5,10.0,127.0,7.06,4.31,False,,,derrick baity,2018.0,7.0,1.0,0.0,27.0,0.0,2.5,38.0,,,,,1.0,0.0,,,,,,,,,,,,,,,,,,,,,,,,,,,,,,,,,,,,,,,,,
2019,deandre baker,CB,Georgia,5-11,193.0,4.52,,14.0,118.0,,,True,1.0,30.0,deandre baker,2018.0,9.0,1.0,0.0,31.0,0.0,2.0,40.0,1.0,0.0,0.0,40.5,2.0,0.0,81.0,,,,,,,,,,,,,,,,,,,,,,,,,,,,,,,,,,,,,,,,
2019,corey ballentine,CB,Washburn,5-11,196.0,4.47,39.5,15.0,135.0,6.82,4.14,True,6.0,180.0,corey ballentine,,,,,,,,,,,,,,,,,,,,,,,,,,,,,,,,,,,,,,,,,,,,,,,,,,,,,,,
2019,ben banogu,EDGE,TCU,6-3,250.0,4.62,40.0,23.0,134.0,7.02,4.27,True,2.0,49.0,ben banogu,2018.0,0.0,8.0,8.5,41.0,1.0,17.0,52.0,0.0,0.0,1.0,,,,,,,,,,,,,,,,,,,,,,,,,,,,,,,,,,,,,,,,,,,,
2019,alex barnes,RB,Kansas State,6-0,226.0,4.59,38.5,34.0,126.0,6.95,4.1,False,,,alex barnes,2018.0,0.0,0.0,0.0,1.0,0.0,0.0,1.0,4.0,2.0,1.0,,,,,,,,,,,,,,,,,,,,,,,,,,,,,,,,,,,30.0,20.0,0.0,194.0,9.7,256.0,55.0,12.0,1355.0,5.3
2019,alex bars,OL,Notre Dame,6-6,312.0,,,,,,,False,,,alex bars,,,,,,,,,,,,,,,,,,,,,,,,,,,,,,,,,,,,,,,,,,,,,,,,,,,,,,,
2019,cody barton,LB,Utah,6-2,237.0,4.64,32.5,30.0,116.0,6.9,4.03,True,3.0,88.0,cody barton,2018.0,6.0,3.0,4.0,69.0,0.0,11.5,117.0,,,,7.0,1.0,0.0,7.0,,,,,,,,,,,,,,,,,,,,,,,,,,,,,,,,,,,,,,,,
2019,jackson barton,OT,Utah,6-7,310.0,5.18,27.0,25.0,109.0,7.85,4.66,True,7.0,240.0,jackson barton,2018.0,0.0,0.0,0.0,2.0,0.0,0.0,2.0,,,,,,,,,,,,,,,,,,,,,,,,,,,,,,,,,,,,,,,,,,,,,,,
2019,ryan bates,OL,Penn State,6-4,306.0,5.09,27.0,28.0,102.0,7.45,4.53,False,,,ryan bates,2016.0,0.0,0.0,0.0,1.0,0.0,0.0,1.0,,,,,,,,,,,,,,,,,,,,,,,,,,,,,,,,,,,,,,,,,,,,,,,
2019,john battle,S,LSU,6-0,201.0,4.67,29.5,,120.0,7.09,4.33,False,,,john battle,2018.0,2.0,0.0,0.0,13.0,0.0,0.0,39.0,,,,9.7,3.0,0.0,29.0,,,,,,,,,,,,,,,,,,,,,,,,,,,,,,,,,,,,,,,,
2019,terry beckner,DL,Missouri,6-4,296.0,5.19,24.5,28.0,98.0,7.97,4.82,True,7.0,215.0,terry beckner,2018.0,1.0,5.0,3.5,24.0,0.0,11.5,34.0,,,,,,,,,,,,,,,,,,,,,,,,,,,,,,,,,,,,,,,,,,,,,,,
2019,mike bell,S,Fresno State,6-3,210.0,4.83,30.0,10.0,118.0,7.1,4.46,False,,,mike bell,2018.0,8.0,0.0,0.5,53.0,0.0,3.5,87.0,,,,0.3,3.0,0.0,1.0,,,,,,,,,,,,,,,,,,,,,,,,,,,,,,,,,,,,,,,,
2019,beau benzschawel,OL,Wisconsin,6-6,309.0,5.24,,20.0,,,,False,,,beau benzschawel,2016.0,0.0,0.0,0.0,0.0,0.0,0.0,1.0,,,,,,,,,,,,,,,,,,,,,,,,,,,,,,,,,,,,,,,,,,,,,,,
2019,marquise blair,S,Utah,6-1,195.0,4.48,35.0,,125.0,,,True,2.0,47.0,marquise blair,2018.0,2.0,1.0,0.0,38.0,0.0,1.5,50.0,,,,2.5,2.0,0.0,5.0,,,,,,,,,,,,,,,,,,,,,,,,,,,,,,,,,,,,,,,,
2019,kendall blanton,TE,Missouri,6-6,262.0,4.95,31.0,22.0,113.0,7.37,4.42,False,,,kendall blanton,2018.0,,,,,,,,1.0,1.0,0.0,,,,,,,,,,,,,,,,,,,,,,,,16.0,0.0,1.0,0.0,16.0,,,,,,,18.0,22.0,2.0,177.0,8.0,,,,,
2019,nick bosa,DL,Ohio State,6-4,266.0,4.79,33.5,29.0,116.0,7.1,4.14,True,1.0,2.0,nick bosa,2018.0,0.0,1.0,4.0,11.0,0.0,6.0,14.0,0.0,0.0,2.0,,,,,,,,,,,,,,,,,,,,,,,,,,,,,,,,,,,,,,,,,,,,
2019,kris boyd,CB,Texas,5-11,201.0,4.45,36.5,19.0,127.0,6.94,4.08,True,7.0,217.0,kris boyd,2018.0,16.0,1.0,1.0,50.0,0.0,4.5,67.0,0.0,0.0,1.0,0.0,1.0,0.0,0.0,,,,,,,,,,,,,,,,,,,,,,,,,,,,,,,,,,,,,,,,
2019,miles boykin,WR,Notre Dame,6-4,220.0,4.42,43.5,12.0,140.0,6.77,4.07,True,3.0,93.0,miles boykin,2018.0,0.0,0.0,0.0,2.0,0.0,0.0,2.0,1.0,1.0,0.0,,,,,,,,,,,,,,,,,,,,,,,,,,,,,,,,,,,40.0,59.0,8.0,872.0,14.8,,,,,
2019,garrett bradbury,OL,North Carolina State,6-3,306.0,4.92,31.0,34.0,104.0,7.41,4.53,True,1.0,18.0,garrett bradbury,2018.0,,,,,,,,,,,,,,,,,,,,,,,,,,,,,,,,,,,,,,,,,,,,,,,,,,1.0,1.0,1.0,9.0,9.0
2019,tyre brady,WR,Marshall,6-3,211.0,,32.0,12.0,117.0,,4.25,False,,,tyre brady,2018.0,0.0,0.0,0.0,1.0,0.0,0.0,1.0,1.0,1.0,0.0,,,,,,,,,,,,,,,,,1.0,0.0,0.0,0.0,0.0,0.0,0.0,,,,,,,,,,,,50.0,71.0,9.0,1002.0,14.1,1.0,14.0,0.0,14.0,14.0
2019,jordan brailford,EDGE,Oklahoma State,6-3,252.0,4.65,37.5,22.0,126.0,,,True,7.0,253.0,jordan brailford,2018.0,1.0,7.0,9.0,37.0,0.0,17.0,54.0,,,,,,,,,,,,,,,,,,,,,,,,,,,,,,,,,,,,,,,,,,,,,,,
2019,nick brossette,RB,LSU,5-11,209.0,4.72,35.5,15.0,118.0,7.38,4.44,False,,,nick brossette,2018.0,,,,,,,,1.0,1.0,0.0,,,,,28.0,28.0,1.0,0.0,28.0,,,,,,,,,,,,,,,,,,,,,,,,,,15.0,14.0,0.0,78.0,5.6,240.0,50.0,14.0,1039.0,4.3
2019,jordan brown,CB,South Dakota State,6-0,201.0,4.51,39.5,13.0,128.0,,,False,,,jordan brown,2017.0,0.0,0.0,0.0,2.0,0.0,0.5,5.0,,,,,,,,,,,,,,,,,,,,,,,,,,,,,,,,,,,,,,,,,,,,,,,
2019,a.j. brown,WR,Mississippi,6-0,226.0,4.49,36.5,19.0,120.0,,,True,2.0,51.0,aj brown,2019.0,0.0,0.0,0.0,1.0,0.0,0.0,1.0,,,,,,,,,,,,,,,,,,,,,,,,,,,,,,,,,,,,,,,,,,,,,,,
2019,blace brown,CB,Troy,6-0,194.0,4.75,,14.0,126.0,7.33,4.22,False,,,blace brown,2018.0,6.0,0.0,0.0,21.0,0.0,1.5,35.0,,,,0.0,1.0,0.0,0.0,,,,,,,,,,,,,,,,,,,,,,,,,,,,,,,9.0,1.0,0.0,10.0,10.0,,,,,
2019,keenen brown,TE,Texas State,6-2,250.0,4.75,33.0,17.0,117.0,7.27,4.51,False,,,keenen brown,2018.0,,,,,,,,1.0,1.0,0.0,,,,,,,,,,,,,,,,,,,,,,,,,,,,,,,,,,,46.0,50.0,5.0,577.0,11.5,8.0,61.0,2.0,75.0,9.4
2019,marquise brown,WR,Oklahoma,5-9,166.0,,,,,,,True,1.0,25.0,marquise brown,2018.0,,,,,,,,,,,,,,,,,,,,,,,,,,,,,,,,,,,,,,,,,,,,,77.0,75.0,10.0,1318.0,17.6,2.0,0.0,0.0,0.0,0.0
2019,jake browning,QB,Washington,6-2,211.0,4.74,29.0,,112.0,7.19,4.44,False,,,jake browning,2018.0,0.0,0.0,0.0,1.0,0.0,0.0,1.0,2.0,1.0,0.0,,,,,,,,,,,,,,,,,386.0,251.0,10.0,0.65,16.0,3173.0,8.2,,,,,,1.0,35.0,2.0,1.0,69.0,34.5,,,,,,83.0,25.0,4.0,127.0,1.5
2019,austin bryant,EDGE,Clemson,6-4,271.0,,,,,,,True,4.0,117.0,austin bryant,2018.0,0.0,5.0,8.5,17.0,0.0,14.5,42.0,,,,,,,,,,,,,,,,,,,,,,,,,,,,,,,,,,,,,,,,,,,,,,,
2019,isaiah buggs,DL,Alabama,6-3,306.0,5.15,24.5,20.0,96.0,8.01,4.83,True,6.0,192.0,isaiah buggs,2018.0,3.0,6.0,10.0,24.0,0.0,14.0,52.0,0.0,0.0,1.0,,,,,,,,,,,,,,,,,,,,,,,,,,,,,,,,,,,,,,,,,,,,
2019,sean bunting,CB,Central Michigan,6-0,195.0,4.42,41.5,14.0,126.0,,,True,2.0,39.0,sean bunting,2018.0,5.0,0.0,0.0,26.0,0.0,3.0,37.0,,,,0.0,2.0,0.0,0.0,,,,,,,,,,,,,,,,,,,,,,,,,,,,,,,,,,,,4.0,11.0,0.0,21.0,5.3
2019,brian burns,EDGE,Florida State,6-5,249.0,4.53,36.0,,129.0,7.01,,True,1.0,16.0,brian burns,2018.0,3.0,8.0,10.0,31.0,0.0,15.5,53.0,0.0,0.0,1.0,,,,,,,,,,,,,,,,,,,,,,,,,,,,,,,,,,,,,,,,,,,,
2019,ben burr-kirven,LB,Washington,6-0,230.0,4.56,34.5,21.0,121.0,6.85,4.09,True,5.0,142.0,ben burrkirven,2018.0,6.0,0.0,2.0,89.0,0.0,4.5,165.0,0.0,0.0,3.0,11.0,2.0,0.0,22.0,,,,,,,,,,,,,,,,,,,,,,,,,,,,,,,,,,,,1.0,0.0,0.0,,
2019,devin bush,LB,Michigan,5-11,234.0,4.43,40.5,21.0,124.0,6.93,4.23,True,1.0,10.0,devin bush,2018.0,4.0,2.0,5.0,41.0,0.0,9.0,67.0,,,,,,,,,,,,,,,,,,,,,,,,,,,,,,,,,,,,,,,,,,,,,,,
2019,emmanuel butler,WR,Northern Arizona,6-3,217.0,,36.0,11.0,115.0,,4.22,False,,,emmanuel butler,2018.0,,,,,,,,,,,,,,,,,,,,,,,,,,,,,,,,,,,,,,,,,,,,,84.0,6.0,2.0,138.0,23.0,,,,,
2019,hakeem butler,WR,Iowa State,6-5,227.0,4.48,36.0,18.0,128.0,,,True,4.0,103.0,hakeem butler,2018.0,0.0,0.0,0.0,1.0,0.0,0.0,1.0,,,,,,,,0.0,0.0,1.0,0.0,0.0,,,,,,,,,,,,,,,,,,,,,,,,,,83.0,60.0,9.0,1318.0,22.0,,,,,
2019,yodny cajuste,OT,West Virginia,6-5,312.0,,,32.0,,,,True,3.0,101.0,yodny cajuste,2018.0,0.0,0.0,0.0,3.0,0.0,1.0,4.0,,,,,,,,,,,,,,,,,,,,,,,,,,,,,,,,,,,,,,,,,,,,,,,
2019,deion calhoun,OL,Mississippi State,6-2,310.0,5.07,28.5,26.0,105.0,7.46,4.62,False,,,deion calhoun,,,,,,,,,,,,,,,,,,,,,,,,,,,,,,,,,,,,,,,,,,,,,,,,,,,,,,,
2019,parris campbell,WR,Ohio State,6-0,205.0,4.31,40.0,11.0,135.0,,4.03,True,2.0,59.0,parris campbell,2018.0,0.0,0.0,0.0,1.0,0.0,0.0,2.0,,,,,,,,,,,,,,,,,,,,,,,,,,,,,,,,,,,,,,71.0,88.0,11.0,983.0,11.2,10.0,78.0,1.0,102.0,10.2
2019,malik carney,EDGE,North Carolina,6-2,251.0,4.73,33.0,25.0,113.0,7.4,,False,,,malik carney,2018.0,2.0,4.0,6.5,37.0,1.0,12.5,60.0,0.0,0.0,2.0,,,,,,,,,,,,,,,,,,,,,,,,,,,,,,,,,,,,,,,,,,,,
2019,blake cashman,LB,Minnesota,6-1,237.0,4.5,37.5,18.0,124.0,6.95,4.12,True,5.0,157.0,blake cashman,2018.0,5.0,0.0,2.5,62.0,1.0,15.0,104.0,0.0,0.0,1.0,,,,,,,,,,,,,,,,,,,,,,,,,,,,,,,,,,,,,,,,,,,,
2019,hamp cheevers,CB,Boston Col.,5-9,169.0,4.52,39.0,8.0,122.0,6.96,4.25,False,,,hamp cheevers,2018.0,6.0,1.0,0.0,28.0,1.0,0.0,40.0,0.0,0.0,1.0,19.3,7.0,1.0,135.0,,,,,,,,,,,,,1.0,0.0,0.0,0.0,0.0,0.0,0.0,,,,,,,,,,,,,,,,,,,,,
2019,demarcus christmas,DL,Florida State,6-3,294.0,5.08,25.5,22.0,101.0,8.13,5.07,True,6.0,209.0,demarcus christmas,2018.0,2.0,1.0,0.0,14.0,0.0,3.0,28.0,,,,,,,,,,,,,,,,,,,,,,,,,,,,,,,,,,,,,,,,,,,,,,,
2019,l.j. collier,DL,TCU,6-2,283.0,4.91,30.0,25.0,118.0,7.71,4.78,True,1.0,29.0,lj collier,2018.0,4.0,5.0,4.0,21.0,0.0,7.5,34.0,,,,,,,,,,,,,,,,,,,,,,,,,,,,,,,,,,,,,,,,,,,,,,,
2019,john cominsky,DL,Charleston,6-5,286.0,4.69,33.5,22.0,116.0,7.03,4.38,True,4.0,135.0,john cominsky,,,,,,,,,,,,,,,,,,,,,,,,,,,,,,,,,,,,,,,,,,,,,,,,,,,,,,,
2019,te'von coney,LB,Notre Dame,6-1,234.0,,,,,,,False,,,tevon coney,2018.0,4.0,6.0,3.5,60.0,0.0,9.0,111.0,0.0,0.0,1.0,7.0,1.0,0.0,7.0,,,,,,,,,,,,,,,,,,,,,,,,,,,,,,,,,,,,,,,,
2019,ryan connelly,LB,Wisconsin,6-2,242.0,4.66,34.5,,118.0,7.09,4.31,True,5.0,143.0,ryan connelly,2018.0,1.0,6.0,3.0,58.0,0.0,10.0,89.0,,,,,,,,,,,,,,,,,,,,,,,,,,,,,,,,,,,,,,,,,,,,,,,
2019,c.j. conrad,TE,Kentucky,6-4,249.0,,,,,,,False,,,cj conrad,2018.0,0.0,0.0,0.0,1.0,0.0,0.0,3.0,1.0,1.0,0.0,,,,,,,,,,,,,,,,,,,,,,,,,,,,,,,,,,,32.0,29.0,2.0,316.0,10.9,,,,,
2019,byron cowart,DL,Maryland,6-3,298.0,5.16,30.0,26.0,111.0,,,True,5.0,159.0,byron cowart,2018.0,0.0,0.0,3.0,18.0,0.0,5.0,38.0,1.0,1.0,0.0,6.0,2.0,0.0,12.0,,,,,,,,,,,,,,,,,,,,,,,,,,,,,,,,,,,,,,,,
2019,jonathan crawford,S,Indiana,6-1,205.0,,31.5,16.0,115.0,,,False,,,jonathan crawford,2018.0,3.0,0.0,1.0,47.0,1.0,3.5,67.0,0.0,0.0,2.0,33.0,1.0,1.0,33.0,,,,,,,,,,,,,,,,,,,,,,,,,,,,,,,,,,,,,,,,
2019,xavier crawford,CB,Central Michigan,5-11,187.0,4.48,37.5,11.0,,,,True,6.0,195.0,xavier crawford,2018.0,12.0,0.0,0.0,18.0,0.0,3.0,24.0,,,,0.0,1.0,0.0,0.0,,,,,,,,,,,,,,,,,,,,0.0,0.0,1.0,0.0,0.0,,,,,,,,,,,,,,,,
2019,maxx crosby,DL,East. Michigan,6-5,255.0,4.66,36.0,,122.0,6.89,4.13,True,4.0,106.0,maxx crosby,2018.0,3.0,6.0,7.5,26.0,1.0,18.5,64.0,,,,2.0,1.0,1.0,2.0,,,,,,,,,,,,,,,,,,,,,,,,,,,,,,,,,,,,,,,,
2019,jamal custis,WR,Syracuse,6-4,214.0,4.5,34.5,,124.0,,,False,,,jamal custis,2018.0,0.0,0.0,0.0,3.0,0.0,0.0,3.0,0.0,0.0,1.0,,,,,,,,,,,,,,,,,,,,,,,,,,,,,,,,,,,68.0,51.0,6.0,906.0,17.8,1.0,0.0,0.0,,
2019,dennis daley,OT,South Carolina,6-5,317.0,5.23,26.5,20.0,103.0,7.95,4.92,True,6.0,212.0,dennis daley,,,,,,,,,,,,,,,,,,,,,,,,,,,,,,,,,,,,,,,,,,,,,,,,,,,,,,,
2019,davante davis,CB,Texas,6-2,202.0,4.57,37.0,14.0,125.0,6.76,4.15,False,,,davante davis,2018.0,8.0,0.0,0.0,36.0,0.0,4.0,42.0,0.0,0.0,1.0,3.0,1.0,0.0,3.0,,,,,,,,,,,,,,,,,,,,,,,,,,,,,,,,,,,,,,,,
2019,deshaun davis,LB,Auburn,5-11,234.0,,31.0,25.0,111.0,,4.38,True,6.0,210.0,deshaun davis,2018.0,2.0,4.0,3.5,57.0,0.0,14.5,112.0,,,,,,,,,,,,,,,,,,,,,,,,,,,,,,,,,,,,,,,,,,,,,,,
2019,felton davis,WR,Michigan State,6-3,211.0,,,21.0,,,,False,,,felton davis,2018.0,,,,,,,,,,,,,,,,,,,,,,,,,,,,,,,,,,,,,,,,,,,,,37.0,31.0,4.0,474.0,15.3,2.0,48.0,1.0,50.0,25.0
2019,jamal davis,EDGE,Akron,6-3,243.0,4.6,39.0,19.0,122.0,7.0,4.44,False,,,jamal davis,2018.0,6.0,6.0,5.5,47.0,0.0,16.0,80.0,,,,3.0,1.0,0.0,3.0,,,,,,,,,,,,,,,,,,,,,,,,,,,,,,,,,,,,,,,,
2019,nate davis,OL,Charlotte,6-3,316.0,5.23,26.0,23.0,107.0,7.94,4.83,True,3.0,82.0,nate davis,2017.0,0.0,0.0,0.0,1.0,0.0,0.0,1.0,,,,,,,,,,,,,,,,,,,,,,,,,,,,,,,,,,,,,,,,,,,,,,,
2019,ryan davis,WR,Auburn,5-10,189.0,,35.0,12.0,124.0,7.09,4.23,False,,,ryan davis,2018.0,0.0,0.0,0.0,1.0,0.0,0.0,1.0,5.0,1.0,0.0,,,,,,,,,,,,,,,,,2.0,2.0,0.0,1.0,2.0,43.0,21.5,9.9,48.0,21.0,0.0,207.0,,,,,,,47.0,66.0,1.0,532.0,8.1,3.0,10.0,0.0,12.0,4.0
2019,jamel dean,CB,Auburn,6-1,206.0,4.3,41.0,16.0,130.0,7.02,4.19,True,3.0,94.0,jamel dean,2018.0,9.0,0.0,1.0,22.0,0.0,2.0,30.0,0.0,0.0,1.0,0.0,2.0,0.0,0.0,,,,,,,,,,,,,,,,,,,,,,,,,,,,,,,,,,,,,,,,
2019,michael deiter,OL,Wisconsin,6-5,309.0,5.23,28.0,21.0,105.0,7.88,4.81,True,3.0,78.0,michael deiter,2018.0,0.0,0.0,0.0,1.0,0.0,0.0,1.0,,,,,,,,,,,,,,,,,,,,,,,,,,,,,,,,,,,,,,,,,,,,,,,
2019,lukas denis,S,Boston Col.,5-11,190.0,4.64,33.5,16.0,116.0,6.89,4.09,False,,,lukas denis,2018.0,2.0,0.0,0.5,31.0,1.0,0.5,49.0,,,,59.0,1.0,1.0,59.0,,,,,,,,,,,,,,,,,,,,,,,,,,,,,,,,,,,,,,,,
2019,andre dillard,OT,Washington State,6-5,315.0,4.96,29.0,24.0,118.0,7.44,4.4,True,1.0,22.0,andre dillard,2018.0,0.0,0.0,0.0,1.0,0.0,0.0,1.0,,,,,,,,,,,,,,,,,,,,,,,,,,,,,,,,,,,,,,,,,,,,,,,
2019,d'cota dixon,S,Wisconsin,5-10,204.0,4.81,33.5,20.0,119.0,,,False,,,dcota dixon,2018.0,3.0,0.0,0.0,28.0,0.0,2.5,43.0,0.0,0.0,1.0,,,,,,,,,,,,,,,,,,,,,,,,,,,,,,,,,,,,,,,,,,,,
2019,johnnie dixon,WR,Ohio State,5-10,201.0,4.41,37.5,16.0,120.0,,4.43,False,,,johnnie dixon,2018.0,0.0,0.0,0.0,4.0,0.0,0.0,5.0,1.0,0.0,0.0,,,,,18.5,38.0,13.0,0.0,240.0,,,,,,,,,,,,,,,,,,,,,,,,,,63.0,42.0,8.0,669.0,15.9,,,,,
2019,tyrel dodson,LB,Texas A&M,6-0,237.0,4.6,,24.0,118.0,,,False,,,tyrel dodson,2018.0,3.0,2.0,1.0,38.0,0.0,6.5,61.0,0.0,0.0,1.0,78.0,1.0,1.0,78.0,,,,,,,,,,,,,,,,,,,,,,,,,,,,,,,,,,,,,,,,
2019,greg dortch,WR,Wake Forest,5-7,173.0,,,,,,,False,,,greg dortch,2018.0,0.0,0.0,0.0,0.0,2.0,0.0,0.0,2.0,1.0,0.0,,,,,20.9,38.0,18.0,0.0,376.0,,,,,,,,,,,,,,,11.0,70.0,25.0,2.0,276.0,,,,,,,54.0,89.0,8.0,1078.0,12.1,5.0,11.0,0.0,20.0,4.0
2019,keelan doss,WR,UC Davis,6-2,211.0,,,8.0,,,,False,,,keelan doss,2018.0,,,,,,,,,,,,,,,,,,,,,,,,,,,,,,,,,,,,,,,,,,,,,22.0,24.0,0.0,191.0,8.0,,,,,
2019,ashton dulin,WR,Malone University (Ohio),6-1,215.0,4.43,38.0,13.0,121.0,7.0,4.22,False,,,ashton dulin,,,,,,,,,,,,,,,,,,,,,,,,,,,,,,,,,,,,,,,,,,,,,,,,,,,,,,,
2019,jovon durante,WR,Florida Atlantic,5-11,160.0,4.55,31.5,,120.0,7.0,4.31,False,,,jovon durante,2018.0,0.0,0.0,0.0,2.0,0.0,0.0,2.0,,,,,,,,,,,,,,,,,,,,1.0,0.0,0.0,0.0,0.0,0.0,0.0,,,,,,,,,,,,55.0,65.0,5.0,873.0,13.4,8.0,13.0,0.0,39.0,4.9
2019,chuma edoga,OT,USC,6-3,308.0,5.19,,21.0,,,,True,3.0,92.0,chuma edoga,,,,,,,,,,,,,,,,,,,,,,,,,,,,,,,,,,,,,,,,,,,,,,,,,,,,,,,
2019,david edwards,OT,Wisconsin,6-6,308.0,5.28,25.5,,99.0,7.69,4.77,True,5.0,169.0,david edwards,2018.0,0.0,0.0,0.0,1.0,0.0,0.0,1.0,,,,,,,,,,,,,,,,,,,,,,,,,,,,,,,,,,,,,,,,,,,,,,,
2019,mike edwards,S,Kentucky,5-10,205.0,,,,,,,True,3.0,99.0,mike edwards,2018.0,6.0,1.0,0.0,56.0,1.0,9.0,84.0,0.0,0.0,1.0,39.5,2.0,1.0,79.0,,,,,,,,,,,,,,,,,,,,,,,,,,,,,,,,,,,,,,,,
2019,t.j. edwards,LB,Wisconsin,6-0,230.0,,,16.0,,,,False,,,tj edwards,2018.0,2.0,3.0,3.0,68.0,0.0,10.5,103.0,,,,10.3,3.0,0.0,31.0,,,,,,,,,,,,,,,,,,,,,,,,,,,,,,,,,,,,,,,,
2019,emeke egbule,LB,Houston,6-2,245.0,4.65,33.0,20.0,119.0,7.38,4.38,True,6.0,200.0,emeke egbule,2018.0,5.0,9.0,2.0,39.0,1.0,5.5,69.0,0.0,0.0,4.0,0.0,2.0,0.0,0.0,,,,,,,,,,,,,,,,,,,,32.0,32.0,1.0,0.0,32.0,,,,,,,,,,,,,,,,
2019,bobby evans,OT,Oklahoma,6-4,312.0,5.2,,22.0,,,,True,3.0,97.0,bobby evans,2018.0,0.0,0.0,0.0,1.0,0.0,0.0,1.0,,,,,,,,,,,,,,,,,,,,,,,,,,,,,,,,,,,,,,,,,,,,,,,
2019,noah fant,TE,Iowa,6-4,249.0,4.5,39.5,20.0,127.0,6.81,4.22,True,1.0,20.0,noah fant,2018.0,,,,,,,,,,,,,,,,,,,,,,,,,,,,,,,,,,,,,,,,,,,,,65.0,39.0,7.0,518.0,13.3,2.0,3.0,0.0,1.0,0.5
2019,rashad fenton,CB,South Carolina,5-11,193.0,4.52,34.0,12.0,117.0,,4.25,True,6.0,201.0,rashad fenton,2018.0,5.0,0.0,0.0,24.0,0.0,2.5,30.0,,,,5.3,3.0,0.0,16.0,,,,,,,,,,,,,,,,,,,,,,,,,,,,,,,,,,,,,,,,
2019,jazz ferguson,WR,Northwestern St. (LA),6-5,227.0,4.45,37.0,8.0,123.0,7.25,4.59,False,,,jazz ferguson,2018.0,,,,,,,,,,,,,,,,,,,,,,,,,,,,,,,,,,,,,,,,,,,,,71.0,4.0,1.0,129.0,32.3,,,,,
2019,clelin ferrell,EDGE,Clemson,6-4,264.0,,,25.0,,7.26,4.4,True,1.0,4.0,clelin ferrell,2018.0,2.0,9.0,11.5,27.0,0.0,18.5,51.0,0.0,0.0,1.0,,,,,,,,,,,,,,,,,,,,,,,,,,,,,,,,,,,,,,,,,,,,
2019,mark fields,CB,Clemson,5-10,192.0,4.37,,18.0,,,,False,,,mark fields,2018.0,3.0,0.0,0.0,6.0,0.0,0.0,7.0,,,,,,,,,,,,,,,,,,,,,,,,,,,,,,,,,,,,,,,,,,,,,,,
2019,ryan finley,QB,North Carolina State,6-4,213.0,4.73,30.5,,116.0,7.2,4.2,True,4.0,104.0,ryan finley,2018.0,,,,,,,,3.0,0.0,0.0,,,,,,,,,,,,,,,,,447.0,300.0,10.0,0.671,21.0,3612.0,8.1,,,,,,,,,,,,,,,,,40.0,9.0,1.0,20.0,0.5
2019,nick fitzgerald,QB,Mississippi State,6-5,226.0,4.64,29.5,,115.0,,,False,,,nick fitzgerald,2018.0,0.0,0.0,0.0,1.0,0.0,0.0,1.0,,,,,,,,,,,,,,,,,,,,281.0,145.0,9.0,0.516,16.0,1772.0,6.3,,,,,,,,,,,,,,,,,221.0,76.0,13.0,1121.0,5.1
2019,cody ford,OT,Oklahoma,6-4,329.0,5.21,28.5,19.0,104.0,8.27,4.87,True,2.0,38.0,cody ford,,,,,,,,,,,,,,,,,,,,,,,,,,,,,,,,,,,,,,,,,,,,,,,,,,,,,,,
2019,jack fox,P,Rice,6-2,213.0,4.73,27.5,,114.0,,,False,,,jack fox,2018.0,0.0,0.0,0.0,1.0,0.0,0.0,1.0,0.0,0.0,1.0,,,,,,,,,,12.0,5.0,44.0,0.417,38.0,23.0,23.0,1.0,1.0,0.0,1.0,0.0,17.0,17.0,,,,,,29.0,76.0,80.0,13.0,3636.0,45.5,,,,,,1.0,5.0,0.0,5.0,5.0
2019,hjalte froholdt,OL,Arkansas,6-5,306.0,5.2,27.5,31.0,105.0,7.51,4.54,True,4.0,118.0,hjalte froholdt,2017.0,0.0,0.0,0.0,1.0,0.0,0.0,1.0,,,,,,,,,,,,,,,,,,,,,,,,,,,,,,,,,,,,,,,,,,,,,,,
2019,travis fulgham,WR,Old Dominion,6-2,215.0,4.58,36.5,15.0,126.0,,,True,6.0,184.0,travis fulgham,2018.0,,,,,,,,,,,,,,,,,,,,,,,,,,,,,,,,,,,,,,,,,,,,,62.0,63.0,9.0,1083.0,17.2,,,,,
2019,lamont gaillard,OL,Georgia,6-3,305.0,,,,,,,True,6.0,179.0,lamont gaillard,2016.0,0.0,0.0,0.0,1.0,0.0,0.0,1.0,,,,,,,,,,,,,,,,,,,,,,,,,,,,,,,,,,,,,,,,,,,,,,,
2019,greg gaines,DL,Washington,6-1,312.0,5.16,31.0,30.0,109.0,,,True,4.0,134.0,greg gaines,2018.0,0.0,2.0,3.5,24.0,0.0,6.5,52.0,,,,0.0,1.0,0.0,0.0,,,,,,,,,,,,,,,,,,,,,,,,,,,,,,,,,,,,,,,,
2019,malik gant,S,Marshall,6-0,209.0,4.63,34.5,17.0,114.0,7.45,4.3,False,,,malik gant,2018.0,8.0,3.0,1.0,40.0,0.0,9.0,90.0,,,,0.5,2.0,0.0,1.0,,,,,,,,,,,,,,,,,,,,,,,,,,,,,,,,,,,,,,,,
2019,chauncey gardner-johnson,S,Florida,5-11,210.0,4.48,36.0,17.0,117.0,7.03,4.2,True,4.0,105.0,chauncey gardnerjohnson,,,,,,,,,,,,,,,,,,,,,,,,,,,,,,,,,,,,,,,,,,,,,,,,,,,,,,,
2019,rashan gary,DL,Michigan,6-4,277.0,4.58,38.0,26.0,120.0,7.26,4.29,True,1.0,12.0,rashan gary,2018.0,0.0,5.0,3.5,20.0,0.0,6.5,38.0,,,,,,,,,,,,,,,,,,,,,,,,,,,,,,,,,,,,,,,,,,,,,,,
2019,myles gaskin,RB,Washington,5-9,205.0,4.58,35.5,24.0,118.0,7.19,4.27,True,7.0,234.0,myles gaskin,2018.0,,,,,,,,1.0,0.0,0.0,,,,,18.5,25.0,4.0,0.0,74.0,,,,,,,,1.0,1.0,0.0,1.0,1.0,2.0,2.0,,,,,,,,,,,,14.0,21.0,1.0,77.0,3.7,257.0,80.0,12.0,1269.0,4.9
2019,matt gay,K,Utah,6-0,232.0,,,,,,,True,5.0,145.0,matt gay,2018.0,0.0,0.0,0.0,1.0,0.0,0.0,1.0,,,,,,,,,,,,,30.0,25.0,55.0,0.833,123.0,45.0,45.0,,,,,,,,,,,,,,,,,,,,,,,,,,,,
2019,zach gentry,TE,Michigan,6-8,265.0,4.9,29.5,12.0,110.0,7.4,4.53,True,5.0,141.0,zach gentry,2018.0,,,,,,,,,,,,,,,,,,,,,,,,,,,,,,,,,,,,,,,,,,,,,42.0,32.0,2.0,514.0,16.1,,,,,
2019,joe giles-harris,LB,Duke,6-2,234.0,4.75,29.5,17.0,111.0,,,False,,,joe gilesharris,2018.0,2.0,2.0,1.0,34.0,0.0,7.0,81.0,,,,,,,,,,,,,,,,,,,,,,,,,,,,,,,,,,,,,,,,,,,,,,,
2019,andrew van ginkel,LB,Wisconsin,6-3,241.0,,38.0,17.0,123.0,6.89,4.14,True,5.0,151.0,andrew van ginkel,2018.0,3.0,7.0,4.5,35.0,0.0,7.5,51.0,,,,,,,,,,,,,,,,,,,,,,,,,,,,,,,,,,,,,,,,,,,,,,,
2019,kevin givens,DL,Penn State,6-1,285.0,5.08,31.0,32.0,115.0,7.63,4.62,False,,,kevin givens,2018.0,1.0,4.0,5.0,19.0,0.0,10.5,33.0,,,,,,,,,,,,,,,,,,,,,,,,,,,,,,,,,,,,,,,,,,,,,,,
2019,dan godsil,LS,Indiana,6-4,241.0,5.0,34.5,16.0,118.0,7.56,4.55,False,,,dan godsil,2017.0,0.0,0.0,0.0,2.0,0.0,0.0,2.0,,,,,,,,,,,,,,,,,,,,,,,,,,,,,,,,,,,,,,,,,,,,,,,
2019,terry godwin,WR,Georgia,5-11,184.0,4.55,36.5,,117.0,6.96,,True,7.0,237.0,terry godwin,2018.0,,,,,,,,1.0,1.0,0.0,,,,,,,,,,,,,,,,,,,,,,,,0.0,0.0,1.0,0.0,0.0,,,,,,,75.0,22.0,3.0,373.0,17.0,,,,,
2019,carl granderson,EDGE,Wyoming,6-5,254.0,4.79,35.0,,119.0,7.44,4.41,False,,,carl granderson,2018.0,2.0,3.0,3.0,28.0,1.0,7.5,40.0,,,,61.0,1.0,1.0,61.0,,,,,,,,,,,,,,,,,,,,,,,,,,,,,,,,,,,,,,,,
2019,derwin gray,OT,Maryland,6-4,320.0,5.26,,26.0,90.0,,,True,7.0,219.0,derwin gray,2017.0,0.0,0.0,0.0,1.0,0.0,0.0,1.0,,,,,,,,,,,,,,,,,,,,,,,,,,,,,,,,,,,,,,,,,,,,,,,
2019,gerri green,EDGE,Mississippi State,6-4,252.0,4.63,35.0,24.0,114.0,7.27,4.42,True,6.0,199.0,gerri green,,,,,,,,,,,,,,,,,,,,,,,,,,,,,,,,,,,,,,,,,,,,,,,,,,,,,,,
2019,donnell greene,OT,Minnesota,6-5,335.0,,,,,,,False,,,donnell greene,2017.0,0.0,0.0,0.0,1.0,0.0,0.0,1.0,,,,,,,,,,,,,,,,,,,,,,,,,,,,,,,,,,,,,,,,,,,,,,,
2019,ethan greenidge,OL,Villanova,6-4,327.0,,,,,,,False,,,ethan greenidge,,,,,,,,,,,,,,,,,,,,,,,,,,,,,,,,,,,,,,,,,,,,,,,,,,,,,,,
2019,dre greenlaw,LB,Arkansas,5-11,237.0,,33.0,24.0,117.0,,,True,5.0,148.0,dre greenlaw,2018.0,0.0,1.0,2.0,38.0,0.0,6.5,80.0,0.0,0.0,1.0,2.5,2.0,0.0,5.0,,,,,,,,,,,,,,,,,,,,,,,,,,,,,,,,,,,,1.0,14.0,0.0,14.0,14.0
2019,will grier,QB,West Virginia,6-2,217.0,4.84,34.0,,112.0,7.09,4.28,True,3.0,100.0,will grier,2018.0,0.0,0.0,0.0,1.0,0.0,0.0,1.0,5.0,4.0,0.0,,,,,,,,,,,,,,,,,397.0,266.0,8.0,0.67,37.0,3864.0,9.7,,,,,,,,,,,,,,,,,49.0,15.0,3.0,,
2019,porter gustin,EDGE,USC,6-4,255.0,4.69,35.5,31.0,119.0,,,False,,,porter gustin,2018.0,1.0,3.0,7.0,18.0,0.0,10.0,28.0,0.0,0.0,1.0,,,,,,,,,,,,,,,,,,,,,,,,,,,,,,,,,,,,,,,,,,,,
2019,emanuel hall,WR,Missouri,6-2,201.0,4.39,43.5,15.0,141.0,,,False,,,emanuel hall,2018.0,,,,,,,,,,,,,,,,,,,,,,,,,,,,,,,,,,,,,,,,,,,,,67.0,37.0,6.0,828.0,22.4,,,,,
2019,nate hall,LB,Northwestern,6-2,225.0,,,,,,,False,,,nate hall,2018.0,0.0,2.0,0.0,32.0,0.0,5.5,51.0,0.0,0.0,1.0,0.0,3.0,0.0,0.0,,,,,,,,,,,,,,,,,,,,,,,,,,,,,,,,,,,,,,,,
2019,terez hall,LB,Missouri,6-1,230.0,,,20.0,,,,False,,,terez hall,2018.0,1.0,8.0,5.0,45.0,0.0,9.0,70.0,,,,0.0,1.0,0.0,0.0,,,,,,,,,,,,,,,,,,,,,,,,,,,,,,,,,,,,,,,,
2019,saquan hampton,S,Rutgers,6-1,206.0,4.48,,14.0,125.0,,,True,6.0,177.0,saquan hampton,2018.0,11.0,0.0,0.0,41.0,0.0,3.0,62.0,,,,1.0,3.0,0.0,3.0,,,,,,,,,,,,,,,,,,,,,0.0,1.0,0.0,,,,,,,,,,,,,,,,,
2019,terrill hanks,LB,New Mexico State,6-2,242.0,4.98,35.5,21.0,118.0,,,False,,,terrill hanks,2018.0,2.0,3.0,1.0,33.0,1.0,8.5,101.0,,,,28.0,1.0,1.0,28.0,,,,,,,,,,,,,,,,,,,,,,,,,,,,,,,,,,,,,,,,
2019,chase hansen,LB,Utah,6-3,222.0,,,,,,,False,,,chase hansen,2018.0,4.0,1.0,5.0,70.0,1.0,22.0,114.0,0.0,0.0,1.0,20.0,2.0,1.0,40.0,,,,,,,,,,,,,,,,,,,,,,,,,,,,,,,,,,,,,,,,
2019,mecole hardman,WR,Georgia,5-10,187.0,4.33,36.5,17.0,119.0,,,True,2.0,56.0,mecole hardman,2018.0,0.0,0.0,0.0,0.0,1.0,0.0,0.0,3.0,1.0,0.0,,,,,25.2,41.0,14.0,0.0,353.0,,,,,,,,,,,,,,,20.1,70.0,16.0,1.0,321.0,,,,,,,59.0,34.0,7.0,532.0,15.6,5.0,30.0,0.0,36.0,7.2
2019,kelvin harmon,WR,North Carolina State,6-2,221.0,4.6,32.5,18.0,117.0,7.15,4.32,True,6.0,206.0,kelvin harmon,2018.0,0.0,0.0,0.0,0.0,0.0,0.0,1.0,,,,,,,,,,,,,,,,,,,,,,,,,,,,,,,,,,,,,,74.0,74.0,6.0,1086.0,14.7,,,,,
2019,damien harris,RB,Alabama,5-10,216.0,4.57,37.0,16.0,121.0,,,True,3.0,87.0,damien harris,2018.0,,,,,,,,,,,,,,,,,,,,,,,,,,,,,,,,,,,,,,,,,,,,,52.0,22.0,0.0,204.0,9.3,150.0,73.0,9.0,876.0,5.8
2019,will harris,S,Boston Col.,6-1,207.0,4.41,36.5,20.0,123.0,6.91,4.12,True,3.0,81.0,will harris,2018.0,0.0,1.0,0.0,42.0,0.0,1.0,73.0,0.0,0.0,2.0,0.0,1.0,0.0,0.0,,,,,,,,,,,,,,,,,,,,,,,,,,,,,,,,,,,,,,,,
2019,n'keal harry,WR,Arizona State,6-2,228.0,4.53,38.5,27.0,122.0,,,True,1.0,32.0,nkeal harry,2018.0,0.0,0.0,0.0,0.0,1.0,0.0,0.0,1.0,0.0,0.0,,,,,,,,,,,,,,,,,1.0,0.0,1.0,0.0,0.0,0.0,0.0,16.9,92.0,9.0,1.0,152.0,,,,,,,61.0,73.0,9.0,1088.0,14.9,7.0,6.0,1.0,10.0,1.4
2019,montre hartage,CB,Northwestern,5-11,190.0,4.68,34.5,9.0,123.0,6.95,4.08,False,,,montre hartage,2018.0,13.0,0.0,0.0,40.0,0.0,2.0,51.0,0.0,0.0,1.0,8.5,2.0,0.0,17.0,,,,,,,,,,,,,,,,,,,,,,,,,,,,,,,,,,,,,,,,
2019,dwayne haskins,QB,Ohio State,6-3,231.0,5.04,28.5,,,,,True,1.0,15.0,dwayne haskins,2018.0,0.0,0.0,0.0,2.0,0.0,0.0,2.0,4.0,2.0,0.0,,,,,,,,,,,,,,,,,531.0,371.0,8.0,0.699,49.0,4751.0,8.9,,,,,,,,,,,,,,,,,79.0,17.0,4.0,108.0,1.4
2019,phil haynes,OL,Wake Forest,6-4,322.0,5.2,31.0,33.0,108.0,7.76,4.95,True,4.0,124.0,phil haynes,2018.0,0.0,0.0,0.0,1.0,0.0,0.0,1.0,,,,,,,,,,,,,,,,,,,,,,,,,,,,,,,,,,,,,,,,,,,,,,,
2019,daniel helm,TE,Duke,6-4,249.0,4.89,,14.0,,,,False,,,daniel helm,2018.0,0.0,0.0,0.0,4.0,0.0,0.0,5.0,,,,,,,,9.0,9.0,2.0,0.0,18.0,,,,,,,,,,,,,,,,,,,,,,,,,,37.0,26.0,2.0,271.0,10.4,,,,,
2019,darrell henderson,RB,Memphis,5-8,208.0,4.49,33.5,22.0,121.0,,,True,3.0,70.0,darrell henderson,2019.0,0.0,0.0,0.0,1.0,0.0,1.5,3.0,,,,,,,,,,,,,,,,,,,,,,,,,,,,,,,,,,,,,,,,,,,,,,,
2019,nate herbig,OL,Stanford,6-3,335.0,5.41,24.0,29.0,90.0,8.15,5.04,False,,,nate herbig,2016.0,0.0,0.0,0.0,1.0,0.0,0.0,1.0,,,,,,,,,,,,,,,,,,,,,,,,,,,,,,,,,,,,,,,,,,,,,,,
2019,karan higdon,RB,Michigan,5-9,206.0,4.49,34.0,21.0,123.0,,,False,,,karan higdon,2018.0,0.0,0.0,0.0,1.0,0.0,0.0,1.0,1.0,0.0,0.0,,,,,,,,,,,,,,,,,,,,,,,,,,,,,,,,,,,15.0,7.0,0.0,43.0,6.1,225.0,67.0,10.0,1180.0,5.2
2019,justice hill,RB,Oklahoma State,5-10,198.0,4.4,40.0,21.0,130.0,,,True,4.0,113.0,justice hill,2018.0,1.0,0.0,0.0,0.0,0.0,0.0,0.0,,,,,,,,,,,,,,,,,,,,,,,,,,,,,,,,,,,,,,22.0,13.0,0.0,68.0,5.2,158.0,92.0,9.0,930.0,5.9
2019,trysten hill,DL,Central Florida,6-3,308.0,5.04,35.0,28.0,115.0,7.7,4.38,True,2.0,58.0,trysten hill,2018.0,0.0,4.0,3.0,20.0,0.0,10.5,36.0,,,,,,,,,,,,,,,,,,,,,,,,,,,,,,,,,,,,,,3.0,1.0,0.0,3.0,3.0,3.0,5.0,1.0,6.0,2.0
2019,t.j. hockenson,TE,Iowa,6-5,251.0,4.7,37.5,17.0,123.0,7.02,4.18,True,1.0,8.0,tj hockenson,2018.0,0.0,0.0,0.0,1.0,0.0,0.0,1.0,1.0,0.0,0.0,,,,,,,,,,,,,,,,,,,,,,,,,,,,,,,,,,,54.0,49.0,6.0,750.0,15.3,1.0,4.0,1.0,4.0,4.0
2019,alijah holder,CB,Stanford,6-1,191.0,4.6,36.0,9.0,121.0,6.7,4.15,False,,,alijah holder,2018.0,9.0,0.0,0.0,37.0,0.0,2.5,58.0,,,,,,,,,,,,,,,,,,,,,,,,,,,,,,,,,,,,,,,,,,,,,,,
2019,justin hollins,EDGE,Oregon,6-5,248.0,4.5,36.5,25.0,119.0,7.06,4.4,True,5.0,156.0,justin hollins,2018.0,6.0,5.0,6.5,33.0,0.0,12.5,55.0,0.0,0.0,1.0,7.0,1.0,0.0,7.0,,,,,,,,,,,,,,,,,,,,,,,,,,,,,,,,,,,,,,,,
2019,elijah holyfield,RB,Georgia,5-10,217.0,4.78,29.5,26.0,118.0,,,False,,,elijah holyfield,2018.0,0.0,0.0,0.0,1.0,0.0,0.0,1.0,,,,,,,,,,,,,,,,,,,,,,,,,,,,,,,,,,,,,,24.0,5.0,0.0,40.0,8.0,159.0,66.0,7.0,1018.0,6.4
2019,travis homer,RB,Miami (FL),5-10,201.0,4.48,39.5,17.0,130.0,7.07,4.31,True,6.0,204.0,travis homer,2018.0,0.0,0.0,0.0,5.0,0.0,0.0,7.0,3.0,2.0,0.0,,,,,,,,,,,,,,,,,,,,,,,,,,,,,,,,,,,24.0,19.0,0.0,186.0,9.8,164.0,70.0,4.0,985.0,6.0
2019,amani hooker,S,Iowa,5-11,210.0,4.48,37.0,14.0,123.0,6.81,4.1,True,4.0,116.0,amani hooker,2018.0,7.0,0.0,1.0,36.0,0.0,3.5,65.0,,,,15.0,4.0,0.0,60.0,,,,,,,,,,,,,,,,,,,,9.0,9.0,1.0,0.0,9.0,,,,,,,,,,,,,,,,
2019,tytus howard,OT,Alabama State,6-5,322.0,5.05,29.5,21.0,103.0,8.34,4.87,True,1.0,23.0,tytus howard,,,,,,,,,,,,,,,,,,,,,,,,,,,,,,,,,,,,,,,,,,,,,,,,,,,,,,,
2019,albert huggins,DL,Clemson,6-3,305.0,5.12,25.5,35.0,101.0,7.84,4.84,False,,,albert huggins,2018.0,0.0,2.0,2.5,13.0,0.0,3.5,17.0,,,,,,,,,,,,,,,,,,,,,,,,,,,,,,,,,,,,,,,,,,,,,,,
2019,lil'jordan humphrey,WR,Texas,6-4,210.0,4.75,33.5,13.0,119.0,7.09,4.29,False,,,liljordan humphrey,2018.0,0.0,0.0,0.0,2.0,0.0,0.0,2.0,1.0,0.0,0.0,,,,,21.5,29.0,10.0,0.0,215.0,,,,,,,,4.0,3.0,0.0,0.75,1.0,18.0,4.5,,,,,,,,,,,,47.0,86.0,9.0,1176.0,13.7,6.0,11.0,1.0,25.0,4.2
2019,jalen hurd,WR,Baylor,6-5,226.0,,,23.0,,,,True,3.0,67.0,jalen hurd,2018.0,0.0,0.0,0.0,1.0,0.0,0.0,1.0,,,,,,,,,,,,,,,,,,,,,,,,,,,6.5,13.0,2.0,0.0,13.0,,,,,,,38.0,69.0,4.0,946.0,13.7,48.0,37.0,3.0,209.0,4.4
2019,mitch hyatt,OT,Clemson,6-5,303.0,,25.5,28.0,102.0,7.72,4.52,False,,,mitch hyatt,2018.0,,,,,,,,,,,,,,,,,,,,,,,,,,,,,,,,,,,,,,,,,,,,,,,,,,1.0,0.0,0.0,,
2019,alec ingold,FB,Wisconsin,6-1,242.0,4.89,34.0,16.0,116.0,7.35,4.32,False,,,alec ingold,2018.0,0.0,0.0,0.0,1.0,0.0,0.0,1.0,,,,,,,,,,,,,,,,,,,,,,,,,,,,,,,,,,,,,,33.0,5.0,1.0,93.0,18.6,26.0,39.0,6.0,143.0,5.5
2019,andy isabella,WR,Massachusetts,5-9,188.0,4.31,36.5,15.0,121.0,6.95,4.15,True,2.0,62.0,andy isabella,2018.0,,,,,,,,2.0,2.0,0.0,,,,,,,,,,,,,,,,,,,,,,,,7.9,25.0,7.0,0.0,55.0,,,,,,,89.0,101.0,13.0,1697.0,16.8,11.0,17.0,1.0,79.0,7.2
2019,martez ivey,OL,Florida,6-5,315.0,,,,,,,False,,,martez ivey,,,,,,,,,,,,,,,,,,,,,,,,,,,,,,,,,,,,,,,,,,,,,,,,,,,,,,,
2019,joe jackson,DL,Miami (FL),6-4,275.0,,27.0,22.0,109.0,,,True,5.0,165.0,joe jackson,2018.0,3.0,9.0,9.0,19.0,1.0,14.5,47.0,,,,42.0,1.0,1.0,42.0,,,,,,,,,,,,,,,,,,,,,,,,,,,,,,,,,,,,,,,,
2019,mike jackson,CB,Miami (FL),6-1,210.0,4.45,40.5,13.0,130.0,7.12,4.12,True,5.0,158.0,mike jackson,2016.0,,,,,,,,,,,,,,,,,,,,,,,,,,,,,,,,,,,,,,,,,,,,,23.0,3.0,0.0,27.0,9.0,,,,,
2019,tyree jackson,QB,Buffalo,6-7,249.0,4.59,34.5,,120.0,7.09,4.28,False,,,tyree jackson,2019.0,0.0,0.0,0.0,2.0,0.0,0.0,6.0,1.0,1.0,0.0,,,,,7.0,15.0,2.0,0.0,14.0,,,,,,,,,,,,,,,,,,,,,,,,,,4.0,2.0,0.0,,,6.0,8.0,0.0,22.0,3.7
2019,josh jacobs,RB,Alabama,5-10,220.0,,,,,,,True,1.0,24.0,josh jacobs,2018.0,0.0,0.0,0.0,0.0,1.0,0.0,1.0,1.0,0.0,0.0,,,,,30.6,77.0,14.0,1.0,428.0,,,,,,,,,,,,,,,,,,,,,,,,,,33.0,20.0,3.0,247.0,12.4,120.0,59.0,11.0,640.0,5.3
2019,andre james,OT,UCLA,6-4,299.0,5.32,29.0,21.0,105.0,8.0,4.84,False,,,andre james,,,,,,,,,,,,,,,,,,,,,,,,,,,,,,,,,,,,,,,,,,,,,,,,,,,,,,,
2019,cece jefferson,EDGE,Florida,6-1,266.0,5.02,30.5,17.0,108.0,7.5,4.53,False,,,cece jefferson,2018.0,2.0,4.0,1.0,8.0,0.0,6.0,18.0,0.0,0.0,1.0,,,,,,,,,,1.0,1.0,53.0,1.0,3.0,0.0,0.0,,,,,,,,,,,,,,,,,,,,,,,,,,,,
2019,jalen jelks,EDGE,Oregon,6-5,256.0,4.92,32.5,19.0,113.0,7.22,4.59,True,7.0,241.0,jalen jelks,2018.0,1.0,5.0,3.5,26.0,0.0,6.5,51.0,0.0,0.0,1.0,,,,,,,,,,,,,,,,,,,,,,,,,,,,,,,,,,,,,,,,,,,,
2019,elgton jenkins,OL,Mississippi State,6-4,310.0,,28.0,29.0,109.0,7.77,4.62,True,2.0,44.0,elgton jenkins,,,,,,,,,,,,,,,,,,,,,,,,,,,,,,,,,,,,,,,,,,,,,,,,,,,,,,,
2019,gary jennings,WR,West Virginia,6-1,214.0,4.42,37.0,20.0,127.0,7.32,4.15,True,4.0,120.0,gary jennings,2018.0,,,,,,,,,,,,,,,,,,,,,,,,,,,,,,,,,,,,,,,,,,,,,75.0,54.0,13.0,917.0,17.0,,,,,
2019,devon johnson,OT,Ferris State,6-7,338.0,5.16,27.5,26.0,89.0,8.34,5.28,False,,,devon johnson,2018.0,,,,,,,,,,,,,,,36.0,36.0,1.0,0.0,36.0,,,,,,,,,,,,,,,3.0,3.0,1.0,0.0,3.0,,,,,,,24.0,4.0,0.0,62.0,15.5,,,,,
2019,anthony johnson,WR,Buffalo,6-2,209.0,,32.5,18.0,122.0,7.12,,False,,,anthony johnson,2023.0,10.0,0.0,0.0,52.0,0.0,4.0,76.0,2.0,2.0,4.0,6.0,8.0,0.0,24.0,,,,,,,,,,,,,2.0,0.0,0.0,0.0,0.0,0.0,0.0,,,,,,,,,,,,136.0,208.0,6.0,1428.0,13.8,2.0,0.0,0.0,,
2019,darryl johnson,EDGE,North Carolina A&T,6-6,253.0,,,20.0,,,,True,7.0,225.0,darryl johnson,2018.0,0.0,1.0,1.0,5.0,0.0,1.0,7.0,,,,,,,,,,,,,,,,,,,,,,,,,,,,,,,,,,,,,,,,,,,,,,,
2019,diontae johnson,WR,Toledo,5-10,183.0,4.53,33.5,15.0,123.0,7.09,4.45,True,3.0,66.0,diontae johnson,2018.0,0.0,0.0,0.0,0.0,2.0,0.0,0.0,1.0,0.0,0.0,,,,,25.8,98.0,16.0,1.0,412.0,,,,,,,,,,,,,,,18.5,83.0,13.0,1.0,241.0,,,,,,,80.0,49.0,8.0,761.0,15.5,2.0,11.0,0.0,17.0,8.5
2019,fred johnson,OL,Florida,6-7,326.0,,,,,,,False,,,fred johnson,,,,,,,,,,,,,,,,,,,,,,,,,,,,,,,,,,,,,,,,,,,,,,,,,,,,,,,
2019,gary johnson,LB,Texas,6-0,226.0,4.43,33.5,16.0,121.0,7.15,4.57,False,,,gary johnson,2018.0,1.0,8.0,7.0,61.0,0.0,17.0,90.0,0.0,0.0,1.0,,,,,,,,,,,,,,,,,,,,,,,,,,,,,,,,,,,,,,,,,,,,
2019,isaiah johnson,CB,Houston,6-2,208.0,4.4,36.5,,133.0,6.81,4.06,True,4.0,129.0,isaiah johnson,2019.0,0.0,1.0,2.0,13.0,0.0,4.5,18.0,0.0,0.0,1.0,,,,,,,,,,,,,,,,,,,,,,,,,,,,,,,,,,,,,,,,,,,,
2019,jaquan johnson,S,Miami (FL),5-10,191.0,4.69,33.0,18.0,121.0,,,True,6.0,181.0,jaquan johnson,2018.0,1.0,0.0,0.0,39.0,0.0,0.5,85.0,,,,4.5,2.0,0.0,9.0,,,,,,,,,,,,,,,,,,,,,,,,,,,,,,,,,,,,,,,,
2019,keesean johnson,WR,Fresno State,6-1,201.0,4.6,30.0,14.0,117.0,7.28,4.23,True,6.0,174.0,keesean johnson,2018.0,,,,,,,,2.0,1.0,0.0,,,,,,,,,,,,,,,,,,,,,,,,0.0,2.0,4.0,0.0,0.0,,,,,,,45.0,95.0,8.0,1340.0,14.1,4.0,7.0,0.0,14.0,3.5
2019,lonnie johnson,CB,Kentucky,6-2,213.0,4.52,38.0,15.0,129.0,7.01,4.1,True,2.0,54.0,lonnie johnson,2018.0,3.0,0.0,0.0,14.0,0.0,0.0,19.0,,,,24.0,1.0,0.0,24.0,,,,,,,,,,,,,,,,,,,,,,,,,,,,,,,,,,,,,,,,
2019,bisi johnson,WR,Colorado State,6-0,204.0,4.51,38.0,14.0,124.0,6.88,4.16,True,7.0,247.0,bisi johnson,,,,,,,,,,,,,,,,,,,,,,,,,,,,,,,,,,,,,,,,,,,,,,,,,,,,,,,
2019,daniel jones,QB,Duke,6-5,221.0,4.81,33.5,,120.0,7.0,4.41,True,1.0,6.0,daniel jones,2019.0,0.0,0.0,0.0,6.0,0.0,1.0,10.0,,,,,,,,,,,,,,,,,,,,,,,,,,,,,,,,,,,,,,,,,,,,,,,
2019,dre'mont jones,DL,Ohio State,6-3,281.0,5.12,31.5,,110.0,7.71,4.53,True,3.0,71.0,dremont jones,2018.0,1.0,3.0,8.5,26.0,1.0,13.0,41.0,0.0,0.0,2.0,28.0,1.0,1.0,28.0,,,,,,,,,,,,,,,,,,,,,,,,,,,,,,,,,,,,,,,,
2019,jordan jones,LB,Kentucky,6-2,234.0,4.62,32.5,23.0,123.0,,4.37,False,,,jordan jones,2019.0,2.0,0.0,0.0,3.0,0.0,0.0,4.0,,,,,,,,,,,,,,,,,,,,,,,,,,,,,,,,,,,,,,27.0,1.0,0.0,27.0,27.0,,,,,
2019,tyler jones,OT,North Carolina State,6-3,306.0,,31.5,23.0,111.0,7.75,4.82,False,,,tyler jones,2016.0,0.0,0.0,0.0,1.0,0.0,0.0,1.0,5.0,3.0,0.0,,,,,,,,,,,,,,,,,343.0,221.0,14.0,0.644,11.0,2186.0,6.4,,,,,,,,,,,,22.0,1.0,1.0,22.0,22.0,115.0,40.0,5.0,30.0,0.3
2019,michael jordan,OT,Ohio State,6-6,312.0,5.27,32.5,19.0,116.0,7.71,4.71,True,4.0,136.0,michael jordan,,,,,,,,,,,,,,,,,,,,,,,,,,,,,,,,,,,,,,,,,,,,,,,,,,,,,,,
2019,kendall joseph,LB,Clemson,6-0,233.0,,,25.0,,,,False,,,kendall joseph,2018.0,1.0,7.0,3.5,37.0,0.0,5.5,76.0,,,,,,,,,,,,,,,,,,,,,,,,,,,,,,,,,,,,,,,,,,,,,,,
2019,vosean joseph,LB,Florida,6-1,230.0,,,,,,,True,5.0,147.0,vosean joseph,2018.0,5.0,1.0,4.0,40.0,0.0,9.0,93.0,0.0,0.0,1.0,,,,,,,,,,,,,,,,,,,,,,,,,,,,,,,,,,,,,,,,,,,,
2019,kingsley keke,DL,Texas A&M,6-3,288.0,4.95,31.5,,111.0,7.55,4.46,True,5.0,150.0,kingsley keke,2018.0,1.0,4.0,7.5,18.0,0.0,11.0,51.0,0.0,0.0,1.0,,,,,,,,,,,,,,,,,,,,,,,,,,,,,,,,,,,,,,,,,,,,
2019,brandon knight,OT,Indiana,6-4,314.0,,,,,,,False,,,brandon knight,2015.0,,,,,,,,,,,,,,,,,,,,,,,,,,,,,,,,,,,,,,,,,,,,,22.0,1.0,1.0,22.0,22.0,,,,,
2019,dawson knox,TE,Mississippi,6-4,254.0,,34.5,16.0,,7.12,4.27,True,3.0,96.0,dawson knox,2018.0,0.0,0.0,0.0,0.0,0.0,0.0,1.0,,,,,,,,,,,,,,,,,,,,,,,,,,,,,,,,,,,,,,48.0,14.0,0.0,278.0,19.9,,,,,
2019,tre lamar,LB,Clemson,6-3,253.0,,,,,,,False,,,tre lamar,2018.0,1.0,5.0,3.0,37.0,0.0,5.5,73.0,,,,43.0,1.0,0.0,43.0,,,,,,,,,,,,,,,,,,,,,,,,,,,,,,,,,,,,,,,,
2019,dexter lawrence,DL,Clemson,6-4,342.0,5.05,,36.0,,,,True,1.0,17.0,dexter lawrence,2018.0,3.0,6.0,1.0,14.0,0.0,6.5,32.0,0.0,0.0,1.0,,,,,,,,,,,,,,,,,,,,,,,,,,,,,,,,,,,,,,,,1.0,2.0,1.0,2.0,2.0
2019,justin layne,CB,Michigan State,6-2,192.0,4.5,37.5,,134.0,6.9,4.09,True,3.0,83.0,justin layne,2018.0,11.0,1.0,0.0,38.0,0.0,1.0,62.0,,,,6.0,1.0,0.0,6.0,,,,,,,,,,,,,,,,,,,,,,,,,,,,,,,11.0,1.0,0.0,11.0,11.0,,,,,
2019,jonathan ledbetter,DL,Georgia,6-4,280.0,5.14,26.5,22.0,108.0,,,False,,,jonathan ledbetter,2018.0,0.0,2.0,1.0,15.0,0.0,6.5,56.0,,,,,,,,,,,,,,,,,,,,,,,,,,,,,,,,,,,,,,,,,,,,,,,
2019,iman lewis-marshall,CB,USC,6-1,207.0,4.53,,16.0,,,,True,4.0,127.0,iman lewismarshall,,,,,,,,,,,,,,,,,,,,,,,,,,,,,,,,,,,,,,,,,,,,,,,,,,,,,,,
2019,chris lindstrom,OL,Boston Col.,6-4,308.0,4.91,30.5,25.0,117.0,7.61,4.54,True,1.0,14.0,chris lindstrom,2018.0,0.0,0.0,0.0,1.0,0.0,0.0,1.0,,,,,,,,,,,,,,,,,,,,,,,,,,,,,,,,,,,,,,,,,,,,,,,
2019,greg little,OT,Mississippi,6-5,310.0,5.33,25.0,,113.0,,4.74,True,2.0,37.0,greg little,2009.0,,,,,,,,,,,,,,,40.4,66.0,22.0,0.0,444.0,,,,,,,,,,,,,,,,,,,,,,,,,,124.0,124.0,10.0,1448.0,23.4,58.0,62.0,2.0,332.0,11.4
2019,drew lock,QB,Missouri,6-4,228.0,4.69,31.0,,112.0,7.03,4.12,True,2.0,42.0,drew lock,2018.0,0.0,0.0,0.0,1.0,0.0,0.0,1.0,6.0,2.0,0.0,,,,,,,,,,,,,,,,,437.0,275.0,8.0,0.629,28.0,3498.0,8.0,,,,,,,,,,,,,,,,,55.0,27.0,6.0,175.0,3.2
2019,damarkus lodge,WR,Mississippi,6-2,202.0,4.55,33.5,11.0,119.0,7.06,4.53,False,,,damarkus lodge,2018.0,0.0,0.0,0.0,1.0,0.0,0.0,1.0,1.0,1.0,0.0,,,,,,,,,,,,,,,,,,,,,,,,,,,,,,,,,,,51.0,64.0,4.0,867.0,13.5,,,,,
2019,david long,CB,Michigan,5-11,196.0,4.45,39.5,15.0,120.0,6.45,3.97,True,3.0,79.0,david long,2018.0,9.0,2.0,6.0,80.0,0.0,16.5,116.0,,,,15.0,1.0,0.0,15.0,,,,,,,,,,,,,,,,,,,,,,,,,,,,,,,,,,,,,,,,
2019,bryce love,RB,Stanford,5-9,200.0,,,18.0,,,,True,4.0,112.0,bryce love,2018.0,,,,,,,,1.0,1.0,0.0,,,,,18.7,24.0,3.0,0.0,56.0,,,,,,,,,,,,,,,,,,,,,,,,,,15.0,20.0,0.0,99.0,5.0,165.0,59.0,6.0,736.0,4.5
2019,julian love,CB,Notre Dame,5-11,195.0,4.54,36.0,14.0,121.0,6.72,4.1,True,4.0,108.0,julian love,2018.0,16.0,0.0,0.0,44.0,1.0,1.0,58.0,0.0,0.0,3.0,4.0,1.0,0.0,4.0,,,,,,,,,,,,,,,,,,,,,,,,,,,,,,,,,,,,,,,,
2019,alize mack,TE,Notre Dame,6-4,249.0,4.7,36.0,22.0,120.0,7.27,4.34,True,7.0,231.0,alize mack,2018.0,,,,,,,,,,,,,,,,,,,,,,,,,,,,,,,,,,,,,,,,,,,,,47.0,36.0,3.0,360.0,10.0,,,,,
2019,daylon mack,DL,Texas A&M,6-1,336.0,5.1,27.0,30.0,102.0,8.02,4.95,True,5.0,160.0,daylon mack,2018.0,1.0,3.0,5.5,17.0,0.0,10.0,32.0,,,,,,,,,,,,,,,,,,,,,,,,,,,,,,,,,,,,,,,,,,,,,,,
2019,alexander mattison,RB,Boise State,5-11,221.0,4.67,35.0,22.0,127.0,7.13,4.29,True,3.0,102.0,alexander mattison,2018.0,0.0,0.0,0.0,1.0,0.0,0.0,1.0,,,,,,,,21.8,25.0,4.0,0.0,87.0,,,,,,,,,,,,,,,,,,,,,,,,,,23.0,27.0,0.0,173.0,6.4,302.0,59.0,17.0,1412.0,4.7
2019,erik mccoy,OL,Texas A&M,6-4,303.0,4.89,31.0,29.0,107.0,8.28,4.62,True,2.0,48.0,erik mccoy,2018.0,,,,,,,,1.0,0.0,0.0,,,,,,,,,,,,,,,,,,,,,,,,,,,,,,,,,,,,,,,,,,,,
2019,kaleb mcgary,OT,Washington,6-7,317.0,5.05,33.5,23.0,111.0,7.66,4.58,True,1.0,31.0,kaleb mcgary,2016.0,0.0,0.0,0.0,1.0,0.0,0.0,1.0,,,,,,,,,,,,,,,,,,,,,,,,,,,,,,,,,,,,,,,,,,,,,,,
2019,connor mcgovern,OL,Penn State,6-5,308.0,,,28.0,112.0,7.66,4.57,True,3.0,90.0,connor mcgovern,2018.0,0.0,0.0,0.0,1.0,0.0,0.0,1.0,,,,,,,,,,,,,,,,,,,,,,,,,,,,,,,,,,,,,,,,,,,,,,,
2019,mark mclaurin,S,Mississippi State,6-1,212.0,4.77,36.0,12.0,,,4.46,False,,,mark mclaurin,2018.0,4.0,2.0,0.0,33.0,0.0,3.5,64.0,0.0,0.0,1.0,,,,,,,,,,,,,,,,,,,,,,,,,,,,,,,,,,,,,,,,,,,,
2019,terry mclaurin,WR,Ohio State,6-0,208.0,4.35,37.5,18.0,125.0,7.01,4.15,True,3.0,76.0,terry mclaurin,2018.0,,,,,,,,,,,,,,,,,,,,,,,,,,,,,,,,,,,,,,,,,,,,,75.0,35.0,11.0,701.0,20.0,,,,,
2019,trace mcsorley,QB,Penn State,6-0,202.0,4.57,33.0,,115.0,7.09,4.12,True,6.0,197.0,trace mcsorley,2018.0,0.0,0.0,0.0,1.0,0.0,0.0,3.0,3.0,2.0,0.0,,,,,,,,,,,,,,,,,361.0,192.0,7.0,0.532,18.0,2513.0,7.0,,,,,,,,,,,,,,,,,169.0,51.0,12.0,799.0,4.7
2019,d.k. metcalf,WR,Mississippi,6-3,228.0,4.33,40.5,27.0,134.0,7.38,4.5,True,2.0,64.0,dk metcalf,2018.0,,,,,,,,,,,,,,,,,,,,,,,,,,,,,,,,,,,,,,,,,,,,,75.0,26.0,5.0,569.0,21.9,,,,,
2019,jakobi meyers,WR,North Carolina State,6-2,203.0,4.63,37.0,13.0,118.0,7.07,4.23,False,,,jakobi meyers,2018.0,,,,,,,,,,,,,,,,,,,,,,,,,,,2.0,0.0,0.0,0.0,0.0,0.0,0.0,,,,,,,,,,,,39.0,85.0,3.0,951.0,11.2,3.0,3.0,0.0,,
2019,joshua miles,OT,Morgan State,6-5,314.0,5.32,36.0,,109.0,8.07,4.75,True,7.0,248.0,joshua miles,,,,,,,,,,,,,,,,,,,,,,,,,,,,,,,,,,,,,,,,,,,,,,,,,,,,,,,
2019,christian miller,EDGE,Alabama,6-3,247.0,,38.5,,118.0,,,True,4.0,115.0,christian miller,2018.0,1.0,12.0,8.0,16.0,0.0,11.0,34.0,0.0,0.0,1.0,,,,,,,,,,,,,,,,,,,,,,,,,,,,,,,,,,,,,,,,,,,,
2019,jordan miller,CB,Washington,6-1,186.0,4.49,37.0,6.0,125.0,,,True,5.0,172.0,jordan miller,2019.0,0.0,0.0,0.0,4.0,0.0,2.5,12.0,,,,,,,,,,,,,,,,,,,,,,,,,,,,,,,,,,,,,,,,,,,,,,,
2019,shareef miller,EDGE,Penn State,6-4,254.0,4.69,29.5,16.0,,,4.45,True,4.0,138.0,shareef miller,2018.0,0.0,5.0,8.0,25.0,0.0,16.0,41.0,1.0,1.0,1.0,,,,,,,,,,,,,,,,,,,,,,,,,,,,,,,,,,,,,,,,,,,,
2019,gardner minshew,QB,Washington State,6-1,225.0,4.97,33.5,,116.0,7.14,4.45,True,6.0,178.0,gardner minshew,2018.0,,,,,,,,1.0,0.0,0.0,,,,,,,,,,,,,,,,,662.0,468.0,9.0,0.707,38.0,4776.0,7.2,,,,,,,,,,,,,,,,,58.0,12.0,4.0,119.0,2.1
2019,dillon mitchell,WR,Oregon,6-1,197.0,4.46,36.5,12.0,122.0,,4.29,True,7.0,239.0,dillon mitchell,2018.0,,,,,,,,1.0,0.0,0.0,,,,,,,,,,,,,,,,,,,,,,,,3.3,9.0,3.0,0.0,10.0,,,,,,,67.0,75.0,10.0,1184.0,15.8,1.0,5.0,0.0,5.0,5.0
2019,david montgomery,RB,Iowa State,5-10,222.0,4.63,28.5,15.0,121.0,,,True,3.0,73.0,david montgomery,2018.0,,,,,,,,1.0,1.0,0.0,,,,,,,,,,,,,,,,,,,,,,,,,,,,,,,,,,,53.0,22.0,0.0,157.0,7.1,255.0,39.0,13.0,1185.0,4.6
2019,jalin moore,RB,Appalachian State,5-10,212.0,,,27.0,,,,False,,,jalin moore,2018.0,,,,,,,,,,,,,,,,,,,,,,,,,,,,,,,,,,,,,,,,,,,,,14.0,6.0,0.0,40.0,6.7,63.0,81.0,6.0,400.0,6.3
2019,foster moreau,TE,LSU,6-4,253.0,4.66,36.5,22.0,121.0,7.16,4.11,True,4.0,137.0,foster moreau,2018.0,0.0,0.0,0.0,2.0,0.0,0.0,2.0,,,,,,,,,,,,,,,,,,,,,,,,,,,,,,,,,,,,,,24.0,22.0,2.0,272.0,12.4,,,,,
2019,stanley morgan,WR,Nebraska,6-0,202.0,4.53,38.5,14.0,125.0,6.78,4.13,False,,,stanley morgan,2018.0,,,,,,,,1.0,0.0,0.0,,,,,,,,,,,,,,,,,,,,,,,,4.8,18.0,4.0,0.0,19.0,,,,,,,67.0,70.0,7.0,1004.0,14.3,1.0,4.0,0.0,4.0,4.0
2019,trayvon mullen,CB,Clemson,6-1,199.0,4.46,34.5,,123.0,,,True,2.0,40.0,trayvon mullen,2018.0,3.0,0.0,1.0,24.0,0.0,3.0,30.0,,,,46.0,1.0,0.0,46.0,,,,,,,,,,,,,,,,,,,,,,,,,,,,,,,17.0,1.0,0.0,17.0,17.0,,,,,
2019,byron murphy,CB,Washington,5-11,190.0,4.55,36.5,14.0,120.0,,,True,2.0,33.0,byron murphy,2018.0,12.0,0.0,0.0,33.0,0.0,4.0,51.0,,,,19.5,4.0,1.0,78.0,,,,,,,,,,,,,,,,,,,,,,,,,,,,,,,,,,,,,,,,
2019,kyler murray,QB,Oklahoma,5-10,207.0,,,,,,,True,1.0,1.0,kyler murray,2018.0,,,,,,,,3.0,2.0,0.0,,,,,,,,,,,,,,,,,376.0,259.0,7.0,0.689,42.0,4364.0,11.6,,,,,,,,,,,,,,,,,140.0,75.0,12.0,1001.0,7.2
2019,nyqwan murray,WR,Florida State,5-10,191.0,4.63,34.0,8.0,113.0,7.2,4.4,False,,,nyqwan murray,2018.0,,,,,,,,1.0,1.0,0.0,,,,,,,,,,,,,,,,,1.0,0.0,0.0,0.0,0.0,0.0,0.0,,,,,,,,,,,,58.0,54.0,3.0,744.0,13.8,5.0,14.0,0.0,4.0,0.8
2019,isaac nauta,TE,Georgia,6-3,244.0,4.91,28.0,19.0,,7.45,4.43,True,7.0,224.0,isaac nauta,2018.0,1.0,0.0,0.0,0.0,0.0,0.0,0.0,0.0,0.0,1.0,,,,,,,,,,,,,,,,,,,,,,,,,,,,,,,,,,,55.0,30.0,3.0,430.0,14.3,0.0,31.0,1.0,31.0,0.0
2019,anthony nelson,DL,Iowa,6-7,271.0,4.82,35.5,18.0,118.0,6.95,4.23,True,4.0,107.0,anthony nelson,2018.0,1.0,6.0,9.5,23.0,0.0,13.5,45.0,0.0,0.0,1.0,,,,,,,,,,,,,,,,,,,,,,,,,,,,,,,,,,,,,,,,,,,,
2019,yosh nijman,OT,Virginia Tech,6-7,324.0,,,27.0,114.0,8.07,4.5,False,,,yosh nijman,,,,,,,,,,,,,,,,,,,,,,,,,,,,,,,,,,,,,,,,,,,,,,,,,,,,,,,
2019,bobby okereke,LB,Stanford,6-1,239.0,4.58,33.5,,122.0,7.25,4.26,True,3.0,89.0,bobby okereke,2018.0,5.0,3.0,3.5,52.0,0.0,7.5,94.0,0.0,0.0,1.0,,,,,,,,,,,,,,,,,,,,,,,,,,,,,,,,,,,,,,,,,,,,
2019,ed oliver,DL,Houston,6-2,287.0,,36.0,32.0,120.0,,,True,1.0,9.0,ed oliver,2018.0,2.0,9.0,3.0,29.0,0.0,14.5,54.0,,,,,,,,,,,,,,,,,,,,,,,,,,,,,,,,,,,,,,13.0,1.0,0.0,13.0,13.0,,,,,
2019,josh oliver,TE,San Jose State,6-5,249.0,4.63,34.0,22.0,117.0,7.21,4.47,True,3.0,69.0,josh oliver,2018.0,0.0,0.0,0.0,1.0,0.0,0.0,1.0,,,,,,,,,,,,,,,,,,,,,,,,,,,,,,,,,,,,,,70.0,56.0,4.0,709.0,12.7,,,,,
2019,qadree ollison,RB,Pittsburgh,6-1,228.0,4.58,29.5,19.0,114.0,7.53,4.31,True,5.0,152.0,qadree ollison,2018.0,0.0,0.0,0.0,3.0,0.0,0.0,5.0,,,,,,,,,,,,,,,,,,,,1.0,0.0,0.0,0.0,0.0,0.0,0.0,,,,,,,,,,,,16.0,11.0,0.0,66.0,6.0,194.0,97.0,11.0,1213.0,6.3
2019,charles omenihu,DL,Texas,6-5,280.0,4.92,36.5,,115.0,7.48,4.36,True,5.0,161.0,charles omenihu,2018.0,1.0,5.0,9.5,33.0,0.0,17.5,45.0,0.0,0.0,1.0,,,,,,,,,,,,,,,,,,,,,,,,,,,,,,,,,,,,,,,,,,,,
2019,iosua opeta,OL,Weber State,6-4,301.0,5.02,33.0,39.0,112.0,8.06,4.94,False,,,iosua opeta,,,,,,,,,,,,,,,,,,,,,,,,,,,,,,,,,,,,,,,,,,,,,,,,,,,,,,,
2019,amani oruwariye,CB,Penn State,6-2,205.0,4.47,36.5,17.0,120.0,6.82,4.16,True,5.0,146.0,amani oruwariye,2018.0,11.0,0.0,0.0,39.0,0.0,1.0,50.0,,,,,3.0,0.0,,,,,,,,,,,,,,,,,,,,,,,,,,,,,,,,,,,,,,,,,
2019,javon patterson,OL,Mississippi,6-3,307.0,5.13,27.5,27.0,98.0,7.72,4.78,True,7.0,246.0,javon patterson,2016.0,,,,,,,,1.0,0.0,0.0,,,,,,,,,,,,,,,,,,,,,,,,,,,,,,,,,,,,,,,,,,,,
2019,jamal peters,CB,Mississippi State,6-2,218.0,4.63,,,,,,False,,,jamal peters,2018.0,4.0,0.0,0.0,24.0,0.0,1.0,33.0,,,,,,,,16.0,19.0,2.0,0.0,32.0,,,,,,,,,,,,,,,,,,,,,,,,,,44.0,1.0,0.0,44.0,44.0,,,,,
2019,ross pierschbacher,OT,Alabama,6-4,307.0,5.2,22.5,20.0,,7.83,4.7,True,5.0,153.0,ross pierschbacher,2018.0,0.0,0.0,0.0,1.0,0.0,0.0,1.0,,,,,,,,,,,,,,,,,,,,,,,,,,,,,,,,,,,,,,,,,,,,,,,
2019,trey pipkins,OT,Sioux Falls,6-6,309.0,5.12,33.5,16.0,114.0,7.61,4.7,True,3.0,91.0,trey pipkins,,,,,,,,,,,,,,,,,,,,,,,,,,,,,,,,,,,,,,,,,,,,,,,,,,,,,,,
2019,jachai polite,EDGE,Florida,6-3,258.0,4.84,32.0,,,,,True,3.0,68.0,jachai polite,2018.0,4.0,3.0,11.0,27.0,0.0,19.0,45.0,,,,,,,,,,,,,,,,,,,,,,,,,,,,,,,,,,,,,,,,,,,,,,,
2019,tony pollard,RB,Memphis,6-0,210.0,4.52,35.0,13.0,121.0,,,True,4.0,128.0,tony pollard,2018.0,0.0,0.0,0.0,2.0,0.0,0.0,2.0,,,,,,,,24.7,97.0,27.0,1.0,667.0,,,,,,,,,,,,,,,,,,,,,,,,,,44.0,38.0,3.0,444.0,11.7,79.0,41.0,6.0,553.0,7.0
2019,ryan pope,OT,San Diego State,6-7,320.0,,,25.0,,,,False,,,ryan pope,2016.0,0.0,0.0,0.0,1.0,0.0,0.0,1.0,,,,,,,,,,,,,,,,,,,,,,,,,,,,,,,,,,,,,,,,,,,,,,,
2019,ben powers,OL,Oklahoma,6-4,307.0,,,21.0,,,,True,4.0,123.0,ben powers,2018.0,0.0,0.0,0.0,1.0,0.0,0.0,1.0,,,,,,,,,,,,,,,,,,,,,,,,,,,,,,,,,,,,,,,,,,,,,,,
2019,germaine pratt,LB,North Carolina State,6-2,240.0,4.57,32.5,24.0,116.0,,,True,3.0,72.0,germaine pratt,2018.0,3.0,7.0,6.0,54.0,0.0,10.0,104.0,0.0,0.0,1.0,,,,,,,,,,,,,,,,,,,,,,,,,,,,,,,,,,,,,,,,,,,,
2019,isaiah prince,OT,Ohio State,6-6,305.0,5.09,27.0,23.0,115.0,7.9,5.02,True,6.0,202.0,isaiah prince,2018.0,0.0,0.0,0.0,1.0,0.0,0.0,1.0,,,,,,,,,,,,,,,,,,,,,,,,,,,,,,,,,,,,,,,,,,,,,,,
2019,ryan pulley,CB,Arkansas,5-11,209.0,4.61,31.0,11.0,111.0,,,False,,,ryan pulley,2018.0,6.0,0.0,1.0,30.0,0.0,3.5,37.0,,,,0.0,3.0,0.0,0.0,,,,,,,,,,,,,,,,,,,,,,,,,,,,,,,,,,,,,,,,
2019,taylor rapp,S,Washington,6-0,208.0,,35.0,17.0,115.0,6.82,3.99,True,2.0,61.0,taylor rapp,2018.0,4.0,0.0,5.0,29.0,0.0,6.0,55.0,0.0,0.0,3.0,0.0,2.0,0.0,0.0,,,,,,,,,,,,,,,,,,,,,,,,,,,,,,,,,,,,,,,,
2019,wyatt ray,EDGE,Boston Col.,6-3,257.0,4.83,34.0,25.0,118.0,7.34,4.31,False,,,wyatt ray,2018.0,2.0,5.0,9.0,23.0,0.0,11.5,44.0,,,,,,,,,,,,,,,,,,,,,,,,,,,,,,,,,,,,,,6.0,2.0,0.0,8.0,4.0,,,,,
2019,dax raymond,TE,Utah State,6-5,255.0,4.73,32.0,15.0,109.0,7.15,4.39,False,,,dax raymond,2018.0,0.0,0.0,0.0,0.0,0.0,0.0,1.0,1.0,1.0,0.0,,,,,,,,,,,,,,,,,,,,,,,,,,,,,,,,,,,31.0,26.0,2.0,330.0,12.7,1.0,0.0,0.0,0.0,0.0
2019,sheldrick redwine,S,Miami (FL),6-0,196.0,4.44,39.0,,130.0,,4.14,True,4.0,119.0,sheldrick redwine,2018.0,2.0,0.0,3.0,35.0,0.0,3.5,64.0,0.0,0.0,1.0,4.7,3.0,0.0,14.0,,,,,,,,,,,,,,,,,,,,,,,,,,,,,,,,,,,,,,,,
2019,hunter renfrow,WR,Clemson,5-10,184.0,4.59,35.0,7.0,116.0,6.8,4.19,True,5.0,149.0,hunter renfrow,2018.0,0.0,0.0,0.0,1.0,0.0,0.0,1.0,0.0,0.0,1.0,,,,,,,,,,,,,,,,,2.0,1.0,0.0,0.5,0.0,2.0,1.0,,,,,,0.0,42.0,1.0,0.0,42.0,42.0,40.0,49.0,1.0,544.0,11.1,,,,,
2019,riley ridley,WR,Georgia,6-1,199.0,4.58,30.5,13.0,124.0,7.22,4.28,True,4.0,126.0,riley ridley,2018.0,,,,,,,,,,,,,,,,,,,,,,,,,,,,,,,,,,,,,,,,,,,,,35.0,44.0,9.0,570.0,13.0,,,,,
2019,dalton risner,OT,Kansas State,6-5,312.0,5.3,28.5,23.0,110.0,7.69,4.52,True,2.0,41.0,dalton risner,2018.0,,,,,,,,,,,,,,,,,,,,,,,,,,,,,,,,,,,,,,,,,,,,,5.0,1.0,1.0,5.0,5.0,,,,,
2019,tyler roemer,OT,San Diego State,6-6,312.0,5.21,30.5,18.0,108.0,7.75,4.76,False,,,tyler roemer,2018.0,0.0,0.0,0.0,1.0,0.0,0.0,1.0,,,,,,,,,,,,,,,,,,,,,,,,,,,,,,,,,,,,,,,,,,,,,,,
2019,dontavius russell,DL,Auburn,6-3,319.0,5.15,,24.0,,7.81,4.77,True,7.0,235.0,dontavius russell,2018.0,0.0,2.0,1.5,13.0,0.0,6.0,36.0,,,,,,,,,,,,,,,,,,,,,,,,,,,,,,,,,,,,,,,,,,,,,,,
2019,brett rypien,QB,Boise State,6-2,210.0,4.91,33.0,,116.0,7.1,4.29,False,,,brett rypien,2018.0,0.0,0.0,0.0,1.0,0.0,0.0,1.0,7.0,3.0,0.0,,,,,,,,,,,,,,,,,447.0,301.0,7.0,0.673,30.0,3705.0,8.3,,,,,,,,,,,,,,,,,83.0,15.0,0.0,23.0,0.3
2019,dru samia,OT,Oklahoma,6-5,305.0,5.29,27.5,28.0,101.0,7.89,4.7,True,4.0,114.0,dru samia,,,,,,,,,,,,,,,,,,,,,,,,,,,,,,,,,,,,,,,,,,,,,,,,,,,,,,,
2019,drew sample,TE,Washington,6-5,255.0,4.71,33.5,,115.0,7.15,4.31,True,2.0,52.0,drew sample,2018.0,0.0,0.0,0.0,1.0,0.0,0.0,2.0,,,,,,,,,,,,,,,,,,,,,,,,,,,,,,,,,,,,,,33.0,24.0,3.0,245.0,10.2,,,,,
2019,deebo samuel,WR,South Carolina,5-11,214.0,4.48,39.0,15.0,122.0,7.03,4.14,True,2.0,36.0,deebo samuel,2018.0,,,,,,,,0.0,0.0,2.0,,,,,24.5,90.0,24.0,1.0,587.0,,,,,,,,1.0,1.0,0.0,1.0,1.0,13.0,13.0,,,,,,,,,,,,89.0,62.0,11.0,882.0,14.2,8.0,11.0,0.0,26.0,3.3
2019,miles sanders,RB,Penn State,5-11,211.0,4.49,36.0,20.0,124.0,6.89,4.19,True,2.0,53.0,miles sanders,2018.0,,,,,,,,5.0,4.0,0.0,,,,,,,,,,,,,,,,,,,,,,,,,,,,,,,,,,,29.0,24.0,0.0,139.0,5.8,219.0,78.0,9.0,1271.0,5.8
2019,khalen saunders,DL,Western Illinois,6-0,324.0,5.01,30.5,27.0,101.0,7.57,4.62,True,3.0,84.0,khalen saunders,2018.0,0.0,0.0,0.0,5.0,0.0,1.0,7.0,,,,,,,,,,,,,,,,,,,,,,,,,,,,,,,,,,,,,,,,,,,,,,,
2019,darnell savage,S,Maryland,5-11,198.0,4.36,39.5,11.0,126.0,7.03,4.14,True,1.0,21.0,darnell savage,2018.0,2.0,0.0,0.0,38.0,1.0,5.5,52.0,,,,7.5,4.0,1.0,30.0,,,,,,,,,,,,,,,,,,,,,,,,,,,,,,,,,,,,,,,,
2019,jordan scarlett,RB,Florida,5-11,208.0,4.47,30.0,21.0,116.0,7.37,4.63,True,5.0,154.0,jordan scarlett,2018.0,,,,,,,,1.0,1.0,0.0,,,,,,,,,,,,,,,,,,,,,,,,,,,,,,,,,,,30.0,10.0,0.0,84.0,8.4,131.0,48.0,5.0,776.0,5.9
2019,max scharping,OT,Northern Illinois,6-6,327.0,,28.0,27.0,108.0,7.77,4.69,True,2.0,55.0,max scharping,2017.0,0.0,0.0,0.0,0.0,0.0,0.0,1.0,,,,,,,,,,,,,,,,,,,,,,,,,,,,,,,,,,,,,,,,,,,,,,,
2019,lj scott,RB,Michigan State,6-0,227.0,,33.0,21.0,120.0,7.27,4.34,False,,,lj scott,2018.0,,,,,,,,2.0,2.0,0.0,,,,,27.6,46.0,7.0,0.0,193.0,,,,,,,,,,,,,,,,,,,,,,,,,,32.0,9.0,0.0,97.0,10.8,96.0,43.0,1.0,370.0,9.8
2019,austin seibert,K,Oklahoma,5-9,213.0,,,,,,,True,5.0,170.0,austin seibert,2018.0,,,,,,,,,,,,,,,,,,,,16.0,14.0,42.0,0.875,138.0,88.0,87.0,,,,,,,,,,,,,9.0,54.0,31.0,2.0,1267.0,40.9,,,,,,,,,,
2019,kendall sheffield,CB,Ohio State,5-11,193.0,,,,,,,True,4.0,111.0,kendall sheffield,2018.0,8.0,0.0,0.0,27.0,0.0,2.0,35.0,,,,0.0,2.0,0.0,0.0,,,,,,,,,,,,,,,,,,,,,,,,,,,,,,,,,,,,,,,,
2019,kyle shurmur,QB,Vanderbilt,6-4,230.0,4.91,29.5,,106.0,7.51,4.53,False,,,kyle shurmur,2018.0,,,,,,,,5.0,2.0,0.0,,,,,,,,,,,,,,,,,406.0,254.0,6.0,0.626,24.0,3130.0,7.7,,,,,,,,,,,,,,,,,39.0,9.0,0.0,,
2019,david sills,WR,West Virginia,6-3,211.0,4.57,37.5,14.0,117.0,6.97,4.28,False,,,david sills,2018.0,,,,,,,,1.0,0.0,0.0,,,,,,,,,,,,,,,,,,,,,,,,0.0,1.0,3.0,0.0,0.0,,,,,,,103.0,65.0,15.0,986.0,34.6,0.0,14.0,0.0,14.0,0.0
2019,devin singletary,RB,Florida Atlantic,5-7,203.0,4.66,35.0,15.0,117.0,7.32,4.4,True,3.0,74.0,devin singletary,2018.0,0.0,0.0,0.0,2.0,0.0,0.0,3.0,,,,,,,,,,,,,,,,,,,,1.0,1.0,0.0,1.0,0.0,3.0,3.0,,,,,,,,,,,,13.0,6.0,0.0,36.0,6.0,261.0,44.0,22.0,1348.0,5.2
2019,chris slayton,DL,Syracuse,6-4,307.0,5.13,29.0,28.0,101.0,,4.73,True,7.0,245.0,chris slayton,2018.0,0.0,6.0,3.5,16.0,0.0,8.0,24.0,,,,,,,,,,,,,,,,,,,,,,,,,,,,,,,,,,,,,,,,,,,,,,,
2019,darius slayton,WR,Auburn,6-1,190.0,4.39,40.5,11.0,135.0,7.0,4.15,True,5.0,171.0,darius slayton,2018.0,,,,,,,,1.0,0.0,0.0,,,,,,0.0,1.0,0.0,,,,,,,,,,,,,,,,,,,,,,,,,,,74.0,35.0,5.0,670.0,19.1,,,,,
2019,cameron smith,LB,USC,6-2,238.0,4.69,39.0,15.0,123.0,,4.23,True,5.0,162.0,cameron smith,2018.0,3.0,0.0,1.0,51.0,0.0,7.5,69.0,,,,,,,,,,,,,,,,,,,,,,,,,,,,,,,,,,,,,,,,,,,,,,,
2019,irv smith,TE,Alabama,6-2,242.0,4.63,32.5,19.0,110.0,7.32,4.33,True,2.0,50.0,irv smith,2018.0,0.0,0.0,0.0,0.0,0.0,0.0,1.0,1.0,0.0,0.0,,,,,6.0,6.0,1.0,0.0,6.0,,,,,,,,,,,,,,,,,,,,,,,,,,76.0,44.0,7.0,710.0,16.1,,,,,
2019,jaylen smith,WR,Louisville,6-2,219.0,4.47,34.5,14.0,122.0,7.55,4.48,False,,,jaylen smith,2018.0,0.0,0.0,0.0,1.0,0.0,0.0,2.0,,,,,,,,,,,,,,,,,,,,,,,,,,,,,,,,,,,,,,42.0,36.0,1.0,550.0,15.3,,,,,
2019,kaden smith,TE,Stanford,6-5,255.0,4.92,32.0,15.0,108.0,7.08,4.47,True,6.0,176.0,kaden smith,2018.0,0.0,0.0,0.0,0.0,0.0,0.0,1.0,,,,,,,,,,,,,,,,,,,,,,,,,,,,,,,,,,,,,,36.0,47.0,2.0,635.0,13.5,,,,,
2019,saivion smith,CB,Alabama,6-1,199.0,,33.0,11.0,121.0,7.09,4.37,False,,,saivion smith,2018.0,3.0,0.0,0.0,32.0,1.0,0.5,54.0,,,,23.7,3.0,1.0,71.0,,,,,,,,,,,,,,,,,,,,,,,,,,,,,,,14.0,2.0,0.0,10.0,5.0,,,,,
2019,sutton smith,EDGE,Northern Illinois,6-0,233.0,4.69,31.5,25.0,118.0,6.75,4.32,True,6.0,175.0,sutton smith,2018.0,0.0,6.0,12.0,32.0,0.0,20.0,45.0,0.0,0.0,3.0,,,,,,,,,,,,,,,,,1.0,1.0,0.0,1.0,0.0,29.0,29.0,25.5,38.0,2.0,1.0,51.0,,,,,,,,,,,,1.0,0.0,0.0,,
2019,benny snell,RB,Kentucky,5-10,224.0,4.66,29.5,16.0,119.0,7.07,4.33,True,4.0,122.0,benny snell,2018.0,,,,,,,,2.0,0.0,0.0,,,,,,,,,,,,,,,,,1.0,1.0,0.0,1.0,1.0,43.0,43.0,,,,,,,,,,,,28.0,17.0,0.0,105.0,6.2,288.0,52.0,16.0,1434.0,5.0
2019,jace sternberger,TE,Texas A&M,6-4,251.0,4.75,31.5,17.0,113.0,7.19,4.31,True,3.0,75.0,jace sternberger,2018.0,,,,,,,,,,,,,,,,,,,,,,,,,,,,,,,,,,,,,,,,,,,,,53.0,48.0,10.0,832.0,17.3,1.0,4.0,0.0,4.0,4.0
2019,easton stick,QB,North Dakota State,6-1,224.0,4.62,33.5,,118.0,6.65,4.05,True,5.0,166.0,easton stick,2016.0,,,,,,,,,,,,,,,,,,,,,,,,,,,19.0,11.0,1.0,0.579,1.0,124.0,6.5,,,,,,,,,,,,,,,,,11.0,29.0,0.0,35.0,3.2
2019,jarrett stidham,QB,Auburn,6-2,218.0,4.81,31.0,,110.0,7.28,4.33,True,4.0,133.0,jarrett stidham,2018.0,,,,,,,,4.0,2.0,0.0,,,,,,,,,,,,,,,,,369.0,224.0,5.0,0.607,18.0,2795.0,7.6,,,,,,,,,,,,,,,,,71.0,18.0,3.0,,
2019,ty summers,LB,TCU,6-1,241.0,4.51,36.0,27.0,123.0,,,True,7.0,226.0,ty summers,2018.0,0.0,3.0,4.0,29.0,0.0,5.5,46.0,,,,,,,,,,,,,,,,,,,,,,,,,,,,,,,,,,,,,,,,,,,,,,,
2019,montez sweat,EDGE,Mississippi State,6-6,260.0,4.41,36.0,21.0,125.0,7.0,4.29,True,1.0,26.0,montez sweat,2018.0,0.0,5.0,8.5,24.0,0.0,11.0,50.0,,,,,,,,,,,,,,,,,,,,,,,,,,,,,,,,,,,,,,,,,,,,,,,
2019,tommy sweeney,TE,Boston Col.,6-4,251.0,4.83,,17.0,,,,True,7.0,228.0,tommy sweeney,2018.0,,,,,,,,,,,,,,,,,,,,,,,,,,,,,,,,,,,,,,,,,,,,,37.0,32.0,3.0,348.0,10.9,,,,,
2019,william sweet,OT,North Carolina,6-6,313.0,5.27,30.5,23.0,111.0,8.01,5.0,False,,,william sweet,2018.0,0.0,0.0,0.0,0.0,0.0,0.0,1.0,,,,,,,,,,,,,,,,,,,,,,,,,,,,,,,,,,,,,,,,,,,,,,,
2019,jordan ta'amu,QB,Mississippi,6-3,221.0,4.77,27.5,,109.0,7.06,4.36,False,,,jordan taamu,2018.0,,,,,,,,3.0,2.0,0.0,,,,,,,,,,,,,,,,,411.0,262.0,8.0,1.267,19.0,3885.0,20.0,,,,,,,,,,,,,,,,,115.0,45.0,6.0,348.0,3.3
2019,sione takitaki,LB,BYU,6-1,238.0,4.63,37.0,24.0,125.0,7.21,4.28,True,3.0,80.0,sione takitaki,2018.0,3.0,3.0,2.0,61.0,0.0,7.0,101.0,,,,,,,,,,,,,,,,,,,,,,,,,,,,,,,,,,,,,,,,,,,,,,,
2019,trevon tate,OL,Memphis,6-2,293.0,,,22.0,,,,False,,,trevon tate,2017.0,0.0,0.0,0.0,1.0,0.0,0.0,1.0,,,,,,,,,,,,,,,,,,,,,,,,,,,,,,,,,,,,,,,,,,,,,,,
2019,jahlani tavai,LB,Hawaii,6-2,250.0,,,,,,,True,2.0,43.0,jahlani tavai,2018.0,2.0,1.0,2.0,42.0,0.0,5.5,82.0,,,,,,,,,,,,,,,,,,,,,,,,,,,,,,,,,,,,,,,,,,,,,,,
2019,jawaan taylor,OT,Florida,6-5,312.0,,,24.0,,,,True,2.0,35.0,jawaan taylor,2018.0,0.0,0.0,0.0,0.0,0.0,0.0,2.0,,,,,,,,,,,,,,,,,,,,,,,,,,,,,,,,,,,,,,,,,,,,,,,
2019,marvell tell,S,USC,6-2,198.0,,42.0,,136.0,6.63,4.01,True,5.0,144.0,marvell tell,2018.0,4.0,0.0,0.0,29.0,0.0,1.0,41.0,,,,,1.0,0.0,,,,,,,,,,,,,,,,,,,,,,,,,,,,,,,,,,,,,,,,,
2019,derrek thomas,CB,Baylor,6-3,189.0,4.44,39.5,8.0,131.0,,,False,,,derrek thomas,2018.0,7.0,0.0,0.0,15.0,0.0,0.0,19.0,,,,,1.0,0.0,,,,,,,,,,,,,,,,,,,,,,,,,,,,,,,,,,,,,,,,,
2019,cody thompson,WR,Toledo,6-1,205.0,4.57,38.5,19.0,119.0,6.87,4.03,False,,,cody thompson,2018.0,0.0,0.0,0.0,2.0,1.0,0.0,3.0,1.0,1.0,0.0,,,,,,,,,,,,,,,,,,,,,,,,11.0,32.0,9.0,1.0,99.0,,,,,,,38.0,48.0,10.0,647.0,13.5,,,,,
2019,deionte thompson,S,Alabama,6-1,195.0,,,,,,,True,5.0,139.0,deionte thompson,2018.0,3.0,0.0,0.0,44.0,0.0,2.0,73.0,0.0,0.0,1.0,32.5,2.0,0.0,65.0,,,,,,,,,,,,,,,,,,,,,,,,,,,,,,,,,,,,,,,,
2019,juan thornhill,S,Virginia,6-0,205.0,4.42,44.0,21.0,141.0,,,True,2.0,63.0,juan thornhill,2018.0,7.0,1.0,0.0,62.0,0.0,4.5,98.0,,,,23.5,6.0,0.0,141.0,,,,,,,,,,,,,,,,,,,,,,,,,,,,,,,,,,,,,,,,
2019,clayton thorson,QB,Northwestern,6-4,222.0,,,,,,,True,5.0,167.0,clayton thorson,2018.0,0.0,0.0,0.0,1.0,0.0,0.0,2.0,4.0,3.0,0.0,,,,,,,,,,,,,,,,,490.0,298.0,15.0,0.608,17.0,3181.0,6.5,,,,,,,,,,,,,,,,,78.0,27.0,9.0,,
2019,jerry tillery,DL,Notre Dame,6-6,295.0,4.93,32.0,23.0,115.0,7.45,4.33,True,1.0,28.0,jerry tillery,2018.0,0.0,5.0,8.0,18.0,0.0,9.5,29.0,,,,,,,,,,,,,,,,,,,,,,,,,,,,,,,,,,,,,,,,,,,,,,,
2019,cole tracy,K,LSU,5-10,184.0,,,,,,,False,,,cole tracy,2018.0,,,,,,,,,,,,,,,,,,,,33.0,29.0,54.0,0.879,129.0,42.0,42.0,,,,,,,,,,,,,,,,,,,,,,,,,,,,
2019,drue tranquill,LB,Notre Dame,6-2,234.0,4.57,37.5,31.0,122.0,6.94,4.14,True,4.0,130.0,drue tranquill,2018.0,4.0,3.0,1.5,59.0,0.0,6.5,79.0,0.0,0.0,1.0,,,,,,,,,,,,,,,,,,,,,,,,12.0,19.0,2.0,0.0,24.0,,,,,,,,,,,,,,,,
2019,oli udoh,OT,Elon,6-5,323.0,5.05,28.5,26.0,105.0,7.88,5.05,False,,,oli udoh,,,,,,,,,,,,,,,,,,,,,,,,,,,,,,,,,,,,,,,,,,,,,,,,,,,,,,,
2019,d'andre walker,EDGE,Georgia,6-2,251.0,,,,,,,True,5.0,168.0,dandre walker,2018.0,3.0,5.0,7.5,23.0,0.0,11.0,45.0,0.0,0.0,1.0,,,,,,,,,,,,,,,,,,,,,,,,,,,,,,,,,,,,,,,,,,,,
2019,kahale warring,TE,San Diego State,6-5,252.0,4.67,36.5,19.0,122.0,7.21,4.25,True,3.0,86.0,kahale warring,2018.0,0.0,0.0,0.0,1.0,0.0,0.0,1.0,,,,,,,,,,,,,,,,,,,,,,,,,,,,,,,,,,,,,,30.0,31.0,3.0,372.0,12.0,,,,,
2019,armon watts,DL,Arkansas,6-5,300.0,5.23,,,,,,True,6.0,190.0,armon watts,2018.0,2.0,3.0,7.0,25.0,0.0,8.5,49.0,,,,,,,,,,,,,,,,,,,,,,,,,,,,,,,,,,,,,,,,,,,,,,,
2019,jamarius way,WR,South Alabama,6-3,215.0,4.63,32.5,16.0,119.0,,4.66,False,,,jamarius way,2018.0,,,,,,,,1.0,0.0,0.0,,,,,,,,,,,,,,,,,,,,,,,,,,,,,,,,,,,73.0,61.0,8.0,855.0,14.0,1.0,1.0,0.0,1.0,1.0
2019,mike weber,RB,Ohio State,5-10,211.0,4.47,33.5,22.0,,,,True,7.0,218.0,mike weber,2018.0,,,,,,,,4.0,2.0,0.0,,,,,,,,,,,,,,,,,,,,,,,,,,,,,,,,,,,15.0,21.0,1.0,112.0,5.3,171.0,49.0,5.0,954.0,5.6
2019,ken webster,CB,Mississippi,5-11,203.0,4.43,43.0,18.0,133.0,6.85,4.14,True,7.0,252.0,ken webster,2018.0,6.0,0.0,0.0,26.0,0.0,1.0,33.0,,,,15.0,2.0,0.0,30.0,,,,,,,,,,,,,,,,,,,,,,,,,,,,,,,,,,,,,,,,
2019,trevon wesco,TE,West Virginia,6-3,267.0,4.89,31.0,24.0,117.0,7.18,4.38,True,4.0,121.0,trevon wesco,2018.0,,,,,,,,,,,,,,,,,,,,,,,,,,,1.0,0.0,0.0,0.0,0.0,0.0,0.0,,,,,,,,,,,,43.0,26.0,1.0,366.0,14.1,1.0,3.0,0.0,3.0,3.0
2019,alex wesley,WR,Northern Colorado,6-0,190.0,4.45,38.5,13.0,125.0,7.4,4.44,False,,,alex wesley,2017.0,,,,,,,,,,,,,,,,,,,,,,,,,,,,,,,,,,,,,,,,,,,,,52.0,5.0,2.0,102.0,20.4,,,,,
2019,antoine wesley,WR,Texas Tech,6-4,206.0,,37.0,6.0,117.0,7.07,4.26,False,,,antoine wesley,2018.0,0.0,0.0,0.0,1.0,0.0,0.0,1.0,,,,,,,,,,,,,,,,,,,,,,,,,,,,,,,,,,,,,,66.0,88.0,9.0,1410.0,16.0,1.0,0.0,0.0,,
2019,darius west,S,Kentucky,5-11,208.0,4.39,33.5,19.0,113.0,,,False,,,darius west,2018.0,6.0,0.0,0.0,47.0,1.0,1.0,86.0,0.0,0.0,1.0,17.0,3.0,0.0,51.0,,,,,,,,,,,,,,,,,,,,,,,,,,,,,,,,,,,,,,,,
2019,devin white,LB,LSU,6-0,237.0,4.42,39.5,22.0,118.0,7.07,4.17,True,1.0,5.0,devin white,2018.0,6.0,8.0,3.0,62.0,0.0,12.0,123.0,0.0,0.0,2.0,,,,,,,,,,,,,,,,,,,,,,,,,,,,,,,,,,,,,,,,,,,,
2019,christian wilkins,DL,Clemson,6-3,315.0,5.04,29.5,28.0,107.0,,4.55,True,1.0,13.0,christian wilkins,2018.0,2.0,6.0,5.0,24.0,0.0,13.0,47.0,1.0,0.0,2.0,,,,,,,,,,,,,,,,,,,,,,,,,,,,,,,,,,,,,,,,3.0,1.0,2.0,3.0,1.0
2019,dexter williams,RB,Notre Dame,5-11,212.0,4.57,36.0,17.0,130.0,7.0,4.16,True,6.0,194.0,dexter williams,2018.0,0.0,0.0,0.0,1.0,0.0,0.0,1.0,2.0,0.0,0.0,,,,,,,,,,,,,,,,,,,,,,,,,,,,,,,,,,,22.0,16.0,1.0,133.0,8.3,158.0,97.0,12.0,995.0,6.3
2019,greedy williams,CB,LSU,6-2,185.0,4.37,,,,,,True,2.0,46.0,greedy williams,,,,,,,,,,,,,,,,,,,,,,,,,,,,,,,,,,,,,,,,,,,,,,,,,,,,,,,
2019,james williams,RB,Washington State,5-9,197.0,4.58,36.5,,118.0,7.01,4.25,False,,,james williams,2018.0,,,,,,,,1.0,0.0,0.0,,,,,,,,,,,,,,,,,1.0,0.0,0.0,0.0,0.0,0.0,0.0,,,,,,,,,,,,41.0,83.0,4.0,613.0,7.4,122.0,43.0,12.0,563.0,4.6
2019,jonah williams,OT,Alabama,6-4,302.0,5.12,28.0,23.0,100.0,8.01,4.79,True,1.0,11.0,jonah williams,2019.0,1.0,0.0,3.0,8.0,0.0,3.5,13.0,0.0,0.0,1.0,,,,,,,,,,,,,,,,,,,,,,,,,,,,,,,,,,,,,,,,,,,,
2019,joejuan williams,CB,Vanderbilt,6-4,211.0,4.64,,17.0,,,,True,2.0,45.0,joejuan williams,2018.0,13.0,0.0,0.0,48.0,0.0,2.0,61.0,,,,2.0,4.0,0.0,8.0,,,,,,,,,,,,,,,,,,,,,,,,,,,,,,,,,,,,,,,,
2019,quinnen williams,DL,Alabama,6-3,303.0,4.83,30.5,,112.0,,,True,1.0,3.0,quinnen williams,2018.0,1.0,12.0,8.0,45.0,0.0,19.5,71.0,,,,,,,,,,,,,,,,,,,,,,,,,,,,,,,,,,,,,,,,,,,,,,,
2019,trayveon williams,RB,Texas A&M,5-8,206.0,4.51,33.0,19.0,121.0,7.44,4.44,True,6.0,182.0,trayveon williams,2018.0,,,,,,,,3.0,1.0,0.0,,,,,,,,,,,,,,,,,,,,,,,,,,,,,,,,,,,38.0,27.0,1.0,277.0,10.3,271.0,93.0,18.0,1760.0,6.5
2019,gerald willis,DL,Miami (FL),6-2,302.0,,,,,,,False,,,gerald willis,2018.0,2.0,5.0,4.0,34.0,0.0,18.0,59.0,0.0,0.0,1.0,,,,,,,,,,,,,,,,,,,,,,,,,,,,,,,,,,,,,,,,,,,,
2019,khari willis,S,Michigan State,5-11,213.0,4.52,34.5,22.0,118.0,,,True,4.0,109.0,khari willis,2018.0,10.0,1.0,0.0,41.0,0.0,1.5,84.0,,,,15.0,2.0,0.0,30.0,,,,,,,,,,,,,,,,,,,,,,,,,,,,,,,,,,,,,,,,
2019,caleb wilson,TE,UCLA,6-4,240.0,4.56,29.0,,113.0,7.2,4.4,True,7.0,254.0,caleb wilson,2018.0,0.0,0.0,0.0,1.0,0.0,0.0,1.0,,,,,,,,,,,,,,,,,,,,,,,,,,,,,,,,,,,,,,66.0,60.0,4.0,965.0,16.1,1.0,4.0,0.0,4.0,4.0
2019,donovan wilson,S,Texas A&M,6-0,199.0,,36.0,18.0,127.0,,,True,6.0,213.0,donovan wilson,2018.0,3.0,0.0,2.0,37.0,0.0,4.5,66.0,,,,0.0,2.0,0.0,0.0,,,,,,,,,,,,,,,,,,,,,,,,,,,,,,,,,,,,,,,,
2019,mack wilson,LB,Alabama,6-1,240.0,,32.0,,117.0,,,True,5.0,155.0,mack wilson,2018.0,5.0,7.0,1.0,36.0,0.0,5.0,71.0,,,,0.0,2.0,0.0,0.0,,,,,,,,,,,,,,,,,,,,,,,,,,,,,,,,,,,,,,,,
2019,andrew wingard,S,Wyoming,6-0,209.0,4.56,36.5,9.0,121.0,7.08,4.2,False,,,andrew wingard,2018.0,1.0,2.0,1.0,46.0,0.0,2.5,87.0,,,,0.0,2.0,0.0,0.0,,,,,,,,,,,,,,,,,,,,,,,,,,,,,,,,,,,,,,,,
2019,chase winovich,EDGE,Michigan,6-3,256.0,4.59,30.5,18.0,116.0,6.94,4.11,True,3.0,77.0,chase winovich,2018.0,1.0,7.0,4.5,32.0,0.0,15.5,61.0,0.0,0.0,1.0,,,,,,,,,,,,,,,,,,,,,,,,,,,,,,,,,,,,,,,,,,,,
2019,daniel wise,DL,Kansas,6-3,281.0,5.28,27.5,22.0,112.0,7.53,4.37,False,,,daniel wise,2018.0,0.0,5.0,5.0,27.0,0.0,12.0,34.0,,,,,,,,,,,,,,,,,,,,,,,,,,,,,,,,,,,,,,,,,,,,,,,
2019,mitch wishnowsky,P,Utah,6-2,218.0,4.63,32.5,,117.0,,,True,4.0,110.0,mitch wishnowsky,2018.0,,,,,,,,,,,,,,,,,,,,,,,,,,,,,,,,,,,,,,,24.0,68.0,59.0,4.0,2669.0,45.2,,,,,,2.0,28.0,0.0,39.0,19.5
2019,zedrick woods,S,Mississippi,5-11,205.0,4.29,34.5,19.0,122.0,7.0,4.15,False,,,zedrick woods,2018.0,4.0,0.0,0.5,42.0,1.0,1.0,79.0,0.0,0.0,2.0,,2.0,0.0,,,,,,,,,,,,,,,,,,,,,,,,,,,,,,,,,,,,,,,,,
2019,evan worthington,S,Colorado,6-2,212.0,4.63,33.5,17.0,121.0,7.07,4.37,False,,,evan worthington,2018.0,4.0,0.0,1.0,25.0,0.0,3.0,40.0,,,,0.0,1.0,0.0,0.0,,,,,,,,,,,,,,,,,,,,,,,,,,,,,,,,,,,,,,,,
2019,renell wren,DL,Arizona State,6-5,318.0,5.01,32.0,30.0,118.0,7.65,4.53,True,4.0,125.0,renell wren,2018.0,2.0,0.0,1.0,20.0,0.0,4.5,36.0,,,,,,,,,,,,,,,,,,,,,,,,,,,,,,,,,,,,,,,,,,,,,,,
2019,oshane ximines,EDGE,Old Dominion,6-3,253.0,4.78,34.0,24.0,118.0,7.13,4.57,True,3.0,95.0,oshane ximines,2018.0,2.0,14.0,12.0,32.0,0.0,18.5,58.0,,,,14.0,1.0,0.0,14.0,,,,,,,,,,,,,,,,,,,,,,,,,,,,,,,23.0,2.0,0.0,29.0,14.5,,,,,
2019,rock ya-sin,CB,Temple,6-0,192.0,4.51,39.5,18.0,120.0,7.31,4.31,True,2.0,34.0,rock yasin,2018.0,12.0,0.0,0.0,36.0,0.0,2.0,47.0,,,,,2.0,0.0,,,,,,,,,,,,,,,,,,,,,,,,,,,,,,,,,,,,,,,,,
2020,trey adams,OL,Washington,6-8,318.0,5.6,24.5,,92.0,,,False,,,trey adams,2017.0,,,,,,,,,,,,,,,,,,,,,,,,,,,,,,,,,,,,,,,,,,,,,,,,,,1.0,9.0,0.0,9.0,9.0
2020,hakeem adeniji,OL,Kansas,6-4,302.0,5.17,34.0,26.0,115.0,,,True,6.0,180.0,hakeem adeniji,,,,,,,,,,,,,,,,,,,,,,,,,,,,,,,,,,,,,,,,,,,,,,,,,,,,,,,
2020,mctelvin agim,DL,Arkansas,6-3,309.0,4.98,,27.0,,,,True,3.0,95.0,mctelvin agim,2019.0,0.0,3.0,5.0,20.0,0.0,8.5,39.0,0.0,0.0,1.0,,,,,,,,,,,,,,,,,,,,,,,,,,,,,,,,,,,,,,,,,,,,
2020,salvon ahmed,RB,Washington,5-11,197.0,4.62,34.5,,120.0,,,False,,,salvon ahmed,2019.0,,,,,,,,1.0,0.0,0.0,,,,,23.2,35.0,5.0,0.0,116.0,,,,,,,,,,,,,,,,,,,,,,,,,,23.0,16.0,0.0,84.0,5.3,188.0,89.0,11.0,1020.0,5.4
2020,brandon aiyuk,WR,Arizona State,6-0,205.0,4.5,40.0,11.0,128.0,,,True,1.0,25.0,brandon aiyuk,2019.0,0.0,0.0,0.0,1.0,1.0,0.0,1.0,1.0,0.0,0.0,,,,,31.9,97.0,14.0,0.0,446.0,,,,,,,,,,,,,,,16.1,63.0,14.0,1.0,226.0,,,,,,,86.0,65.0,8.0,1192.0,18.3,1.0,6.0,0.0,6.0,6.0
2020,cam akers,RB,Florida State,5-10,217.0,4.47,35.5,20.0,122.0,,4.42,True,2.0,52.0,cam akers,2019.0,,,,,,,,3.0,3.0,0.0,,,,,,,,,,,,,,,,,6.0,4.0,0.0,0.667,0.0,50.0,8.3,,,,,,,,,,,,44.0,30.0,4.0,225.0,7.5,231.0,50.0,14.0,1144.0,5.0
2020,bradlee anae,DL,Utah,6-3,257.0,4.93,31.0,25.0,115.0,7.44,4.43,True,5.0,179.0,bradlee anae,2019.0,1.0,0.0,13.0,30.0,0.0,14.0,41.0,,,,,,,,,,,,,,,,,,,,,,,,,,,,,,,,,,,,,,,,,,,,,,,
2020,tremayne anchrum,OL,Clemson,6-2,314.0,5.21,24.5,26.0,104.0,,,True,7.0,250.0,tremayne anchrum,2017.0,0.0,0.0,0.0,1.0,0.0,0.0,1.0,,,,,,,,,,,,,,,,,,,,,,,,,,,,,,,,,,,,,,,,,,,,,,,
2020,jet anderson,RB,TCU,5-10,208.0,4.61,36.0,19.0,128.0,,4.19,False,,,jet anderson,,,,,,,,,,,,,,,,,,,,,,,,,,,,,,,,,,,,,,,,,,,,,,,,,,,,,,,
2020,damon arnette,CB,Ohio State,6-0,195.0,4.56,,,,,,True,1.0,19.0,damon arnette,2019.0,8.0,0.0,0.0,27.0,1.0,1.0,35.0,1.0,0.0,0.0,96.0,1.0,1.0,96.0,,,,,,,,,,,,,,,,,,,,,,,,,,,,,,,,,,,,,,,,
2020,grayland arnold,CB,Baylor,5-9,186.0,4.59,33.0,12.0,120.0,7.01,4.3,False,,,grayland arnold,2019.0,2.0,0.0,1.0,33.0,1.0,2.5,46.0,3.0,0.0,0.0,23.6,5.0,0.0,118.0,,,,,,,,,,,,,,,,,,,,12.4,73.0,12.0,1.0,149.0,,,,,,,,,,,,,,,,
2020,devin asiasi,TE,UCLA,6-3,257.0,4.73,30.5,16.0,115.0,,,True,3.0,91.0,devin asiasi,2019.0,0.0,0.0,0.0,2.0,0.0,0.0,2.0,,,,,,,,,,,,,,,,,,,,,,,,,,,,,,,,,,,,,,53.0,44.0,4.0,641.0,14.6,,,,,
2020,joe bachie,LB,Michigan State,6-1,230.0,4.67,33.5,26.0,119.0,6.93,4.34,False,,,joe bachie,2019.0,4.0,3.0,3.5,37.0,0.0,9.5,72.0,,,,19.0,1.0,0.0,19.0,,,,,,,,,,,,,,,,,,,,,,,,,,,,,,,,,,,,,,,,
2020,markus bailey,LB,Purdue,6-0,235.0,,,15.0,,,,True,7.0,215.0,markus bailey,2019.0,0.0,1.0,1.0,10.0,0.0,2.0,14.0,,,,,,,,,,,,,,,,,,,,,,,,,,,,,,,,,,,,,,,,,,,,,,,
2020,trajan bandy,CB,Miami,5-8,180.0,4.5,,10.0,,,,False,,,trajan bandy,2019.0,8.0,0.0,3.0,20.0,0.0,3.0,29.0,0.0,0.0,1.0,,,,,,,,,,,,,,,,,,,,,,,,,,,,,,,,,,,,,,,,,,,,
2020,ben bartch,OL,Saint John's (MN),6-6,309.0,,,,,,,True,4.0,116.0,ben bartch,,,,,,,,,,,,,,,,,,,,,,,,,,,,,,,,,,,,,,,,,,,,,,,,,,,,,,,
2020,tyler bass,K,Georgia Southern,5-10,185.0,,,,,,,True,6.0,188.0,tyler bass,2019.0,0.0,0.0,0.0,0.0,0.0,0.0,2.0,,,,,,,,,,,,,28.0,20.0,49.0,0.714,96.0,36.0,36.0,1.0,1.0,0.0,1.0,0.0,7.0,7.0,,,,,,,,,,,,,,,,,,,,,
2020,essang bassey,CB,Wake Forest,5-9,191.0,4.46,39.5,12.0,128.0,6.95,4.13,False,,,essang bassey,2019.0,11.0,0.0,0.0,41.0,0.0,2.5,60.0,0.0,0.0,1.0,1.0,1.0,0.0,1.0,,,,,,,,,,,,,,,,,,,,,,,,,,,,,,,,,,,,,,,,
2020,zack baun,LB,Wisconsin,6-2,238.0,4.65,32.5,24.0,115.0,7.0,4.31,True,3.0,74.0,zack baun,2019.0,2.0,10.0,12.5,53.0,1.0,19.5,76.0,,,,34.0,1.0,1.0,34.0,,,,,,,,,,,,,,,,,,,,,,,,,,,,,,,,,,,,,,,,
2020,omar bayless,WR,Arkansas State,6-1,212.0,4.62,36.0,11.0,123.0,7.35,4.5,False,,,omar bayless,2019.0,0.0,0.0,0.0,1.0,0.0,0.0,3.0,1.0,1.0,0.0,,,,,,,,,,,,,,,,,3.0,1.0,0.0,0.333,0.0,37.0,12.3,,,,,,,,,,,,92.0,93.0,17.0,1661.0,17.9,,,,,
2020,mekhi becton,OL,Louisville,6-7,364.0,5.1,,23.0,,,,True,1.0,11.0,mekhi becton,2019.0,0.0,0.0,0.0,1.0,0.0,0.0,1.0,,,,,,,,,,,,,,,,,,,,,,,,,,,,,,,,,,,,,,,,,,,,,,,
2020,levante bellamy,RB,Western Michigan,5-9,192.0,4.5,39.5,16.0,125.0,,,False,,,levante bellamy,2019.0,,,,,,,,1.0,1.0,0.0,,,,,,,,,,,,,,,,,,,,,,,,,,,,,,,,,,,11.0,15.0,0.0,55.0,3.7,266.0,75.0,23.0,1472.0,5.5
2020,eno benjamin,RB,Arizona State,5-9,207.0,4.57,39.0,12.0,122.0,6.97,4.25,True,7.0,222.0,eno benjamin,2019.0,,,,,,,,5.0,4.0,0.0,,,,,,,,,,,,,,,,,,,,,,,,,,,,,,,,,,,72.0,42.0,2.0,347.0,8.3,253.0,33.0,10.0,1083.0,4.3
2020,francis bernard,LB,Utah,6-0,234.0,4.81,32.5,19.0,120.0,,,False,,,francis bernard,2019.0,1.0,1.0,0.0,45.0,1.0,7.5,85.0,1.0,0.0,0.0,40.0,2.0,1.0,80.0,,,,,,,,,,,,,,,,,,,,,,,,,,,,,,,,,,,,,,,,
2020,tyler biadasz,OL,Wisconsin,6-4,314.0,,,,,,,True,4.0,146.0,tyler biadasz,2019.0,0.0,0.0,0.0,2.0,0.0,0.0,2.0,,,,,,,,,,,,,,,,,,,,,,,,,,,,,,,,,,,,,,,,,,,,,,,
2020,daniel bituli,LB,Tennessee,6-2,246.0,4.84,32.0,16.0,121.0,,,False,,,daniel bituli,2019.0,2.0,3.0,3.0,50.0,1.0,3.0,86.0,,,,,,,,,,,,,,,,,,,,,,,,,,,29.0,29.0,1.0,1.0,29.0,,,,,,,,,,,,,,,,
2020,ross blacklock,DL,TCU,6-3,290.0,4.9,29.0,,107.0,7.77,4.67,True,2.0,40.0,ross blacklock,2019.0,0.0,3.0,3.5,25.0,0.0,9.0,40.0,,,,,,,,,,,,,,,,,,,,,,,,,,,,,,,,,,,,,,,,,,,,,,,
2020,julian blackmon,S,Utah,6-0,187.0,,,,,,,True,3.0,85.0,julian blackmon,2019.0,4.0,0.0,1.5,39.0,1.0,4.0,55.0,,,,9.8,4.0,1.0,39.0,,,,,,,,,,,,,,,,,,,,35.0,35.0,1.0,0.0,35.0,,,,,,,,,,,,,,,,
2020,rodrigo blankenship,K,Georgia,6-1,190.0,,,,,,,False,,,rodrigo blankenship,2019.0,0.0,0.0,0.0,1.0,0.0,0.0,1.0,,,,,,,,,,,,,33.0,27.0,50.0,0.818,127.0,46.0,46.0,,,,,,,,,,,,,,,,,,,,,,,,,,,,
2020,lynn bowden,WR,Kentucky,5-11,204.0,,,13.0,,,,True,3.0,80.0,lynn bowden,2019.0,,,,,,,,9.0,5.0,0.0,,,,,24.4,37.0,9.0,0.0,220.0,,,,,,,,74.0,35.0,3.0,0.473,3.0,403.0,5.4,13.3,29.0,4.0,0.0,53.0,,,,,,,39.0,30.0,1.0,348.0,11.6,185.0,61.0,13.0,1468.0,7.9
2020,shaun bradley,LB,Temple,6-1,235.0,4.51,32.5,14.0,121.0,7.07,4.24,True,6.0,196.0,shaun bradley,2019.0,3.0,1.0,0.0,62.0,0.0,8.0,87.0,0.0,0.0,1.0,,,,,,,,,,,,,,,,,,,,,,,,,,,,,,,,,,,,,,,,4.0,7.0,0.0,12.0,3.0
2020,ben bredeson,OL,Michigan,6-5,315.0,,,,,,,True,4.0,143.0,ben bredeson,,,,,,,,,,,,,,,,,,,,,,,,,,,,,,,,,,,,,,,,,,,,,,,,,,,,,,,
2020,jacob breeland,TE,Oregon,6-5,252.0,,,,,,,False,,,jacob breeland,2019.0,0.0,0.0,0.0,1.0,0.0,0.0,1.0,,,,,,,,,,,,,,,,,,,,,,,,,,,,,,,,,,,,,,66.0,26.0,6.0,405.0,15.6,,,,,
2020,jordyn brooks,LB,Texas Tech,6-0,240.0,4.54,,,,,,True,1.0,27.0,jordyn brooks,2019.0,0.0,12.0,3.0,66.0,0.0,20.0,108.0,0.0,0.0,2.0,,,,,,,,,,,,,,,,,,,,,,,,,,,,,,,,,,,,,,,,,,,,
2020,cameron brown,LB,Penn State,6-5,233.0,4.72,35.5,16.0,123.0,,,True,6.0,183.0,cameron brown,2022.0,4.0,0.0,0.0,9.0,0.0,0.5,11.0,,,,,,,,,,,,,,,,,,,,,,,,,,,,,,,,,,,,,,,,,,,,,,,
2020,derrick brown,DL,Auburn,6-5,326.0,5.16,27.0,28.0,108.0,8.22,4.79,True,1.0,7.0,derrick brown,2019.0,4.0,2.0,4.0,33.0,0.0,12.5,55.0,0.0,0.0,2.0,,,,,,,,,,,,,,,,,,,,,,,,,,,,,,,,,,,,,,,,,,,,
2020,tony brown,WR,Colorado,6-1,198.0,4.65,33.5,14.0,119.0,7.21,4.27,False,,,tony brown,2020.0,0.0,0.0,0.0,0.0,0.0,0.0,1.0,,,,,,,,,,,,,,,,,,,,,,,,,,,,,,,,,,,,,,,,,,,,,,,
2020,harrison bryant,TE,Florida Atlantic,6-5,243.0,4.73,32.5,13.0,110.0,7.41,4.37,True,4.0,115.0,harrison bryant,2019.0,,,,,,,,1.0,0.0,0.0,,,,,,,,,,,,,,,,,,,,,,,,,,,,,,,,,,,57.0,65.0,7.0,1004.0,15.4,,,,,
2020,hunter bryant,TE,Washington,6-2,248.0,4.74,32.5,23.0,115.0,7.08,4.46,False,,,hunter bryant,2019.0,0.0,0.0,0.0,1.0,0.0,0.0,1.0,1.0,1.0,0.0,,,,,,,,,,,,,,,,,,,,,,,,,,,,,,,,,,,50.0,52.0,3.0,825.0,15.9,2.0,4.0,0.0,,
2020,kelly bryant,QB,Missouri,6-3,229.0,4.69,35.0,,125.0,7.33,4.51,False,,,kelly bryant,2019.0,0.0,0.0,0.0,2.0,0.0,0.0,2.0,4.0,2.0,0.0,,,,,,,,,,,,,,,,,292.0,181.0,6.0,0.62,15.0,2215.0,7.6,,,,,,,,,,,,,,,,,106.0,26.0,1.0,242.0,2.3
2020,myles bryant,CB,Washington,5-8,183.0,4.62,31.5,,115.0,6.81,4.02,False,,,myles bryant,2019.0,1.0,0.0,1.0,43.0,0.0,4.5,68.0,0.0,0.0,1.0,10.7,3.0,0.0,32.0,0.0,0.0,1.0,0.0,0.0,,,,,,,,,,,,,,,,,,,,,,,,,,,,,,,,,,,
2020,terrell burgess,S,Utah,5-11,202.0,4.46,33.5,20.0,122.0,,,True,3.0,104.0,terrell burgess,2019.0,5.0,1.0,0.5,50.0,0.0,7.5,81.0,0.0,0.0,2.0,29.0,1.0,0.0,29.0,,,,,,,,,,,,,,,,,,,,,,,,,,,,,,,,,,,,,,,,
2020,joe burrow,QB,LSU,6-3,221.0,,,,,,,True,1.0,1.0,joe burrow,2019.0,0.0,0.0,0.0,1.0,0.0,0.0,1.0,4.0,1.0,0.0,,,,,,,,,,,,,,,,,527.0,402.0,6.0,0.763,60.0,5671.0,10.8,,,,,,,,,,,,16.0,1.0,0.0,16.0,16.0,115.0,29.0,5.0,369.0,3.2
2020,cohl cabral,OL,Arizona State,6-5,300.0,,,20.0,,,,False,,,cohl cabral,,,,,,,,,,,,,,,,,,,,,,,,,,,,,,,,,,,,,,,,,,,,,,,,,,,,,,,
2020,lawrence cager,WR,Georgia,6-5,220.0,,,,,,,False,,,lawrence cager,2019.0,,,,,,,,,,,,,,,,,,,,,,,,,,,,,,,,,,,,,,,,,,,,,52.0,33.0,4.0,476.0,14.4,,,,,
2020,raymond calais,RB,Louisiana-Lafayette,5-8,188.0,4.42,37.5,20.0,120.0,,,True,7.0,245.0,raymond calais,2019.0,,,,,,,,2.0,1.0,0.0,,,,,28.5,60.0,19.0,0.0,541.0,,,,,,,,,,,,,,,,,,,,,,,,,,34.0,10.0,1.0,67.0,6.7,117.0,83.0,6.0,886.0,7.6
2020,marquez callaway,WR,Tennessee,6-1,205.0,4.55,38.0,,126.0,,,False,,,marquez callaway,2019.0,0.0,0.0,0.0,0.0,1.0,0.0,0.0,1.0,0.0,0.0,,,,,12.3,21.0,3.0,0.0,37.0,,,,,,,,,,,,,,,12.8,65.0,12.0,1.0,154.0,,,,,,,73.0,30.0,6.0,635.0,21.2,,,,,
2020,shyheim carter,S,Alabama,5-10,194.0,,,,,,,False,,,shyheim carter,2019.0,7.0,0.0,0.0,24.0,0.0,2.5,43.0,,,,0.0,1.0,0.0,0.0,,,,,,,,,,,,,,,,,,,,,,,,,,,,,,,,,,,,,,,,
2020,quintez cephus,WR,Wisconsin,6-1,202.0,4.73,38.5,23.0,124.0,7.2,4.33,True,5.0,166.0,quintez cephus,2019.0,,,,,,,,,,,,,,,,,,,,,,,,,,,,,,,,,,,,,,,,,,,,,52.0,59.0,7.0,901.0,15.3,,,,,
2020,k'lavon chaisson,LB,LSU,6-3,254.0,,,,,,,True,1.0,20.0,klavon chaisson,2019.0,2.0,6.0,6.5,34.0,0.0,13.5,60.0,,,,,,,,,,,,,,,,,,,,,,,,,,,,,,,,,,,,,,,,,,,,,,,
2020,saahdiq charles,OL,LSU,6-4,321.0,5.05,,,,,,True,4.0,108.0,saahdiq charles,,,,,,,,,,,,,,,,,,,,,,,,,,,,,,,,,,,,,,,,,,,,,,,,,,,,,,,
2020,joseph charlton,P,South Carolina,6-4,195.0,,,,,,,False,,,joseph charlton,2019.0,,,,,,,,,,,,,,,,,,,,,,,,,,,,,,,,,,,,,,,7.0,66.0,68.0,1.0,3244.0,47.7,,,,,,1.0,10.0,0.0,10.0,10.0
2020,jeremy chinn,S,Southern Illinois,6-3,221.0,4.45,41.0,20.0,138.0,,,True,2.0,64.0,jeremy chinn,2019.0,0.0,0.0,0.0,7.0,0.0,0.0,8.0,,,,33.0,1.0,0.0,33.0,,,,,,,,,,,,,,,,,,,,,,,,,,,,,,,,,,,,,,,,
2020,cameron clark,OL,Charlotte,6-4,308.0,5.29,25.0,26.0,101.0,,,True,4.0,129.0,cameron clark,2019.0,0.0,0.0,0.0,0.0,0.0,0.0,2.0,,,,,,,,,,,,,,,,,,,,,,,,,,,,,,,,,,,,,,,,,,,,,,,
2020,nevelle clarke,CB,UCF,6-1,190.0,,35.0,10.0,126.0,6.88,4.31,False,,,nevelle clarke,2019.0,11.0,0.0,0.0,20.0,1.0,1.0,20.0,,,,24.0,2.0,1.0,48.0,,,,,,,,,,,,,,,,,,,,,,,,,,,,,,,,,,,,,,,,
2020,chase claypool,WR,Notre Dame,6-4,238.0,4.42,40.5,19.0,126.0,,,True,2.0,49.0,chase claypool,2019.0,0.0,0.0,0.0,3.0,0.0,0.0,5.0,0.0,0.0,2.0,,,,,,,,,,,,,,,,,,,,,,,,,,,,,,,,,,,47.0,66.0,13.0,1037.0,15.7,,,,,
2020,rodney clemons,S,SMU,6-0,209.0,4.71,33.5,21.0,118.0,,,False,,,rodney clemons,2019.0,9.0,0.0,0.0,48.0,0.0,3.0,77.0,0.0,0.0,1.0,1.0,4.0,0.0,4.0,,,,,,,,,,,,,,,,,,,,,,,,,,,,,,,,,,,,,,,,
2020,ezra cleveland,OL,Boise State,6-6,311.0,4.93,30.0,30.0,111.0,7.26,4.46,True,2.0,58.0,ezra cleveland,2019.0,0.0,0.0,0.0,1.0,0.0,0.0,1.0,,,,,,,,,,,,,,,,,,,,,,,,,,,,,,,,,,,,,,,,,,,1.0,3.0,0.0,3.0,3.0
2020,tyrie cleveland,WR,Florida,6-2,209.0,4.46,39.5,13.0,126.0,,,True,7.0,252.0,tyrie cleveland,2019.0,0.0,0.0,0.0,3.0,0.0,0.0,3.0,,,,,,,,20.7,40.0,6.0,0.0,124.0,,,,,,,,,,,,,,,,,,,,,,,,,,36.0,25.0,1.0,351.0,14.0,,,,,
2020,josiah coatney,DL,Mississippi,6-3,308.0,5.21,27.0,22.0,99.0,8.07,4.82,False,,,josiah coatney,2019.0,0.0,4.0,2.0,23.0,0.0,3.5,46.0,0.0,0.0,1.0,,,,,,,,,,,,,,,,,,,,,,,,,,,,,,,,,,,,,,,,,,,,
2020,nick coe,LB,Auburn,6-5,280.0,4.89,29.0,21.0,116.0,,,False,,,nick coe,2019.0,0.0,3.0,0.0,5.0,0.0,3.0,15.0,,,,,,,,,,,,,,,,,,,,,,,,,,,,,,,,,,,,,,,,,,,,,,,
2020,kendall coleman,DL,Syracuse,6-3,257.0,4.95,32.0,,114.0,7.5,4.62,False,,,kendall coleman,2019.0,2.0,6.0,4.0,20.0,0.0,10.5,48.0,,,,,,,,,,,,,,,,,,,,,,,,,,,,,,,,,,,,,,,,,,,,,,,
2020,trystan colon-castillo,OL,Missouri,6-3,313.0,,,11.0,,,,False,,,trystan coloncastillo,,,,,,,,,,,,,,,,,,,,,,,,,,,,,,,,,,,,,,,,,,,,,,,,,,,,,,,
2020,carter coughlin,LB,Minnesota,6-3,236.0,4.57,36.0,,126.0,,,True,7.0,218.0,carter coughlin,2019.0,4.0,2.0,4.5,29.0,0.0,9.5,49.0,0.0,0.0,1.0,,,,,,,,,,,,,,,,,,,,,,,,,,,,,,,,,,,,,,,,,,,,
2020,isaiah coulter,WR,Rhode Island,6-2,198.0,4.45,36.0,,121.0,7.28,4.62,True,5.0,171.0,isaiah coulter,2019.0,,,,,,,,,,,,,,,,,,,,,,,,,,,,,,,,,,,,,,,,,,,,,51.0,11.0,1.0,205.0,18.6,,,,,
2020,kamren curl,S,Arkansas,6-1,206.0,4.6,34.5,24.0,125.0,,,True,7.0,216.0,kamren curl,2019.0,2.0,0.0,2.0,46.0,0.0,4.0,76.0,0.0,0.0,2.0,11.0,2.0,0.0,22.0,,,,,,,,,,,,,,,,,,,,,,,,,,,,,,,,,,,,,,,,
2020,lloyd cushenberry,OL,LSU,6-3,312.0,5.27,,25.0,,,,True,3.0,83.0,lloyd cushenberry,,,,,,,,,,,,,,,,,,,,,,,,,,,,,,,,,,,,,,,,,,,,,,,,,,,,,,,
2020,deejay dallas,RB,Miami,5-10,217.0,4.58,33.5,,119.0,7.18,4.32,True,4.0,144.0,deejay dallas,2019.0,,,,,,,,,,,,,,,13.0,13.0,1.0,0.0,13.0,,,,,,,,,,,,,,,,,,,,,,,,,,42.0,14.0,2.0,140.0,10.0,114.0,62.0,8.0,693.0,6.1
2020,darrion daniels,DL,Nebraska,6-3,311.0,5.18,27.0,21.0,109.0,7.75,4.93,False,,,darrion daniels,2019.0,0.0,0.0,1.5,18.0,0.0,4.0,33.0,,,,18.0,1.0,0.0,18.0,,,,,,,,,,,,,,,,,,,,,,,,,,,,,,,,,,,,,,,,
2020,cameron dantzler,CB,Mississippi State,6-2,188.0,4.64,34.5,,,,,True,3.0,89.0,cameron dantzler,2019.0,8.0,0.0,0.5,31.0,0.0,2.0,40.0,,,,0.0,2.0,0.0,0.0,,,,,,,,,,,,,,,,,,,,,,,,,,,,,,,,,,,,,,,,
2020,kevin davidson,QB,Princeton,6-4,224.0,5.0,28.0,,109.0,7.13,4.37,False,,,kevin davidson,,,,,,,,,,,,,,,,,,,,,,,,,,,,,,,,,,,,,,,,,,,,,,,,,,,,,,,
2020,marlon davidson,DL,Auburn,6-3,303.0,5.04,,21.0,,,,True,2.0,47.0,marlon davidson,2019.0,1.0,5.0,7.5,30.0,0.0,12.5,49.0,0.0,0.0,1.0,,,,,,,,,,,,,,,,,,,,,,,,,,,,,,,,,,,,,,,,,,,,
2020,ashtyn davis,S,California,6-1,202.0,,,14.0,,,,True,3.0,68.0,ashtyn davis,2019.0,4.0,0.0,0.0,32.0,0.0,1.0,55.0,1.0,1.0,2.0,15.5,2.0,0.0,31.0,12.4,28.0,12.0,0.0,149.0,,,,,,,,,,,,,,,16.5,19.0,2.0,0.0,33.0,1.0,32.0,1.0,0.0,32.0,32.0,,,,,,,,,,
2020,carlos davis,DL,Nebraska,6-2,313.0,4.82,,27.0,,,4.52,True,7.0,232.0,carlos davis,2020.0,,,,,,,,1.0,0.0,0.0,,,,,,,,,,,,,,,,,,,,,,,,,,,,,,,,,,,32.0,11.0,0.0,105.0,9.5,165.0,40.0,3.0,681.0,4.1
2020,gabriel davis,WR,UCF,6-2,216.0,4.54,35.0,14.0,124.0,7.08,4.59,True,4.0,128.0,gabriel davis,2019.0,0.0,0.0,0.0,1.0,0.0,0.0,1.0,,,,,,,,,,,,,,,,,,,,,,,,,,,,,,,,,,,,,,73.0,72.0,12.0,1241.0,17.2,,,,,
2020,javaris davis,CB,Auburn,5-8,183.0,4.39,35.5,11.0,124.0,,,False,,,javaris davis,2019.0,6.0,0.0,0.0,29.0,0.0,1.0,43.0,,,,12.0,2.0,0.0,24.0,,,,,,,,,,,,,,,,,,,,,,,,,,,,,,,,,,,,,,,,
2020,khalil davis,DL,Nebraska,6-1,308.0,4.75,,32.0,,,,True,6.0,194.0,khalil davis,2019.0,1.0,0.0,8.0,28.0,0.0,12.0,44.0,,,,,,,,,,,,,,,,,,,,,,,,,,,,,,,,,,,,,,,,,,,,,,,
2020,quartney davis,WR,Texas A&M,6-1,201.0,4.54,35.5,,,,,False,,,quartney davis,2019.0,,,,,,,,,,,,,,,,,,,,,,,,,,,,,,,,,,20.0,20.0,1.0,0.0,20.0,,,,,,,29.0,54.0,4.0,616.0,11.4,5.0,18.0,0.0,32.0,6.4
2020,raekwon davis,DL,Alabama,6-6,311.0,5.12,28.0,24.0,111.0,7.95,4.86,True,2.0,56.0,raekwon davis,2019.0,0.0,5.0,0.5,18.0,0.0,3.0,47.0,,,,,,,,,,,,,,,,,,,,,,,,,,,,,,,,,,,,,,,,,,,,,,,
2020,akeem davis-gaither,LB,Appalachian State,6-1,224.0,,,21.0,,,,True,4.0,107.0,akeem davisgaither,2017.0,1.0,0.0,0.0,8.0,0.0,0.0,10.0,,,,,,,,,,,,,,,,,,,,,,,,,,,,,,,,,,,,,,,,,,,,,,,
2020,josiah deguara,TE,Cincinnati,6-2,242.0,4.72,35.5,25.0,115.0,7.15,4.35,True,3.0,94.0,josiah deguara,2019.0,0.0,0.0,0.0,3.0,0.0,0.0,3.0,1.0,0.0,0.0,,,,,,,,,,,,,,,,,,,,,,,,,,,,,,,,,,,73.0,39.0,7.0,504.0,12.9,0.0,2.0,1.0,2.0,0.0
2020,grant delpit,S,LSU,6-2,213.0,,,,,,,True,2.0,44.0,grant delpit,2019.0,7.0,1.0,2.0,38.0,0.0,4.5,65.0,,,,0.0,2.0,0.0,0.0,,,,,,,,,,,,,,,,,,,,,,,,,,,,,,,,,,,,,,,,
2020,trevon diggs,CB,Alabama,6-1,205.0,,,,,,,True,2.0,51.0,trevon diggs,2019.0,8.0,0.0,0.0,20.0,2.0,0.5,37.0,0.0,0.0,2.0,26.3,3.0,1.0,79.0,19.5,36.0,6.0,0.0,117.0,,,,,,,,,,,,,,,,,,,,,,,,,,,,,,,,,,,
2020,aj dillon,RB,Boston College,6-0,247.0,4.53,41.0,23.0,131.0,7.19,,True,2.0,62.0,aj dillon,2019.0,,,,,,,,3.0,1.0,0.0,,,,,,,,,,,,,,,,,,,,,,,,,,,,,,,,,,,42.0,13.0,1.0,195.0,15.0,318.0,61.0,14.0,1685.0,5.3
2020,michael divinity,LB,LSU,6-2,242.0,4.85,31.0,14.0,115.0,,,False,,,michael divinity,2019.0,0.0,3.0,3.0,17.0,0.0,4.0,22.0,,,,,,,,,,,,,,,,,,,,,,,,,,,,,,,,,,,,,,,,,,,,,,,
2020,j.k. dobbins,RB,Ohio State,5-9,209.0,,,23.0,,,,True,2.0,55.0,jk dobbins,2019.0,,,,,,,,3.0,2.0,0.0,,,,,,,,,,,,,,,,,,,,,,,,,,,,,,,,,,,28.0,23.0,2.0,247.0,10.7,301.0,68.0,21.0,2003.0,6.7
2020,rico dowdle,RB,South Carolina,5-11,213.0,4.54,38.0,,127.0,,,False,,,rico dowdle,2019.0,,,,,,,,2.0,1.0,0.0,,,,,,,,,,,,,,,,,,,,,,,,,,,,,,,,,,,26.0,22.0,0.0,167.0,7.6,106.0,35.0,4.0,498.0,4.7
2020,jack driscoll,OL,Auburn,6-5,306.0,5.02,29.5,23.0,114.0,,,True,4.0,145.0,jack driscoll,2017.0,,,,,,,,,,,,,,,,,,,,,,,,,,,,,,,,,,,,,,,,,,,,,,,,,,0.0,8.0,0.0,8.0,0.0
2020,kyle dugger,S,Lenoir-Rhyne,6-1,217.0,4.49,42.0,17.0,134.0,,,True,2.0,37.0,kyle dugger,,,,,,,,,,,,,,,,,,,,,,,,,,,,,,,,,,,,,,,,,,,,,,,,,,,,,,,
2020,yasir durant,OL,Missouri,6-6,331.0,5.52,25.0,21.0,,,,False,,,yasir durant,2018.0,0.0,0.0,0.0,1.0,0.0,0.0,1.0,,,,,,,,,,,,,,,,,,,,,,,,,,,,,,,,,,,,,,,,,,,,,,,
2020,devin duvernay,WR,Texas,5-10,200.0,4.39,35.5,,123.0,7.13,4.2,True,3.0,92.0,devin duvernay,2019.0,0.0,0.0,0.0,1.0,0.0,0.0,2.0,,,,,,,,18.6,36.0,11.0,0.0,205.0,,,,,,,,2.0,2.0,0.0,1.0,0.0,14.0,7.0,,,,,,,,,,,,75.0,106.0,9.0,1386.0,13.1,10.0,13.0,1.0,24.0,2.4
2020,troy dye,LB,Oregon,6-3,231.0,,,,,,,True,4.0,132.0,troy dye,2019.0,4.0,4.0,2.5,52.0,0.0,9.5,84.0,,,,2.0,2.0,0.0,4.0,,,,,,,,,,,,,,,,,,,,,,,,,,,,,,,,,,,,,,,,
2020,jacob eason,QB,Washington,6-6,231.0,4.89,27.5,,110.0,7.5,4.75,True,4.0,122.0,jacob eason,2019.0,0.0,0.0,0.0,1.0,0.0,0.0,1.0,3.0,2.0,0.0,,,,,,,,,,,,,,,,,405.0,260.0,8.0,0.642,23.0,3132.0,7.7,,,,,,0.0,42.0,2.0,0.0,74.0,37.0,5.0,0.0,0.0,5.0,0.0,46.0,19.0,1.0,,
2020,bryan edwards,WR,South Carolina,6-3,212.0,,,,,,,True,3.0,81.0,bryan edwards,2019.0,,,,,,,,,,,,,,,,,,,,,,,,,,,,,,,,,,17.9,38.0,7.0,0.0,125.0,,,,,,,75.0,71.0,6.0,816.0,11.5,2.0,15.0,0.0,22.0,11.0
2020,clyde edwards-helaire,RB,LSU,5-7,207.0,4.6,39.5,15.0,123.0,,,True,1.0,32.0,clyde edwardshelaire,2019.0,,,,,,,,2.0,1.0,0.0,,,,,13.4,38.0,16.0,0.0,214.0,,,,,,,,,,,,,,,,,,,,,,,,,,26.0,55.0,1.0,453.0,8.2,215.0,89.0,16.0,1414.0,6.6
2020,jalen elliott,S,Notre Dame,6-0,205.0,4.8,34.0,15.0,125.0,6.87,4.3,False,,,jalen elliott,2019.0,2.0,0.0,0.0,29.0,0.0,0.0,49.0,,,,1.0,2.0,0.0,2.0,,,,,,,,,,,,,,,,,,,,,,,,,,,,,,,,,,,,,,,,
2020,jordan elliott,DL,Missouri,6-4,302.0,5.02,27.5,24.0,,,4.73,True,3.0,88.0,jordan elliott,2019.0,3.0,6.0,2.5,31.0,0.0,8.5,44.0,,,,,,,,,,,,,,,,,,,,,,,,,,,,,,,,,,,,,,,,,,,,,,,
2020,a.j. epenesa,DL,Iowa,6-5,275.0,5.04,32.5,17.0,117.0,7.34,4.46,True,2.0,54.0,aj epenesa,2019.0,3.0,9.0,11.5,32.0,0.0,15.0,49.0,,,,,,,,,,,,,,,,,,,,,,,,,,,,,,,,,,,,,,,,,,,,,,,
2020,darrynton evans,RB,Appalachian State,5-10,203.0,4.41,37.0,20.0,125.0,,,True,3.0,93.0,darrynton evans,2019.0,0.0,0.0,0.0,0.0,1.0,0.0,1.0,1.0,0.0,0.0,,,,,22.7,45.0,17.0,1.0,386.0,,,,,,,,1.0,1.0,0.0,1.0,0.0,14.0,14.0,,,,,,,,,,,,58.0,21.0,5.0,198.0,9.4,255.0,87.0,18.0,1479.0,5.8
2020,blake ferguson,LS,LSU,6-3,229.0,5.07,31.0,,112.0,7.43,4.52,True,6.0,185.0,blake ferguson,2018.0,0.0,0.0,0.0,0.0,0.0,0.0,2.0,,,,,,,,,,,,,,,,,,,,,,,,,,,,,,,,,,,,,,,,,,,,,,,
2020,chris finke,WR,Notre Dame,5-9,186.0,4.57,40.0,7.0,,,,False,,,chris finke,2019.0,,,,,,,,1.0,1.0,0.0,,,,,0.0,0.0,3.0,0.0,0.0,,,,,,,,,,,,,,,9.0,46.0,20.0,0.0,180.0,,,,,,,54.0,41.0,4.0,456.0,11.1,2.0,7.0,0.0,2.0,1.0
2020,leki fotu,DL,Utah,6-5,330.0,5.15,,21.0,,,,True,4.0,114.0,leki fotu,2019.0,2.0,2.0,1.5,9.0,0.0,8.0,28.0,,,,,,,,,,,,,,,,,,,,,,,,,,,,,,,,,,,,,,,,,,,,,,,
2020,jake fromm,QB,Georgia,6-2,219.0,5.01,30.0,,111.0,7.27,4.51,True,5.0,167.0,jake fromm,2019.0,,,,,,,,3.0,1.0,0.0,,,,,,,,,,,,,,,,,385.0,234.0,5.0,0.608,24.0,2860.0,7.4,,,,,,,,,,,,,,,,,38.0,15.0,0.0,,
2020,aaron fuller,WR,Washington,5-11,188.0,4.59,34.0,,118.0,7.14,,False,,,aaron fuller,2019.0,0.0,0.0,0.0,0.0,1.0,0.5,1.0,2.0,2.0,0.0,,,,,,,,,,,,,,,,,1.0,0.0,0.0,0.0,0.0,0.0,0.0,11.4,88.0,22.0,1.0,250.0,,,,,,,37.0,59.0,6.0,702.0,11.9,,,,,
2020,jordan fuller,S,Ohio State,6-2,203.0,4.67,35.5,,122.0,,4.27,True,6.0,199.0,jordan fuller,2019.0,4.0,0.0,0.0,42.0,0.0,0.0,62.0,,,,13.0,2.0,0.0,26.0,,,,,,,,,,,,,,,,,,,,,,,,,,,,,,,,,,,,,,,,
2020,kristian fulton,CB,LSU,6-0,197.0,4.46,35.5,,123.0,6.94,4.36,True,2.0,61.0,kristian fulton,2019.0,14.0,0.0,0.0,28.0,0.0,1.0,38.0,,,,0.0,1.0,0.0,0.0,,,,,,,,,,,,,,,,,,,,,,,,,,,,,,,,,,,,,,,,
2020,tipa galeai,LB,Utah State,6-5,235.0,,,,,,,False,,,tipa galeai,2019.0,0.0,8.0,5.0,30.0,0.0,9.0,55.0,0.0,0.0,1.0,,,,,,,,,,,,,,,,,,,,,,,,,,,,,,,,,,,,,,,,,,,,
2020,neville gallimore,DL,Oklahoma,6-2,304.0,4.79,,23.0,,7.97,5.01,True,3.0,82.0,neville gallimore,2019.0,1.0,7.0,4.0,18.0,0.0,7.5,30.0,,,,,,,,,,,,,,,,,,,,,,,,,,,,,,,,,,,,,,,,,,,,,,,
2020,antonio gandy-golden,WR,Liberty,6-4,223.0,4.6,36.0,22.0,127.0,7.33,4.55,True,4.0,142.0,antonio gandygolden,2019.0,,,,,,,,,,,,,,,,,,,,,,,,,,,,,,,,,,,,,,,,,,,,,73.0,79.0,10.0,1396.0,17.7,,,,,
2020,cale garrett,LB,Missouri,6-2,234.0,4.92,32.0,,124.0,6.91,4.13,False,,,cale garrett,2019.0,2.0,2.0,1.0,30.0,2.0,4.0,39.0,0.0,0.0,1.0,28.7,3.0,2.0,86.0,,,,,,,,,,,,,,,,,,,,,,,,,,,,,,,,,,,,,,,,
2020,jonathan garvin,DL,Miami,6-4,263.0,4.82,36.0,23.0,125.0,,,True,7.0,242.0,jonathan garvin,2019.0,0.0,4.0,5.0,21.0,0.0,9.0,37.0,,,,,,,,,,,,,,,,,,,,,,,,,,,,,,,,,,,,,,,,,,,,,,,
2020,antonio gibson,WR,Memphis,6-0,228.0,4.39,35.0,16.0,118.0,,,True,3.0,66.0,antonio gibson,2019.0,0.0,0.0,0.0,0.0,1.0,0.0,0.0,1.0,0.0,0.0,,,,,28.0,97.0,23.0,1.0,645.0,,,,,,,,,,,,,,,,,,,,,,,,,,73.0,38.0,8.0,735.0,19.3,33.0,78.0,4.0,369.0,11.2
2020,alohi gilman,S,Notre Dame,5-10,201.0,4.6,32.0,17.0,119.0,6.81,4.08,True,6.0,186.0,alohi gilman,2019.0,2.0,1.0,1.0,32.0,0.0,3.0,74.0,0.0,0.0,1.0,0.0,1.0,0.0,0.0,,,,,,,,,,,,,,,,,,,,,,,,,,,,,,,,,,,,,,,,
2020,trevis gipson,DL,Tulsa,6-3,261.0,,,25.0,,,,True,5.0,155.0,trevis gipson,2019.0,0.0,6.0,8.0,25.0,0.0,15.0,49.0,,,,,,,,,,,,,,,,,,,,,,,,,,,,,,,,,,,,,,,,,,,,,,,
2020,jeff gladney,CB,TCU,5-10,191.0,4.48,37.5,17.0,124.0,7.26,,True,1.0,31.0,jeff gladney,2019.0,14.0,0.0,0.5,24.0,0.0,1.5,31.0,,,,0.0,1.0,0.0,0.0,,,,,,,,,,,,,,,,,,,,,,,,,,,,,,,,,,,,,,,,
2020,anthony gordon,QB,Washington State,6-2,205.0,,,,,,,False,,,anthony gordon,2019.0,,,,,,,,5.0,2.0,0.0,,,,,,,,,,,,,,,,,689.0,493.0,16.0,0.716,48.0,5575.0,8.1,,,,,,,,,,,,,,,,,51.0,17.0,0.0,,
2020,a.j. green,CB,Oklahoma State,6-1,202.0,4.62,,13.0,,,,False,,,aj green,2019.0,5.0,0.0,0.0,39.0,1.0,1.0,49.0,,,,27.0,1.0,1.0,27.0,,,,,,,,,,,,,,,,,,,,,,,,,,,,,,,,,,,,1.0,2.0,0.0,2.0,2.0
2020,jonathan greenard,DL,Florida,6-3,263.0,4.87,30.5,22.0,113.0,7.13,4.34,True,3.0,90.0,jonathan greenard,2019.0,4.0,8.0,10.0,26.0,1.0,15.0,52.0,0.0,0.0,1.0,16.0,1.0,0.0,16.0,,,,,,,,,,,,,,,,,,,,,,,,,,,,,,,,,,,,,,,,
2020,yetur gross-matos,DL,Penn State,6-5,266.0,,34.0,20.0,120.0,,,True,2.0,38.0,yetur grossmatos,2019.0,0.0,7.0,9.5,24.0,0.0,15.0,40.0,,,,,,,,,,,,,,,,,,,,,,,,,,,,,,,,,,,,,,,,,,,,,,,
2020,javelin guidry,CB,Utah,5-9,191.0,4.29,,21.0,,,,False,,,javelin guidry,2019.0,6.0,1.0,0.0,36.0,0.0,0.0,48.0,,,,0.0,1.0,0.0,0.0,,,,,,,,,,,,,,,,,,,,,,,,,,,,,,,,,,,,,,,,
2020,stephen guidry,WR,Mississippi State,6-3,201.0,4.47,34.0,,125.0,7.31,4.46,False,,,stephen guidry,2019.0,,,,,,,,1.0,1.0,0.0,,,,,,,,,,,,,,,,,,,,,,,,,,,,,,,,,,,32.0,30.0,5.0,387.0,12.9,,,,,
2020,bryce hall,CB,Virginia,6-1,202.0,,,11.0,,,,True,5.0,158.0,bryce hall,2019.0,4.0,0.0,1.0,13.0,0.0,3.0,20.0,,,,,,,,,,,,,,,,,,,,,,,,,,,,,,,,,,,,,,,,,,,,,,,
2020,davon hamilton,DL,Ohio State,6-4,320.0,5.14,29.5,33.0,102.0,7.72,,True,3.0,73.0,davon hamilton,2019.0,0.0,1.0,6.0,18.0,0.0,10.5,28.0,0.0,0.0,1.0,,,,,,,,,,,,,,,,,,,,,,,,,,,,,,,,,,,,,,,,,,,,
2020,ladarius hamilton,DL,North Texas,6-2,262.0,4.89,30.0,27.0,114.0,7.66,4.49,False,,,ladarius hamilton,2019.0,0.0,7.0,8.5,23.0,0.0,10.5,39.0,,,,,,,,,,,,,,,,,,,,,,,,,,,,,,,,,,,,,,,,,,,,,,,
2020,kj hamler,WR,Penn State,5-9,178.0,,,15.0,,,,True,2.0,46.0,kj hamler,2019.0,,,,,,,,3.0,0.0,0.0,,,,,20.5,40.0,25.0,0.0,513.0,,,,,,,,,,,,,,,5.0,26.0,25.0,0.0,126.0,,,,,,,58.0,56.0,8.0,904.0,16.1,13.0,16.0,0.0,43.0,3.3
2020,harrison hand,CB,Temple,5-11,197.0,4.52,41.0,14.0,133.0,7.15,4.27,True,5.0,169.0,harrison hand,2019.0,5.0,0.0,0.0,43.0,0.0,4.0,59.0,,,,2.7,3.0,0.0,8.0,,,,,,,,,,,,,,,,,,,,,,,,,,,,,,,,,,,,,,,,
2020,jake hanson,OL,Oregon,6-4,303.0,5.5,,33.0,,,,True,6.0,208.0,jake hanson,2019.0,0.0,0.0,0.0,1.0,0.0,0.0,1.0,,,,,,,,,,,,,,,,,,,,,,,,,,,,,,,,,,,,,,,,,,,,,,,
2020,scoota harris,LB,Arkansas,6-0,234.0,4.69,33.0,18.0,111.0,7.38,4.32,False,,,scoota harris,,,,,,,,,,,,,,,,,,,,,,,,,,,,,,,,,,,,,,,,,,,,,,,,,,,,,,,
2020,nick harris,OL,Washington,6-1,302.0,5.1,29.5,20.0,103.0,,,True,5.0,160.0,nick harris,,,,,,,,,,,,,,,,,,,,,,,,,,,,,,,,,,,,,,,,,,,,,,,,,,,,,,,
2020,malik harrison,LB,Ohio State,6-3,247.0,4.66,36.0,,122.0,6.83,4.32,True,3.0,98.0,malik harrison,2019.0,4.0,1.0,4.5,49.0,0.0,16.5,75.0,0.0,0.0,2.0,,,,,,,,,,,,,,,,,,,,,,,,,,,,,,,,,,,,,,,,,,,,
2020,jamycal hasty,RB,Baylor,5-8,205.0,4.55,39.0,15.0,123.0,,4.03,False,,,jamycal hasty,2019.0,0.0,0.0,0.0,1.0,0.0,0.0,2.0,3.0,2.0,0.0,,,,,19.7,29.0,6.0,0.0,118.0,,,,,,,,,,,,,,,,,,,,,,,,,,63.0,25.0,0.0,184.0,7.4,109.0,73.0,7.0,627.0,5.8
2020,jaylinn hawkins,S,California,6-1,208.0,,35.5,,117.0,,,True,4.0,134.0,jaylinn hawkins,2019.0,2.0,0.0,1.0,37.0,0.0,3.5,49.0,,,,9.7,3.0,0.0,29.0,15.7,27.0,3.0,0.0,47.0,,,,,,,,,,,,,,,,,,,,,,,,,,,,,,,,,,,
2020,charlie heck,OL,North Carolina,6-8,311.0,5.16,28.0,21.0,112.0,8.02,4.86,True,4.0,126.0,charlie heck,,,,,,,,,,,,,,,,,,,,,,,,,,,,,,,,,,,,,,,,,,,,,,,,,,,,,,,
2020,c.j. henderson,CB,Florida,6-1,204.0,4.39,37.5,20.0,127.0,,,True,1.0,9.0,cj henderson,2019.0,11.0,1.0,1.0,26.0,0.0,3.0,33.0,,,,,,,,,,,,,,,,,,,,,,,,,,,,,,,,,,,,,,,,,,,,,,,
2020,matt hennessy,OL,Temple,6-4,307.0,5.18,30.0,23.0,110.0,7.45,4.6,True,3.0,78.0,matt hennessy,2019.0,0.0,0.0,0.0,0.0,0.0,0.0,1.0,,,,,,,,,,,,,,,,,,,,,,,,,,,,,,,,,,,,,,,,,,,,,,,
2020,justin herbert,QB,Oregon,6-6,236.0,4.68,35.5,,123.0,7.06,4.46,True,1.0,6.0,justin herbert,2019.0,,,,,,,,4.0,1.0,0.0,,,,,,,,,,,,,,,,,428.0,286.0,6.0,0.668,32.0,3471.0,8.1,,,,,,,,,,,,,,,,,58.0,30.0,4.0,50.0,0.9
2020,brian herrien,RB,Georgia,5-11,209.0,4.62,38.5,18.0,126.0,7.12,4.4,False,,,brian herrien,2019.0,,,,,,,,,,,,,,,18.6,41.0,8.0,0.0,149.0,,,,,,,,,,,,,,,,,,,,,,,,,,18.0,16.0,1.0,110.0,6.9,103.0,40.0,6.0,490.0,4.8
2020,justin herron,OL,Wake Forest,6-4,308.0,5.26,33.0,27.0,105.0,8.41,4.88,True,6.0,195.0,justin herron,,,,,,,,,,,,,,,,,,,,,,,,,,,,,,,,,,,,,,,,,,,,,,,,,,,,,,,
2020,tee higgins,WR,Clemson,6-4,216.0,,,,,,,True,2.0,33.0,tee higgins,2019.0,,,,,,,,,,,,,,,,,,,,,,,,,,,,,,,,,,,,,,,,,,,,,65.0,59.0,13.0,1167.0,19.8,1.0,36.0,1.0,36.0,36.0
2020,alex highsmith,DL,Charlotte,6-3,248.0,4.7,33.0,,125.0,7.32,4.31,True,3.0,102.0,alex highsmith,2019.0,2.0,7.0,10.5,37.0,0.0,16.5,63.0,,,,,,,,,,,,,,,,,,,,,,,,,,,,,,,,,,,,,,,,,,,,,,,
2020,john hightower,WR,Boise State,6-1,189.0,4.43,38.5,,122.0,7.07,4.21,True,5.0,168.0,john hightower,2019.0,0.0,0.0,0.0,0.0,1.0,0.0,0.0,1.0,1.0,0.0,,,,,24.6,98.0,26.0,1.0,639.0,,,,,,,,2.0,1.0,0.0,0.5,0.0,4.0,2.0,,,,,,,,,,,,76.0,51.0,8.0,943.0,18.5,15.0,35.0,0.0,139.0,9.3
2020,k.j. hill,WR,Ohio State,6-0,196.0,4.6,32.5,17.0,114.0,,,True,7.0,220.0,kj hill,2019.0,,,,,,,,1.0,0.0,0.0,,,,,0.0,0.0,2.0,0.0,0.0,,,,,,,,,,,,,,,7.6,16.0,5.0,0.0,38.0,,,,,,,53.0,57.0,10.0,636.0,11.2,1.0,1.0,0.0,1.0,1.0
2020,lavert hill,CB,Michigan,5-10,190.0,,,21.0,,,,False,,,lavert hill,2019.0,10.0,0.0,0.0,10.0,0.0,1.0,16.0,1.0,1.0,0.0,8.3,3.0,0.0,25.0,,,,,,,,,,,,,,,,,,,,,0.0,3.0,0.0,,,,,,,,,,,,,,,,,
2020,trevon hill,DL,Miami,6-3,248.0,4.89,28.0,,113.0,,,False,,,trevon hill,2019.0,1.0,4.0,4.5,17.0,0.0,9.5,26.0,,,,,,,,,,,,,,,,,,,,,,,,,,,,,,,,,,,,,,,,,,,,,,,
2020,isaiah hodgins,WR,Oregon State,6-4,210.0,4.61,36.5,9.0,124.0,7.01,4.12,True,6.0,207.0,isaiah hodgins,2019.0,,,,,,,,,,,,,,,,,,,,,,,,,,,,,,,,,,,,,,,,,,,,,42.0,86.0,13.0,1171.0,13.6,,,,,
2020,sterling hofrichter,P,Syracuse,5-10,196.0,,,,,,,True,7.0,228.0,sterling hofrichter,2019.0,0.0,0.0,0.0,3.0,0.0,0.0,3.0,,,,,,,,,,,,,1.0,1.0,52.0,1.0,3.0,0.0,0.0,,,,,,,,,,,,,8.0,65.0,69.0,0.0,3026.0,43.9,,,,,,,,,,
2020,darnay holmes,CB,UCLA,5-10,195.0,4.48,,12.0,,,,True,4.0,110.0,darnay holmes,2019.0,6.0,0.0,0.0,23.0,0.0,1.0,33.0,0.0,0.0,1.0,0.0,2.0,0.0,0.0,20.0,20.0,1.0,0.0,20.0,,,,,,,,,,,,,,,,,,,,,,,,,,,,,,,,,,,
2020,brycen hopkins,TE,Purdue,6-4,245.0,4.66,33.5,21.0,116.0,7.25,4.28,True,4.0,136.0,brycen hopkins,2019.0,,,,,,,,,,,,,,,0.0,0.0,1.0,0.0,0.0,,,,,,,,,,,,,,,,,,,,,,,,,,72.0,61.0,7.0,830.0,13.6,,,,,
2020,khaleke hudson,LB,Michigan,5-11,224.0,4.56,33.0,30.0,120.0,,,True,5.0,162.0,khaleke hudson,2019.0,3.0,3.0,1.5,45.0,0.0,3.0,101.0,,,,,,,,,,,,,,,,,,,,,,,,,,,,,,,,,,,,,,,,,,,,,,,
2020,robert hunt,OL,Louisiana-Lafayette,6-5,323.0,,,,,,,True,2.0,39.0,robert hunt,2016.0,0.0,0.0,0.0,1.0,0.0,0.0,1.0,,,,,,,,,,,,,,,,,,,,,,,,,,,,,,,,,,,,,,,,,,,,,,,
2020,jalen hurts,QB,Oklahoma,6-1,222.0,4.59,35.0,,125.0,,,True,2.0,53.0,jalen hurts,2019.0,0.0,0.0,0.0,3.0,0.0,0.0,3.0,8.0,6.0,0.0,,,,,,,,,,,,,,,,,341.0,237.0,8.0,0.695,32.0,3851.0,11.3,,,,,,,,,,,,21.0,2.0,1.0,25.0,12.5,233.0,52.0,20.0,1298.0,5.6
2020,noah igbinoghene,CB,Auburn,5-10,198.0,4.48,37.0,15.0,128.0,,,True,1.0,30.0,noah igbinoghene,2019.0,7.0,0.0,0.0,28.0,1.0,1.0,42.0,,,,,,,,35.2,96.0,9.0,1.0,317.0,,,,,,,,,,,,,,,,,,,,,,,,,,,,,,,,,,,
2020,brian cole ii,S,Mississippi State,6-2,213.0,4.52,,,,,,True,7.0,249.0,brian cole,,,,,,,,,,,,,,,,,,,,,,,,,,,,,,,,,,,,,,,,,,,,,,,,,,,,,,,
2020,rashard lawrence ii,DL,LSU,6-2,308.0,5.07,,22.0,,8.03,,True,4.0,131.0,rashard lawrence,2019.0,3.0,1.0,2.5,11.0,0.0,6.0,28.0,,,,,,,,,,,,,,,,,,,,,,,,,,,,,,,,,,,,,,,,,,,,,,,
2020,reggie robinson ii,CB,Tulsa,6-1,205.0,4.44,36.0,22.0,132.0,7.09,4.18,True,4.0,123.0,reggie robinson,2019.0,13.0,0.0,0.0,26.0,0.0,1.0,38.0,0.0,0.0,1.0,9.3,3.0,0.0,28.0,,,,,,,,,,,,,,,,,,,,,,,,,,,,,,,,,,,,,,,,
2020,henry ruggs iii,WR,Alabama,5-11,188.0,4.27,42.0,,131.0,,,True,1.0,12.0,henry ruggs,2019.0,0.0,0.0,0.0,3.0,0.0,0.0,6.0,,,,,,,,23.8,40.0,12.0,0.0,286.0,,,,,,,,,,,,,,,,,,,,,,,,,,81.0,40.0,7.0,746.0,18.7,2.0,75.0,1.0,75.0,37.5
2020,keith ismael,OL,San Diego State,6-3,309.0,5.34,32.0,,108.0,8.14,4.65,True,5.0,156.0,keith ismael,2019.0,0.0,0.0,0.0,1.0,0.0,0.0,1.0,,,,,,,,,,,,,,,,,,,,,,,,,,,,,,,,,,,,,,,,,,,,,,,
2020,cordel iwuagwu,OL,TCU,6-3,309.0,5.22,27.0,25.0,94.0,8.03,4.87,False,,,cordel iwuagwu,2019.0,0.0,0.0,0.0,0.0,0.0,0.0,1.0,,,,,,,,,,,,,,,,,,,,,,,,,,,,,,,,,,,,,,,,,,,,,,,
2020,austin jackson,OL,USC,6-5,322.0,5.07,31.0,27.0,115.0,7.95,,True,1.0,18.0,austin jackson,2017.0,0.0,0.0,0.0,1.0,0.0,0.0,3.0,,,,,,,,,,,,,,,,,,,,,,,,,,,,,,,,,,,,,,,,,,,,,,,
2020,dane jackson,CB,Pittsburgh,6-0,187.0,4.57,35.0,,122.0,7.07,4.27,True,7.0,239.0,dane jackson,2019.0,12.0,1.0,0.5,30.0,0.0,3.0,43.0,,,,21.0,1.0,0.0,21.0,,,,,,,,,,,,,,,,,,,,,,,,,,,,,,,,,,,,,,,,
2020,jonah jackson,OL,Ohio State,6-3,306.0,5.23,26.0,28.0,98.0,7.83,5.02,True,3.0,75.0,jonah jackson,2018.0,0.0,0.0,0.0,1.0,0.0,0.0,1.0,,,,,,,,,,,,,,,,,,,,,,,,,,,,,,,,,,,,,,,,,,,,,,,
2020,lamar jackson,CB,Nebraska,6-2,208.0,4.58,36.5,10.0,122.0,,,False,,,lamar jackson,2019.0,12.0,1.0,1.0,26.0,0.0,3.0,35.0,0.0,0.0,1.0,4.0,3.0,0.0,12.0,,,,,,,,,,,,,,,,,,,,,,,,,,,,,,,,,,,,,,,,
2020,trishton jackson,WR,Syracuse,6-1,197.0,4.5,36.0,,117.0,,,False,,,trishton jackson,2019.0,,,,,,,,,,,,,,,,,,,,,,,,,,,,,,,,,,,,,,,,,,,,,85.0,66.0,11.0,1023.0,15.5,2.0,5.0,0.0,3.0,1.5
2020,justin jefferson,WR,LSU,6-1,202.0,4.43,37.5,,126.0,,,True,1.0,22.0,justin jefferson,2019.0,0.0,0.0,0.0,1.0,0.0,0.0,1.0,,,,,,,,,,,,,,,,,,,,,,,,,,,,,,,,,,,,,,71.0,111.0,18.0,1540.0,13.9,,,,,
2020,van jefferson,WR,Florida,6-1,200.0,,,,,,,True,2.0,57.0,van jefferson,2019.0,0.0,0.0,0.0,1.0,0.0,0.0,1.0,0.0,0.0,1.0,,,,,,,,,,,,,,,,,,,,,,,,,,,,,,,,,,,69.0,49.0,6.0,657.0,13.4,1.0,7.0,0.0,7.0,7.0
2020,anfernee jennings,LB,Alabama,6-2,256.0,,,,,,,True,3.0,87.0,anfernee jennings,2019.0,5.0,8.0,8.0,45.0,0.0,12.5,83.0,,,,0.0,1.0,0.0,0.0,,,,,,,,,,,,,,,,,,,,,,,,,,,,,,,,,,,,,,,,
2020,jauan jennings,WR,Tennessee,6-3,215.0,4.72,29.0,,119.0,,,True,7.0,217.0,jauan jennings,2019.0,0.0,0.0,0.0,4.0,0.0,0.0,4.0,1.0,0.0,0.0,,,,,,,,,,,,,,,,,1.0,0.0,0.0,0.0,0.0,0.0,0.0,,,,,,,,,,,,51.0,59.0,8.0,969.0,16.4,13.0,22.0,1.0,51.0,3.9
2020,jerry jeudy,WR,Alabama,6-1,193.0,4.45,35.0,,120.0,,4.53,True,1.0,15.0,jerry jeudy,2019.0,0.0,0.0,0.0,0.0,0.0,0.0,1.0,,,,,,,,,,,,,,,,,,,,,,,,,,,,,,,,,,,,,,85.0,77.0,10.0,1163.0,15.1,1.0,1.0,0.0,1.0,1.0
2020,collin johnson,WR,Texas,6-6,222.0,,,17.0,,,,True,5.0,165.0,collin johnson,2019.0,,,,,,,,1.0,1.0,0.0,,,,,,,,,,,,,,,,,,,,,,,,,,,,,,,,,,,37.0,38.0,3.0,559.0,14.7,,,,,
2020,jaylon johnson,CB,Utah,6-0,193.0,4.5,36.5,15.0,124.0,7.01,4.13,True,2.0,50.0,jaylon johnson,2020.0,,,,,,,,,,,,,,,,,,,,,,,,,,,,,,,,,,,,,,,,,,,,,10.0,6.0,0.0,40.0,6.7,,,,,
2020,juwan johnson,WR,Oregon,6-4,230.0,4.58,33.0,14.0,124.0,6.94,4.37,False,,,juwan johnson,2019.0,,,,,,,,,,,,,,,,,,,,,,,,,,,1.0,0.0,0.0,0.0,0.0,0.0,0.0,,,,,,,,,,,,53.0,30.0,4.0,467.0,15.6,,,,,
2020,tyler johnson,WR,Minnesota,6-1,206.0,,,,,,,True,5.0,161.0,tyler johnson,2020.0,1.0,1.0,5.0,11.0,0.0,7.5,17.0,0.0,0.0,1.0,,,,,,,,,,,,,,,,,,,,,,,,,,,,,,,,,,,,,,,,,,,,
2020,clay johnston,LB,Baylor,6-1,227.0,,,18.0,,,,True,7.0,234.0,clay johnston,2019.0,5.0,1.0,2.5,35.0,0.0,8.0,58.0,,,,8.0,1.0,0.0,8.0,,,,,,,,,,,,,,,,,,,,,,,,,,,,,,,,,,,,,,,,
2020,benito jones,DL,Mississippi,6-1,316.0,5.26,26.5,,,8.21,5.27,False,,,benito jones,2019.0,0.0,7.0,5.5,19.0,0.0,10.0,30.0,,,,4.0,1.0,0.0,4.0,,,,,,,,,,,,,,,,,,,,,,,,,,,,,,,,,,,,,,,,
2020,brandon jones,S,Texas,5-11,198.0,,,,,,,True,3.0,70.0,brandon jones,2019.0,4.0,0.0,1.0,64.0,0.0,4.5,86.0,1.0,1.0,1.0,3.5,2.0,0.0,7.0,,,,,,,,,,,,,87.0,47.0,3.0,0.54,2.0,628.0,7.2,10.5,53.0,6.0,0.0,63.0,,,,,,,,,,,,38.0,23.0,1.0,53.0,1.4
2020,joshua jones,OL,Houston,6-5,319.0,5.27,28.5,24.0,109.0,,,True,3.0,72.0,joshua jones,,,,,,,,,,,,,,,,,,,,,,,,,,,,,,,,,,,,,,,,,,,,,,,,,,,,,,,
2020,tony jones,RB,Notre Dame,5-10,220.0,4.68,32.5,13.0,119.0,7.18,4.21,False,,,tony jones,2019.0,0.0,0.0,0.0,2.0,0.0,0.0,2.0,,,,,,,,,,,,,,,,,,,,,,,,,,,,,,,,,,,,,,24.0,15.0,1.0,104.0,6.9,144.0,84.0,6.0,857.0,6.0
2020,antoine brooks jr.,S,Maryland,5-11,220.0,4.64,34.5,18.0,,,,True,6.0,198.0,antoine brooks,2019.0,5.0,0.0,0.0,69.0,0.0,8.5,87.0,0.0,0.0,1.0,0.0,1.0,0.0,0.0,,,,,,,,,,,,,,,,,,,,,,,,,,,,,,,,,,,,,,,,
2020,willie gay jr.,LB,Mississippi State,6-1,243.0,4.46,39.5,21.0,136.0,7.08,4.3,True,2.0,63.0,willie gay,2019.0,1.0,1.0,0.0,7.0,1.0,2.5,17.0,1.0,0.0,2.0,52.0,1.0,1.0,52.0,,,,,,,,,,,,,,,,,,,,,,,,,,,,,,,,,,,,,,,,
2020,laviska shenault jr.,WR,Colorado,6-1,227.0,4.58,,17.0,,,,True,2.0,42.0,laviska shenault,2019.0,0.0,0.0,0.0,2.0,0.0,0.0,2.0,1.0,1.0,0.0,,,,,54.0,54.0,1.0,0.0,54.0,,,,,,,,,,,,,,,,,,,,,,,,,,71.0,56.0,4.0,764.0,13.6,23.0,23.0,2.0,161.0,7.0
2020,antoine winfield jr.,S,Minnesota,5-9,203.0,4.45,36.0,,124.0,,,True,2.0,45.0,antoine winfield,2019.0,1.0,0.0,2.0,45.0,1.0,2.5,65.0,,,,15.9,7.0,1.0,111.0,,,,,,,,,,,,,,,,,,,,,,,,,,,,,,,,,,,,,,,,
2020,azur kamara,LB,Kansas,6-3,245.0,4.59,28.0,13.0,121.0,7.2,4.46,False,,,azur kamara,2019.0,0.0,4.0,4.0,30.0,0.0,6.5,51.0,,,,,,,,,,,,,,,,,,,,,,,,,,,,,,,,,,,,,,,,,,,,,,,
2020,khalid kareem,DL,Notre Dame,6-4,268.0,,,,,,,True,5.0,147.0,khalid kareem,2019.0,1.0,11.0,5.5,23.0,0.0,10.0,46.0,0.0,0.0,1.0,,,,,,,,,,,,,,,,,,,,,,,,,,,,,,,,,,,,,,,,,,,,
2020,dalton keene,TE,Virginia Tech,6-4,253.0,4.71,34.0,21.0,125.0,7.07,4.19,True,3.0,101.0,dalton keene,2019.0,,,,,,,,1.0,1.0,0.0,,,,,,,,,,,,,,,,,,,,,,,,,,,,,,,,,,,27.0,20.0,5.0,236.0,11.8,11.0,7.0,0.0,33.0,3.0
2020,joshua kelley,RB,UCLA,5-11,212.0,4.49,31.0,23.0,121.0,6.95,4.28,True,4.0,112.0,joshua kelley,2019.0,0.0,0.0,0.0,0.0,0.0,0.0,1.0,1.0,0.0,0.0,,,,,,,,,,,,,,,,,,,,,,,,,,,,,,,,,,,14.0,11.0,1.0,71.0,6.5,229.0,54.0,12.0,1060.0,4.6
2020,bopete keyes,CB,Tulane,6-1,202.0,,36.0,,126.0,,,True,7.0,237.0,bopete keyes,,,,,,,,,,,,,,,,,,,,,,,,,,,,,,,,,,,,,,,,,,,,,,,,,,,,,,,
2020,solomon kindley,OL,Georgia,6-3,337.0,,,,,,,True,4.0,111.0,solomon kindley,,,,,,,,,,,,,,,,,,,,,,,,,,,,,,,,,,,,,,,,,,,,,,,,,,,,,,,
2020,javon kinlaw,DL,South Carolina,6-5,324.0,,,,,,,True,1.0,14.0,javon kinlaw,2019.0,2.0,4.0,6.0,15.0,0.0,6.0,35.0,0.0,0.0,1.0,,,,,,,,,,,,,,,,,,,,,,,,,,,,,,,,,,,,,,,,,,,,
2020,cole kmet,TE,Notre Dame,6-6,262.0,4.7,37.0,,123.0,7.44,4.41,True,2.0,43.0,cole kmet,2019.0,0.0,0.0,0.0,2.0,0.0,0.0,2.0,1.0,0.0,0.0,,,,,,,,,,,,,,,,,,,,,,,,,,,,,,,,,,,37.0,43.0,6.0,515.0,12.0,,,,,
2020,ceedee lamb,WR,Oklahoma,6-2,198.0,4.5,34.5,11.0,124.0,,,True,1.0,17.0,ceedee lamb,2019.0,0.0,0.0,0.0,1.0,0.0,0.0,1.0,2.0,1.0,0.0,,,,,,,,,,,,,,,,,,,,,,,,7.2,46.0,25.0,0.0,179.0,,,,,,,71.0,62.0,14.0,1327.0,21.4,9.0,21.0,1.0,20.0,2.2
2020,javon leake,RB,Maryland,6-0,215.0,4.65,34.0,,125.0,,,False,,,javon leake,2019.0,0.0,0.0,0.0,3.0,2.0,0.0,3.0,4.0,4.0,0.0,,,,,26.8,100.0,30.0,2.0,804.0,,,,,,,,,,,,,,,,,,,,,,,,,,33.0,9.0,0.0,55.0,6.1,102.0,64.0,8.0,736.0,7.2
2020,benny lemay,RB,Charlotte,5-8,221.0,4.75,28.5,24.0,112.0,,,False,,,benny lemay,2019.0,,,,,,,,1.0,0.0,0.0,,,,,,,,,,,,,,,,,,,,,,,,,,,,,,,,,,,47.0,19.0,4.0,242.0,12.7,193.0,65.0,9.0,1072.0,5.6
2020,shane lemieux,OL,Oregon,6-4,310.0,5.11,25.5,,107.0,8.13,4.9,True,5.0,150.0,shane lemieux,,,,,,,,,,,,,,,,,,,,,,,,,,,,,,,,,,,,,,,,,,,,,,,,,,,,,,,
2020,brian lewerke,QB,Michigan State,6-2,213.0,4.95,31.0,,113.0,7.14,4.4,False,,,brian lewerke,2019.0,,,,,,,,6.0,3.0,0.0,,,,,,,,,,,,,,,,,435.0,260.0,13.0,0.598,17.0,3079.0,7.1,,,,,,,,,,,,17.0,1.0,0.0,17.0,17.0,111.0,42.0,3.0,363.0,3.3
2020,damien lewis,OL,LSU,6-2,327.0,5.24,30.0,27.0,108.0,,,True,3.0,69.0,damien lewis,2019.0,0.0,0.0,0.0,1.0,0.0,0.0,1.0,,,,,,,,,,,,,,,,,,,,,,,,,,,,,,,,,,,,,,,,,,,,,,,
2020,terrell lewis,LB,Alabama,6-5,262.0,,37.0,,124.0,,,True,3.0,84.0,terrell lewis,2019.0,2.0,15.0,6.0,21.0,0.0,11.5,31.0,0.0,0.0,1.0,,,,,,,,,,,,,,,,,,,,,,,,,,,,,,,,,,,,,,,,,,,,
2020,kalija lipscomb,WR,Vanderbilt,6-0,207.0,4.57,32.0,16.0,127.0,,,False,,,kalija lipscomb,2019.0,,,,,,,,1.0,0.0,0.0,,,,,,,,,,,,,,,,,,,,,,,,,,,,,,,,,,,49.0,47.0,3.0,511.0,10.9,4.0,22.0,0.0,52.0,13.0
2020,jordan love,QB,Utah State,6-4,224.0,4.74,35.5,,118.0,7.21,4.52,True,1.0,26.0,jordan love,2019.0,0.0,0.0,0.0,1.0,0.0,0.0,1.0,6.0,2.0,0.0,,,,,,,,,,,,,,,,,473.0,293.0,17.0,0.619,20.0,3402.0,7.2,,,,,,,,,,,,,,,,,81.0,22.0,0.0,175.0,2.2
2020,jake luton,QB,Oregon State,6-6,224.0,,,,,,,True,6.0,189.0,jake luton,2019.0,,,,,,,,,,,,,,,,,,,,,,,,,,,358.0,222.0,3.0,0.62,28.0,2714.0,7.6,,,,,,0.0,33.0,1.0,0.0,33.0,33.0,,,,,,44.0,19.0,1.0,,
2020,james lynch,DL,Baylor,6-4,289.0,5.01,29.0,23.0,111.0,7.39,4.39,True,4.0,130.0,james lynch,2019.0,5.0,13.0,13.5,23.0,0.0,19.5,41.0,0.0,0.0,1.0,,,,,,,,,,,,,,,,,,,,,,,,,,,,,,,,,,,,,,,,,,,,
2020,austin mack,WR,Ohio State,6-1,208.0,4.59,31.5,,117.0,,4.42,False,,,austin mack,2019.0,0.0,0.0,0.0,2.0,0.0,0.0,2.0,,,,,,,,,,,,,,,,,,,,,,,,,,,,,,,,,,,,,,38.0,27.0,3.0,361.0,13.4,,,,,
2020,jordan mack,LB,Virginia,6-3,241.0,,,,,,,False,,,jordan mack,2019.0,0.0,2.0,7.5,36.0,0.0,7.5,69.0,,,,,,,,,,,,,,,,,,,,,,,,,,,,,,,,,,,,,,,,,,,,,,,
2020,justin madubuike,DL,Texas A&M,6-3,293.0,4.83,,31.0,,7.37,,True,3.0,71.0,justin madubuike,2019.0,2.0,7.0,5.5,18.0,0.0,11.5,45.0,,,,18.0,1.0,0.0,18.0,,,,,,,,,,,,,,,,,,,,,,,,,,,,,,,,,,,,,,,,
2020,braden mann,P,Texas A&M,5-11,198.0,4.83,31.0,,111.0,7.03,4.13,True,6.0,191.0,braden mann,2019.0,0.0,0.0,0.0,6.0,0.0,0.0,6.0,,,,,,,,,,,,,,,,,,,,,,,,,,,,,,,,11.0,68.0,57.0,2.0,2685.0,47.1,,,,,,1.0,15.0,0.0,15.0,15.0
2020,kamal martin,LB,Minnesota,6-3,240.0,,,,,,,True,5.0,175.0,kamal martin,2019.0,1.0,0.0,1.0,36.0,0.0,2.5,66.0,,,,7.0,2.0,0.0,14.0,,,,,,,,,,,,,,,,,,,,,,,,,,,,,,,,,,,,,,,,
2020,cole mcdonald,QB,Hawaii,6-3,215.0,4.58,36.0,,121.0,7.13,4.52,True,7.0,224.0,cole mcdonald,2019.0,,,,,,,,5.0,4.0,0.0,,,,,,,,,,,,,,,,,511.0,326.0,14.0,0.638,33.0,4138.0,8.1,,,,,,,,,,,,,,,,,103.0,76.0,7.0,377.0,3.7
2020,anthony mcfarland,RB,Maryland,5-8,208.0,4.44,29.5,,116.0,,,True,4.0,124.0,anthony mcfarland,2019.0,,,,,,,,1.0,0.0,0.0,,,,,40.0,40.0,1.0,0.0,40.0,,,,,,,,,,,,,,,,,,,,,,,,,,39.0,17.0,1.0,126.0,7.4,114.0,80.0,8.0,614.0,5.4
2020,sean mckeon,TE,Michigan,6-5,242.0,,,18.0,,,,False,,,sean mckeon,2019.0,,,,,,,,,,,,,,,,,,,,,,,,,,,,,,,,,,,,,,,,,,,,,41.0,13.0,2.0,235.0,18.1,,,,,
2020,xavier mckinney,S,Alabama,6-0,201.0,4.63,36.0,19.0,122.0,,,True,2.0,36.0,xavier mckinney,2019.0,5.0,5.0,3.0,59.0,1.0,5.5,95.0,0.0,0.0,1.0,26.0,3.0,1.0,78.0,,,,,,,,,,,,,,,,,,,,,,,,,,,,,,,,,,,,,,,,
2020,colton mckivitz,OL,West Virginia,6-6,306.0,5.35,26.0,20.0,106.0,7.87,5.0,True,5.0,153.0,colton mckivitz,2017.0,0.0,0.0,0.0,1.0,0.0,0.0,1.0,,,,,,,,,,,,,,,,,,,,,,,,,,,,,,,,,,,,,,,,,,,,,,,
2020,josh metellus,S,Michigan,5-11,209.0,4.55,36.5,20.0,124.0,6.94,4.4,True,6.0,205.0,josh metellus,2019.0,5.0,0.0,0.0,41.0,0.0,4.0,74.0,0.0,0.0,1.0,0.0,2.0,0.0,0.0,,,,,,,,,,,,,,,,,,,,,,,,,,,,,,,,,,,,,,,,
2020,chris miller,S,Baylor,5-11,190.0,4.61,35.5,12.0,133.0,7.09,4.12,False,,,chris miller,2020.0,0.0,2.0,0.0,2.0,0.0,1.0,2.0,,,,,,,,,,,,,,,,,,,,,,,,,,,,,,,,,,,,,,,,,,,,,,,
2020,denzel mims,WR,Baylor,6-3,207.0,4.38,38.5,16.0,131.0,6.66,4.43,True,2.0,59.0,denzel mims,2019.0,0.0,0.0,0.0,2.0,0.0,0.0,2.0,2.0,1.0,0.0,,,,,,,,,,,,,,,,,,,,,,,,,,,,,,,,,,,46.0,66.0,12.0,1020.0,15.5,,,,,
2020,john molchon,OL,Boise State,6-5,309.0,5.13,34.0,26.0,109.0,7.85,4.73,False,,,john molchon,2019.0,0.0,0.0,0.0,1.0,0.0,0.0,1.0,,,,,,,,,,,,,,,,,,,,,,,,,,,,,,,,,,,,,,,,,,,,,,,
2020,jj molson,K,UCLA,5-11,182.0,,,,,,,False,,,jj molson,2019.0,0.0,0.0,0.0,2.0,0.0,0.0,2.0,,,,,,,,,,,,,14.0,8.0,49.0,0.571,64.0,40.0,40.0,,,,,,,,,,,,,,,,,,,,,,,,,,,,
2020,steven montez,QB,Colorado,6-4,231.0,4.68,33.0,,117.0,7.25,4.43,False,,,steven montez,2019.0,0.0,0.0,0.0,1.0,0.0,0.0,1.0,1.0,0.0,0.0,,,,,,,,,,,,,,,,,405.0,255.0,10.0,0.63,17.0,2808.0,6.9,,,,,,,,,,,,,,,,,65.0,20.0,3.0,153.0,2.4
2020,darnell mooney,WR,Tulane,5-10,176.0,4.38,37.0,9.0,124.0,,,True,5.0,173.0,darnell mooney,2019.0,0.0,0.0,0.0,1.0,0.0,0.0,1.0,,,,,,,,,,,,,,,,,,,,,,,,,,,,,,,,,,,,,,48.0,48.0,5.0,713.0,14.9,,,,,
2020,james morgan,QB,Florida International,6-4,229.0,4.89,29.0,,112.0,7.51,4.64,True,4.0,125.0,james morgan,2019.0,,,,,,,,7.0,3.0,0.0,,,,,,,,,,,,,,,,,357.0,207.0,5.0,0.58,14.0,2560.0,7.2,,,,,,,,,,,,,,,,,31.0,15.0,2.0,,
2020,thaddeus moss,TE,LSU,6-2,250.0,,,,,,,False,,,thaddeus moss,2019.0,,,,,,,,2.0,0.0,0.0,,,,,,,,,,,,,,,,,,,,,,,,,,,,,,,,,,,62.0,47.0,4.0,570.0,12.1,,,,,
2020,zack moss,RB,Utah,5-9,223.0,4.65,33.0,19.0,,,4.37,True,3.0,86.0,zack moss,2019.0,,,,,,,,1.0,1.0,0.0,,,,,,,,,,,,,,,,,,,,,,,,,,,,,,,,,,,69.0,28.0,2.0,388.0,13.9,235.0,91.0,15.0,1416.0,6.0
2020,larrell murchison,DL,North Carolina State,6-2,297.0,5.05,29.0,29.0,118.0,7.89,4.51,True,5.0,174.0,larrell murchison,2019.0,2.0,5.0,7.0,24.0,0.0,12.0,48.0,0.0,0.0,2.0,,,,,,,,,,,,,,,,,,,,,,,,,,,,,,,,,,,,,,,,,,,,
2020,kyle murphy,OL,Rhode Island,6-3,316.0,5.3,28.0,19.0,104.0,7.81,4.68,False,,,kyle murphy,,,,,,,,,,,,,,,,,,,,,,,,,,,,,,,,,,,,,,,,,,,,,,,,,,,,,,,
2020,kenneth murray,LB,Oklahoma,6-2,241.0,4.52,38.0,21.0,129.0,,,True,1.0,23.0,kenneth murray,2019.0,4.0,5.0,4.0,69.0,0.0,17.0,102.0,,,,,,,,,,,,,,,,,,,,,,,,,,,,,,,,,,,,,,,,,,,,,,,
2020,tanner muse,S,Clemson,6-2,227.0,4.41,34.5,20.0,124.0,,,True,3.0,100.0,tanner muse,2019.0,3.0,1.0,2.0,37.0,0.0,6.0,55.0,,,,3.3,4.0,0.0,13.0,,,,,,,,,,,,,,,,,,,,,,,,,,,,,,,,,,,,,,,,
2020,netane muti,OL,Fresno State,6-3,315.0,,,44.0,,,,True,6.0,181.0,netane muti,,,,,,,,,,,,,,,,,,,,,,,,,,,,,,,,,,,,,,,,,,,,,,,,,,,,,,,
2020,lucas niang,OL,TCU,6-6,315.0,,,,,,,True,3.0,96.0,lucas niang,2019.0,0.0,0.0,0.0,1.0,0.0,0.0,1.0,,,,,,,,,,,,,,,,,,,,,,,,,,,,,,,,,,,,,,,,,,,,,,,
2020,c.j. o'grady,TE,Arkansas,6-4,253.0,4.81,34.0,16.0,119.0,7.3,4.34,False,,,cj ogrady,,,,,,,,,,,,,,,,,,,,,,,,,,,,,,,,,,,,,,,,,,,,,,,,,,,,,,,
2020,michael ojemudia,CB,Iowa,6-1,200.0,4.45,36.0,,122.0,6.87,4.21,True,3.0,77.0,michael ojemudia,2019.0,9.0,0.0,0.0,41.0,0.0,1.0,52.0,0.0,0.0,1.0,4.0,3.0,0.0,12.0,,,,,,,,,,,,,,,,,,,,,,,,,,,,,,,,,,,,,,,,
2020,jeff okudah,CB,Ohio State,6-1,205.0,4.48,41.0,11.0,135.0,,,True,1.0,3.0,jeff okudah,,,,,,,,,,,,,,,,,,,,,,,,,,,,,,,,,,,,,,,,,,,,,,,,,,,,,,,
2020,julian okwara,DL,Notre Dame,6-4,252.0,,,27.0,,,,True,3.0,67.0,julian okwara,2019.0,0.0,7.0,4.0,8.0,0.0,6.0,18.0,0.0,0.0,1.0,,,,,,,,,,,,,,,,,,,,,,,,,,,,,,,,,,,,,,,,,,,,
2020,albert okwuegbunam,TE,Missouri,6-5,258.0,4.49,,,,,,True,4.0,118.0,albert okwuegbunam,2019.0,,,,,,,,,,,,,,,,,,,,,,,,,,,,,,,,,,,,,,,,,,,,,36.0,26.0,6.0,306.0,11.8,,,,,
2020,sewo olonilua,RB,TCU,6-3,232.0,4.66,36.0,25.0,123.0,,4.28,False,,,sewo olonilua,2019.0,,,,,,,,2.0,1.0,0.0,,,,,19.2,37.0,5.0,0.0,96.0,,,,,,,,,,,,,,,,,,,,,,,,,,19.0,24.0,1.0,114.0,4.8,134.0,35.0,8.0,537.0,4.0
2020,dante olson,LB,Montana,6-2,237.0,4.88,42.0,15.0,124.0,7.0,4.32,False,,,dante olson,2019.0,0.0,0.0,0.0,10.0,0.0,0.0,14.0,,,,,,,,,,,,,,,,,,,,,,,,,,,,,,,,,,,,,,,,,,,,,,,
2020,mike onwenu,OL,Michigan,6-3,344.0,,,26.0,,,,True,6.0,182.0,mike onwenu,,,,,,,,,,,,,,,,,,,,,,,,,,,,,,,,,,,,,,,,,,,,,,,,,,,,,,,
2020,k.j. osborn,WR,Miami,5-11,203.0,4.48,37.5,18.0,123.0,7.0,4.35,True,5.0,176.0,kj osborn,2019.0,,,,,,,,1.0,0.0,0.0,,,,,20.1,31.0,10.0,0.0,201.0,,,,,,,,,,,,,,,15.9,52.0,16.0,0.0,255.0,,,,,,,32.0,50.0,5.0,547.0,10.9,5.0,5.0,0.0,15.0,3.0
2020,aaron parker,WR,Rhode Island,6-2,209.0,4.57,26.5,12.0,112.0,6.94,4.23,False,,,aaron parker,2019.0,,,,,,,,,,,,,,,,,,,,,,,,,,,1.0,0.0,0.0,0.0,0.0,0.0,0.0,,,,,,,,,,,,38.0,14.0,1.0,208.0,14.9,1.0,0.0,0.0,0.0,0.0
2020,colby parkinson,TE,Stanford,6-7,252.0,4.77,32.5,18.0,109.0,7.15,4.46,True,4.0,133.0,colby parkinson,2019.0,0.0,0.0,0.0,2.0,0.0,0.0,2.0,,,,,,,,,,,,,,,,,,,,1.0,1.0,0.0,1.0,1.0,8.0,8.0,,,,,,,,,,,,36.0,48.0,1.0,589.0,12.3,,,,,
2020,dezmon patmon,WR,Washington State,6-4,225.0,4.48,36.0,15.0,132.0,7.28,4.38,True,6.0,212.0,dezmon patmon,2019.0,0.0,0.0,0.0,1.0,0.0,0.0,2.0,1.0,1.0,0.0,,,,,,,,,,,,,,,,,,,,,,,,,,,,,,,,,,,48.0,58.0,8.0,762.0,13.1,,,,,
2020,shea patterson,QB,Michigan,6-1,212.0,4.71,31.0,,116.0,7.14,4.5,False,,,shea patterson,2019.0,,,,,,,,12.0,5.0,0.0,,,,,,,,,,,,,,,,,381.0,214.0,8.0,0.562,23.0,3061.0,8.0,,,,,,,,,,,,,,,,,87.0,22.0,5.0,50.0,0.6
2020,matt peart,OL,Connecticut,6-7,318.0,5.06,30.0,26.0,113.0,8.01,4.92,True,3.0,99.0,matt peart,2019.0,0.0,0.0,0.0,0.0,0.0,0.0,1.0,,,,,,,,,,,,,,,,,,,,,,,,,,,,,,,,,,,,,,,,,,,,,,,
2020,alex pechin,P,Bucknell,6-1,213.0,4.69,34.0,13.0,,,,False,,,alex pechin,2019.0,,,,,,,,,,,,,,,,,,,,,,,,,,,,,,,,,,,,,,,0.0,65.0,8.0,0.0,413.0,51.6,,,,,,,,,,
2020,john penisini,DL,Utah,6-1,318.0,,25.5,23.0,,,4.93,True,6.0,197.0,john penisini,2019.0,1.0,0.0,2.0,9.0,0.0,7.0,38.0,,,,,,,,,,,,,,,,,,,,,,,,,,,,,,,,,,,,,,,,,,,,,,,
2020,donovan peoples-jones,WR,Michigan,6-2,212.0,4.48,44.5,,139.0,,,True,6.0,187.0,donovan peoplesjones,2019.0,0.0,0.0,0.0,1.0,0.0,0.0,1.0,2.0,1.0,0.0,,,,,,,,,,,,,,,,,,,,,,,,7.2,50.0,24.0,0.0,173.0,,,,,,,41.0,34.0,6.0,438.0,12.9,2.0,2.0,0.0,,
2020,la'mical perine,RB,Florida,5-11,216.0,4.62,35.0,22.0,118.0,7.13,4.31,True,4.0,120.0,lamical perine,2019.0,0.0,0.0,0.0,1.0,0.0,0.0,1.0,,,,,,,,,,,,,,,,,,,,1.0,0.0,0.0,0.0,0.0,0.0,0.0,,,,,,,,,,,,30.0,40.0,5.0,262.0,6.6,132.0,88.0,6.0,676.0,5.1
2020,malcolm perry,WR,Navy,5-9,186.0,4.63,36.0,10.0,122.0,7.12,4.31,True,7.0,246.0,malcolm perry,2019.0,,,,,,,,7.0,5.0,0.0,,,,,,,,,,,,,,,,,86.0,48.0,3.0,0.558,7.0,1084.0,12.6,,,,,,,,,,,,,,,,,295.0,70.0,21.0,2017.0,6.8
2020,jacob phillips,LB,LSU,6-3,229.0,4.66,39.0,,126.0,7.38,4.33,True,3.0,97.0,jacob phillips,2019.0,1.0,3.0,1.0,56.0,0.0,7.5,113.0,,,,,,,,,,,,,,,,,,,,,,,,,,,,,,,,,,,,,,,,,,,,,,,
2020,scottie phillips,RB,Mississippi,5-8,209.0,4.56,30.0,29.0,114.0,7.4,4.53,False,,,scottie phillips,2019.0,0.0,0.0,0.0,0.0,0.0,0.0,1.0,1.0,1.0,0.0,,,,,,,,,,,,,,,,,,,,,,,,,,,,,,,,,,,22.0,8.0,1.0,77.0,9.6,125.0,38.0,5.0,542.0,4.3
2020,tyre phillips,OL,Mississippi State,6-5,331.0,5.37,25.0,22.0,93.0,8.17,5.11,True,3.0,106.0,tyre phillips,,,,,,,,,,,,,,,,,,,,,,,,,,,,,,,,,,,,,,,,,,,,,,,,,,,,,,,
2020,james pierre,CB,Florida Atlantic,6-0,183.0,4.59,33.5,,123.0,7.02,,False,,,james pierre,2019.0,4.0,0.0,0.0,30.0,0.0,4.5,43.0,,,,11.0,3.0,0.0,33.0,,,,,,,,,,,,,,,,,,,,,,,,,,,,,,,,,,,,,,,,
2020,michael pinckney,LB,Miami,5-11,235.0,,,,,,,False,,,michael pinckney,2019.0,3.0,5.0,5.0,40.0,0.0,12.5,64.0,,,,,,,,,,,,,,,,,,,,,,,,,,,,,,,,,,,,,,,,,,,,,,,
2020,jared pinkney,TE,Vanderbilt,6-4,257.0,4.96,,23.0,,,,False,,,jared pinkney,2019.0,,,,,,,,,,,,,,,,,,,,,,,,,,,,,,,,,,,,,,,,,,,,,31.0,20.0,2.0,233.0,11.7,,,,,
2020,danny pinter,OL,Ball State,6-4,306.0,4.91,29.5,24.0,110.0,7.76,4.62,True,5.0,149.0,danny pinter,2019.0,0.0,0.0,0.0,1.0,0.0,0.0,1.0,,,,,,,,,,,,,,,,,,,,,,,,,,,,,,,,,,,,,,,,,,,1.0,5.0,1.0,5.0,5.0
2020,michael pittman,WR,USC,6-4,223.0,4.52,36.5,13.0,121.0,6.96,4.14,True,2.0,34.0,michael pittman,2019.0,0.0,0.0,0.0,3.0,0.0,0.0,3.0,1.0,1.0,0.0,,,,,,,,,,,,,,,,,,,,,,,,0.0,0.0,1.0,0.0,0.0,,,,,,,77.0,101.0,11.0,1275.0,12.6,,,,,
2020,troy pride,CB,Notre Dame,5-11,193.0,4.4,35.5,13.0,119.0,6.94,4.26,True,4.0,113.0,troy pride,2019.0,6.0,0.0,0.0,27.0,0.0,0.0,40.0,,,,39.0,1.0,0.0,39.0,,,,,,,,,,,,,,,,,,,,,,,,,,,,,,,,,,,,,,,,
2020,james proche,WR,SMU,5-11,201.0,,34.5,20.0,,7.27,4.4,True,6.0,201.0,james proche,2019.0,0.0,0.0,0.0,1.0,0.0,0.0,2.0,2.0,0.0,0.0,,,,,16.0,16.0,1.0,0.0,16.0,,,,,,,,2.0,0.0,0.0,0.0,0.0,0.0,0.0,9.6,20.0,17.0,0.0,164.0,,,,,,,52.0,111.0,15.0,1225.0,11.0,4.0,12.0,0.0,18.0,4.5
2020,shaquille quarterman,LB,Miami,6-0,234.0,4.74,31.0,23.0,120.0,,,True,4.0,140.0,shaquille quarterman,2019.0,5.0,7.0,1.0,51.0,0.0,15.5,107.0,0.0,0.0,2.0,,,,,,,,,,,,,,,,,,,,,,,,,,,,,,,,,,,,,,,,,,,,
2020,patrick queen,LB,LSU,6-0,229.0,4.5,35.0,18.0,125.0,,,True,1.0,28.0,patrick queen,2019.0,2.0,1.0,3.0,37.0,0.0,12.0,85.0,,,,16.0,1.0,0.0,16.0,,,,,,,,,,,,,,,,,,,,,,,,,,,,,,,,,,,,,,,,
2020,jalen reagor,WR,TCU,5-11,206.0,4.47,42.0,17.0,138.0,7.31,4.46,True,1.0,21.0,jalen reagor,2019.0,0.0,0.0,0.0,1.0,2.0,0.0,1.0,6.0,3.0,0.0,,,,,12.0,24.0,6.0,0.0,72.0,,,,,,,,,,,,,,,19.5,73.0,16.0,2.0,312.0,,,,,,,55.0,43.0,5.0,611.0,14.2,14.0,29.0,0.0,89.0,6.4
2020,joe reed,WR,Virginia,6-0,224.0,4.47,38.0,21.0,123.0,,,True,5.0,151.0,joe reed,2019.0,0.0,0.0,0.0,1.0,2.0,0.0,1.0,1.0,1.0,0.0,,,,,33.2,100.0,24.0,2.0,796.0,,,,,,,,,,,,,,,,,,,,,,,,,,43.0,77.0,7.0,679.0,8.8,8.0,22.0,0.0,42.0,5.3
2020,j.r. reed,S,Georgia,6-1,202.0,4.54,34.0,15.0,130.0,,,False,,,jr reed,2019.0,7.0,0.0,0.5,29.0,1.0,2.0,54.0,0.0,0.0,1.0,0.0,1.0,0.0,0.0,,,,,,,,,,,,,,,,,,,,,,,,,,,,,,,,,,,,,,,,
2020,john reid,CB,Penn State,5-10,187.0,4.49,36.5,20.0,129.0,6.95,3.97,True,4.0,141.0,john reid,2019.0,8.0,1.0,1.0,26.0,1.0,2.5,37.0,,,,30.5,2.0,1.0,61.0,,,,,,,,,,,,,,,,,,,,,,,,,,,,,,,,,,,,,,,,
2020,chauncey rivers,DL,Mississippi State,6-2,262.0,4.97,30.5,20.0,106.0,7.33,4.7,False,,,chauncey rivers,2019.0,3.0,4.0,5.0,24.0,0.0,8.0,43.0,,,,,,,,,,,,,,,,,,,,,,,,,,,,,,,,,,,,,,,,,,,,,,,
2020,malcolm roach,DL,Texas,6-2,297.0,4.84,30.0,20.0,114.0,,,False,,,malcolm roach,2019.0,1.0,3.0,3.0,24.0,0.0,9.0,40.0,,,,,,,,,,,,,,,,,,,,,,,,,,,,,,,,,,,,,,,,,,,,,,,
2020,amik robertson,CB,Louisiana Tech,5-8,187.0,,,,,,,True,4.0,139.0,amik robertson,2019.0,16.0,1.0,1.0,44.0,3.0,8.0,60.0,1.0,1.0,1.0,19.4,5.0,2.0,97.0,30.0,30.0,1.0,1.0,30.0,,,,,,,,,,,,,,,,0.0,2.0,0.0,,,,,,,,,,,,,,,,,
2020,alton robinson,DL,Syracuse,6-3,264.0,4.69,35.5,25.0,119.0,7.32,4.32,True,5.0,148.0,alton robinson,2019.0,3.0,10.0,4.5,23.0,0.0,9.5,46.0,,,,,,,,,,,,,,,,,,,,,,,,,,,,,,,,,,,,,,,,,,,,,,,
2020,james robinson,RB,Illinois State,5-9,219.0,4.64,40.0,24.0,125.0,7.03,4.19,False,,,james robinson,2019.0,,,,,,,,,,,,,,,,,,,,,,,,,,,,,,,,,,,,,,,,,,,,,12.0,2.0,0.0,10.0,5.0,13.0,18.0,0.0,16.0,1.2
2020,kendrick rogers,WR,Texas A&M,6-4,208.0,4.51,35.5,17.0,124.0,7.13,4.48,False,,,kendrick rogers,2019.0,0.0,0.0,0.0,1.0,0.0,0.0,1.0,1.0,1.0,0.0,,,,,,,,,,,,,,,,,,,,,,,,,,,,,,,,,,,23.0,30.0,2.0,351.0,11.7,,,,,
2020,cesar ruiz,OL,Michigan,6-3,307.0,5.08,33.0,28.0,113.0,7.91,4.64,True,1.0,24.0,cesar ruiz,2018.0,0.0,0.0,0.0,1.0,0.0,0.0,1.0,,,,,,,,,,,,,,,,,,,,,,,,,,,,,,,,,,,,,,,,,,,,,,,
2020,jon runyan,OL,Michigan,6-4,306.0,5.08,30.5,24.0,107.0,7.57,4.69,True,6.0,192.0,jon runyan,2019.0,,,,,,,,1.0,0.0,0.0,,,,,,,,,,,,,,,,,,,,,,,,,,,,,,,,,,,,,,,,1.0,0.0,0.0,,
2020,chapelle russell,LB,Temple,6-2,236.0,4.69,35.0,21.0,121.0,7.38,4.41,True,7.0,241.0,chapelle russell,2019.0,3.0,2.0,0.0,48.0,0.0,8.5,72.0,,,,,,,,,,,,,,,,,,,,,,,,,,,,,,,,,,,,,,,,,,,,,,,
2020,stanford samuels,CB,Florida State,6-1,187.0,4.65,,,,,,False,,,stanford samuels,2019.0,7.0,0.0,0.0,37.0,0.0,1.5,60.0,,,,3.5,2.0,0.0,7.0,,,,,,,,,,,,,,,,,,,,,,,,,,,,,,,,,,,,,,,,
2020,josiah scott,CB,Michigan State,5-9,185.0,4.42,,17.0,,,,True,4.0,137.0,josiah scott,2019.0,7.0,0.0,0.0,38.0,0.0,0.0,55.0,0.0,0.0,1.0,11.3,3.0,0.0,34.0,,,,,,,,,,,,,,,,,,,,,,,,,,,,,,,,,,,,,,,,
2020,qaadir sheppard,DL,Mississippi,6-3,261.0,4.83,31.5,28.0,115.0,,,False,,,qaadir sheppard,2019.0,1.0,7.0,0.0,9.0,0.0,2.0,25.0,0.0,0.0,1.0,,,,,,,,,,,,,,,,,,,,,,,,,,,,,,,,,,,,,,,,,,,,
2020,isaiah simmons,LB,Clemson,6-4,238.0,4.39,39.0,,132.0,,,True,1.0,8.0,isaiah simmons,2019.0,8.0,5.0,8.0,67.0,0.0,16.5,104.0,0.0,0.0,1.0,14.0,3.0,0.0,42.0,,,,,,,,,,,,,,,,,,,,,,,,,,,,,,,,,,,,,,,,
2020,john simpson,OL,Clemson,6-4,321.0,5.24,30.0,34.0,107.0,8.03,4.87,True,4.0,109.0,john simpson,2019.0,,,,,,,,,,,,,,,,,,,,,,,,,,,,,,,,,,,,,,,,,,,,,,,,,,1.0,1.0,1.0,1.0,1.0
2020,arryn siposs,P,Auburn,6-2,213.0,5.09,,,,,,False,,,arryn siposs,2019.0,,,,,,,,,,,,,,,,,,,,,,,,,,,1.0,0.0,0.0,0.0,0.0,0.0,0.0,,,,,,8.0,55.0,61.0,3.0,2674.0,43.8,,,,,,,,,,
2020,james smith-williams,DL,North Carolina State,6-4,265.0,4.6,32.0,28.0,123.0,7.35,4.52,True,7.0,229.0,james smithwilliams,2019.0,0.0,7.0,1.0,9.0,0.0,1.0,20.0,,,,,,,,,,,,,,,,,,,,,,,,,,,,,,,,,,,,,,,,,,,,,,,
2020,l'jarius sneed,S,Louisiana Tech,6-0,192.0,4.37,41.0,12.0,131.0,,,True,4.0,138.0,ljarius sneed,2019.0,6.0,0.0,0.0,43.0,1.0,3.5,73.0,,,,22.7,3.0,1.0,68.0,,,,,,,,,,,,,,,,,,,,,,,,,,,,,,,,,,,,,,,,
2020,nate stanley,QB,Iowa,6-4,235.0,4.81,28.5,,108.0,7.26,4.48,True,7.0,244.0,nate stanley,,,,,,,,,,,,,,,,,,,,,,,,,,,,,,,,,,,,,,,,,,,,,,,,,,,,,,,
2020,terence steele,OL,Texas Tech,6-6,312.0,5.03,27.5,27.0,106.0,,5.08,False,,,terence steele,2018.0,0.0,0.0,0.0,1.0,0.0,0.0,1.0,,,,,,,,,,,,,,,,,,,,,,,,,,,,,,,,,,,,,,,,,,,,,,,
2020,logan stenberg,OL,Kentucky,6-6,317.0,5.3,26.0,,104.0,8.0,4.83,True,4.0,121.0,logan stenberg,2018.0,0.0,0.0,0.0,1.0,0.0,0.0,2.0,,,,,,,,,,,,,,,,,,,,,,,,,,,,,,,,,,,,,,,,,,,,,,,
2020,simon stepaniak,OL,Indiana,6-4,313.0,,,37.0,,,,True,6.0,209.0,simon stepaniak,2018.0,0.0,0.0,0.0,1.0,0.0,0.0,1.0,,,,,,,,,,,,,,,,,,,,,,,,,,,,,,,,,,,,,,,,,,,,,,,
2020,darrell stewart,WR,Michigan State,6-0,212.0,,35.0,15.0,117.0,,,False,,,darrell stewart,2019.0,0.0,0.0,0.0,1.0,0.0,0.0,1.0,,,,,,,,19.4,31.0,9.0,0.0,175.0,,,,,,,,1.0,1.0,0.0,1.0,0.0,17.0,17.0,,,,,,,,,,,,44.0,49.0,4.0,697.0,14.2,2.0,0.0,0.0,,
2020,geno stone,S,Iowa,5-10,207.0,4.62,33.5,12.0,116.0,,,True,7.0,219.0,geno stone,2019.0,4.0,2.0,1.0,46.0,0.0,3.0,70.0,,,,0.0,1.0,0.0,0.0,,,,,,,,,,,,,,,,,,,,8.0,8.0,1.0,0.0,8.0,,,,,,,,,,,,,,,,
2020,justin strnad,LB,Wake Forest,6-3,238.0,4.74,29.0,,113.0,,4.49,True,5.0,178.0,justin strnad,2019.0,4.0,1.0,2.0,38.0,0.0,5.5,69.0,,,,0.0,1.0,0.0,0.0,,,,,,,,,,,,,,,,,,,,,,,,,,,,,,,,,,,,,,,,
2020,jason strowbridge,DL,North Carolina,6-4,275.0,4.89,31.0,26.0,113.0,7.45,4.37,True,5.0,154.0,jason strowbridge,2019.0,1.0,4.0,3.0,27.0,0.0,6.5,45.0,0.0,0.0,3.0,,,,,,,,,,,,,,,,,,,,,,,,,,,,,,,,,,,,,,,,,,,,
2020,stephen sullivan,TE,LSU,6-5,248.0,4.66,36.5,,123.0,7.51,4.62,True,7.0,251.0,stephen sullivan,2019.0,0.0,0.0,0.0,1.0,0.0,0.0,1.0,,,,,,,,,,,,,,,,,,,,,,,,,,,,,,,,,,,,,,30.0,12.0,0.0,130.0,10.8,,,,,
2020,freddie swain,WR,Florida,6-0,197.0,4.46,36.5,16.0,124.0,7.05,4.26,True,6.0,214.0,freddie swain,2019.0,0.0,0.0,0.0,2.0,0.0,0.0,2.0,1.0,0.0,0.0,,,,,13.0,23.0,3.0,0.0,39.0,,,,,,,,,,,,,,,4.0,10.0,14.0,0.0,56.0,,,,,,,64.0,38.0,7.0,517.0,13.6,4.0,10.0,0.0,27.0,6.8
2020,d'andre swift,RB,Georgia,5-8,212.0,4.48,35.5,,121.0,,,True,2.0,35.0,dandre swift,2019.0,0.0,1.0,0.0,1.0,0.0,0.0,1.0,3.0,2.0,0.0,,,,,8.0,12.0,2.0,0.0,16.0,,,,,,,,,,,,,,,,,,,,,,,,,,48.0,24.0,1.0,216.0,9.0,196.0,47.0,7.0,1218.0,6.2
2020,tua tagovailoa,QB,Alabama,6-0,217.0,,,,,,,True,1.0,5.0,tua tagovailoa,2019.0,,,,,,,,1.0,1.0,0.0,,,,,,,,,,,,,,,,,252.0,180.0,3.0,0.714,33.0,2840.0,11.3,,,,,,,,,,,,,,,,,23.0,25.0,2.0,17.0,0.7
2020,charlie taumoepeau,TE,Portland State,6-2,240.0,4.75,36.5,18.0,121.0,7.0,4.27,False,,,charlie taumoepeau,2019.0,,,,,,,,,,,,,,,,,,,,,,,,,,,,,,,,,,,,,,,,,,,,,32.0,4.0,1.0,56.0,14.0,,,,,
2020,alex taylor,OL,South Carolina State,6-8,308.0,5.09,25.0,21.0,116.0,7.77,4.79,False,,,alex taylor,2009.0,,,,,,,,,,,,,,,,,,,,,,,,,,,,,,,,,,,,,,,,,,,,,26.0,35.0,0.0,367.0,10.5,,,,,
2020,darrell taylor,LB,Tennessee,6-4,267.0,,,,,,,True,2.0,48.0,darrell taylor,2019.0,4.0,6.0,8.5,28.0,0.0,10.0,46.0,0.0,0.0,1.0,,,,,,,,,,,,,,,,,,,,,,,,,,,,,,,,,,,,,,,,,,,,
2020,davion taylor,LB,Colorado,6-0,228.0,4.49,35.0,21.0,127.0,6.96,4.26,True,3.0,103.0,davion taylor,2019.0,4.0,1.0,1.0,55.0,0.0,8.0,64.0,0.0,0.0,1.0,,,,,,,,,,,,,,,,,,,,,,,,,,,,,,,,,,,,,,,,,,,,
2020,j.j. taylor,RB,Arizona,5-5,185.0,4.61,34.5,19.0,118.0,7.0,4.15,False,,,jj taylor,2019.0,,,,,,,,,,,,,,,22.4,47.0,20.0,0.0,448.0,,,,,,,,,,,,,,,,,,,,,,,,,,28.0,32.0,0.0,289.0,9.0,148.0,40.0,5.0,721.0,4.9
2020,jonathan taylor,RB,Wisconsin,5-10,226.0,4.39,36.0,17.0,123.0,7.01,4.24,True,2.0,41.0,jonathan taylor,2019.0,,,,,,,,6.0,5.0,0.0,,,,,,,,,,,,,,,,,,,,,,,,,,,,,,,,,,,36.0,26.0,5.0,252.0,9.7,320.0,72.0,21.0,2003.0,6.3
2020,patrick taylor,RB,Memphis,6-1,217.0,4.57,34.0,15.0,123.0,,4.34,False,,,patrick taylor,2019.0,,,,,,,,2.0,0.0,0.0,,,,,,,,,,,,,,,,,1.0,0.0,0.0,0.0,0.0,0.0,0.0,,,,,,,,,,,,22.0,8.0,0.0,52.0,6.5,78.0,21.0,5.0,350.0,4.5
2020,a.j. terrell,CB,Clemson,6-1,195.0,4.42,34.5,15.0,129.0,,,True,1.0,16.0,aj terrell,2019.0,3.0,2.0,0.5,24.0,0.0,0.5,34.0,,,,32.5,2.0,0.0,65.0,,,,,,,,,,,,,,,,,,,,,,,,,,,,,,,,,,,,,,,,
2020,andrew thomas,OL,Georgia,6-5,315.0,5.22,30.5,21.0,109.0,7.58,4.66,True,1.0,4.0,andrew thomas,,,,,,,,,,,,,,,,,,,,,,,,,,,,,,,,,,,,,,,,,,,,,,,,,,,,,,,
2020,daniel thomas,S,Auburn,5-10,215.0,4.51,37.0,24.0,125.0,,,True,5.0,157.0,daniel thomas,2019.0,1.0,0.0,0.0,47.0,0.0,5.5,74.0,0.0,0.0,1.0,,,,,,,,,,,,,,,,,,,,,,,,,,,,,,,,,,,,,,,,,,,,
2020,jeff thomas,WR,Miami,5-9,170.0,4.45,36.5,,125.0,,,False,,,jeff thomas,2019.0,,,,,,,,2.0,1.0,0.0,,,,,22.3,37.0,12.0,0.0,268.0,,,,,,,,,,,,,,,8.8,29.0,5.0,0.0,44.0,,,,,,,39.0,31.0,3.0,379.0,12.2,7.0,16.0,0.0,41.0,5.9
2020,stantley thomas-oliver,CB,Florida International,6-0,192.0,4.48,34.0,,127.0,,,True,7.0,221.0,stantley thomasoliver,2019.0,8.0,0.0,2.0,42.0,0.0,4.0,54.0,,,,23.0,1.0,0.0,23.0,,,,,,,,,,,,,,,,,,,,,,,,,,,,,,,,,,,,,,,,
2020,calvin throckmorton,OL,Oregon,6-5,317.0,5.57,27.0,23.0,97.0,8.07,4.98,False,,,calvin throckmorton,2019.0,0.0,0.0,0.0,1.0,0.0,0.0,1.0,,,,,,,,,,,,,,,,,,,,,,,,,,,,,,,,,,,,,,,,,,,,,,,
2020,casey toohill,LB,Stanford,6-4,250.0,4.62,39.0,17.0,126.0,7.08,4.21,True,7.0,233.0,casey toohill,2019.0,1.0,10.0,8.0,37.0,0.0,11.5,57.0,,,,,,,,,,,,,,,,,,,,,,,,,,,,,,,,,,,,,,,,,,,,,,,
2020,tommy townsend,P,Florida,6-1,191.0,4.75,,,,,,False,,,tommy townsend,2019.0,,,,,,,,,,,,,,,,,,,,,,,,,,,,,,,,,,,,,,,7.0,71.0,42.0,1.0,1847.0,44.0,,,,,,3.0,6.0,0.0,5.0,1.7
2020,adam trautman,TE,Dayton,6-5,255.0,4.8,34.5,18.0,114.0,6.78,4.27,True,3.0,105.0,adam trautman,,,,,,,,,,,,,,,,,,,,,,,,,,,,,,,,,,,,,,,,,,,,,,,,,,,,,,,
2020,michael turk,P,Arizona State,6-0,226.0,4.79,34.5,25.0,108.0,,4.72,False,,,michael turk,2022.0,0.0,0.0,0.0,0.0,0.0,0.0,1.0,,,,,,,,,,,,,,,,,,,,3.0,2.0,0.0,0.667,1.0,5.0,1.7,,,,,,22.0,67.0,63.0,10.0,2948.0,46.8,,,,,,,,,,
2020,derrek tuszka,DL,North Dakota State,6-4,251.0,4.79,33.5,24.0,120.0,6.87,4.34,True,7.0,254.0,derrek tuszka,,,,,,,,,,,,,,,,,,,,,,,,,,,,,,,,,,,,,,,,,,,,,,,,,,,,,,,
2020,josh uche,LB,Michigan,6-1,245.0,,,18.0,,,,True,2.0,60.0,josh uche,2019.0,2.0,8.0,8.5,23.0,0.0,11.5,35.0,0.0,0.0,1.0,,,,,,,,,,,,,,,,,,,,,,,,,,,,,,,,,,,,,,,,,,,,
2020,ke'shawn vaughn,RB,Vanderbilt,5-10,214.0,4.51,32.0,,117.0,,,True,3.0,76.0,keshawn vaughn,2019.0,,,,,,,,2.0,0.0,0.0,,,,,,,,,,,,,,,,,,,,,,,,,,,,,,,,,,,61.0,28.0,1.0,270.0,9.6,198.0,75.0,9.0,1028.0,5.2
2020,ben victor,WR,Ohio State,6-4,198.0,4.6,35.0,9.0,128.0,7.1,,False,,,ben victor,,,,,,,,,,,,,,,,,,,,,,,,,,,,,,,,,,,,,,,,,,,,,,,,,,,,,,,
2020,kindle vildor,CB,Georgia Southern,5-10,191.0,4.44,39.5,22.0,133.0,7.14,4.28,True,5.0,163.0,kindle vildor,2019.0,6.0,0.0,0.0,23.0,0.0,3.0,27.0,,,,,2.0,0.0,,,,,,,,,,,,,,,,,,,,,,,,,,,,,,,,,,,,,,,,,
2020,mykal walker,LB,Fresno State,6-3,230.0,4.65,33.0,20.0,122.0,7.09,4.25,True,4.0,119.0,mykal walker,2019.0,4.0,3.0,2.5,56.0,0.0,9.0,96.0,0.0,0.0,1.0,,,,,,,,,,,,,,,,,,,,,,,,,,,,,,,,,,,,,,,,,,,,
2020,k'von wallace,S,Clemson,5-11,206.0,4.53,38.0,18.0,133.0,6.76,4.15,True,4.0,127.0,kvon wallace,2019.0,10.0,1.0,2.0,47.0,1.0,3.0,72.0,,,,33.0,2.0,1.0,66.0,,,,,,,,,,,,,,,,,,,,,,,,,,,,,,,,,,,,,,,,
2020,prince tega wanogho,OL,Auburn,6-5,308.0,,,,,,,True,6.0,210.0,prince tega wanogho,2018.0,,,,,,,,,,,,,,,,,,,,,,,,,,,,,,,,,,,,,,,,,,,,,0.0,1.0,0.0,0.0,0.0,,,,,
2020,mike warren,RB,Cincinnati,5-9,226.0,,,16.0,,,,False,,,mike warren,2017.0,,,,,,,,,,,,,,,20.7,35.0,9.0,0.0,186.0,,,,,,,,,,,,,,,,,,,,,,,,,,0.0,1.0,0.0,0.0,0.0,34.0,11.0,1.0,105.0,3.1
2020,broderick washington,DL,Texas Tech,6-2,305.0,,,23.0,,,,True,5.0,170.0,broderick washington,2019.0,2.0,7.0,2.5,24.0,0.0,5.5,39.0,0.0,0.0,1.0,,,,,,,,,,,,,,,,,,,,,,,,,,,,,,,,,,,,,,,,,,,,
2020,quez watkins,WR,Southern Miss,6-0,185.0,4.35,36.5,,125.0,7.28,4.36,True,6.0,200.0,quez watkins,2019.0,0.0,0.0,0.0,2.0,0.0,0.0,2.0,3.0,2.0,0.0,,,,,21.5,46.0,4.0,0.0,86.0,,,,,,,,,,,,,,,7.3,12.0,3.0,0.0,22.0,,,,,,,77.0,64.0,6.0,1178.0,18.4,1.0,1.0,0.0,1.0,1.0
2020,curtis weaver,LB,Boise State,6-2,265.0,,32.5,,116.0,7.0,4.27,True,5.0,164.0,curtis weaver,2019.0,3.0,4.0,13.5,32.0,0.0,19.5,52.0,,,,0.0,1.0,0.0,0.0,,,,,,,,,,,,,,,,,,,,,,,,,,,,,,,,,,,,,,,,
2020,evan weaver,LB,California,6-2,237.0,4.76,32.0,15.0,117.0,7.02,4.21,True,6.0,202.0,evan weaver,2019.0,3.0,5.0,2.5,103.0,0.0,11.5,181.0,,,,,,,,,,,,,,,,,,,,,,,,,,,,,,,,,,,,,,,,,,,,,,,
2020,cody white,WR,Michigan State,6-3,217.0,4.66,35.5,,120.0,7.19,4.52,False,,,cody white,2019.0,,,,,,,,3.0,2.0,0.0,,,,,,,,,,,,,,,,,3.0,0.0,0.0,0.0,0.0,0.0,0.0,5.0,10.0,8.0,0.0,40.0,,,,,,,49.0,66.0,6.0,922.0,14.0,6.0,13.0,0.0,22.0,3.7
2020,mitchell wilcox,TE,South Florida,6-3,247.0,4.88,31.0,,112.0,7.37,4.43,False,,,mitchell wilcox,2019.0,0.0,0.0,0.0,2.0,0.0,0.0,3.0,,,,,,,,,,,,,,,,,,,,,,,,,,,,,,,,,,,,,,54.0,28.0,5.0,350.0,12.5,,,,,
2020,kenny willekes,DL,Michigan State,6-3,264.0,4.87,32.5,32.0,119.0,7.39,,True,7.0,225.0,kenny willekes,2019.0,0.0,16.0,10.5,32.0,0.0,16.0,78.0,0.0,0.0,2.0,,,,,,,,,,,,,,,,,,,,,,,,,,,,,,,,,,,,,,,,,,,,
2020,darryl williams,OL,Mississippi State,6-2,304.0,5.23,25.5,23.0,102.0,7.88,4.76,False,,,darryl williams,2019.0,,,,,,,,0.0,0.0,1.0,,,,,,,,,,,,,,,,,,,,,,,,,,,,,,,,,,,,,,,,,,,,
2020,raequan williams,DL,Michigan State,6-4,308.0,5.04,25.5,17.0,101.0,7.72,4.78,False,,,raequan williams,2019.0,2.0,7.0,5.0,17.0,0.0,7.5,48.0,,,,,,,,,,,,,,,,,,,,,,,,,,,,,,,,,,,,,,,,,,,,,,,
2020,jedrick wills,OL,Alabama,6-4,312.0,5.05,34.5,,113.0,,4.84,True,1.0,10.0,jedrick wills,,,,,,,,,,,,,,,,,,,,,,,,,,,,,,,,,,,,,,,,,,,,,,,,,,,,,,,
2020,isaiah wilson,OL,Georgia,6-6,350.0,5.32,29.0,26.0,110.0,8.26,5.07,True,1.0,29.0,isaiah wilson,,,,,,,,,,,,,,,,,,,,,,,,,,,,,,,,,,,,,,,,,,,,,,,,,,,,,,,
2020,logan wilson,LB,Wyoming,6-2,241.0,4.63,32.0,21.0,121.0,7.07,4.27,True,3.0,65.0,logan wilson,2019.0,7.0,2.0,1.0,62.0,1.0,8.5,105.0,,,,11.8,4.0,1.0,47.0,,,,,,,,,,,,,,,,,,,,,,,,,,,,,,,,,,,,,,,,
2020,rob windsor,DL,Penn State,6-4,290.0,4.9,28.5,21.0,111.0,7.47,4.44,True,6.0,193.0,rob windsor,,,,,,,,,,,,,,,,,,,,,,,,,,,,,,,,,,,,,,,,,,,,,,,,,,,,,,,
2020,tristan wirfs,OL,Iowa,6-5,320.0,4.85,36.5,24.0,121.0,7.65,4.68,True,1.0,13.0,tristan wirfs,2018.0,0.0,0.0,0.0,1.0,0.0,0.0,1.0,,,,,,,,,,,,,,,,,,,,,,,,,,,,,,,,,,,,,,,,,,,,,,,
2020,steven wirtel,LS,Iowa State,6-4,235.0,4.76,26.0,,120.0,7.12,4.28,False,,,steven wirtel,,,,,,,,,,,,,,,,,,,,,,,,,,,,,,,,,,,,,,,,,,,,,,,,,,,,,,,
2020,charlie woerner,TE,Georgia,6-5,244.0,4.78,34.5,21.0,120.0,7.18,4.46,True,6.0,190.0,charlie woerner,2019.0,0.0,0.0,0.0,2.0,0.0,0.0,2.0,1.0,0.0,0.0,,,,,,,,,,,,,,,,,,,,,,,,,,,,,,,,,,,20.0,9.0,1.0,78.0,8.7,,,,,
2020,d.j. wonnum,DL,South Carolina,6-5,258.0,4.73,34.5,20.0,123.0,7.25,4.44,True,4.0,117.0,dj wonnum,2019.0,0.0,3.0,4.5,24.0,0.0,9.5,37.0,,,,21.0,1.0,0.0,21.0,,,,,,,,,,,,,,,,,,,,,,,,,,,,,,,,,,,,,,,,
2020,dom wood-anderson,TE,Tennessee,6-4,261.0,4.92,35.0,,119.0,,,False,,,dom woodanderson,,,,,,,,,,,,,,,,,,,,,,,,,,,,,,,,,,,,,,,,,,,,,,,,,,,,,,,
2020,david woodward,LB,Utah State,6-2,230.0,4.79,33.5,16.0,114.0,7.34,4.37,False,,,david woodward,2019.0,2.0,0.0,2.0,53.0,1.0,5.0,93.0,0.0,0.0,1.0,,,,,,,,,,,,,,,,,,,,,,,,,,,,,,,,,,,,,,,,,,,,
2020,chase young,DL,Ohio State,6-5,264.0,,,,,,,True,1.0,2.0,chase young,2019.0,3.0,7.0,16.5,32.0,0.0,21.0,46.0,,,,,,,,,,,,,,,,,,,,,,,,,,,,,,,,,,,,,,,,,,,,,,,
2020,jabari zuniga,DL,Florida,6-3,264.0,4.64,33.0,29.0,127.0,,,True,3.0,79.0,jabari zuniga,2019.0,0.0,1.0,3.0,7.0,0.0,7.0,14.0,,,,,,,,,,,,,,,,,,,,,,,,,,,,,,,,,,,,,,,,,,,,,,,
2021,jonathan adams,WR,Arkansas St.,6-2,210.0,4.59,39.0,,132.0,7.04,4.38,False,,,jonathan adams,2020.0,0.0,0.0,0.0,1.0,0.0,0.0,1.0,,,,,,,,,,,,,,,,,,,,,,,,,,,,,,,,,,,,,,52.0,79.0,12.0,1111.0,14.1,,,,,
2021,paulson adebo,CB,Stanford,6-1,198.0,4.45,36.5,18.0,121.0,6.69,4.13,True,3.0,76.0,paulson adebo,2019.0,10.0,0.0,0.0,23.0,0.0,0.0,33.0,,,,1.0,4.0,0.0,4.0,,,,,,,,,,,,,,,,,,,,,,,,,,,,,,,,,,,,,,,,
2021,giles amos,TE,Arkansas St.,6-3,250.0,5.14,28.5,,111.0,7.65,5.13,False,,,giles amos,2020.0,0.0,0.0,0.0,0.0,0.0,0.0,1.0,,,,,,,,,,,,,,,,,,,,,,,,,,,,,,,,,,,,,,65.0,15.0,2.0,196.0,13.1,,,,,
2021,zayne anderson,LB,BYU,,,4.46,34.0,11.0,120.0,6.78,4.22,False,,,zayne anderson,2020.0,2.0,0.0,0.0,24.0,0.0,0.0,41.0,,,,,,,,,,,,,,,,,,,,,,,,,,,,,,,,,,,,,,,,,,,,,,,
2021,otis anderson,RB,Central Florida,5-7,179.0,4.63,36.0,11.0,113.0,7.04,4.38,False,,,otis anderson,2020.0,0.0,0.0,0.0,1.0,0.0,0.0,1.0,2.0,2.0,0.0,,,,,,,,,,,,,,,,,,,,,,,,7.7,14.0,3.0,0.0,23.0,,,,,,,12.0,14.0,0.0,79.0,5.6,125.0,49.0,4.0,687.0,5.5
2021,jack anderson,OL,Texas Tech,6-4,314.0,5.28,29.5,27.0,105.0,7.9,4.83,True,7.0,236.0,jack anderson,2017.0,,,,,,,,,,,,,,,,,,,,,,,,,,,,,,,,,,,,,,,,,,,,,2.0,1.0,0.0,2.0,2.0,,,,,
2021,dan archibong,DT,Temple,6-5,295.0,5.35,28.5,28.0,100.0,8.16,4.68,False,,,dan archibong,2020.0,0.0,1.0,2.0,12.0,0.0,3.5,21.0,0.0,0.0,1.0,,,,,,,,,,,,,,,,,,,,,,,,,,,,,,,,,,,,,,,,,,,,
2021,calvin ashley,OL,Florida A&M,6-6,314.0,5.49,29.0,15.0,105.0,7.0,5.1,False,,,calvin ashley,,,,,,,,,,,,,,,,,,,,,,,,,,,,,,,,,,,,,,,,,,,,,,,,,,,,,,,
2021,jaytlin askew,DB,Georgia Tech,5-8,180.0,4.51,35.5,18.0,125.0,7.1,4.31,False,,,jaytlin askew,2020.0,0.0,0.0,0.0,1.0,0.0,1.0,1.0,,,,,,,,,,,,,,,,,,,,,,,,,,,,,,,,,,,,,,,,,,,,,,,
2021,tutu atwell,WR,Louisville,5-8,155.0,4.42,33.0,,117.0,6.89,4.14,True,2.0,57.0,tutu atwell,,,,,,,,,,,,,,,,,,,,,,,,,,,,,,,,,,,,,,,,,,,,,,,,,,,,,,,
2021,kayode awosika,OL,Buffalo,6-3,307.0,5.19,30.0,28.0,100.0,8.15,4.91,False,,,kayode awosika,2019.0,0.0,0.0,0.0,1.0,0.0,0.0,1.0,,,,,,,,,,,,,,,,,,,,,,,,,,,,,,,,,,,,,,,,,,,,,,,
2021,kawaan baker,WR,South Alabama,6-0,210.0,4.44,39.5,21.0,129.0,7.42,4.41,False,,,kawaan baker,2020.0,0.0,0.0,0.0,2.0,0.0,0.0,2.0,1.0,0.0,0.0,,,,,16.5,25.0,16.0,0.0,264.0,,,,,,,,,,,,,,,,,,,,,,,,,,80.0,50.0,8.0,656.0,13.1,13.0,12.0,0.0,42.0,3.2
2021,josh ball,OL,Marshall,6-7,308.0,5.2,27.5,28.0,106.0,7.77,4.7,True,4.0,138.0,josh ball,,,,,,,,,,,,,,,,,,,,,,,,,,,,,,,,,,,,,,,,,,,,,,,,,,,,,,,
2021,aaron banks,OL,Notre Dame,6-5,325.0,5.32,31.0,24.0,100.0,7.69,4.89,True,2.0,48.0,aaron banks,2021.0,0.0,0.0,0.0,4.0,0.0,0.0,7.0,,,,5.0,1.0,0.0,5.0,,,,,,,,,,,,,,,,,,,,,,,,,,,,,,,,,,,,,,,,
2021,cole banwart,OL,Iowa,6-1,298.0,5.12,27.5,22.0,103.0,7.5,4.7,False,,,cole banwart,,,,,,,,,,,,,,,,,,,,,,,,,,,,,,,,,,,,,,,,,,,,,,,,,,,,,,,
2021,christian barmore,DL,Alabama,6-4,310.0,4.93,,,,,,True,2.0,38.0,christian barmore,2020.0,3.0,5.0,6.0,20.0,0.0,7.5,34.0,,,,,,,,,,,,,,,,,,,,,,,,,,,,,,,,,,,,,,,,,,,,,,,
2021,derrick barnes,DE,Purdue,6-0,238.0,4.57,37.0,29.0,119.0,,4.27,True,4.0,113.0,derrick barnes,2020.0,1.0,2.0,0.0,40.0,0.0,5.5,54.0,,,,9.0,1.0,0.0,9.0,,,,,,,,,,,,,,,,,,,,,,,,,,,,,,,,,,,,,,,,
2021,carlos basham,DL,Wake Forest,6-3,274.0,4.64,34.0,20.0,122.0,7.13,4.25,True,2.0,61.0,carlos basham,2020.0,1.0,2.0,5.0,20.0,0.0,5.5,28.0,,,,,,,,,,,,,,,,,,,,,,,,,,,,,,,,,,,,,,,,,,,,,,,
2021,rashod bateman,WR,Minnesota,6-0,190.0,4.39,36.0,,123.0,,,True,1.0,27.0,rashod bateman,2020.0,,,,,,,,,,,,,,,,,,,,,,,,,,,,,,,,,,,,,,,,,,,,,39.0,36.0,2.0,472.0,13.1,,,,,
2021,john bates,TE,Boise St.,6-5,250.0,4.84,31.5,19.0,120.0,6.85,4.35,False,,,john bates,2020.0,,,,,,,,,,,,,,,,,,,,,,,,,,,,,,,,,,,,,,,,,,,,,28.0,12.0,0.0,117.0,9.8,,,,,
2021,adam bay,LS,Wisconsin,5-11,240.0,5.27,26.0,14.0,100.0,7.65,4.56,False,,,adam bay,2020.0,0.0,0.0,0.0,1.0,0.0,0.0,1.0,0.0,0.0,1.0,,,,,,,,,,,,,,,,,,,,,,,,,,,,,,,,,,,,,,,,,,,,
2021,tavante beckett,LB,Marshall,5-10,220.0,4.78,31.0,18.0,106.0,7.34,4.58,False,,,tavante beckett,2020.0,1.0,6.0,1.5,27.0,1.0,5.5,82.0,0.0,0.0,6.0,,,,,,,,,,,,,,,,,,,,,,,,,,,,,,,,,,,,,,,,,,,,
2021,chase behrndt,OL,West Virginia,6-3,324.0,5.55,24.5,25.0,101.0,8.21,4.93,False,,,chase behrndt,,,,,,,,,,,,,,,,,,,,,,,,,,,,,,,,,,,,,,,,,,,,,,,,,,,,,,,
2021,shaun beyer,TE,Iowa,6-4,250.0,4.78,31.5,,119.0,,4.2,False,,,shaun beyer,2020.0,,,,,,,,,,,,,,,,,,,,,,,,,,,,,,,,,,,,,,,,,,,,,28.0,11.0,1.0,158.0,14.4,,,,,
2021,tarik black,WR,Texas,6-2,213.0,4.54,40.0,15.0,132.0,6.91,4.26,False,,,tarik black,2020.0,,,,,,,,2.0,1.0,0.0,,,,,,,,,,,,,,,,,,,,,,,,,,,,,,,,,,,72.0,10.0,1.0,240.0,24.0,,,,,
2021,josh blancato,WR,Georgia Tech,5-9,182.0,4.55,32.0,17.0,124.0,6.9,4.31,False,,,josh blancato,2020.0,0.0,0.0,0.0,4.0,0.0,0.0,6.0,,,,,,,,,,,,,,,,,,,,,,,,,,,3.5,7.0,2.0,0.0,7.0,,,,,,,,,,,,,,,,
2021,joshuah bledsoe,S,Missouri,,,,,,,,,True,6.0,188.0,joshuah bledsoe,2020.0,6.0,0.0,0.0,24.0,0.0,2.5,41.0,0.0,0.0,2.0,,,,,,,,,,,,,,,,,,,,,,,,,,,,,,,,,,,,,,,,,,,,
2021,quinton bohanna,DL,Kentucky,6-4,327.0,5.46,29.0,,99.0,8.21,5.15,False,,,quinton bohanna,2020.0,2.0,3.0,0.0,3.0,0.0,2.0,10.0,,,,,,,,,,,,,,,,,,,,,,,,,,,,,,,,,,,,,,,,,,,,,,,
2021,nick bolton,LB,Missouri,5-11,237.0,4.6,32.0,24.0,,7.4,4.5,True,2.0,58.0,nick bolton,2020.0,5.0,1.0,2.0,53.0,0.0,8.0,95.0,0.0,0.0,1.0,,,,,,,,,,,,,,,,,,,,,,,,,,,,,,,,,,,,,,,,,,,,
2021,ian book,QB,Notre Dame,6-0,211.0,4.65,32.5,,115.0,6.99,4.19,True,4.0,133.0,ian book,2020.0,,,,,,,,4.0,2.0,0.0,,,,,,,,,,,,,,,,,353.0,228.0,3.0,0.646,15.0,2830.0,8.0,,,,,,,,,,,,,,,,,117.0,33.0,9.0,486.0,4.2
2021,dicaprio bootle,CB,Nebraska,5-9,180.0,4.38,36.5,16.0,126.0,6.77,4.03,False,,,dicaprio bootle,2020.0,5.0,1.0,0.0,16.0,0.0,0.5,25.0,,,,2.0,1.0,0.0,2.0,,,,,,,,,,,,,,,,,,,,,,,,,,,,,,,,,,,,,,,,
2021,tuf borland,LB,Ohio St.,6-0,229.0,4.98,32.5,15.0,109.0,7.17,4.29,False,,,tuf borland,2020.0,0.0,0.0,1.5,22.0,0.0,3.5,48.0,,,,,,,,,,,,,,,,,,,,,,,,,,,,,,,,,,,,,,,,,,,,,,,
2021,larry borom,OL,Missouri,6-5,322.0,5.12,31.0,,,,,True,5.0,151.0,larry borom,,,,,,,,,,,,,,,,,,,,,,,,,,,,,,,,,,,,,,,,,,,,,,,,,,,,,,,
2021,rakeem boyd,RB,Arkansas,5-11,213.0,4.7,32.5,6.0,98.0,7.22,4.38,False,,,rakeem boyd,2020.0,,,,,,,,1.0,1.0,0.0,,,,,,,,,,,,,,,,,,,,,,,,,,,,,,,,,,,15.0,10.0,0.0,33.0,3.3,82.0,16.0,3.0,309.0,3.8
2021,michael boykin,DL,Louisville,6-5,291.0,4.88,32.0,24.0,110.0,7.69,4.58,False,,,michael boykin,2020.0,0.0,1.0,1.0,2.0,0.0,2.0,6.0,,,,,,,,,,,,,,,,,,,,,,,,,,,,,,,,,,,,,,,,,,,,,,,
2021,william bradley-king,OLB,Baylor,6-3,252.0,4.74,34.5,,119.0,7.14,4.26,True,7.0,240.0,william bradleyking,2020.0,4.0,4.0,3.5,20.0,0.0,5.5,31.0,0.0,0.0,1.0,,,,,,,,,,,,,,,,,,,,,,,,,,,,,,,,,,,,,,,,,,,,
2021,brady breeze,S,Oregon,5-11,197.0,4.55,38.0,20.0,120.0,7.05,4.22,True,6.0,215.0,brady breeze,2019.0,3.0,0.0,0.0,43.0,3.0,0.0,62.0,0.0,0.0,5.0,16.0,2.0,1.0,32.0,,,,,,,,,,,,,,,,,,,,,,,,,,,,,,,,,,,,,,,,
2021,gary brightwell,RB,Arizona,5-10,218.0,4.62,34.5,17.0,118.0,7.51,4.48,True,6.0,196.0,gary brightwell,2020.0,0.0,0.0,0.0,1.0,0.0,0.0,1.0,5.0,3.0,0.0,,,,,,,,,,,,,,,,,,,,,,,,,,,,,,,,,,,15.0,13.0,0.0,58.0,4.5,86.0,34.0,1.0,386.0,4.5
2021,k.j. britt,LB,Auburn,6-0,235.0,4.76,32.5,24.0,118.0,7.38,4.4,True,5.0,176.0,kj britt,2020.0,0.0,0.0,0.0,9.0,0.0,1.0,23.0,,,,,,,,,,,,,,,,,,,,,,,,,,,,,,,,,,,,,,,,,,,,,,,
2021,josiah bronson,DL,Washington,6-2,304.0,5.08,30.0,27.0,101.0,7.63,4.72,False,,,josiah bronson,,,,,,,,,,,,,,,,,,,,,,,,,,,,,,,,,,,,,,,,,,,,,,,,,,,,,,,
2021,chris brown,DB,Texas,5-10,191.0,4.55,36.0,15.0,118.0,6.85,4.18,False,,,chris brown,2020.0,7.0,0.0,0.0,42.0,0.0,2.0,46.0,0.0,0.0,1.0,22.0,1.0,0.0,22.0,,,,,,,,,,,,,,,,,,,,,,,,,,,,,,,,,,,,,,,,
2021,earnest brown,DE,Northwestern,6-4,270.0,5.01,31.0,25.0,115.0,7.19,4.5,False,,,earnest brown,2020.0,4.0,3.0,1.0,23.0,0.0,8.5,32.0,0.0,0.0,1.0,,,,,,,,,,,,,,,,,,,,,,,,,,,,,,,,,,,,,,,,,,,,
2021,kimere brown,CB,Temple,5-11,175.0,4.57,32.5,,124.0,7.37,4.32,False,,,kimere brown,2020.0,2.0,0.0,0.0,2.0,0.0,0.0,2.0,,,,,,,,,,,,,,,,,,,,,,,,,,,,,,,,,,,,,,,,,,,,,,,
2021,deonte brown,OL,Alabama,6-3,344.0,,27.0,,,,,True,6.0,193.0,deonte brown,,,,,,,,,,,,,,,,,,,,,,,,,,,,,,,,,,,,,,,,,,,,,,,,,,,,,,,
2021,dyami brown,WR,North Carolina,6-0,189.0,4.46,35.0,18.0,128.0,6.87,4.35,True,3.0,82.0,dyami brown,2020.0,0.0,0.0,0.0,1.0,0.0,0.0,1.0,,,,,,,,,,,,,,,,,,,,,,,,,,,,,,,,,,,,,,87.0,54.0,8.0,1084.0,20.1,,,,,
2021,shakur brown,CB,Michigan St.,5-9,185.0,4.61,35.5,17.0,116.0,7.08,4.23,False,,,shakur brown,2020.0,4.0,1.0,0.0,19.0,0.0,0.0,25.0,,,,21.4,5.0,0.0,107.0,,,,,,,,,,,,,,,,,,,,,,,,,,,,,,,,,,,,,,,,
2021,tre brown,CB,Oklahoma,5-9,185.0,4.42,38.0,13.0,123.0,7.11,4.27,True,4.0,137.0,tre brown,2020.0,6.0,0.0,0.0,25.0,0.0,1.0,31.0,,,,0.0,3.0,0.0,0.0,43.0,43.0,2.0,0.0,86.0,,,,,,,,,,,,,,,,,,,,,,,,,,,,,,,,,,,
2021,amon-ra st. brown,WR,USC,5-11,197.0,4.51,38.5,20.0,127.0,6.88,4.17,True,4.0,112.0,amonra st brown,2020.0,0.0,0.0,0.0,0.0,0.0,0.0,1.0,,,,,,,,21.5,23.0,2.0,0.0,43.0,,,,,,,,,,,,,,,5.3,11.0,6.0,0.0,32.0,,,,,,,48.0,41.0,7.0,478.0,11.7,,,,,
2021,baron browning,LB,Ohio St.,6-2,245.0,4.58,40.0,23.0,130.0,6.78,4.23,True,3.0,105.0,baron browning,2020.0,2.0,0.0,1.0,20.0,0.0,3.0,29.0,0.0,0.0,2.0,,,,,,,,,,,,,,,,,,,,,,,,,,,,,,,,,,,,,,,,,,,,
2021,john brunner,OL,North Texas,6-2,194.0,,32.5,11.0,121.0,6.77,4.3,False,,,john brunner,2018.0,0.0,0.0,0.0,1.0,0.0,0.0,1.0,,,,,,,,,,,,,,,,,,,,,,,,,,,,,,,,,,,,,,17.0,4.0,0.0,47.0,11.8,,,,,
2021,calvin bundage,LB,Oklahoma St.,6-1,221.0,4.81,31.5,14.0,116.0,7.31,4.43,False,,,calvin bundage,2020.0,0.0,6.0,7.0,12.0,0.0,9.0,20.0,,,,,,,,,,,,,,,,,,,,,,,,,,,,,,,,,,,,,,,,,,,,,,,
2021,lorenzo burns,CB,Arizona,5-10,183.0,4.56,33.5,14.0,123.0,7.55,4.51,False,,,lorenzo burns,2020.0,1.0,0.0,0.0,16.0,0.0,2.0,24.0,0.0,0.0,1.0,,,,,,,,,,,,,,,,,,,,,,,,,,,,,,,,,,,,,,,,,,,,
2021,eric burrell,S,Wisconsin,5-11,197.0,4.73,35.5,8.0,124.0,7.21,4.26,False,,,eric burrell,2020.0,2.0,0.0,0.0,18.0,0.0,2.0,23.0,,,,0.0,1.0,0.0,0.0,,,,,,,,,,,,,,,,,,,,,,,,,,,,,,,,,,,,,,,,
2021,wesley burris,LS,Kansas St.,5-9,203.0,5.3,30.0,12.0,102.0,7.51,4.74,False,,,wesley burris,,,,,,,,,,,,,,,,,,,,,,,,,,,,,,,,,,,,,,,,,,,,,,,,,,,,,,,
2021,jake burton,OL,Baylor,6-5,303.0,5.49,26.0,22.0,100.0,8.22,4.97,False,,,jake burton,2019.0,0.0,0.0,0.0,1.0,0.0,0.0,1.0,,,,,,,,,,,,,,,,,,,,,,,,,,,,,,,,,,,,,,,,,,,,,,,
2021,camryn bynum,CB,California,6-0,196.0,4.58,34.0,,129.0,6.99,4.1,True,4.0,125.0,camryn bynum,2020.0,2.0,0.0,0.0,14.0,0.0,2.0,19.0,,,,20.0,1.0,0.0,20.0,,,,,,,,,,,,,,,,,,,,,,,,,,,,,,,,,,,,,,,,
2021,jalen camp,WR,Georgia Tech,6-1,226.0,4.48,39.5,29.0,125.0,7.0,4.14,False,,,jalen camp,2020.0,,,,,,,,,,,,,,,,,,,,,,,,,,,,,,,,,,,,,,,,,,,,,59.0,25.0,4.0,392.0,15.7,,,,,
2021,donavaughn campbell,OL,Louisiana Tech,6-4,336.0,5.62,22.0,,93.0,8.34,5.15,False,,,donavaughn campbell,2020.0,0.0,0.0,0.0,0.0,0.0,0.0,1.0,,,,,,,,,,,,,,,,,,,,,,,,,,,,,,,,,,,,,,,,,,,,,,,
2021,kyree campbell,DL,Florida,6-2,287.0,5.46,25.0,,98.0,7.96,5.02,False,,,kyree campbell,2020.0,0.0,1.0,1.5,3.0,0.0,2.5,24.0,,,,,,,,,,,,,,,,,,,,,,,,,,,,,,,,,,,,,,,,,,,,,,,
2021,tyson campbell,DB,Georgia,6-1,193.0,4.4,34.5,12.0,124.0,7.15,4.45,True,2.0,33.0,tyson campbell,2020.0,5.0,0.0,0.0,20.0,0.0,2.5,29.0,,,,40.0,1.0,0.0,40.0,,,,,,,,,,,,,,,,,,,,,,,,,,,,,,,,,,,,,,,,
2021,joseph carlson,K,Air Force,6-0,175.0,,,,,,,False,,,joseph carlson,2020.0,0.0,1.0,0.0,0.0,0.0,0.0,4.0,,,,,,,,,,,,,,,,,,,,,,,,,,,,,,,,4.0,58.0,14.0,1.0,555.0,39.6,,,,,,,,,,
2021,jackson carman,OT,Clemson,6-4,317.0,,,,,,,True,2.0,46.0,jackson carman,2019.0,0.0,0.0,0.0,0.0,0.0,0.0,1.0,,,,,,,,,,,,,,,,,,,,,,,,,,,,,,,,,,,,,,,,,,,,,,,
2021,tory carter,FB,LSU,6-0,229.0,4.86,35.5,24.0,112.0,7.21,4.38,False,,,tory carter,2020.0,0.0,0.0,0.0,0.0,0.0,0.0,2.0,,,,,,,,,,,,,,,,,,,,,,,,,,,,,,,,,,,,,,15.0,4.0,0.0,42.0,10.5,,,,,
2021,michael carter,RB,North Carolina,5-7,201.0,4.5,34.0,16.0,119.0,6.81,3.98,True,4.0,107.0,michael carter,2020.0,8.0,0.0,0.0,28.0,0.0,3.0,41.0,,,,16.5,2.0,0.0,33.0,19.5,28.0,8.0,0.0,156.0,,,,,,,,,,,,,,,,,,,,,,,,,,46.0,25.0,2.0,267.0,10.7,156.0,65.0,9.0,1245.0,8.0
2021,j.c. chalk,TE,Clemson,6-2,250.0,5.18,28.5,15.0,106.0,7.83,4.72,False,,,jc chalk,2020.0,,,,,,,,,,,,,,,,,,,,,,,,,,,,,,,,,,,,,,,,,,,,,12.0,6.0,1.0,43.0,7.2,,,,,
2021,ja'marr chase,WR,LSU,6-0,201.0,4.34,41.0,,132.0,6.96,3.99,True,1.0,5.0,jamarr chase,2019.0,0.0,0.0,0.0,1.0,0.0,0.0,1.0,1.0,1.0,0.0,,,,,,,,,,,,,,,,,,,,,,,,,,,,,,,,,,,78.0,84.0,20.0,1780.0,21.2,1.0,5.0,0.0,5.0,5.0
2021,ramaud chiaokhiao-bowman,WR,Northwestern,6-1,204.0,4.78,34.5,11.0,119.0,6.78,4.2,False,,,ramaud chiaokhiaobowman,2020.0,0.0,0.0,0.0,1.0,0.0,0.0,1.0,1.0,1.0,0.0,,,,,,,,,,,,,,,,,,,,,,,,,,,,,,,,,,,36.0,41.0,5.0,520.0,12.7,1.0,0.0,0.0,0.0,0.0
2021,drue chrisman,P,Ohio St.,6-2,209.0,,,,,,,False,,,drue chrisman,2020.0,,,,,,,,,,,,,,,,,,,,,,,,,,,,,,,,,,,,,,,11.0,74.0,27.0,2.0,1216.0,45.0,,,,,,,,,,
2021,brady christensen,OL,BYU,,,,34.0,30.0,124.0,,,True,3.0,70.0,brady christensen,2020.0,0.0,0.0,0.0,0.0,0.0,0.0,1.0,,,,,,,,,,,,,,,,,,,,,,,,,,,,,,,,,,,,,,,,,,,,,,,
2021,andre cisco,DB,Syracuse,,,,,17.0,,,,True,3.0,65.0,andre cisco,2020.0,0.0,0.0,0.0,7.0,0.0,0.5,11.0,,,,29.0,1.0,0.0,29.0,,,,,,,,,,,,,,,,,,,,,,,,,,,,,,,,,,,,,,,,
2021,mallory claybourne,CB,Coastal Carolina,5-9,191.0,4.57,33.0,12.0,116.0,7.37,4.32,False,,,mallory claybourne,2019.0,2.0,0.0,0.0,31.0,0.0,2.0,45.0,,,,35.0,1.0,0.0,35.0,,,,,,,,,,,,,,,,,,,,,,,,,,,,,,,,,,,,,,,,
2021,ben cleveland,OL,Georgia,6-6,343.0,5.05,28.0,30.0,102.0,,4.88,True,3.0,94.0,ben cleveland,2017.0,0.0,0.0,0.0,1.0,0.0,0.0,1.0,,,,,,,,,,,,,,,,,,,,,,,,,,,,,,,,,,,,,,,,,,,,,,,
2021,riley cole,LB,South Alabama,6-2,240.0,4.72,,26.0,,7.46,4.35,False,,,riley cole,2020.0,0.0,2.0,2.0,54.0,0.0,6.5,96.0,0.0,0.0,2.0,,,,,,,,,,,,,,,,,,,,,,,,,,,,,,,,,,,,,,,,,,,,
2021,nico collins,WR,Michigan,6-4,215.0,4.43,37.5,14.0,125.0,6.78,4.29,True,3.0,89.0,nico collins,2019.0,0.0,0.0,0.0,1.0,0.0,0.0,2.0,,,,,,,,,,,,,,,,,,,,,,,,,,,,,,,,,,,,,,76.0,37.0,7.0,729.0,19.7,,,,,
2021,zaven collins,LB,Tulsa,6-4,259.0,4.67,35.0,19.0,122.0,,4.36,True,1.0,16.0,zaven collins,2020.0,2.0,2.0,4.0,36.0,2.0,11.5,54.0,0.0,0.0,1.0,37.5,4.0,2.0,150.0,,,,,,,,,,,,,,,,,,,,,,,,,,,,,,,,,,,,,,,,
2021,nolan cooney,P,Syracuse,6-2,195.0,,,,,,,False,,,nolan cooney,,,,,,,,,,,,,,,,,,,,,,,,,,,,,,,,,,,,,,,,,,,,,,,,,,,,,,,
2021,jonathon cooper,DE,Ohio St.,6-2,253.0,4.69,33.0,28.0,108.0,6.99,4.31,True,7.0,239.0,jonathon cooper,2020.0,1.0,2.0,3.5,12.0,0.0,3.5,24.0,,,,,,,,,,,,,,,,,,,,,,,,,,,,,,,,,,,,,,,,,,,,,,,
2021,samuel cosmi,OL,Texas,6-5,314.0,4.87,30.0,36.0,117.0,7.35,4.39,True,2.0,51.0,samuel cosmi,2019.0,0.0,0.0,0.0,1.0,0.0,0.0,1.0,,,,,,,,,,,,,,,,,,,,,,,,,,,,,,,,,,,,,,,,,,,1.0,12.0,1.0,12.0,12.0
2021,seth cottengim,S,Arkansas St.,5-11,230.0,,28.5,,,,,False,,,seth cottengim,2020.0,0.0,0.0,0.0,2.0,0.0,0.0,2.0,,,,,,,,,,,,,,,,,,,,,,,,,,,,,,,,,,,,,,,,,,,,,,,
2021,jabril cox,LB,LSU,6-3,232.0,,,,,,,True,4.0,115.0,jabril cox,2020.0,5.0,4.0,1.0,37.0,1.0,6.5,58.0,0.0,0.0,1.0,21.3,3.0,1.0,64.0,,,,,,,,,,,,,,,,,,,,,,,,,,,,,,,,,,,,,,,,
2021,damonte coxie,WR,Memphis,6-2,198.0,4.77,30.5,4.0,122.0,6.92,4.45,False,,,damonte coxie,2020.0,,,,,,,,1.0,1.0,0.0,,,,,,,,,,,,,,,,,,,,,,,,,,,,,,,,,,,26.0,16.0,1.0,187.0,11.7,,,,,
2021,tyler coyle,LB,Purdue,6-1,209.0,4.38,39.0,24.0,133.0,7.14,4.0,False,,,tyler coyle,2020.0,1.0,0.0,0.0,10.0,0.0,0.0,13.0,,,,,,,,,,,,,,,,,,,,,,,,,,,,,,,,,,,,,,,,,,,,,,,
2021,jack crane,K,Wake Forest,6-1,193.0,,,,,,,False,,,jack crane,2020.0,0.0,0.0,0.0,0.0,0.0,0.0,1.0,,,,,,,,,,,,,0.0,0.0,0.0,0.0,7.0,7.0,7.0,,,,,,,,,,,,,,,,,,,,,,,,,,,,
2021,daniel crawford,TE,Northern Illinois,6-1,245.0,4.7,32.5,14.0,113.0,7.19,4.45,False,,,daniel crawford,2020.0,,,,,,,,,,,,,,,,,,,,,,,,,,,,,,,,,,,,,,,,,,,,,21.0,21.0,1.0,183.0,8.7,,,,,
2021,shaun crawford,S,Notre Dame,5-9,182.0,4.55,35.0,12.0,116.0,6.7,4.13,False,,,shaun crawford,2020.0,5.0,0.0,2.0,40.0,0.0,4.5,57.0,0.0,0.0,1.0,23.0,1.0,0.0,23.0,,,,,,,,,,,,,,,,,,,,,,,,,,,,,,,,,,,,,,,,
2021,harry crider,OL,Indiana,6-2,307.0,5.25,27.0,31.0,102.0,7.63,4.68,False,,,harry crider,2019.0,0.0,0.0,0.0,1.0,0.0,0.0,1.0,,,,,,,,,,,,,,,,,,,,,,,,,,,,,,,,,,,,,,,,,,,,,,,
2021,jake curhan,OL,California,6-5,316.0,5.45,24.0,15.0,102.0,8.07,4.84,False,,,jake curhan,2019.0,0.0,0.0,0.0,1.0,0.0,0.0,1.0,,,,,,,,,,,,,,,,,,,,,,,,,,,,,,,,,,,,,,,,,,,,,,,
2021,david curry,LB,Georgia Tech,6-1,227.0,,,,,,,False,,,david curry,2020.0,2.0,1.0,1.5,41.0,0.0,9.0,84.0,0.0,0.0,1.0,,,,,,,,,,,,,,,,,,,,,,,,,,,,,,,,,,,,,,,,,,,,
2021,drew dalman,C,Stanford,6-3,299.0,5.11,33.0,33.0,109.0,7.33,4.52,True,4.0,114.0,drew dalman,2017.0,0.0,1.0,0.0,1.0,0.0,0.0,3.0,,,,,,,,,,,,,,,,,,,,,,,,,,,,,,,,,,,,,,,,,,,,,,,
2021,dj daniel,DB,Georgia,5-11,195.0,4.62,31.0,11.0,119.0,7.02,4.12,False,,,dj daniel,2020.0,1.0,0.0,0.0,8.0,0.0,1.0,9.0,,,,,,,,,,,,,,,,,,,,,,,,,,,,,,,,,,,,,,,,,,,,,,,
2021,frank darby,WR,Arizona St.,6-0,201.0,4.56,34.5,19.0,117.0,7.05,4.25,True,6.0,187.0,frank darby,2020.0,,,,,,,,,,,,,,,,,,,,,,,,,,,,,,,,,,,,,,,,,,,,,15.0,6.0,1.0,46.0,7.7,,,,,
2021,jaelon darden,WR,North Texas,5-7,174.0,4.47,35.5,,122.0,6.66,3.98,True,4.0,129.0,jaelon darden,2020.0,0.0,0.0,0.0,0.0,0.0,0.0,1.0,,,,,,,,,,,,,,,,,,,,,,,,,,,5.3,15.0,4.0,0.0,21.0,,,,,,,75.0,74.0,19.0,1190.0,16.1,1.0,0.0,0.0,,
2021,corey dauphine,RB,Tulane,5-11,198.0,4.71,30.0,14.0,117.0,7.4,4.53,False,,,corey dauphine,2019.0,0.0,0.0,0.0,4.0,0.0,0.0,4.0,2.0,1.0,0.0,,,,,,,,,,,,,,,,,,,,,,,,,,,,,,,,,,,6.0,1.0,0.0,6.0,6.0,72.0,57.0,7.0,575.0,8.0
2021,zach davidson,TE,Central Missouri St.,6-6,245.0,4.58,37.5,17.0,117.0,6.95,4.19,False,,,zach davidson,2015.0,,,,,,,,,,,,,,,,,,,,,,,,,,,1.0,0.0,0.0,0.0,0.0,0.0,0.0,,,,,,,,,,,,,,,,,,,,,
2021,brady davis,QB,Memphis,,,4.65,31.0,,114.0,7.06,4.2,False,,,brady davis,2019.0,,,,,,,,,,,,,,,,,,,,,,,,,,,32.0,14.0,1.0,0.438,1.0,187.0,5.8,,,,,,,,,,,,,,,,,8.0,6.0,0.0,17.0,2.1
2021,jamin davis,LB,Kentucky,6-3,234.0,4.47,42.0,,132.0,,,True,1.0,19.0,jamin davis,2020.0,2.0,1.0,1.5,48.0,1.0,4.0,102.0,0.0,0.0,1.0,30.0,3.0,1.0,90.0,,,,,,,,,,,,,,,,,,,,,,,,,,,,,,,,,,,,,,,,
2021,shawn davis,DB,Florida,5-10,202.0,,39.5,17.0,128.0,,,True,5.0,165.0,shawn davis,2020.0,1.0,0.0,0.0,25.0,0.0,2.0,42.0,,,,22.5,2.0,0.0,45.0,,,,,,,,,,,,,,,,,,,,,,,,,,,,,,,,,,,,,,,,
2021,wyatt davis,OL,Ohio St.,6-3,315.0,,,25.0,,,,True,3.0,86.0,wyatt davis,2020.0,,,,,,,,,,,,,,,,,,,,,,,,,,,,,,,,,,,,,,,,,,,,,0.0,1.0,0.0,,,,,,,
2021,divine deablo,DB,Virginia Tech,6-3,226.0,4.42,34.0,19.0,126.0,7.12,4.4,True,3.0,80.0,divine deablo,2020.0,4.0,1.0,0.0,32.0,0.0,2.0,55.0,,,,1.3,4.0,0.0,5.0,,,,,,,,,,,,,,,,,,,,,,,,,,,,,,,,,,,,,,,,
2021,bryson denley,RB,Bowling Green,5-7,189.0,4.56,27.5,13.0,110.0,7.25,4.57,False,,,bryson denley,2020.0,,,,,,,,1.0,1.0,0.0,,,,,27.5,81.0,15.0,0.0,412.0,,,,,,,,,,,,,,,,,,,,,,,,,,,,,,,39.0,12.0,0.0,146.0,3.7
2021,jon dietzen,OL,Wisconsin,6-4,312.0,5.32,27.0,19.0,106.0,7.64,4.85,False,,,jon dietzen,2017.0,0.0,0.0,0.0,0.0,0.0,0.0,1.0,,,,,,,,,,,,,,,,,,,,,,,,,,,,,,,,,,,,,,,,,,,,,,,
2021,victor dimukeje,DE,Duke,6-1,262.0,4.87,34.5,28.0,115.0,7.25,4.35,True,6.0,210.0,victor dimukeje,2020.0,1.0,2.0,7.5,22.0,0.0,8.0,39.0,0.0,0.0,1.0,,,,,,,,,,,,,,,,,,,,,,,,,,,,,,,,,,,,,,,,,,,,
2021,brett dioguardi,LS,Florida,6-3,234.0,5.48,24.5,,98.0,7.88,4.95,False,,,brett dioguardi,,,,,,,,,,,,,,,,,,,,,,,,,,,,,,,,,,,,,,,,,,,,,,,,,,,,,,,
2021,gerrid doaks,RB,Cincinnati,5-11,228.0,4.58,39.5,19.0,120.0,7.2,4.27,False,,,gerrid doaks,2020.0,,,,,,,,2.0,2.0,0.0,,,,,,,,,,,,,,,,,,,,,,,,,,,,,,,,,,,60.0,14.0,2.0,202.0,14.4,144.0,72.0,7.0,673.0,4.7
2021,max duffy,P,Kentucky,6-0,196.0,,,,,,,False,,,max duffy,2020.0,,,,,,,,,,,,,,,,,,,,,,,,,,,,,,,,,,,,,,,16.0,75.0,42.0,1.0,1895.0,45.1,,,,,,1.0,0.0,0.0,,
2021,devontres dukes,WR,South Florida,6-3,216.0,4.81,33.0,16.0,122.0,7.07,4.41,False,,,devontres dukes,2020.0,0.0,0.0,0.0,1.0,0.0,0.0,1.0,,,,,,,,,,,,,,,,,,,,,,,,,,,,,,,,,,,,,,23.0,21.0,3.0,256.0,12.2,,,,,
2021,keith duncan,K,Iowa,,176.0,,,,,,,False,,,keith duncan,2020.0,,,,,,,,,,,,,,,,,,,,18.0,14.0,48.0,0.778,68.0,27.0,26.0,,,,,,,,,,,,,,,,,,,,,,,,,,,,
2021,isaiah dunn,DB,Oregon St.,5-11,189.0,4.39,35.5,13.0,127.0,6.93,4.21,False,,,isaiah dunn,2020.0,3.0,0.0,0.0,8.0,0.0,0.0,13.0,,,,,,,,,,,,,,,,,,,,,,,,,,,,,,,,,,,,,,,,,,,,,,,
2021,wes dvorak,DB,Iowa,5-11,198.0,4.52,41.5,,132.0,6.94,4.33,False,,,wes dvorak,2019.0,0.0,0.0,0.0,0.0,0.0,0.0,3.0,,,,,,,,,,,,,,,,,,,,,,,,,,,,,,,,,,,,,,,,,,,,,,,
2021,brennan eagles,WR,Texas,6-3,225.0,4.55,36.5,,125.0,6.93,4.42,False,,,brennan eagles,2020.0,,,,,,,,,,,,,,,,,,,,,,,,,,,,,,,,,,,,,,,,,,,,,59.0,28.0,5.0,469.0,16.8,,,,,
2021,adrian ealy,OL,Oklahoma,6-6,321.0,5.42,24.5,18.0,104.0,8.82,4.87,False,,,adrian ealy,,,,,,,,,,,,,,,,,,,,,,,,,,,,,,,,,,,,,,,,,,,,,,,,,,,,,,,
2021,brandin echols,DB,Kentucky,5-10,179.0,4.34,42.5,13.0,136.0,6.84,4.12,False,,,brandin echols,2020.0,2.0,0.0,0.0,39.0,0.0,2.0,54.0,,,,7.0,1.0,0.0,7.0,,,,,,,,,,,,,,,,,,,,,,,,,,,,,,,,,,,,,,,,
2021,sam ehlinger,QB,Texas,6-1,220.0,4.84,36.5,,114.0,7.15,4.44,True,6.0,218.0,sam ehlinger,2020.0,0.0,0.0,0.0,1.0,0.0,0.0,1.0,,,,,,,,,,,,,,,,,,,,322.0,194.0,5.0,0.602,26.0,2566.0,8.0,,,,,,,,,,,,,,,,,113.0,36.0,8.0,378.0,3.3
2021,liam eichenberg,OL,Notre Dame,6-6,306.0,,26.5,33.0,105.0,7.53,4.58,True,2.0,42.0,liam eichenberg,,,,,,,,,,,,,,,,,,,,,,,,,,,,,,,,,,,,,,,,,,,,,,,,,,,,,,,
2021,milo eifler,LB,Illinois,6-2,228.0,4.58,37.5,14.0,126.0,7.15,4.35,False,,,milo eifler,2020.0,1.0,0.0,1.0,19.0,0.0,3.5,27.0,,,,,,,,,,,,,,,,,,,,,,,,,,,,,,,,,,,,,,,,,,,,,,,
2021,d'wayne eskridge,WR,West. Michigan,5-8,190.0,4.38,35.0,,124.0,6.93,4.22,True,2.0,56.0,dwayne eskridge,2020.0,0.0,0.0,0.0,1.0,1.0,0.0,1.0,1.0,0.0,0.0,,,,,27.5,100.0,17.0,1.0,467.0,,,,,,,,,,,,,,,,,,,,,,,,,,85.0,33.0,8.0,768.0,23.3,2.0,27.0,0.0,43.0,21.5
2021,dorian etheridge,LB,Louisville,6-1,233.0,4.87,35.0,,121.0,7.25,4.47,False,,,dorian etheridge,2020.0,2.0,1.0,3.0,32.0,0.0,9.5,50.0,,,,,,,,,,,,,,,,,,,,,,,,,,,,,,,,,,,,,,,,,,,,,,,
2021,travis etienne,RB,Clemson,5-10,215.0,4.45,33.5,18.0,128.0,,,True,1.0,25.0,travis etienne,2020.0,,,,,,,,4.0,3.0,0.0,,,,,23.6,40.0,8.0,0.0,189.0,,,,,,,,,,,,,,,44.0,44.0,1.0,0.0,44.0,,,,,,,46.0,48.0,2.0,588.0,12.3,168.0,72.0,14.0,914.0,5.4
2021,chris evans,RB,Michigan,5-11,211.0,4.5,40.5,20.0,127.0,6.83,4.12,True,6.0,202.0,chris evans,2020.0,0.0,0.0,0.0,1.0,0.0,0.0,1.0,,,,,,,,,,,,,,,,,,,,,,,,,,,,,,,,,,,,,,23.0,9.0,0.0,87.0,9.7,16.0,16.0,1.0,73.0,4.6
2021,dillon faamatau,DL,Oklahoma,6-3,280.0,5.35,24.5,22.0,100.0,8.58,5.15,False,,,dillon faamatau,2019.0,0.0,1.0,0.0,2.0,0.0,0.5,6.0,,,,,,,,,,,,,,,,,,,,,,,,,,,,,,,,,,,,,,,,,,,,,,,
2021,austin faoliu,DT,Oregon,6-3,287.0,,,,,,,False,,,austin faoliu,2020.0,0.0,0.0,0.0,10.0,0.0,0.0,16.0,,,,,,,,,,,,,,,,,,,,,,,,,,,,,,,,,,,,,,,,,,,,,,,
2021,matt farniok,OL,Nebraska,6-5,311.0,5.2,33.0,28.0,105.0,7.14,4.8,False,,,matt farniok,2019.0,0.0,0.0,0.0,0.0,0.0,0.0,1.0,,,,,,,,,,,,,,,,,,,,,,,,,,,,,,,,,,,,,,,,,,,,,,,
2021,luke farrell,TE,Ohio St.,6-5,251.0,4.79,36.5,22.0,118.0,7.14,4.36,True,5.0,145.0,luke farrell,2020.0,,,,,,,,,,,,,,,,,,,,,,,,,,,,,,,,,,,,,,,,,,,,,16.0,5.0,1.0,37.0,7.4,,,,,
2021,simi fehoko,WR,Stanford,6-3,222.0,4.44,34.5,16.0,120.0,6.78,4.26,True,5.0,179.0,simi fehoko,2020.0,,,,,,,,,,,,,,,,,,,,,,,,,,,,,,,,,,,,,,,,,,,,,57.0,37.0,3.0,584.0,15.8,1.0,0.0,0.0,,
2021,demetric felton,RB,UCLA,5-8,189.0,4.55,,,,,,True,6.0,211.0,demetric felton,2020.0,,,,,,,,1.0,1.0,0.0,,,,,21.0,33.0,8.0,0.0,168.0,,,,,,,,,,,,,,,,,,,,,,,,,,28.0,22.0,3.0,159.0,7.2,132.0,40.0,5.0,668.0,5.1
2021,parker ferguson,OT,Air Force,6-3,306.0,5.19,31.0,24.0,105.0,7.75,4.9,False,,,parker ferguson,2019.0,0.0,0.0,0.0,1.0,0.0,0.0,1.0,0.0,0.0,1.0,,,,,,,,,,,,,,,,,,,,,,,,,,,,,,,,,,,,,,,,,,,,
2021,justin fields,QB,Ohio St.,6-2,227.0,4.45,,,,,,True,1.0,11.0,justin fields,2020.0,,,,,,,,2.0,0.0,0.0,,,,,,,,,,,,,,,,,225.0,158.0,6.0,0.702,22.0,2100.0,9.3,,,,,,,,,,,,,,,,,81.0,44.0,5.0,383.0,4.7
2021,tony fields,LB,West Virginia,6-0,222.0,4.64,34.0,17.0,114.0,7.15,4.48,True,5.0,153.0,tony fields,2020.0,2.0,4.0,1.0,34.0,0.0,4.0,88.0,,,,22.0,1.0,0.0,22.0,,,,,,,,,,,,,,,,,,,,,,,,,,,,,,,,,,,,,,,,
2021,paddy fisher,LB,Northwestern,6-3,240.0,4.91,31.5,20.0,110.0,7.0,4.47,False,,,paddy fisher,2020.0,2.0,3.0,0.0,47.0,0.0,4.5,86.0,0.0,0.0,2.0,0.0,1.0,0.0,0.0,,,,,,,,,,,,,,,,,,,,,,,,,,,,,,,,,,,,,,,,
2021,dez fitzpatrick,WR,Louisville,6-1,208.0,4.43,35.0,,,7.09,4.26,True,4.0,109.0,dez fitzpatrick,2020.0,0.0,0.0,0.0,2.0,0.0,0.0,3.0,1.0,1.0,0.0,,,,,,,,,,,,,,,,,,,,,,,,,,,,,,,,,,,82.0,43.0,3.0,833.0,19.4,,,,,
2021,thomas fletcher,LS,Alabama,,,,,,,,,False,,,thomas fletcher,2020.0,,,,,,,,0.0,0.0,1.0,,,,,,,,,,,,,,,,,,,,,,,,,,,,,,,,,,,,,,,,,,,,
2021,paris ford,DB,Pittsburgh,6-0,197.0,4.85,28.5,,110.0,7.44,4.45,False,,,paris ford,2020.0,2.0,1.0,0.0,30.0,0.0,3.0,41.0,,,,11.7,3.0,0.0,35.0,,,,,,,,,,,,,,,,,,,,,,,,,,,,,,,,,,,,,,,,
2021,darrick forrest,S,Cincinnati,5-11,206.0,4.42,39.0,21.0,132.0,6.91,4.23,True,5.0,163.0,darrick forrest,2020.0,1.0,1.0,0.0,31.0,0.0,1.0,40.0,,,,11.0,2.0,0.0,22.0,,,,,,,,,,,,,,,,,,,,,,,,,,,,,,,,,,,,,,,,
2021,miller forristall,TE,Alabama,,,,,,,,,False,,,miller forristall,2020.0,,,,,,,,,,,,,,,,,,,,,,,,,,,,,,,,,,,,,,,,,,,,,34.0,23.0,1.0,253.0,11.0,1.0,1.0,0.0,1.0,1.0
2021,stone forsythe,OL,Florida,6-8,307.0,5.14,27.5,25.0,103.0,7.47,4.65,True,6.0,208.0,stone forsythe,2020.0,0.0,0.0,0.0,1.0,0.0,0.0,1.0,,,,,,,,,,,,,,,,,,,,,,,,,,,,,,,,,,,,,,,,,,,,,,,
2021,feleipe franks,QB,Arkansas,6-6,234.0,4.61,32.5,,117.0,7.16,4.22,False,,,feleipe franks,2020.0,,,,,,,,5.0,2.0,0.0,,,,,,,,,,,,,,,,,237.0,162.0,4.0,0.684,17.0,2091.0,8.8,,,,,,,,,,,,,,,,,105.0,28.0,1.0,204.0,1.9
2021,pat freiermuth,TE,Penn St.,6-5,251.0,,,26.0,,,,True,2.0,55.0,pat freiermuth,2020.0,,,,,,,,,,,,,,,,,,,,,,,,,,,,,,,,,,,,,,,,,,,,,74.0,23.0,1.0,310.0,13.5,,,,,
2021,will fries,OL,Penn St.,6-6,309.0,5.37,31.0,24.0,115.0,7.77,4.53,True,7.0,248.0,will fries,2020.0,0.0,0.0,0.0,1.0,0.0,0.0,1.0,,,,,,,,,,,,,,,,,,,,,,,,,,,,,,,,,,,,,,,,,,,,,,,
2021,jake funk,RB,Maryland,5-10,204.0,4.49,38.0,22.0,122.0,6.71,4.12,True,7.0,233.0,jake funk,2020.0,0.0,0.0,0.0,3.0,0.0,0.0,3.0,,,,,,,,,,,,,,,,,,,,,,,,,,,,,,,,,,,,,,20.0,10.0,1.0,68.0,6.8,60.0,52.0,3.0,511.0,8.5
2021,kenneth gainwell,RB,Memphis,,201.0,4.42,,21.0,,,,True,5.0,150.0,kenneth gainwell,2019.0,0.0,0.0,0.0,1.0,0.0,0.0,1.0,3.0,1.0,0.0,,,,,,,,,,,,,,,,,,,,,,,,,,,,,,,,,,,68.0,51.0,3.0,610.0,12.0,231.0,75.0,13.0,1459.0,6.3
2021,bailey gaither,WR,San Jose St.,6-0,188.0,4.45,31.0,9.0,121.0,7.07,4.39,False,,,bailey gaither,2020.0,0.0,0.0,0.0,2.0,0.0,0.0,2.0,,,,,,,,,,,,,,,,,,,,,,,,,,,7.4,19.0,5.0,0.0,37.0,,,,,,,69.0,41.0,4.0,725.0,17.7,,,,,
2021,blake gallagher,LB,Northwestern,5-11,228.0,4.83,31.5,27.0,107.0,7.23,4.4,False,,,blake gallagher,2020.0,2.0,1.0,2.0,44.0,0.0,9.5,84.0,0.0,0.0,1.0,,1.0,0.0,,,,,,,,,,,,,,,,,,,,,,,,,,,,,,,,,,,,,,,,,
2021,mark gilbert,CB,Duke,6-0,186.0,4.47,36.0,13.0,130.0,7.05,4.37,False,,,mark gilbert,2020.0,0.0,0.0,0.0,7.0,0.0,0.0,8.0,,,,0.0,1.0,0.0,0.0,,,,,,,,,,,,,,,,,,,,,,,,,,,,,,,,,,,,,,,,
2021,tyree gillespie,S,Missouri,,,4.38,,15.0,,7.06,,True,4.0,143.0,tyree gillespie,2020.0,4.0,1.0,0.0,29.0,0.0,0.5,46.0,,,,,,,,,,,,,,,,,,,,,,,,,,,,,,,,,,,,,,,,,,,,,,,
2021,chauncey golston,DL,Iowa,6-4,269.0,4.79,36.0,,119.0,7.52,4.65,True,3.0,84.0,chauncey golston,2020.0,1.0,3.0,5.5,24.0,0.0,8.5,45.0,,,,,1.0,0.0,,,,,,,,,,,,,,,,,,,,,,,,,,,,,,,,,,,,,,,,,
2021,tay gowan,DB,Central Florida,6-0,186.0,4.44,35.5,13.0,118.0,6.88,4.25,True,6.0,223.0,tay gowan,2019.0,7.0,0.0,0.0,21.0,0.0,1.0,29.0,0.0,0.0,1.0,9.0,2.0,0.0,18.0,,,,,,,,,,,,,,,,,,,,,,,,,,,,,,,,,,,,,,,,
2021,ta'quon graham,DL,Texas,6-3,292.0,4.89,32.5,32.0,113.0,7.31,4.68,True,5.0,148.0,taquon graham,2020.0,0.0,2.0,1.0,12.0,0.0,7.0,23.0,0.0,0.0,2.0,,,,,,,,,,,,,,,,,,,,,,,,,,,,,,,,,,,,,,,,,,,,
2021,richie grant,DB,Central Florida,5-11,197.0,4.49,34.5,12.0,129.0,6.78,4.27,True,2.0,40.0,richie grant,2020.0,5.0,1.0,1.0,49.0,0.0,3.5,72.0,0.0,0.0,2.0,8.3,3.0,0.0,25.0,,,,,,,,,,,,,,,,,,,,,,,,,,,,,,,,,,,,,,,,
2021,noah gray,TE,Duke,6-3,240.0,4.55,35.0,15.0,115.0,6.83,4.37,True,5.0,162.0,noah gray,2020.0,0.0,0.0,0.0,1.0,0.0,0.0,1.0,,,,,,,,,,,,,,,,,,,,1.0,1.0,0.0,1.0,0.0,11.0,11.0,,,,,,,,,,,,24.0,28.0,2.0,278.0,9.9,2.0,2.0,0.0,3.0,1.5
2021,kendrick green,OL,Illinois,6-1,305.0,4.89,35.5,25.0,119.0,7.79,4.67,True,3.0,87.0,kendrick green,2019.0,0.0,0.0,0.0,1.0,0.0,0.0,1.0,,,,,,,,,,,,,,,,,,,,,,,,,,,,,,,,,,,,,,,,,,,,,,,
2021,trevon grimes,WR,Florida,6-4,220.0,4.49,35.0,15.0,118.0,6.98,4.28,False,,,trevon grimes,2020.0,0.0,0.0,0.0,1.0,0.0,0.0,2.0,,,,,,,,,,,,,,,,,,,,,,,,,,,,,,,,,,,,,,50.0,38.0,9.0,589.0,15.5,1.0,4.0,0.0,4.0,4.0
2021,garrett groshek,RB,Wisconsin,5-11,217.0,4.64,33.5,17.0,115.0,7.08,4.32,False,,,garrett groshek,2020.0,0.0,0.0,0.0,1.0,0.0,0.0,1.0,2.0,1.0,0.0,,,,,,,,,,,,,,,,,,,,,,,,,,,,,,,,,,,15.0,22.0,0.0,119.0,5.4,67.0,39.0,2.0,300.0,4.5
2021,robert hainsey,OL,Notre Dame,6-4,306.0,5.2,27.5,32.0,104.0,7.58,4.63,True,3.0,95.0,robert hainsey,2017.0,0.0,0.0,0.0,1.0,0.0,0.0,1.0,,,,,,,,,,,,,,,,,,,,,,,,,,,,,,,,,,,,,,,,,,,,,,,
2021,darren hall,CB,San Diego St.,5-11,188.0,4.47,38.5,16.0,132.0,7.07,4.28,True,4.0,108.0,darren hall,2020.0,6.0,0.0,0.0,30.0,1.0,2.0,37.0,,,,24.0,3.0,1.0,72.0,,,,,,,,,,,,,,,,,,,,,,,,,,,,,,,,,,,,,,,,
2021,damar hamlin,DB,Pittsburgh,6-0,200.0,4.6,35.0,18.0,118.0,6.93,4.4,True,6.0,212.0,damar hamlin,2020.0,7.0,0.0,0.0,38.0,0.0,3.5,66.0,,,,2.0,2.0,0.0,4.0,,,,,,,,,,,,,,,,,,,,,,,,,,,,,,,,,,,,,,,,
2021,mike hampton,DB,South Florida,5-11,186.0,,,22.0,,,,False,,,mike hampton,2020.0,4.0,0.0,0.0,22.0,0.0,0.0,32.0,0.0,0.0,1.0,,,,,,,,,,,,,,,,,,,,,,,,,,,,,,,,,,,,,,,,,,,,
2021,noah hannon,OL,Appalachian St.,6-0,238.0,5.15,29.5,15.0,108.0,7.37,4.68,False,,,noah hannon,2019.0,0.0,0.0,0.0,0.0,0.0,0.0,1.0,,,,,,,,,,,,,,,,,,,,,,,,,,,,,,,,,,,,,,,,,,,,,,,
2021,adrian hardy,WR,Louisiana Tech,6-1,205.0,4.61,37.5,12.0,124.0,6.96,4.5,False,,,adrian hardy,2020.0,0.0,0.0,0.0,1.0,0.0,0.0,1.0,,,,,,,,,,,,,,,,,,,,1.0,0.0,0.0,0.0,0.0,0.0,0.0,,,,,,,,,,,,32.0,33.0,4.0,440.0,13.3,,,,,
2021,bryce hargrove,OL,Pittsburgh,6-3,310.0,5.46,27.0,26.0,97.0,8.06,5.03,False,,,bryce hargrove,,,,,,,,,,,,,,,,,,,,,,,,,,,,,,,,,,,,,,,,,,,,,,,,,,,,,,,
2021,darius harper,OL,Cincinnati,6-6,300.0,5.05,30.5,16.0,105.0,7.7,4.54,False,,,darius harper,2020.0,0.0,0.0,0.0,1.0,0.0,0.0,1.0,,,,,,,,,,,,,,,,,,,,,,,,,,,,,,,,,,,,,,,,,,,,,,,
2021,scooter harrington,TE,Stanford,6-4,250.0,5.19,29.0,,105.0,7.2,4.53,False,,,scooter harrington,2020.0,,,,,,,,,,,,,,,,,,,,,,,,,,,,,,,,,,,,,,,,,,,,,17.0,7.0,2.0,51.0,7.3,,,,,
2021,jacob harris,WR,Central Florida,6-5,219.0,4.39,40.5,15.0,133.0,6.54,4.31,False,,,jacob harris,2021.0,0.0,0.0,0.0,4.0,0.0,0.0,7.0,,,,,,,,,,,,,,,,,,,,,,,,,,,,,,,,,,,,,,,,,,,,,,,
2021,jaylen harris,WR,Ohio St.,5-8,170.0,4.77,30.5,8.0,109.0,7.37,4.5,False,,,jaylen harris,2020.0,0.0,0.0,0.0,1.0,0.0,0.0,1.0,,,,,,,,,,,,,,,,,,,,,,,,,,,,,,,,,,,,,,,,,,,,,,,
2021,pressley harvin,P,Georgia Tech,5-11,263.0,,,14.0,,,,False,,,pressley harvin,2020.0,,,,,,,,,,,,,,,,,,,,,,,,,,,1.0,0.0,0.0,0.0,0.0,0.0,0.0,,,,,,18.0,70.0,45.0,3.0,2159.0,48.0,6.0,1.0,0.0,6.0,6.0,,,,,
2021,blake haubeil,K,Ohio St.,6-3,233.0,,,,,,,False,,,blake haubeil,2020.0,,,,,,,,,,,,,,,,,,,,7.0,5.0,43.0,0.714,39.0,24.0,24.0,,,,,,,,,,,,,,,,,,,,,,,,,,,,
2021,jake hausmann,TE,Ohio St.,6-4,242.0,4.98,29.5,16.0,112.0,7.65,4.44,False,,,jake hausmann,2020.0,,,,,,,,,,,,,,,,,,,,,,,,,,,,,,,,,,,,,,,,,,,,,13.0,1.0,0.0,13.0,13.0,,,,,
2021,javian hawkins,RB,Louisville,5-8,183.0,4.46,36.0,,116.0,6.98,4.23,False,,,javian hawkins,2020.0,0.0,0.0,0.0,1.0,0.0,0.0,2.0,3.0,1.0,0.0,,,,,,,,,,,,,,,,,,,,,,,,,,,,,,,,,,,29.0,16.0,1.0,127.0,7.9,133.0,90.0,7.0,822.0,6.2
2021,daelin hayes,DL,Notre Dame,6-3,253.0,4.71,32.5,26.0,119.0,7.17,4.29,True,5.0,171.0,daelin hayes,2020.0,1.0,2.0,3.0,9.0,0.0,5.0,14.0,0.0,0.0,1.0,13.0,1.0,0.0,13.0,,,,,,,,,,,,,,,,,,,,,,,,,,,,,,,,,,,,,,,,
2021,damon hazelton,WR,Missouri,,,4.6,37.5,,,,,False,,,damon hazelton,2020.0,,,,,,,,,,,,,,,,,,,,,,,,,,,,,,,,,,,,,,,,,,,,,33.0,30.0,1.0,397.0,13.2,2.0,3.0,0.0,3.0,1.5
2021,jack heflin,DL,Iowa,,304.0,5.3,29.0,,104.0,7.61,,False,,,jack heflin,2020.0,0.0,1.0,1.0,13.0,0.0,3.5,21.0,,,,,,,,,,,,,,,,,,,,,,,,,,,,,,,,,,,,,,,,,,,,,,,
2021,brett heggie,OL,Florida,6-4,310.0,5.5,26.0,21.0,105.0,7.66,4.69,False,,,brett heggie,,,,,,,,,,,,,,,,,,,,,,,,,,,,,,,,,,,,,,,,,,,,,,,,,,,,,,,
2021,justin henderson,RB,Louisiana Tech,5-7,220.0,4.65,32.0,26.0,118.0,7.22,4.59,False,,,justin henderson,2020.0,0.0,0.0,0.0,1.0,0.0,0.0,1.0,1.0,0.0,0.0,,,,,,,,,,,,,,,,,,,,,,,,,,,,,,,,,,,8.0,9.0,0.0,37.0,4.1,75.0,34.0,2.0,252.0,3.4
2021,khalil herbert,RB,Virginia Tech,5-8,210.0,4.46,33.0,22.0,115.0,6.96,4.31,True,6.0,217.0,khalil herbert,2020.0,,,,,,,,,,,,,,,26.9,83.0,16.0,0.0,430.0,,,,,,,,,,,,,,,,,,,,,,,,,,46.0,10.0,1.0,179.0,17.9,155.0,76.0,8.0,1183.0,7.6
2021,grant hermanns,OL,Purdue,6-7,300.0,,27.0,29.0,107.0,7.76,4.81,False,,,grant hermanns,2020.0,0.0,0.0,0.0,1.0,0.0,0.0,1.0,,,,,,,,,,,,,,,,,,,,,,,,,,,,,,,,,,,,,,,,,,,,,,,
2021,malik herring,DL,Georgia,6-3,283.0,,,,,,,False,,,malik herring,2020.0,2.0,3.0,2.0,12.0,0.0,4.5,20.0,,,,,,,,,,,,,,,,,,,,,,,,,,,,,,,,,,,,,,,,,,,,,,,
2021,kylin hill,RB,Mississippi St.,5-10,214.0,4.51,36.0,22.0,122.0,7.13,4.35,True,7.0,256.0,kylin hill,2020.0,0.0,0.0,0.0,1.0,0.0,0.0,1.0,,,,,,,,,,,,,,,,,,,,,,,,,,,,,,,,,,,,,,75.0,23.0,1.0,237.0,10.3,15.0,12.0,0.0,58.0,3.9
2021,trey hill,OL,Georgia,6-3,319.0,5.5,,,,,,True,6.0,190.0,trey hill,2020.0,,,,,,,,,,,,,,,,,,,,,,,,,,,,,,,,,,,,,,,,,,,,,3.0,0.0,0.0,3.0,0.0,,,,,
2021,justin hilliard,LB,Ohio St.,6-0,229.0,4.81,34.5,27.0,114.0,7.2,4.34,False,,,justin hilliard,2020.0,1.0,0.0,0.0,20.0,0.0,5.0,33.0,0.0,0.0,3.0,0.0,1.0,0.0,0.0,,,,,,,,,,,,,,,,,,,,,,,,,,,,,,,,,,,,,,,,
2021,nate hobbs,DB,Illinois,5-11,196.0,4.48,40.5,17.0,135.0,6.85,4.17,False,,,nate hobbs,2020.0,2.0,0.0,0.0,23.0,0.0,3.0,32.0,,,,26.0,1.0,0.0,26.0,,,,,,,,,,,,,,,,,,,,,,,,,,,,,,,,,,,,,,,,
2021,darius hodge,DL,Marshall,6-0,248.0,4.73,38.5,26.0,127.0,7.16,4.67,False,,,darius hodge,2020.0,1.0,10.0,6.5,19.0,0.0,9.0,63.0,0.0,0.0,2.0,,,,,,,,,,,,,,,,,,,,,,,,,,,,,,,,,,,,,,,,,,,,
2021,jevon holland,S,Oregon,6-0,207.0,4.48,35.5,19.0,126.0,,4.14,True,2.0,36.0,jevon holland,2019.0,4.0,1.0,0.0,40.0,1.0,4.5,66.0,1.0,0.0,0.0,16.0,4.0,1.0,64.0,,,,,,,,,,,,,,,,,,,,15.3,81.0,16.0,0.0,244.0,,,,,,,,,,,,,,,,
2021,jaycee horn,DB,South Carolina,6-0,205.0,4.39,41.5,19.0,133.0,,,True,1.0,8.0,jaycee horn,2020.0,6.0,0.0,0.0,10.0,0.0,1.0,16.0,,,,17.0,2.0,0.0,34.0,,,,,,,,,,,,,,,,,,,,,,,,,,,,,,,,,,,,,,,,
2021,phil hoskins,DT,Kentucky,6-4,313.0,5.23,30.5,20.0,103.0,7.87,4.85,False,,,phil hoskins,2020.0,0.0,5.0,1.0,15.0,0.0,4.0,30.0,,,,4.0,1.0,0.0,4.0,,,,,,,,,,,,,,,,,,,,,,,,,,,,,,,,,,,,,,,,
2021,chuba hubbard,RB,Oklahoma St.,6-0,210.0,4.48,36.0,20.0,120.0,7.24,4.26,True,4.0,126.0,chuba hubbard,2020.0,0.0,0.0,0.0,1.0,0.0,0.0,1.0,2.0,0.0,0.0,,,,,,,,,,,,,,,,,,,,,,,,,,,,,,,,,,,21.0,8.0,1.0,52.0,6.5,132.0,32.0,5.0,623.0,4.7
2021,wyatt hubert,DE,Kansas St.,6-2,258.0,4.93,32.5,,110.0,7.03,4.28,True,7.0,235.0,wyatt hubert,2020.0,1.0,5.0,8.5,19.0,0.0,13.0,27.0,,,,,,,,,,,,,,,,,,,,,,,,,,,,,,,,,,,,,,,,,,,,,,,
2021,james hudson,OL,Cincinnati,6-4,313.0,5.27,28.5,22.0,98.0,8.05,4.79,True,4.0,110.0,james hudson,,,,,,,,,,,,,,,,,,,,,,,,,,,,,,,,,,,,,,,,,,,,,,,,,,,,,,,
2021,talanoa hufanga,S,USC,,,4.65,,,,,,True,5.0,180.0,talanoa hufanga,2020.0,1.0,0.0,3.0,40.0,0.0,5.5,62.0,,,,23.8,4.0,0.0,95.0,,,,,,,,,,,,,,,,,,,,,,,,,,,,,,,,,,,,,,,,
2021,justin hughes,LB,Kansas St.,6-0,227.0,5.02,28.5,24.0,104.0,7.37,4.84,False,,,justin hughes,2020.0,1.0,0.0,0.0,29.0,0.0,2.0,44.0,,,,,,,,,,,,,,,,,,,,,,,,,,,,,,,,,,,,,,,,,,,,,,,
2021,creed humphrey,OL,Oklahoma,6-4,302.0,5.11,33.0,29.0,112.0,7.5,4.49,True,2.0,63.0,creed humphrey,2020.0,0.0,0.0,0.0,0.0,0.0,0.0,1.0,,,,,,,,,,,,,,,,,,,,,,,,,,,,,,,,,,,,,,,,,,,,,,,
2021,sadarius hutcherson,OL,South Carolina,,321.0,4.95,,36.0,,,,False,,,sadarius hutcherson,,,,,,,,,,,,,,,,,,,,,,,,,,,,,,,,,,,,,,,,,,,,,,,,,,,,,,,
2021,josh imatorbhebhe,WR,Illinois,6-0,218.0,4.53,46.5,24.0,134.0,7.1,4.38,False,,,josh imatorbhebhe,2020.0,,,,,,,,,,,,,,,,,,,,,,,,,,,,,,,,,,,,,,,,,,,,,52.0,22.0,3.0,297.0,13.5,,,,,
2021,alaric jackson,OL,Iowa,6-6,321.0,5.2,25.0,,103.0,7.7,,False,,,alaric jackson,,,,,,,,,,,,,,,,,,,,,,,,,,,,,,,,,,,,,,,,,,,,,,,,,,,,,,,
2021,deon jackson,RB,Duke,5-11,218.0,4.41,36.0,18.0,123.0,7.15,4.37,False,,,deon jackson,2020.0,0.0,0.0,0.0,2.0,0.0,0.0,3.0,5.0,5.0,0.0,,,,,,,,,,,,,,,,,1.0,1.0,0.0,1.0,1.0,29.0,29.0,,,,,,,,,,,,47.0,10.0,0.0,85.0,8.5,161.0,65.0,5.0,682.0,4.2
2021,drake jackson,C,Kentucky,6-1,293.0,,31.0,,,,,False,,,drake jackson,2021.0,2.0,2.0,10.0,46.0,0.0,16.0,74.0,0.0,0.0,2.0,18.0,2.0,0.0,18.0,,,,,,,,,,,,,,,,,,,,,,,,,,,,,,,,,,,,,,,,
2021,tarron jackson,DE,Coastal Carolina,6-2,254.0,4.68,29.0,25.0,118.0,7.45,4.51,True,6.0,191.0,tarron jackson,2020.0,0.0,14.0,8.5,25.0,0.0,14.0,54.0,0.0,0.0,1.0,,,,,,,,,,,,,,,,,,,,,,,,,,,,,,,,,,,,,,,,,,,,
2021,warren jackson,WR,Colorado St.,6-6,219.0,4.68,33.5,,123.0,7.81,4.53,False,,,warren jackson,2019.0,0.0,0.0,0.0,1.0,0.0,0.0,1.0,1.0,1.0,0.0,,,,,,,,,,,,,,,,,,,,,,,,,,,,,,,,,,,87.0,77.0,8.0,1119.0,14.5,,,,,
2021,jerry jacobs,DB,Arkansas,5-10,208.0,4.53,34.5,20.0,120.0,6.95,4.33,False,,,jerry jacobs,2020.0,0.0,0.0,0.0,17.0,0.0,1.0,17.0,,,,,,,,,,,,,,,,,,,,,,,,,,,,,,,,,,,,,,,,,,,,,,,
2021,brenden jaimes,OL,Nebraska,6-5,298.0,,30.5,25.0,112.0,7.5,4.51,True,5.0,159.0,brenden jaimes,,,,,,,,,,,,,,,,,,,,,,,,,,,,,,,,,,,,,,,,,,,,,,,,,,,,,,,
2021,shemar jean-charles,DB,Appalachian St.,5-10,184.0,4.47,35.0,19.0,124.0,7.19,4.27,False,,,shemar jeancharles,2020.0,16.0,0.0,0.0,23.0,0.0,1.0,36.0,,,,0.0,1.0,0.0,0.0,,,,,,,,,,,,,,,,,,,,,,,,,,,,,,,,,,,,,,,,
2021,jermar jefferson,RB,Oregon St.,5-10,206.0,4.57,31.0,13.0,115.0,7.38,4.38,True,7.0,257.0,jermar jefferson,2020.0,,,,,,,,2.0,1.0,0.0,,,,,16.0,18.0,2.0,0.0,32.0,,,,,,,,,,,,,,,,,,,,,,,,,,20.0,9.0,0.0,67.0,7.4,133.0,82.0,7.0,858.0,6.5
2021,teven jenkins,OL,Oklahoma St.,6-5,317.0,5.01,32.5,36.0,106.0,7.72,4.66,True,2.0,39.0,teven jenkins,2019.0,0.0,0.0,0.0,1.0,0.0,0.0,1.0,,,,,,,,,,,,,,,,,,,,,,,,,,,,,,,,,,,,,,,,,,,,,,,
2021,adam jewell,OL,Air Force,6-2,289.0,5.37,27.5,,107.0,,,False,,,adam jewell,,,,,,,,,,,,,,,,,,,,,,,,,,,,,,,,,,,,,,,,,,,,,,,,,,,,,,,
2021,sterling johnson,DL,Coastal Carolina,6-3,288.0,5.22,28.0,25.0,103.0,7.56,4.81,False,,,sterling johnson,2019.0,2.0,4.0,3.5,14.0,0.0,9.5,39.0,,,,,,,,,,,,,,,,,,,,,,,,,,,,,,,,,,,,,,,,,,,,,,,
2021,jerome johnson,DL,Indiana,6-2,296.0,5.12,27.5,21.0,113.0,7.7,4.66,False,,,jerome johnson,2020.0,0.0,1.0,4.0,12.0,0.0,4.5,18.0,0.0,0.0,1.0,0.0,1.0,0.0,0.0,,,,,,,,,,,,,,,,,,,,,,,,,,,,,,,,,,,,,,,,
2021,jamar johnson,DB,Indiana,6-2,205.0,4.58,35.0,17.0,122.0,7.22,4.41,True,5.0,164.0,jamar johnson,2020.0,4.0,0.0,1.0,32.0,0.0,3.5,42.0,1.0,1.0,0.0,23.5,4.0,0.0,94.0,,,,,,,,,,,,,,,,,,,,,,,,,,,,,,,,,,,,,,,,
2021,josh johnson,RB,La-Monroe,5-8,209.0,4.61,35.5,22.0,115.0,7.16,4.4,False,,,josh johnson,2022.0,0.0,0.0,0.0,8.0,0.0,1.0,10.0,,,,,,,,,,,,,,,,,,,,,,,,,,,,,,,,,,,,,,,,,,,,,,,
2021,johnathon johnson,WR,Missouri,,,,,,,,,False,,,johnathon johnson,2019.0,0.0,0.0,0.0,1.0,0.0,0.0,1.0,2.0,1.0,0.0,,,,,1.0,1.0,1.0,0.0,1.0,,,,,,,,,,,,,,,0.5,1.0,2.0,0.0,1.0,,,,,,,29.0,29.0,0.0,294.0,10.1,1.0,13.0,0.0,13.0,13.0
2021,mustafa johnson,DE,Colorado,6-0,280.0,,29.0,27.0,103.0,7.18,4.51,False,,,mustafa johnson,2021.0,0.0,2.0,2.0,15.0,0.0,5.0,22.0,,,,,,,,,,,,,,,,,,,,,,,,,,,,,,,,,,,,,,,,,,,,,,,
2021,patrick johnson,DE,Tulane,6-6,240.0,4.59,35.0,16.0,119.0,6.97,4.41,True,7.0,234.0,patrick johnson,2020.0,2.0,3.0,9.0,26.0,0.0,13.5,39.0,,,,,,,,,,,,,,,,,,,,,,,,,,,,,,,,,,,,,,,,,,,,,,,
2021,zeandae johnson,DE,California,6-3,270.0,4.89,27.5,22.0,108.0,,,False,,,zeandae johnson,2020.0,0.0,1.0,0.0,3.0,0.0,0.5,8.0,,,,,,,,,,,,,,,,,,,,,,,,,,,,,,,,,,,,,,,,,,,,,,,
2021,jamal jones,RB,Arkansas St.,5-6,198.0,4.67,28.0,23.0,112.0,7.39,4.65,False,,,jamal jones,2020.0,,,,,,,,2.0,2.0,0.0,,,,,,,,,,,,,,,,,,,,,,,,,,,,,,,,,,,14.0,17.0,0.0,89.0,5.2,130.0,25.0,3.0,576.0,4.4
2021,ernest jones,LB,South Carolina,6-1,230.0,4.65,38.5,,,,,True,3.0,103.0,ernest jones,2020.0,0.0,3.0,1.0,42.0,0.0,5.0,86.0,0.0,0.0,1.0,,,,,,,,,,,,,,,,,,,,,,,,,,,,,,,,,,,,,,,,,,,,
2021,mac jones,QB,Alabama,6-2,217.0,4.72,32.0,,116.0,7.04,4.39,True,1.0,15.0,mac jones,2020.0,,,,,,,,2.0,1.0,0.0,,,,,,,,,,,,,,,,,402.0,311.0,4.0,0.774,41.0,4500.0,11.2,,,,,,,,,,,,0.0,1.0,0.0,,,35.0,14.0,1.0,16.0,0.5
2021,naquan jones,DT,Michigan St.,6-3,313.0,5.42,25.0,20.0,100.0,,4.9,False,,,naquan jones,2020.0,1.0,2.0,0.0,10.0,0.0,5.0,24.0,0.0,0.0,1.0,,,,,,,,,,,,,,,,,,,,,,,,,,,,,,,,,,,,,,,,,,,,
2021,patrick jones,DL,Pittsburgh,6-4,261.0,4.85,31.5,22.0,107.0,,,True,3.0,90.0,patrick jones,2020.0,3.0,5.0,8.5,24.0,0.0,12.5,42.0,0.0,0.0,1.0,,,,,,,,,,,,,,,,,,,,,,,,,,,,,,,,,,,,,,,,,,,,
2021,robert jones,OL,Middle Tenn. St.,6-4,319.0,5.36,,,,,,False,,,robert jones,2021.0,0.0,0.0,0.0,3.0,0.0,0.0,5.0,,,,,,,,,,,,,,,,,,,,,,,,,,,,,,,,,,,,,,,,,,,,,,,
2021,brevin jordan,TE,Miami (FL),6-2,247.0,4.64,31.0,17.0,116.0,,,True,5.0,147.0,brevin jordan,2020.0,,,,,,,,,,,,,,,,,,,,,,,,,,,1.0,1.0,0.0,1.0,0.0,15.0,15.0,,,,,,,,,,,,76.0,38.0,7.0,576.0,15.2,2.0,1.0,0.0,1.0,0.5
2021,kelvin joseph,DB,Kentucky,5-11,197.0,4.34,35.0,,128.0,7.21,4.22,True,2.0,44.0,kelvin joseph,2020.0,1.0,0.0,0.0,14.0,1.0,0.5,25.0,,,,15.5,4.0,1.0,62.0,,,,,,,,,,,,,,,,,,,,,,,,,,,,,,,,,,,,,,,,
2021,terrace marshall jr.,WR,LSU,6-2,205.0,4.4,39.0,19.0,125.0,,,False,,,terrace marshall,2020.0,,,,,,,,1.0,1.0,0.0,,,,,,,,,,,,,,,,,,,,,,,,,,,,,,,,,,,75.0,48.0,10.0,731.0,15.2,,,,,
2021,asante samuel jr.,DB,Florida St.,5-10,180.0,4.45,35.0,12.0,124.0,6.95,4.13,False,,,asante samuel,2020.0,6.0,0.0,0.0,22.0,0.0,1.0,30.0,0.0,0.0,1.0,24.7,3.0,0.0,74.0,,,,,,,,,,,,,,,,,,,,,,,,,,,,,,,,,,,,,,,,
2021,thomas graham jr.,CB,Oregon,5-10,192.0,4.49,34.5,13.0,121.0,7.08,4.21,False,,,thomas graham,2019.0,10.0,0.0,0.0,47.0,0.0,5.0,64.0,,,,13.0,2.0,0.0,26.0,,,,,,,,,,,,,,,,,,,,,,,,,,,,,,,,,,,,,,,,
2021,kary vincent jr.,CB,LSU,5-9,185.0,4.36,35.5,8.0,117.0,,,True,7.0,237.0,kary vincent,2019.0,9.0,0.0,0.0,36.0,0.0,2.0,48.0,,,,11.3,4.0,0.0,45.0,,,,,,,,,,,,,,,,,,,,,,,,,,,,,,,,,,,,,,,,
2021,hunter kampmoyer,TE,Oregon,6-4,243.0,4.83,31.0,21.0,113.0,7.28,4.54,False,,,hunter kampmoyer,2020.0,,,,,,,,,,,,,,,,,,,,,,,,,,,,,,,,,,,,,,,,,,,,,26.0,14.0,3.0,161.0,11.5,,,,,
2021,xavier kelly,DL,Arkansas,6-4,306.0,5.17,27.0,27.0,99.0,,,False,,,xavier kelly,2020.0,0.0,2.0,1.0,3.0,0.0,1.0,8.0,,,,,,,,,,,,,,,,,,,,,,,,,,,,,,,,,,,,,,,,,,,,,,,
2021,alex kessman,K,Pittsburgh,6-2,189.0,,,,,,,False,,,alex kessman,2020.0,,,,,,,,,,,,,,,,,,,,29.0,23.0,58.0,0.793,100.0,32.0,31.0,,,,,,,,,,,,,,,,,,,,,,,,,,,,
2021,devon key,DB,Western Kentucky,5-11,208.0,4.56,38.0,20.0,123.0,7.13,4.15,False,,,devon key,2020.0,2.0,0.0,0.0,45.0,0.0,0.0,78.0,,,,0.0,1.0,0.0,0.0,0.0,0.0,1.0,0.0,0.0,,,,,,,,,,,,,,,,,,,,,,,,,,,,,,,,,,,
2021,cameron kinley,CB,Navy,6-0,197.0,4.52,33.0,10.0,116.0,7.06,4.25,False,,,cameron kinley,2020.0,5.0,0.0,0.0,19.0,0.0,1.0,26.0,,,,4.0,1.0,0.0,4.0,,,,,,,,,,,,,,,,,,,,,,,,,,,,,,,,,,,,,,,,
2021,logan klusman,LS,Kansas,6-0,235.0,5.16,31.5,,110.0,7.65,4.65,False,,,logan klusman,2019.0,,,,,,,,0.0,0.0,1.0,,,,,,,,,,,,,,,,,,,,,,,,,,,,,,,,,,,,,,,,,,,,
2021,brenden knox,RB,Marshall,5-10,215.0,4.67,35.0,23.0,112.0,7.19,4.39,False,,,brenden knox,2020.0,0.0,0.0,0.0,1.0,0.0,0.0,1.0,,,,,,,,13.0,17.0,2.0,0.0,26.0,,,,,,,,,,,,,,,,,,,,,,,,,,58.0,7.0,1.0,86.0,12.3,185.0,45.0,9.0,887.0,4.8
2021,ben knutson,OL,Tulane,6-7,301.0,5.27,24.0,12.0,99.0,8.01,4.85,False,,,ben knutson,,,,,,,,,,,,,,,,,,,,,,,,,,,,,,,,,,,,,,,,,,,,,,,,,,,,,,,
2021,malcolm koonce,DE,Buffalo,6-2,249.0,,,,,,,True,3.0,79.0,malcolm koonce,2020.0,2.0,4.0,5.0,16.0,0.0,6.5,30.0,,,,,,,,,,,,,,,,,,,,,,,,,,,,,,,,,,,,,,,,,,,,,,,
2021,tommy kraemer,OL,Notre Dame,6-5,309.0,,,,,,,False,,,tommy kraemer,,,,,,,,,,,,,,,,,,,,,,,,,,,,,,,,,,,,,,,,,,,,,,,,,,,,,,,
2021,adam krumholz,WR,Wisconsin,6-0,193.0,4.6,35.5,11.0,118.0,7.03,4.28,False,,,adam krumholz,2020.0,0.0,0.0,0.0,0.0,0.0,0.0,3.0,1.0,0.0,0.0,,,,,,,,,,,,,,,,,,,,,,,,,,,,,,,,,,,23.0,3.0,0.0,47.0,15.7,1.0,0.0,0.0,,
2021,bruno labelle,TE,Cincinnati,6-4,247.0,4.73,36.0,19.0,123.0,7.36,4.43,False,,,bruno labelle,2020.0,,,,,,,,,,,,,,,,,,,,,,,,,,,,,,,,,,,,,,,,,,,,,21.0,10.0,1.0,81.0,8.1,,,,,
2021,trey lance,QB,North Dakota St.,6-3,224.0,,,,,,,True,1.0,3.0,trey lance,,,,,,,,,,,,,,,,,,,,,,,,,,,,,,,,,,,,,,,,,,,,,,,,,,,,,,,
2021,cole van lanen,OL,Wisconsin,6-4,305.0,5.11,30.0,22.0,107.0,7.34,4.64,True,6.0,214.0,cole van lanen,2018.0,,,,,,,,0.0,0.0,1.0,,,,,,,,,,,,,,,,,,,,,,,,,,,,,,,,,,,,,,,,,,,,
2021,nolan laufenberg,OL,Air Force,6-4,312.0,5.34,29.5,,105.0,7.7,4.77,False,,,nolan laufenberg,2020.0,0.0,0.0,0.0,1.0,0.0,0.0,1.0,,,,,,,,,,,,,,,,,,,,,,,,,,,,,,,,,,,,,,,,,,,,,,,
2021,trevor lawrence,QB,Clemson,6-5,213.0,,,,,,,True,1.0,1.0,trevor lawrence,2020.0,0.0,0.0,0.0,0.0,0.0,0.0,1.0,5.0,3.0,0.0,,,,,,,,,,,,,,,,,334.0,231.0,5.0,0.692,24.0,3153.0,9.4,,,,,,,,,,,,8.0,1.0,0.0,8.0,8.0,68.0,34.0,8.0,203.0,3.0
2021,alex leatherwood,OL,Alabama,6-5,312.0,4.96,34.5,,118.0,,,True,1.0,17.0,alex leatherwood,,,,,,,,,,,,,,,,,,,,,,,,,,,,,,,,,,,,,,,,,,,,,,,,,,,,,,,
2021,richard lecounte,DB,Georgia,5-10,196.0,4.79,32.5,,128.0,7.44,4.49,True,5.0,169.0,richard lecounte,2020.0,4.0,0.0,0.0,16.0,0.0,1.0,26.0,0.0,0.0,1.0,12.7,3.0,0.0,38.0,,,,,,,,,,,,,,,,,,,,,,,,,,,,,,,,,,,,,,,,
2021,riley lees,WR,Northwestern,5-11,192.0,4.47,35.0,7.0,119.0,6.78,4.16,False,,,riley lees,2020.0,,,,,,,,,,,,,,,,,,,,,,,,,,,2.0,2.0,0.0,1.0,0.0,48.0,24.0,8.2,36.0,9.0,0.0,74.0,,,,,,,27.0,20.0,2.0,214.0,10.7,7.0,7.0,0.0,,
2021,deommodore lenoir,CB,Oregon,5-10,199.0,4.48,34.5,15.0,121.0,7.02,4.35,True,5.0,172.0,deommodore lenoir,2020.0,0.0,0.0,0.0,24.0,0.0,0.0,30.0,,,,24.0,1.0,0.0,24.0,,,,,,,,,,,,,,,,,,,,,,,,,,,,,,,,,,,,,,,,
2021,walker little,OT,Stanford,6-7,313.0,5.3,29.5,24.0,111.0,7.44,4.59,True,2.0,45.0,walker little,,,,,,,,,,,,,,,,,,,,,,,,,,,,,,,,,,,,,,,,,,,,,,,,,,,,,,,
2021,jeremiah littles,DL,South Alabama,6-0,278.0,5.15,26.0,17.0,98.0,7.9,4.87,False,,,jeremiah littles,2020.0,0.0,0.0,3.0,20.0,0.0,6.0,33.0,,,,,,,,,,,,,,,,,,,,,,,,,,,,,,,,,,,,,,,,,,,,,,,
2021,roy lopez,DL,Arizona,6-1,304.0,5.19,31.0,36.0,105.0,7.39,4.51,False,,,roy lopez,2020.0,0.0,0.0,1.0,10.0,0.0,4.0,18.0,,,,,,,,,,,,,,,,,,,,,,,,,,,,,,,,,,,,,,,,,,,,,,,
2021,isaiahh loudermilk,DE,Wisconsin,6-6,274.0,5.08,28.5,21.0,112.0,7.52,4.55,True,5.0,156.0,isaiahh loudermilk,2020.0,0.0,3.0,2.0,9.0,0.0,2.5,13.0,,,,,,,,,,,,,,,,,,,,,,,,,,,,,,,,,,,,,,,,,,,,,,,
2021,blake lynch,K,Kansas St.,5-4,144.0,,,,,,,False,,,blake lynch,2019.0,2.0,3.0,4.5,44.0,0.0,9.5,68.0,0.0,0.0,1.0,17.5,2.0,0.0,35.0,,,,,,,,,,,,,,,,,,,,,,,,,,,,,,,,,,,,,,,,
2021,artayvious lynn,TE,TCU,6-4,271.0,,,,,,,False,,,artayvious lynn,2020.0,,,,,,,,,,,,,,,,,,,,,,,,,,,,,,,,,,,,,,,,,,,,,48.0,7.0,1.0,88.0,12.6,,,,,
2021,branden mack,WR,Temple,6-5,217.0,4.66,31.0,11.0,115.0,7.13,4.37,False,,,branden mack,2020.0,0.0,0.0,0.0,1.0,0.0,0.0,1.0,,,,,,,,,,,,,,,,,,,,3.0,1.0,0.0,0.333,0.0,35.0,11.7,,,,,,,,,,,,41.0,26.0,3.0,291.0,11.2,4.0,10.0,0.0,19.0,4.8
2021,cj marable,RB,Coastal Carolina,5-6,195.0,4.59,36.0,17.0,116.0,7.25,4.39,False,,,cj marable,2020.0,0.0,0.0,0.0,1.0,0.0,0.0,2.0,3.0,1.0,0.0,,,,,16.0,24.0,7.0,0.0,112.0,,,,,,,,,,,,,,,,,,,,,,,,,,26.0,31.0,7.0,228.0,7.4,169.0,59.0,12.0,889.0,5.3
2021,jonathan marshall,DL,Arkansas,6-3,310.0,4.88,32.0,36.0,114.0,,,False,,,jonathan marshall,2020.0,1.0,4.0,1.0,20.0,0.0,6.5,35.0,,,,,,,,,,,,,,,,,,,,,,,,,,,,,,,,,,,,,,,,,,,,,,,
2021,ben mason,TE,Michigan,6-2,246.0,4.73,37.5,29.0,117.0,6.96,4.42,False,,,ben mason,2020.0,,,,,,,,,,,,,,,0.0,0.0,1.0,0.0,0.0,,,,,,,,,,,,,,,,,,,,,,,,,,9.0,2.0,1.0,17.0,8.5,,,,,
2021,mac mccain,DB,North Carolina A&T,5-11,186.0,4.45,35.5,13.0,123.0,6.94,4.12,False,,,mac mccain,,,,,,,,,,,,,,,,,,,,,,,,,,,,,,,,,,,,,,,,,,,,,,,,,,,,,,,
2021,khalil mcclain,WR,Troy,6-2,214.0,4.7,32.0,15.0,114.0,7.72,4.5,False,,,khalil mcclain,2020.0,0.0,0.0,0.0,0.0,0.0,0.0,1.0,,,,,,,,,,,,,,,,,,,,,,,,,,,,,,,,,,,,,,40.0,32.0,6.0,383.0,12.0,2.0,12.0,0.0,18.0,9.0
2021,jaylon mcclain-sapp,DB,Marshall,5-9,183.0,4.49,41.0,14.0,125.0,7.21,4.46,False,,,jaylon mcclainsapp,2020.0,6.0,0.0,0.0,23.0,0.0,0.5,31.0,,,,,,,,,,,,,,,,,,,,,,,,,,,,,,,,,,,,,,,,,,,,,,,
2021,nick mccloud,CB,Notre Dame,6-0,193.0,4.45,34.0,12.0,,6.88,4.16,False,,,nick mccloud,2020.0,8.0,0.0,0.0,22.0,0.0,2.0,33.0,0.0,0.0,2.0,0.0,1.0,0.0,0.0,,,,,,,,,,,,,,,,,,,,,,,,,,,,,,,,,,,,,,,,
2021,sandon mccoy,RB,Army,5-10,215.0,4.78,32.0,18.0,114.0,7.47,4.56,False,,,sandon mccoy,2020.0,0.0,0.0,0.0,1.0,0.0,0.0,1.0,,,,,,,,,,,,,,,,,,,,,,,,,,,,,,,,,,,,,,0.0,1.0,0.0,,,86.0,16.0,10.0,268.0,3.1
2021,greg mccrae,RB,Central Florida,5-9,182.0,4.57,37.5,,124.0,6.89,4.34,False,,,greg mccrae,2020.0,0.0,0.0,0.0,1.0,0.0,0.0,1.0,2.0,0.0,0.0,,,,,,,,,,,,,,,,,,,,,,,,,,,,,,,,,,,15.0,14.0,0.0,98.0,7.0,149.0,54.0,10.0,758.0,5.1
2021,tre' mckitty,TE,Georgia,6-4,247.0,,,,,,,True,3.0,97.0,tre mckitty,2020.0,,,,,,,,,,,,,,,,,,,,,,,,,,,,,,,,,,,,,,,,,,,,,40.0,6.0,1.0,108.0,18.0,,,,,
2021,romeo mcknight,DE,Charlotte,6-4,252.0,4.98,38.0,,118.0,7.06,4.2,False,,,romeo mcknight,2020.0,0.0,3.0,1.0,11.0,0.0,4.5,23.0,,,,,,,,,,,,,,,,,,,,,,,,,,,,,,,,,,,,,,,,,,,,,,,
2021,isaiah mckoy,WR,Kent St.,6-2,200.0,4.68,29.5,12.0,114.0,7.09,4.36,False,,,isaiah mckoy,2020.0,,,,,,,,1.0,0.0,0.0,,,,,15.5,23.0,4.0,0.0,62.0,,,,,,,,,,,,,,,,,,,,,,,,,,75.0,25.0,5.0,455.0,18.2,,,,,
2021,racey mcmath,WR,LSU,6-2,217.0,4.36,34.0,,124.0,7.38,4.38,True,6.0,205.0,racey mcmath,2020.0,0.0,0.0,0.0,2.0,0.0,0.0,2.0,,,,,,,,,,,,,,,,,,,,,,,,,,,,,,,,,,,,,,30.0,14.0,1.0,195.0,13.9,,,,,
2021,joshua mcmillon,LB,Alabama,,,,,,,,,False,,,joshua mcmillon,2020.0,0.0,0.0,0.0,3.0,0.0,1.0,6.0,,,,,,,,,,,,,,,,,,,,,,,,,,,,,,,,,,,,,,,,,,,,,,,
2021,zech mcphearson,DB,Texas Tech,5-10,191.0,4.48,40.5,14.0,130.0,6.88,4.0,False,,,zech mcphearson,2020.0,6.0,0.0,0.0,47.0,2.0,1.0,53.0,0.0,0.0,4.0,5.3,4.0,0.0,21.0,,,,,,,,,,,,,,,,,,,,,,,,,,,,,,,,,,,,,,,,
2021,evan mcpherson,K,Florida,5-11,185.0,,,,,,,False,,,evan mcpherson,2020.0,,,,,,,,,,,,,,,,,,,,21.0,17.0,55.0,0.81,103.0,52.0,52.0,,,,,,,,,,,,,,,,,,,,,,,,,,,,
2021,trae meadows,DB,Western Kentucky,6-0,183.0,4.65,29.0,6.0,118.0,7.3,4.39,False,,,trae meadows,2020.0,4.0,0.0,1.0,20.0,0.0,2.5,27.0,,,,,1.0,0.0,,,,,,,,,,,,,,,,,,,,,,,,,,,,,,,,,,,,,,,,,
2021,quinn meinerz,OL,Wisconsin–Whitewater,6-2,320.0,4.99,32.0,,111.0,7.54,4.58,True,3.0,98.0,quinn meinerz,,,,,,,,,,,,,,,,,,,,,,,,,,,,,,,,,,,,,,,,,,,,,,,,,,,,,,,
2021,ifeatu melifonwu,DB,Syracuse,6-2,205.0,4.48,41.5,16.0,134.0,7.01,4.34,True,3.0,101.0,ifeatu melifonwu,2020.0,8.0,0.0,1.0,43.0,0.0,3.0,54.0,,,,0.0,1.0,0.0,0.0,,,,,,,,,,,,,,,,,,,,,,,,,,,,,,,,,,,,,,,,
2021,jordan meredith,OL,Western Kentucky,6-2,302.0,5.11,32.0,25.0,109.0,7.41,4.62,False,,,jordan meredith,,,,,,,,,,,,,,,,,,,,,,,,,,,,,,,,,,,,,,,,,,,,,,,,,,,,,,,
2021,forrest merrill,DL,Arkansas St.,6-0,322.0,5.27,26.5,36.0,101.0,8.24,4.81,False,,,forrest merrill,2020.0,0.0,0.0,2.0,23.0,0.0,6.5,42.0,0.0,0.0,2.0,,,,,,,,,,,,,,,,,,,,,,,,,,,,,,,,,,,,,,,,,,,,
2021,scott meyer,LS,Vanderbilt,6-1,237.0,,,,102.0,7.54,4.65,False,,,scott meyer,2020.0,0.0,0.0,0.0,1.0,0.0,0.0,1.0,,,,,,,,,,,,,,,,,,,,,,,,,,,,,,,,,,,,,,,,,,,,,,,
2021,davis mills,QB,Stanford,6-3,217.0,4.82,32.0,,110.0,6.95,4.4,True,3.0,67.0,davis mills,2020.0,0.0,0.0,0.0,1.0,0.0,0.0,1.0,3.0,0.0,0.0,,,,,,,,,,,,,,,,,193.0,127.0,3.0,0.658,7.0,1510.0,7.8,,,,,,,,,,,,,,,,,30.0,15.0,3.0,37.0,1.2
2021,dedrick mills,RB,Nebraska,5-9,217.0,4.65,32.5,13.0,117.0,7.06,4.35,False,,,dedrick mills,2020.0,,,,,,,,3.0,0.0,0.0,,,,,,,,,,,,,,,,,,,,,,,,,,,,,,,,,,,15.0,13.0,0.0,84.0,6.5,84.0,50.0,3.0,396.0,4.7
2021,dax milne,WR,BYU,,,4.54,31.0,14.0,114.0,,4.19,True,7.0,258.0,dax milne,2020.0,,,,,,,,2.0,1.0,0.0,,,,,,,,,,,,,,,,,,,,,,,,0.5,4.0,6.0,0.0,3.0,,,,,,,78.0,70.0,8.0,1189.0,17.0,11.0,15.0,0.0,67.0,6.1
2021,andre mintze,LB,Vanderbilt,6-2,253.0,4.59,,18.0,119.0,,,False,,,andre mintze,2020.0,1.0,2.0,3.0,11.0,0.0,5.5,21.0,0.0,0.0,1.0,,,,,,,,,,,,,,,,,,,,,,,,,,,,,,,,,,,,,,,,,,,,
2021,elijah mitchell,RB,Louisiana,5-10,201.0,4.38,37.5,17.0,128.0,6.94,4.19,True,6.0,194.0,elijah mitchell,2020.0,,,,,,,,2.0,0.0,0.0,,,,,16.4,27.0,5.0,0.0,82.0,,,,,,,,,,,,,,,,,,,,,,,,,,36.0,16.0,0.0,153.0,9.6,141.0,59.0,8.0,878.0,6.2
2021,trevon moehrig,S,TCU,,,4.5,33.0,,,,4.19,True,2.0,43.0,trevon moehrig,,,,,,,,,,,,,,,,,,,,,,,,,,,,,,,,,,,,,,,,,,,,,,,,,,,,,,,
2021,elijah molden,DB,Washington,5-9,192.0,4.62,36.5,13.0,125.0,,,True,3.0,100.0,elijah molden,2020.0,1.0,0.0,0.0,21.0,0.0,1.0,26.0,,,,24.0,1.0,0.0,24.0,,,,,,,,,,,,,,,,,,,,,,,,,,,,,,,,,,,,,,,,
2021,briley moore,TE,Kansas St.,6-4,240.0,4.66,37.5,26.0,123.0,7.24,4.37,False,,,briley moore,2020.0,0.0,0.0,0.0,1.0,0.0,0.0,1.0,,,,,,,,,,,,,,,,,,,,,,,,,,,,,,,,,,,,,,66.0,22.0,3.0,338.0,15.4,,,,,
2021,jaylon moore,OT,West. Michigan,6-4,311.0,5.25,30.0,27.0,106.0,7.77,4.67,False,,,jaylon moore,2019.0,1.0,0.0,0.0,0.0,0.0,0.0,0.0,,,,,,,,12.7,14.0,3.0,0.0,38.0,,,,,,,,,,,,,,,,,,,,,,,,,,9.0,1.0,0.0,9.0,9.0,1.0,0.0,0.0,,
2021,david moore,QB,Central Michigan,6-0,200.0,4.86,29.5,,112.0,7.62,4.75,False,,,david moore,2020.0,1.0,0.0,0.0,0.0,0.0,0.0,0.0,,,,,,,,,,,,,,,,,,,,,,,,,,,,,,,,,,,,,,,,,,,,,,,
2021,elijah moore,WR,Mississippi,,,4.35,36.0,17.0,121.0,6.63,4.07,True,2.0,34.0,elijah moore,2020.0,0.0,0.0,0.0,2.0,0.0,0.0,2.0,1.0,0.0,0.0,,,,,,,,,,,,,,,,,1.0,1.0,0.0,1.0,0.0,2.0,2.0,3.7,10.0,3.0,0.0,11.0,,,,,,,91.0,86.0,8.0,1193.0,13.9,14.0,13.0,0.0,64.0,4.6
2021,rondale moore,WR,Purdue,5-7,180.0,4.28,42.5,,,6.65,4.06,True,2.0,49.0,rondale moore,2020.0,,,,,,,,,,,,,,,,,,,,,,,,,,,,,,,,,,,,,,,,,,,,,33.0,35.0,0.0,270.0,7.7,6.0,11.0,1.0,32.0,5.3
2021,quintin morris,TE,Bowling Green,6-2,243.0,4.6,34.0,22.0,119.0,7.12,4.55,False,,,quintin morris,2020.0,,,,,,,,,,,,,,,,,,,,,,,,,,,,,,,,,,,,,,,,,,,,,53.0,20.0,0.0,248.0,12.4,,,,,
2021,jimmy morrissey,OL,Pittsburgh,6-3,303.0,5.31,31.0,26.0,105.0,7.39,4.47,True,7.0,230.0,jimmy morrissey,2019.0,0.0,0.0,0.0,1.0,0.0,0.0,1.0,,,,,,,,,,,,,,,,,,,,,,,,,,,,,,,,,,,,,,,,,,,,,,,
2021,e.j. muhammad,DB,Nevada,5-10,184.0,4.72,31.0,,116.0,7.35,4.4,False,,,ej muhammad,2020.0,3.0,0.0,0.0,17.0,0.0,3.5,32.0,,,,32.0,1.0,0.0,32.0,,,,,,,,,,,,,,,,,,,,,,,,,,,,,,,,,,,,,,,,
2021,israel mukuamu,DB,South Carolina,,,,36.0,34.0,,,,True,6.0,227.0,israel mukuamu,2020.0,0.0,0.0,0.0,6.0,0.0,0.0,10.0,,,,28.0,2.0,0.0,56.0,,,,,,,,,,,,,,,,,,,,,,,,,,,,,,,,,,,,,,,,
2021,josh myers,C,Ohio St.,6-5,310.0,,,29.0,,,,True,2.0,62.0,josh myers,,,,,,,,,,,,,,,,,,,,,,,,,,,,,,,,,,,,,,,,,,,,,,,,,,,,,,,
2021,jonathan nance,WR,Missouri,,,,,,,,,False,,,jonathan nance,2019.0,0.0,0.0,0.0,1.0,0.0,0.0,1.0,,,,,,,,,,,,,,,,,,,,,,,,,,,,,,,,,,,,,,64.0,31.0,4.0,458.0,14.8,1.0,4.0,0.0,4.0,4.0
2021,hamsah nasirildeen,DB,Florida St.,6-3,215.0,,32.0,17.0,,7.05,4.31,True,6.0,186.0,hamsah nasirildeen,2020.0,1.0,0.0,0.0,5.0,0.0,1.5,13.0,,,,25.0,1.0,0.0,25.0,,,,,,,,,,,,,,,,,,,,,,,,,,,,,,,,,,,,,,,,
2021,lorenzo neal,DT,Purdue,,318.0,5.59,,27.0,,,,False,,,lorenzo neal,2020.0,2.0,0.0,0.0,6.0,0.0,1.5,10.0,,,,,,,,,,,,,,,,,,,,,,,,,,,,,,,,,,,,,,,,,,,,,,,
2021,ryan neuzil,OL,Appalachian St.,6-2,301.0,5.09,29.0,30.0,102.0,7.41,4.53,False,,,ryan neuzil,2020.0,0.0,0.0,0.0,1.0,0.0,0.0,1.0,,,,,,,,,,,,,,,,,,,,,,,,,,,,,,,,,,,,,,,,,,,,,,,
2021,royce newman,OL,Mississippi,6-5,310.0,5.14,28.0,23.0,104.0,7.91,4.75,False,,,royce newman,2020.0,0.0,0.0,0.0,0.0,0.0,0.0,1.0,,,,,,,,,,,,,,,,,,,,,,,,,,,,,,,,,,,,,,,,,,,,,,,
2021,jamie newman,QB,Georgia,6-2,234.0,,,,,,,False,,,jamie newman,2019.0,,,,,,,,5.0,2.0,0.0,,,,,,,,,,,,,,,,,361.0,220.0,11.0,0.609,26.0,2868.0,7.9,,,,,,,,,,,,,,,,,180.0,50.0,6.0,574.0,3.2
2021,dazz newsome,WR,North Carolina,5-10,190.0,4.59,34.0,12.0,121.0,7.38,4.38,True,6.0,221.0,dazz newsome,2020.0,0.0,0.0,0.0,1.0,0.0,0.0,1.0,1.0,1.0,0.0,,,,,19.0,19.0,1.0,0.0,19.0,,,,,,,,,,,,,,,9.9,38.0,17.0,0.0,168.0,,,,,,,75.0,54.0,6.0,684.0,12.7,2.0,15.0,1.0,21.0,10.5
2021,greg newsome,DB,Northwestern,6-0,192.0,4.39,40.0,18.0,123.0,6.9,4.26,True,1.0,26.0,greg newsome,2020.0,9.0,0.0,0.0,8.0,0.0,0.0,12.0,,,,0.0,1.0,0.0,0.0,,,,,,,,,,,,,,,,,,,,,,,,,,,,,,,,,,,,,,,,
2021,nick niemann,LB,Iowa,6-3,234.0,4.45,33.5,,121.0,6.67,4.14,False,,,nick niemann,2020.0,0.0,0.0,0.0,37.0,0.0,2.5,77.0,0.0,0.0,1.0,,,,,,,,,,,,,,,,,,,,,,,,,,,,,,,,,,,,,,,,,,,,
2021,daviyon nixon,DT,Iowa,6-3,313.0,4.9,28.5,,106.0,7.68,4.7,True,5.0,158.0,daviyon nixon,2020.0,0.0,1.0,5.5,22.0,1.0,13.5,45.0,,,,71.0,1.0,1.0,71.0,,,,,,,,,,,,,,,,,,,,,,,,,,,,,,,,,,,,,,,,
2021,tre nixon,WR,Central Florida,6-0,187.0,4.44,35.5,18.0,125.0,6.81,4.27,True,7.0,242.0,tre nixon,2020.0,,,,,,,,,,,,,,,,,,,,,,,,,,,,,,,,,,,,,,,,,,,,,51.0,18.0,2.0,258.0,14.3,,,,,
2021,tre norwood,DB,Oklahoma,5-11,192.0,4.58,33.5,12.0,123.0,7.65,4.45,True,7.0,245.0,tre norwood,2020.0,2.0,0.0,0.0,13.0,1.0,0.0,23.0,,,,19.6,5.0,1.0,98.0,,,,,,,,,,,,,,,,,,,,,,,,,,,,,,,,,,,,,,,,
2021,antonio nunn,WR,Buffalo,5-11,204.0,4.5,33.5,15.0,120.0,7.12,4.32,False,,,antonio nunn,2020.0,,,,,,,,,,,,,,,1.0,2.0,2.0,0.0,2.0,,,,,,,,,,,,,,,,,,,,,,,,,,82.0,36.0,2.0,579.0,16.1,,,,,
2021,dayo odeyingbo,DL,Vanderbilt,6-5,276.0,,,,,,,True,2.0,54.0,dayo odeyingbo,2020.0,1.0,9.0,5.5,15.0,0.0,8.0,32.0,,,,,,,,,,,,,,,,,,,,,,,,,,,,,,,,,,,,,,,,,,,,,,,
2021,nick oelrich,DB,Florida,6-0,203.0,4.68,33.5,13.0,117.0,7.28,4.4,False,,,nick oelrich,2021.0,0.0,0.0,0.0,3.0,0.0,0.0,3.0,,,,,,,,,,,,,,,,,,,,,,,,,,,,,,,,,,,,,,,,,,,,,,,
2021,amen ogbongbemiga,LB,Oklahoma St.,6-0,231.0,4.66,32.0,24.0,112.0,7.32,4.28,False,,,amen ogbongbemiga,2020.0,0.0,3.0,2.0,50.0,0.0,5.0,80.0,0.0,0.0,3.0,,,,,,,,,,,,,,,,,,,,,,,,,,,,,,,,,,,,,,,,,,,,
2021,adetokunbo ogundeji,DL,Notre Dame,6-4,260.0,4.75,32.0,22.0,120.0,7.17,4.64,True,5.0,182.0,adetokunbo ogundeji,2020.0,0.0,6.0,7.0,15.0,0.0,7.0,23.0,0.0,0.0,1.0,,,,,,,,,,,,,,,,,,,,,,,,,,,,,,,,,,,,,,,,,,,,
2021,azeez ojulari,OLB,Georgia,6-2,249.0,4.63,30.0,26.0,127.0,7.27,4.34,True,2.0,50.0,azeez ojulari,2020.0,2.0,4.0,9.5,22.0,0.0,12.5,31.0,0.0,0.0,1.0,,,,,,,,,,,,,,,,,,,,,,,,,,,,,,,,,,,,,,,,,,,,
2021,levi onwuzurike,DL,Washington,6-2,290.0,4.89,30.0,29.0,109.0,,,True,2.0,41.0,levi onwuzurike,2019.0,0.0,0.0,2.0,20.0,0.0,6.0,45.0,,,,,,,,,,,,,,,,,,,,,,,,,,,12.0,12.0,1.0,0.0,12.0,,,,,,,,,,,,,,,,
2021,joseph ossai,LB,Texas,6-3,256.0,4.63,41.5,19.0,131.0,,,True,3.0,69.0,joseph ossai,2020.0,2.0,2.0,5.5,25.0,0.0,15.5,55.0,0.0,0.0,2.0,,,,,,,,,,,,,,,,,,,,,,,,,,,,,,,,,,,,,,,,,,,,
2021,jayson oweh,DE,Penn St.,6-5,257.0,4.36,39.5,21.0,134.0,6.83,4.21,True,1.0,31.0,jayson oweh,2020.0,1.0,1.0,0.0,20.0,0.0,6.5,38.0,,,,,,,,,,,,,,,,,,,,,,,,,,,,,,,,,,,,,,,,,,,,,,,
2021,jeremiah owusu-koramoah,LB,Notre Dame,6-1,221.0,,36.5,,124.0,6.8,4.15,True,2.0,52.0,jeremiah owusukoramoah,2020.0,3.0,1.0,1.5,41.0,0.0,11.0,61.0,0.0,0.0,2.0,0.0,1.0,0.0,0.0,,,,,,,,,,,,,,,,,,,,,,,,,,,,,,,,,,,,,,,,
2021,jr pace,DB,Northwestern,6-1,205.0,4.72,35.5,12.0,120.0,6.94,4.24,False,,,jr pace,2020.0,3.0,1.0,0.0,25.0,0.0,1.5,41.0,,,,0.0,1.0,0.0,0.0,,,,,,,,,,,,,,,,,,,,,,,,,,,,,,,,,,,,,,,,
2021,aj parker,DB,Kansas St.,5-11,182.0,4.53,33.5,10.0,117.0,7.02,4.37,False,,,aj parker,2020.0,4.0,0.0,0.0,32.0,1.0,3.5,40.0,,,,37.0,1.0,1.0,37.0,,,,,,,,,,,,,,,,,,,,7.0,0.0,1.0,0.0,7.0,,,,,,,,,,,,,,,,
2021,micah parsons,LB,Penn St.,6-3,246.0,4.39,34.0,19.0,126.0,6.89,4.4,True,1.0,12.0,micah parsons,2019.0,5.0,4.0,5.0,52.0,0.0,14.0,109.0,0.0,0.0,1.0,,,,,,,,,,,,,,,,,,,,,,,,,,,,,,,,,,,,,,,,,,,,
2021,jarrett patterson,OL,Notre Dame,5-6,195.0,4.52,,,,,,False,,,jarrett patterson,,,,,,,,,,,,,,,,,,,,,,,,,,,,,,,,,,,,,,,,,,,,,,,,,,,,,,,
2021,riley patterson,K,Memphis,5-10,181.0,,,,,,,False,,,riley patterson,2020.0,0.0,0.0,0.0,1.0,0.0,0.0,1.0,,,,,,,,,,,,,22.0,15.0,56.0,0.682,81.0,37.0,36.0,,,,,,,,,,,,,,,,,,,,,,,,,,,,
2021,jaret patterson,RB,Buffalo,5-6,195.0,4.59,30.0,19.0,117.0,7.03,4.35,False,,,jaret patterson,2020.0,,,,,,,,1.0,0.0,0.0,,,,,,,,,,,,,,,,,,,,,,,,,,,,,,,,,,,,,,,,141.0,67.0,19.0,1072.0,7.6
2021,kwity paye,DL,Michigan,6-2,261.0,4.52,35.3,36.0,118.0,,,True,1.0,21.0,kwity paye,2020.0,0.0,2.0,2.0,11.0,0.0,4.0,13.0,,,,,,,,,,,,,,,,,,,,,,,,,,,,,,,,,,,,,,,,,,,,,,,
2021,josh pederson,TE,La-Monroe,6-4,234.0,4.81,28.5,19.0,110.0,7.31,4.43,False,,,josh pederson,2020.0,,,,,,,,,,,,,,,,,,,,,,,,,,,1.0,0.0,0.0,0.0,0.0,0.0,0.0,,,,,,0.0,47.0,1.0,1.0,47.0,47.0,26.0,32.0,0.0,367.0,11.5,,,,,
2021,ronnie perkins,DE,Oklahoma,6-2,253.0,4.71,32.0,25.0,115.0,,4.69,True,3.0,96.0,ronnie perkins,2020.0,0.0,8.0,5.5,16.0,0.0,10.5,23.0,,,,,,,,,,,,,,,,,,,,,,,,,,,,,,,,,,,,,,,,,,,,,,,
2021,jordyn peters,DB,Auburn,6-0,202.0,4.7,39.5,7.0,124.0,7.14,4.47,False,,,jordyn peters,2020.0,4.0,0.0,0.0,26.0,0.0,1.0,42.0,,,,35.0,1.0,0.0,35.0,,,,,,,,,,,,,,,,,,,,,,,,,,,,,,,,,,,,,,,,
2021,jaelan phillips,DL,Miami (FL),6-5,260.0,4.56,36.0,21.0,125.0,,,True,1.0,18.0,jaelan phillips,2020.0,3.0,5.0,7.0,21.0,0.0,15.5,45.0,,,,0.0,1.0,0.0,0.0,,,,,,,,,,,,,,,,,,,,,,,,,,,,,,,,,,,,,,,,
2021,whop philyor,WR,Indiana,5-9,184.0,4.57,31.0,14.0,120.0,7.2,4.34,False,,,whop philyor,2020.0,0.0,0.0,0.0,1.0,0.0,0.0,1.0,1.0,1.0,0.0,,,,,,,,,,,,,,,,,,,,,,,,,,,,,,,,,,,63.0,54.0,3.0,495.0,9.2,1.0,8.0,0.0,8.0,8.0
2021,nick pickett,S,Oregon,6-0,201.0,4.65,35.5,18.0,119.0,7.4,4.43,False,,,nick pickett,2020.0,0.0,0.0,0.0,22.0,0.0,0.0,33.0,,,,,,,,,,,,,,,,,,,,,,,,,,,,,,,,,,,,,,,,,,,,,,,
2021,jason pinnock,DB,Pittsburgh,6-0,204.0,4.49,39.5,15.0,128.0,6.9,4.1,False,,,jason pinnock,2020.0,5.0,0.0,0.0,17.0,0.0,1.0,20.0,,,,6.7,3.0,0.0,20.0,,,,,,,,,,,,,,,,,,,,,,,,,,,,,,,,,,,,,,,,
2021,kyle pitts,TE,Florida,6-5,245.0,4.44,33.5,22.0,129.0,7.12,4.3,True,1.0,4.0,kyle pitts,2020.0,,,,,,,,,,,,,,,,,,,,,,,,,,,,,,,,,,,,,,,,,,,,,71.0,43.0,12.0,770.0,17.9,,,,,
2021,kyle poland,LS,West Virginia,6-1,237.0,4.97,32.5,12.0,111.0,7.47,4.5,False,,,kyle poland,2020.0,0.0,0.0,0.0,1.0,0.0,0.0,1.0,,,,,,,,,,,,,,,,,,,,,,,,,,,,,,,,,,,,,,,,,,,,,,,
2021,elijah ponder,DT,Cincinnati,6-1,268.0,5.06,30.0,27.0,101.0,7.45,4.53,False,,,elijah ponder,2021.0,0.0,0.0,0.0,1.0,0.0,0.0,2.0,,,,,,,,,,,,,,,,,,,,,,,,,,,,,,,,,,,,,,,,,,,,,,,
2021,cornell powell,WR,Clemson,6-0,204.0,4.53,36.5,16.0,128.0,7.03,4.21,True,5.0,181.0,cornell powell,2020.0,0.0,0.0,0.0,3.0,0.0,0.0,3.0,,,,,,,,15.0,15.0,1.0,0.0,15.0,,,,,,,,,,,,,,,,,,,,,,,,,,70.0,53.0,7.0,882.0,16.6,,,,,
2021,blake proehl,WR,East Carolina,6-1,186.0,4.47,36.0,12.0,126.0,7.0,4.06,False,,,blake proehl,2020.0,0.0,0.0,0.0,0.0,1.0,0.0,0.0,,,,,,,,,,,,,,,,,,,,,,,,,,,46.0,29.0,1.0,1.0,46.0,,,,,,,75.0,47.0,4.0,577.0,12.3,,,,,
2021,dillon radunz,OT,North Dakota St.,6-5,301.0,5.16,32.0,24.0,112.0,7.27,4.57,True,2.0,53.0,dillon radunz,,,,,,,,,,,,,,,,,,,,,,,,,,,,,,,,,,,,,,,,,,,,,,,,,,,,,,,
2021,trey ragas,RB,Louisiana,5-10,214.0,4.6,33.5,23.0,117.0,7.19,4.5,False,,,trey ragas,2020.0,0.0,0.0,0.0,1.0,0.0,0.0,1.0,1.0,1.0,0.0,,,,,11.5,20.0,4.0,0.0,46.0,,,,,,,,,,,,,,,,,,,,,,,,,,25.0,9.0,2.0,106.0,11.8,131.0,47.0,10.0,760.0,5.8
2021,john raine,TE,Northwestern,6-1,231.0,5.05,31.0,15.0,107.0,7.32,4.54,False,,,john raine,2020.0,,,,,,,,,,,,,,,,,,,,,,,,,,,,,,,,,,,,,,,,,,,,,30.0,24.0,2.0,233.0,9.7,,,,,
2021,peyton ramsey,QB,Northwestern,6-1,215.0,4.77,28.0,,108.0,7.28,4.41,False,,,peyton ramsey,2020.0,0.0,0.0,0.0,2.0,0.0,0.0,2.0,4.0,1.0,0.0,,,,,,,,,,,,,,,,,281.0,171.0,8.0,0.609,12.0,1742.0,6.2,,,,,,,,,,,,,,,,,83.0,34.0,3.0,263.0,3.2
2021,hamilcar rashed,OLB,Oregon St.,6-2,251.0,4.58,35.5,25.0,128.0,7.51,4.44,False,,,hamilcar rashed,2020.0,1.0,0.0,0.0,15.0,0.0,2.0,23.0,,,,,,,,,,,,,,,,,,,,,,,,,,,49.0,0.0,1.0,0.0,49.0,,,,,,,,,,,,,,,,
2021,jon rhattigan,LB,Army,6-0,236.0,4.77,32.0,22.0,111.0,7.41,4.3,False,,,jon rhattigan,2020.0,2.0,0.0,1.5,33.0,1.0,9.0,78.0,0.0,0.0,2.0,46.5,2.0,1.0,93.0,,,,,,,,,,,,,,,,,,,,,,,,,,,,,,,,,,,,,,,,
2021,monty rice,LB,Georgia,6-0,233.0,4.58,32.0,,121.0,7.34,4.33,True,3.0,92.0,monty rice,2020.0,1.0,2.0,1.0,30.0,1.0,4.0,49.0,0.0,0.0,2.0,,,,,,,,,,,,,,,,,,,,,,,,,,,,,,,,,,,,,,,,,,,,
2021,curtis robinson,LB,Stanford,6-3,236.0,4.6,37.5,22.0,117.0,7.0,4.26,False,,,curtis robinson,2020.0,1.0,0.0,0.0,25.0,0.0,3.0,37.0,0.0,0.0,1.0,,,,,,,,,,,,,,,,,,,,,,,,,,,,,,,,,,,,,,,,,,,,
2021,aaron robinson,DB,Central Florida,5-11,186.0,4.39,37.0,15.0,123.0,6.89,4.29,True,3.0,71.0,aaron robinson,2020.0,6.0,0.0,0.0,31.0,0.0,1.0,41.0,0.0,0.0,2.0,,,,,,,,,,,,,,,,,,,,,,,,,,,,,,,,,,,,,,,,,,,,
2021,quincy roche,DL,Miami (FL),,,,32.5,23.0,119.0,,,True,6.0,216.0,quincy roche,2020.0,1.0,5.0,4.5,27.0,0.0,14.5,45.0,0.0,0.0,2.0,,,,,,,,,,,,,,,,,,,,,,,,,,,,,,,,,,,,,,,,,,,,
2021,robert rochell,DB,Central Arkansas,5-11,193.0,4.41,43.0,9.0,133.0,6.84,4.08,True,4.0,130.0,robert rochell,2020.0,0.0,0.0,0.0,2.0,1.0,0.0,3.0,0.0,0.0,2.0,,,,,,,,,,,,,,,,,,,,,,,,,,,,,,,,,,,,,,,,,,,,
2021,amari rodgers,WR,Clemson,5-9,212.0,4.52,33.0,19.0,121.0,7.07,4.31,True,3.0,85.0,amari rodgers,2020.0,0.0,0.0,0.0,1.0,0.0,0.0,2.0,2.0,1.0,0.0,,,,,,,,,,,,,,,,,1.0,1.0,0.0,1.0,0.0,8.0,8.0,7.1,21.0,9.0,0.0,64.0,,,,,,,83.0,77.0,7.0,1020.0,13.2,,,,,
2021,asim rose,RB,Kentucky,6-1,215.0,4.51,34.0,24.0,120.0,7.25,4.62,False,,,asim rose,2020.0,,,,,,,,3.0,2.0,0.0,,,,,,,,,,,,,,,,,,,,,,,,,,,,,,,,,,,26.0,10.0,0.0,83.0,8.3,106.0,72.0,2.0,666.0,6.3
2021,zach von rosenberg,P,LSU,6-4,235.0,,,,,,,False,,,zach von rosenberg,2020.0,,,,,,,,,,,,,,,,,,,,,,,,,,,,,,,,,,,,,,,27.0,61.0,59.0,2.0,2593.0,43.9,,,,,,,,,,
2021,larry rountree,RB,Missouri,,,4.62,30.0,,,6.96,,True,6.0,198.0,larry rountree,2020.0,0.0,0.0,0.0,0.0,0.0,0.0,1.0,1.0,1.0,0.0,,,,,,,,,,,,,,,,,,,,,,,,,,,,,,,,,,,23.0,15.0,0.0,100.0,6.7,209.0,46.0,14.0,972.0,4.7
2021,gregory rousseau,DL,Miami (FL),6-6,266.0,4.68,30.0,21.0,115.0,,,True,1.0,30.0,gregory rousseau,2019.0,1.0,7.0,15.5,34.0,0.0,19.5,54.0,0.0,0.0,1.0,,,,,,,,,,,,,,,,,,,,,,,,,,,,,,,,,,,,,,,,,,,,
2021,dionte ruffin,DB,Western Kentucky,5-10,180.0,4.54,36.5,8.0,127.0,7.05,4.27,False,,,dionte ruffin,2020.0,11.0,0.0,0.0,18.0,0.0,0.0,23.0,1.0,1.0,1.0,28.0,1.0,0.0,28.0,,,,,,,,,,,,,,,,,,,,,0.0,1.0,0.0,,,,,,,,,,,,,,,,,
2021,chris rumph,DE,Duke,6-2,244.0,,,18.0,,,,True,4.0,118.0,chris rumph,2020.0,1.0,3.0,8.0,26.0,0.0,11.5,51.0,0.0,0.0,1.0,,,,,,,,,,,,,,,,,,,,,,,,,,,,,,,,,,,,,,,,,,,,
2021,k.j. sails,DB,South Florida,5-10,177.0,4.67,32.5,9.0,114.0,7.08,4.44,False,,,kj sails,2020.0,1.0,0.0,0.0,17.0,0.0,1.5,22.0,,,,,,,,,,,,,,,,,,,,,,,,,,,8.9,60.0,8.0,0.0,71.0,,,,,,,,,,,,,,,,
2021,teton saltes,OL,New Mexico,6-4,300.0,5.04,30.5,22.0,105.0,7.76,4.64,False,,,teton saltes,2019.0,0.0,0.0,0.0,1.0,0.0,0.0,1.0,,,,,,,,,,,,,,,,,,,,,,,,,,,,,,,,,,,,,,,,,,,,,,,
2021,cameron sample,DE,Tulane,6-2,267.0,4.72,37.0,23.0,116.0,7.39,4.48,False,,,cameron sample,2020.0,1.0,3.0,5.0,29.0,0.0,7.5,52.0,,,,,,,,,,,,,,,,,,,,,,,,,,,,,,,,,,,,,,,,,,,,,,,
2021,foster sarell,OL,Stanford,6-6,318.0,5.54,27.0,26.0,97.0,7.63,4.69,False,,,foster sarell,,,,,,,,,,,,,,,,,,,,,,,,,,,,,,,,,,,,,,,,,,,,,,,,,,,,,,,
2021,mekhi sargent,RB,Iowa,5-8,208.0,4.62,33.5,,114.0,7.08,4.39,False,,,mekhi sargent,2020.0,0.0,0.0,0.0,1.0,0.0,0.0,1.0,1.0,1.0,0.0,,,,,,,,,,,,,,,,,,,,,,,,,,,,,,,,,,,6.0,1.0,0.0,6.0,6.0,76.0,36.0,7.0,432.0,5.7
2021,thomas schaffer,DE,Stanford,6-6,302.0,,,23.0,,,,False,,,thomas schaffer,2020.0,0.0,1.0,2.0,15.0,0.0,4.0,20.0,,,,,,,,,,,,,,,,,,,,,,,,,,,,,,,,,,,,,,,,,,,,,,,
2021,ry schneider,OL,Oklahoma St.,6-2,312.0,5.67,23.5,26.0,85.0,8.51,5.37,False,,,ry schneider,,,,,,,,,,,,,,,,,,,,,,,,,,,,,,,,,,,,,,,,,,,,,,,,,,,,,,,
2021,anthony schwartz,WR,Auburn,6-0,186.0,4.27,32.0,,123.0,7.13,4.25,True,3.0,91.0,anthony schwartz,2020.0,0.0,0.0,0.0,1.0,0.0,0.0,1.0,1.0,0.0,0.0,,,,,,,,,,,,,,,,,,,,,,,,,,,,,,,,,,,91.0,54.0,3.0,652.0,12.1,4.0,1.0,0.0,,
2021,jordon scott,DT,Oregon,6-0,311.0,,,23.0,,,,False,,,jordon scott,2020.0,0.0,0.0,1.0,8.0,0.0,2.0,14.0,,,,,,,,,,,,,,,,,,,,,,,,,,,,,,,,,,,,,,,,,,,,,,,
2021,stevie scott,RB,Indiana,6-0,225.0,4.66,31.0,18.0,119.0,7.14,4.57,False,,,stevie scott,2020.0,,,,,,,,1.0,1.0,0.0,,,,,,,,,,,,,,,,,,,,,,,,,,,,,,,,,,,20.0,13.0,0.0,86.0,6.6,156.0,22.0,10.0,561.0,3.6
2021,trey sermon,RB,Ohio St.,6-0,215.0,4.57,37.0,,125.0,6.83,4.28,True,3.0,88.0,trey sermon,2020.0,,,,,,,,,,,,,,,,,,,,,,,,,,,,,,,,,,,,,,,,,,,,,34.0,12.0,0.0,95.0,7.9,116.0,65.0,4.0,870.0,7.5
2021,penei sewell,OL,Oregon,6-4,331.0,5.13,28.0,30.0,109.0,7.76,4.68,True,1.0,7.0,penei sewell,2019.0,0.0,0.0,0.0,1.0,0.0,0.0,1.0,,,,,,,,,,,,,,,,,,,,,,,,,,,,,,,,,,,,,,,,,,,1.0,1.0,0.0,1.0,1.0
2021,tyler shelvin,DT,LSU,6-2,350.0,5.4,28.5,,97.0,8.15,5.05,True,4.0,122.0,tyler shelvin,2019.0,2.0,1.0,0.0,13.0,0.0,3.0,39.0,,,,,,,,,,,,,,,,,,,,,,,,,,,,,,,,,,,,,,,,,,,,,,,
2021,william sherman,OL,Colorado,6-3,304.0,5.19,26.0,23.0,108.0,7.71,4.82,True,6.0,197.0,william sherman,2020.0,0.0,0.0,0.0,1.0,0.0,0.0,1.0,,,,,,,,,,,,,,,,,,,,,,,,,,,,,,,,,,,,,,,,,,,,,,,
2021,jamien sherwood,DB,Auburn,6-1,216.0,4.76,36.0,15.0,123.0,7.15,4.36,True,5.0,146.0,jamien sherwood,2020.0,3.0,1.0,1.0,44.0,0.0,3.0,75.0,0.0,0.0,3.0,,,,,,,,,,,,,,,,,,,,,,,,,,,,,,,,,,,,,,,,,,,,
2021,jacob shoemaker,OL,South Alabama,6-3,319.0,5.49,24.0,20.0,93.0,8.2,5.02,False,,,jacob shoemaker,,,,,,,,,,,,,,,,,,,,,,,,,,,,,,,,,,,,,,,,,,,,,,,,,,,,,,,
2021,george silvanic,DT,Air Force,6-5,286.0,5.21,29.5,,105.0,7.5,4.6,False,,,george silvanic,2020.0,0.0,1.0,2.5,11.0,0.0,4.5,34.0,,,,,,,,,,,,,,,,,,,,,,,,,,,,,,,,,,,,,,,,,,,,,,,
2021,antjuan simmons,LB,Michigan St.,5-11,218.0,4.8,,,,,,False,,,antjuan simmons,2020.0,2.0,2.0,1.0,28.0,0.0,9.0,75.0,0.0,0.0,2.0,,,,,,,,,,,,,,,,,,,,,,,,,,,,,,,,,,,,,,,,,,,,
2021,ben skowronek,WR,Notre Dame,6-2,220.0,,,13.0,,,,False,,,ben skowronek,2020.0,0.0,0.0,0.0,2.0,0.0,0.0,2.0,1.0,1.0,0.0,,,,,,,,,,,,,,,,,,,,,,,,,,,,,,,,,,,73.0,29.0,5.0,439.0,15.1,2.0,13.0,1.0,17.0,8.5
2021,rashawn slater,OL,Northwestern,6-4,304.0,4.91,33.0,33.0,112.0,7.48,4.45,True,1.0,13.0,rashawn slater,2019.0,0.0,0.0,0.0,1.0,0.0,0.0,2.0,,,,,,,,,,,,,,,,,,,,,,,,,,,,,,,,,,,,,,,,,,,,,,,
2021,tedarrell slaton,DL,Florida,6-4,330.0,5.09,29.0,27.0,109.0,7.91,4.81,True,5.0,173.0,tedarrell slaton,2020.0,0.0,5.0,1.5,14.0,0.0,3.5,38.0,,,,,,,,,,,,,,,,,,,,,,,,,,,,,,,,,,,,,,,,,,,,,,,
2021,trystan slinker,LB,Baylor,5-10,234.0,4.84,30.5,20.0,119.0,7.59,4.63,False,,,trystan slinker,2020.0,1.0,1.0,0.0,1.0,0.0,0.0,2.0,,,,,,,,10.0,10.0,1.0,0.0,10.0,,,,,,,,,,,,,,,,,,,,,,,,,,,,,,,,,,,
2021,shaq smith,LB,Maryland,6-2,237.0,4.79,30.0,22.0,110.0,7.34,4.3,False,,,shaq smith,2019.0,4.0,2.0,1.0,14.0,0.0,3.5,24.0,,,,,,,,,,,,,,,,,,,,,,,,,,,,,,,,,,,,,,,,,,,,,,,
2021,d'ante smith,OL,East Carolina,6-5,305.0,5.29,29.0,24.0,113.0,7.96,4.81,False,,,dante smith,2021.0,0.0,0.0,0.0,6.0,0.0,2.0,12.0,,,,,,,,,,,,,,,,,,,,,,,,,,,,,,,,,,,,,,,,,,,,,,,
2021,dante smith,LB,Arizona,6-5,305.0,5.29,29.0,24.0,113.0,7.96,4.81,False,,,dante smith,2021.0,0.0,0.0,0.0,6.0,0.0,2.0,12.0,,,,,,,,,,,,,,,,,,,,,,,,,,,,,,,,,,,,,,,,,,,,,,,
2021,brandon smith,WR,Iowa,6-1,218.0,4.62,39.5,,130.0,,,False,,,brandon smith,2021.0,10.0,6.0,4.0,90.0,0.0,18.0,162.0,,,,,,,,,,,,,,,,,,,,,,,,,,,,,,,,,,,,,,,,,,,,,,,
2021,elerson smith,DL,Northern Iowa,,,4.71,41.5,26.0,127.0,7.0,4.39,True,4.0,116.0,elerson smith,2019.0,0.0,2.0,1.0,3.0,0.0,2.5,5.0,,,,,,,,,,,,,,,,,,,,,,,,,,,,,,,,,,,,,,,,,,,,,,,
2021,jordan smith,OLB,Ala-Birmingham,6-5,264.0,4.8,33.0,16.0,117.0,,,True,4.0,121.0,jordan smith,2021.0,0.0,0.0,0.0,2.0,0.0,0.5,3.0,1.0,1.0,0.0,,,,,,,,,,,,,,,,,,,,,,,,,,,,,,,,,,,23.0,18.0,0.0,186.0,10.3,1.0,18.0,0.0,18.0,18.0
2021,zach smith,QB,Tulsa,6-3,222.0,5.23,29.5,,111.0,7.26,4.52,False,,,zach smith,2020.0,0.0,0.0,0.0,0.0,0.0,0.0,1.0,2.0,2.0,0.0,,,,,,,,,,,,,,,,,263.0,147.0,10.0,0.559,13.0,1946.0,7.4,,,,,,,,,,,,,,,,,36.0,16.0,0.0,,
2021,ihmir smith-marsette,WR,Iowa,6-0,181.0,4.43,37.0,,124.0,7.0,4.2,True,5.0,157.0,ihmir smithmarsette,2020.0,,,,,,,,1.0,0.0,0.0,,,,,21.0,33.0,6.0,0.0,126.0,,,,,,,,,,,,,,,,,,,,,,,,,,53.0,25.0,4.0,345.0,13.8,7.0,31.0,1.0,54.0,7.7
2021,benjamin st-juste,DB,Minnesota,6-3,202.0,4.51,34.5,11.0,119.0,6.63,3.96,True,3.0,74.0,benjamin stjuste,2020.0,3.0,0.0,0.0,11.0,0.0,0.0,14.0,,,,,,,,,,,,,,,,,,,,,,,,,,,,,,,,,,,,,,,,,,,,,,,
2021,caden sterns,DB,Texas,5-11,202.0,4.41,42.0,14.0,128.0,6.96,4.13,True,5.0,152.0,caden sterns,2020.0,3.0,0.0,0.0,30.0,0.0,1.5,52.0,,,,0.0,1.0,0.0,0.0,,,,,,,,,,,,,,,,,,,,,,,,,,,,,,,,,,,,,,,,
2021,jacoby stevens,S,LSU,6-1,212.0,4.63,42.0,,130.0,,,True,6.0,224.0,jacoby stevens,2020.0,4.0,2.0,3.0,30.0,0.0,6.0,63.0,0.0,0.0,3.0,,,,,,,,,,,,,,,,,,,,,,,,,,,,,,,,,,,,,,,,,,,,
2021,marquez stevenson,WR,Houston,5-10,180.0,4.48,33.0,,122.0,6.76,4.14,True,6.0,203.0,marquez stevenson,2020.0,0.0,0.0,0.0,0.0,1.0,0.0,0.0,1.0,1.0,0.0,,,,,36.3,97.0,4.0,1.0,145.0,,,,,,,,,,,,,,,,,,,,,,,,,,51.0,20.0,4.0,307.0,15.4,3.0,14.0,0.0,16.0,5.3
2021,rhamondre stevenson,RB,Oklahoma,5-11,231.0,4.64,31.5,15.0,112.0,7.09,4.15,True,4.0,120.0,rhamondre stevenson,2020.0,,,,,,,,1.0,1.0,0.0,,,,,,,,,,,,,,,,,,,,,,,,,,,,,,,,,,,45.0,18.0,0.0,211.0,11.7,101.0,50.0,7.0,664.0,6.6
2021,brad stewart,DB,Florida,6-0,195.0,4.59,33.5,11.0,126.0,,4.44,False,,,brad stewart,2020.0,3.0,0.0,1.0,27.0,0.0,2.0,42.0,,,,,,,,,,,,,,,,,,,,,,,,,,,,,,,,,,,,,,,,,,,,,,,
2021,darius stills,DL,West Virginia,6-0,278.0,4.98,32.5,23.0,110.0,7.18,4.49,False,,,darius stills,2020.0,0.0,0.0,3.5,12.0,0.0,7.5,24.0,,,,0.0,1.0,0.0,0.0,,,,,,,,,,,,,,,,,,,,,,,,,,,,,,,,,,,,,,,,
2021,donovan stiner,DB,Florida,6-1,205.0,4.56,34.5,15.0,127.0,7.08,4.3,False,,,donovan stiner,2020.0,2.0,0.0,0.0,32.0,0.0,2.0,58.0,,,,,,,,,,,,,,,,,,,,,,,,,,,,,,,,,,,,,,,,,,,,,,,
2021,eric stokes,DB,Georgia,6-0,194.0,4.31,38.5,14.0,128.0,6.96,4.36,True,1.0,29.0,eric stokes,2020.0,4.0,1.0,0.0,14.0,2.0,0.0,20.0,,,,23.5,4.0,2.0,94.0,,,,,,,,,,,,,,,,,,,,,,,,,,,,,,,,,,,,,,,,
2021,mason stokke,FB,Wisconsin,6-2,242.0,4.96,30.5,22.0,112.0,7.2,4.34,False,,,mason stokke,2020.0,,,,,,,,,,,,,,,,,,,,,,,,,,,,,,,,,,,,,,,,,,,,,14.0,8.0,3.0,58.0,7.3,19.0,6.0,1.0,45.0,2.4
2021,jack stoll,TE,Nebraska,6-3,247.0,4.6,31.5,16.0,119.0,6.86,4.32,False,,,jack stoll,2020.0,,,,,,,,,,,,,,,,,,,,,,,,,,,,,,,,,,,,,,,,,,,,,23.0,7.0,0.0,89.0,12.7,,,,,
2021,dillon stoner,WR,Oklahoma St.,6-0,194.0,4.51,37.0,16.0,123.0,6.96,4.13,False,,,dillon stoner,2020.0,,,,,,,,,,,,,,,,,,,,,,,,,,,,,,,,,,6.1,34.0,15.0,0.0,91.0,,,,,,,75.0,42.0,4.0,573.0,13.6,,,,,
2021,eli stove,WR,Auburn,5-11,194.0,4.54,30.5,14.0,119.0,7.34,4.4,False,,,eli stove,2020.0,0.0,0.0,0.0,0.0,0.0,0.0,1.0,,,,,,,,31.0,47.0,3.0,0.0,93.0,,,,,,,,,,,,,,,7.5,11.0,4.0,0.0,30.0,,,,,,,38.0,44.0,3.0,359.0,8.2,7.0,12.0,0.0,51.0,7.3
2021,corey straughter,CB,La-Monroe,5-10,184.0,4.62,35.0,11.0,117.0,7.37,4.58,False,,,corey straughter,2020.0,1.0,0.0,0.0,3.0,0.0,0.0,4.0,,,,,,,,,,,,,,,,,,,,,,,,,,,,,,,,,,,,,,,,,,,,,,,
2021,elijah sullivan,LB,Kansas St.,6-0,214.0,4.69,,13.0,115.0,7.12,4.31,False,,,elijah sullivan,2020.0,0.0,1.0,0.0,27.0,0.0,1.5,39.0,,,,4.0,1.0,0.0,4.0,,,,,,,,,,,,,,,,,,,,,,,,,,,,,,,,,,,,,,,,
2021,chazz surratt,LB,North Carolina,6-2,229.0,4.58,31.0,25.0,,7.02,4.16,True,3.0,78.0,chazz surratt,2020.0,3.0,6.0,6.0,49.0,0.0,7.5,91.0,0.0,0.0,1.0,0.0,1.0,0.0,0.0,,,,,,,,,,,,,,,,,,,,,,,,,,,,,,,,,,,,,,,,
2021,sage surratt,WR,Wake Forest,6-2,209.0,4.66,,18.0,,,4.25,False,,,sage surratt,2019.0,0.0,0.0,0.0,1.0,0.0,0.0,1.0,1.0,0.0,0.0,,,,,,,,,,,,,,,,,,,,,,,,8.3,25.0,11.0,0.0,91.0,,,,,,,70.0,66.0,11.0,1001.0,15.2,,,,,
2021,patrick surtain,DB,Alabama,6-2,208.0,4.42,39.0,18.0,131.0,,,True,1.0,9.0,patrick surtain,2020.0,11.0,2.0,0.0,20.0,1.0,3.5,35.0,0.0,0.0,1.0,25.0,1.0,1.0,25.0,,,,,,,,,,,,,,,,,,,,,,,,,,,,,,,,,,,,,,,,
2021,jovan swann,DL,Indiana,6-2,291.0,4.9,30.5,34.0,109.0,7.74,4.75,False,,,jovan swann,2020.0,1.0,3.0,0.0,2.0,0.0,0.0,4.0,,,,,,,,,,,,,,,,,,,,,,,,,,,,,,,,,,,,,,,,,,,,,,,
2021,tim tanner-blair,OL,Bowling Green,6-3,288.0,5.59,21.0,32.0,93.0,8.06,4.95,False,,,tim tannerblair,,,,,,,,,,,,,,,,,,,,,,,,,,,,,,,,,,,,,,,,,,,,,,,,,,,,,,,
2021,keith taylor,DB,Washington,6-2,187.0,4.54,33.5,12.0,127.0,6.85,4.26,True,5.0,166.0,keith taylor,2020.0,1.0,0.0,0.0,7.0,0.0,0.0,9.0,,,,,,,,,,,,,,,,,,,,,,,,,,,,,,,,,,,,,,,,,,,,,,,
2021,tamorrion terry,WR,Florida St.,6-2,207.0,4.44,32.5,15.0,126.0,7.0,4.53,False,,,tamorrion terry,2020.0,0.0,0.0,0.0,1.0,0.0,0.0,2.0,,,,,,,,,,,,,,,,,,,,,,,,,,,,,,,,,,,,,,48.0,23.0,1.0,289.0,12.6,2.0,4.0,0.0,0.0,0.0
2021,kiondre thomas,DB,Kansas St.,5-11,186.0,4.44,37.5,10.0,122.0,6.94,4.35,False,,,kiondre thomas,2020.0,4.0,0.0,0.0,22.0,0.0,0.0,27.0,,,,,,,,,,,,,,,,,,,,,,,,,,,,,,,,,,,,,,,,,,,,,,,
2021,ambry thomas,DB,Michigan,5-11,191.0,4.37,38.0,15.0,122.0,,,True,3.0,102.0,ambry thomas,2019.0,3.0,0.0,0.0,30.0,0.0,3.0,38.0,0.0,0.0,2.0,2.0,3.0,0.0,6.0,,,,,,,,,,,,,,,,,,,,,,,,,,,,,,,,,,,,,,,,
2021,zac thomas,QB,Appalachian St.,6-0,205.0,4.59,30.0,,115.0,7.06,4.28,False,,,zac thomas,2020.0,0.0,0.0,0.0,1.0,0.0,0.0,1.0,5.0,0.0,0.0,,,,,,,,,,,,,,,,,291.0,186.0,11.0,0.639,20.0,2189.0,7.5,,,,,,1.0,30.0,1.0,0.0,30.0,30.0,,,,,,90.0,60.0,2.0,313.0,3.5
2021,tyree thompson,LB,Buffalo,6-1,229.0,5.0,31.0,18.0,109.0,7.87,4.96,False,,,tyree thompson,2020.0,1.0,1.0,0.0,19.0,0.0,1.5,32.0,,,,,,,,,,,,,,,,,,,,,,,,,,,,,,,,,,,,,,,,,,,,,,,
2021,kevin thomson,QB,Washington,6-0,198.0,4.75,35.5,21.0,126.0,6.98,4.23,False,,,kevin thomson,2019.0,,,,,,,,2.0,1.0,0.0,,,,,,,,,,,,,,,,,91.0,54.0,1.0,0.593,4.0,496.0,5.5,,,,,,,,,,,,,,,,,18.0,9.0,0.0,,
2021,tommy togiai,DT,Ohio St.,6-1,296.0,4.97,32.0,40.0,105.0,7.2,4.49,True,4.0,132.0,tommy togiai,2020.0,2.0,0.0,3.0,12.0,0.0,4.5,23.0,,,,,,,,,,,,,,,,,,,,,,,,,,,,,,,,,,,,,,,,,,,,,,,
2021,jet toner,K,Stanford,6-2,204.0,,,,,,,False,,,jet toner,2020.0,,,,,,,,,,,,,,,,,,,,11.0,7.0,48.0,0.636,36.0,16.0,15.0,,,,,,,,,,,,,,,,,,,,,,,,,,,,
2021,kadarius toney,WR,Florida,5-11,193.0,4.39,39.5,9.0,136.0,6.88,4.25,True,1.0,20.0,kadarius toney,2020.0,0.0,0.0,0.0,0.0,1.0,0.0,0.0,1.0,1.0,0.0,,,,,22.1,37.0,7.0,0.0,155.0,,,,,,,,2.0,1.0,0.0,0.5,0.0,12.0,6.0,12.6,50.0,11.0,1.0,139.0,,,,,,,57.0,70.0,10.0,984.0,14.1,19.0,50.0,1.0,161.0,8.5
2021,shaka toney,DE,Penn St.,6-2,242.0,4.51,39.0,24.0,128.0,6.95,4.28,True,7.0,246.0,shaka toney,2020.0,1.0,2.0,5.0,21.0,0.0,7.5,31.0,,,,,,,,,,,,,,,,,,,,,,,,,,,,,,,,,,,,,,,,,,,,,,,
2021,khyiris tonga,DL,BYU,,,,,35.0,,,,True,7.0,250.0,khyiris tonga,2020.0,5.0,3.0,2.5,12.0,0.0,2.5,36.0,,,,,,,,,,,,,,,,,,,,,,,,,,,7.0,0.0,1.0,0.0,7.0,,,,,,,,,,,,,,,,
2021,kyle trask,QB,Florida,6-5,236.0,5.1,31.5,,113.0,7.08,4.6,True,2.0,64.0,kyle trask,2020.0,0.0,0.0,0.0,1.0,0.0,0.0,1.0,5.0,3.0,0.0,,,,,,,,,,,,,,,,,437.0,301.0,8.0,0.689,43.0,4283.0,9.8,,,,,,1.0,32.0,1.0,0.0,32.0,32.0,,,,,,64.0,26.0,3.0,50.0,0.8
2021,tommy tremble,TE,Notre Dame,6-3,241.0,4.6,36.5,20.0,122.0,,,True,3.0,83.0,tommy tremble,2020.0,,,,,,,,,,,,,,,,,,,,,,,,,,,,,,,,,,,,,,,,,,,,,30.0,19.0,0.0,217.0,11.4,1.0,4.0,0.0,4.0,4.0
2021,harry trotter,RB,Kansas St.,5-8,207.0,4.63,32.5,22.0,112.0,,,False,,,harry trotter,2020.0,,,,,,,,,,,,,,,,,,,,,,,,,,,,,,,,,,,,,,,,,,,,,12.0,8.0,0.0,34.0,4.3,72.0,24.0,3.0,260.0,3.6
2021,joe tryon,OLB,Washington,6-5,259.0,4.69,35.0,22.0,116.0,7.18,4.36,True,1.0,32.0,joe tryon,2019.0,1.0,1.0,8.0,27.0,0.0,12.5,41.0,,,,,,,,,,,,,,,,,,,,,,,,,,,,,,,,,,,,,,,,,,,,,,,
2021,israel tucker,RB,Louisiana Tech,5-7,194.0,4.6,38.5,20.0,123.0,7.25,4.52,False,,,israel tucker,2020.0,0.0,0.0,0.0,1.0,0.0,0.0,1.0,,,,,,,,,,,,,,,,,,,,,,,,,,,,,,,,,,,,,,17.0,10.0,0.0,59.0,5.9,148.0,31.0,4.0,648.0,4.4
2021,carl tucker,TE,Alabama,,,,,,,,,False,,,carl tucker,2020.0,,,,,,,,,,,,,,,23.0,23.0,1.0,0.0,23.0,,,,,,,,,,,,,,,,,,,,,,,,,,,,,,,,,,,
2021,ethan tucky,LB,Cincinnati,6-1,231.0,4.62,31.5,21.0,115.0,7.08,4.3,False,,,ethan tucky,2020.0,0.0,1.0,2.5,4.0,0.0,3.0,13.0,0.0,0.0,1.0,,,,,,,,,,,,,,,,,,,,,,,,13.0,13.0,1.0,0.0,13.0,,,,,,,,,,,,,,,,
2021,jay tufele,DL,USC,6-2,305.0,5.0,30.0,30.0,105.0,7.8,4.88,True,4.0,106.0,jay tufele,2019.0,1.0,1.0,3.5,21.0,0.0,5.5,41.0,,,,,,,,,,,,,,,,,,,,,,,,,,,,,,,,,,,,,,,,,,,,,,,
2021,syrus tuitele,OL,Fresno St.,6-5,311.0,5.21,26.0,36.0,94.0,8.25,4.89,False,,,syrus tuitele,2018.0,0.0,0.0,0.0,1.0,0.0,0.0,1.0,,,,,,,,,,,,,,,,,,,,,,,,,,,,,,,,,,,,,,,,,,,,,,,
2021,payton turner,DL,Houston,6-5,268.0,,35.5,23.0,,6.98,4.33,True,1.0,28.0,payton turner,2020.0,0.0,1.0,5.0,17.0,0.0,10.5,25.0,,,,,,,,,,,,,,,,,,,,,,,,,,,,,,,,,,,,,,,,,,,,,,,
2021,christian tutt,DB,Auburn,5-10,180.0,4.73,29.5,,110.0,7.22,4.25,False,,,christian tutt,2020.0,1.0,1.0,0.0,18.0,1.0,1.0,31.0,0.0,0.0,2.0,,,,,,,,,,,,,,,,,,,,,,,,10.0,12.0,3.0,0.0,30.0,,,,,,,,,,,,,,,,
2021,jaylen twyman,DL,Pittsburgh,6-1,301.0,5.4,32.5,40.0,104.0,8.0,,True,6.0,199.0,jaylen twyman,2019.0,2.0,2.0,10.5,23.0,0.0,12.0,41.0,,,,,,,,,,,,,,,,,,,,,,,,,,,,,,,,,,,,,,,,,,,,,,,
2021,evan tyler,S,Boise St.,6-1,199.0,4.58,33.0,13.0,117.0,7.14,4.32,False,,,evan tyler,2020.0,1.0,0.0,0.0,8.0,0.0,0.0,12.0,,,,0.0,1.0,0.0,0.0,,,,,,,,,,,,,,,,,,,,,,,,,,,,,,,,,,,,,,,,
2021,tyler vaughns,WR,USC,6-1,190.0,4.62,31.5,7.0,120.0,7.13,4.36,False,,,tyler vaughns,2020.0,,,,,,,,1.0,1.0,0.0,,,,,,,,,,,,,,,,,,,,,,,,4.3,15.0,3.0,0.0,13.0,,,,,,,42.0,33.0,3.0,406.0,12.3,,,,,
2021,alijah vera-tucker,OL,USC,6-4,308.0,5.05,32.0,36.0,106.0,7.67,4.7,True,1.0,14.0,alijah veratucker,,,,,,,,,,,,,,,,,,,,,,,,,,,,,,,,,,,,,,,,,,,,,,,,,,,,,,,
2021,gunnar vogel,OL,Northwestern,6-6,306.0,5.47,26.0,23.0,105.0,7.67,4.92,False,,,gunnar vogel,,,,,,,,,,,,,,,,,,,,,,,,,,,,,,,,,,,,,,,,,,,,,,,,,,,,,,,
2021,lamont wade,S,Penn St.,5-9,190.0,4.47,35.5,16.0,118.0,7.14,4.34,False,,,lamont wade,2020.0,1.0,0.0,0.0,18.0,1.0,0.0,37.0,0.0,0.0,3.0,0.0,1.0,0.0,0.0,23.0,37.0,4.0,0.0,92.0,,,,,,,,,,,,,,,,,,,,,,,,,,,,,,,,,,,
2021,shaun wade,CB,Ohio St.,6-0,196.0,,,,,,,True,5.0,160.0,shaun wade,2020.0,4.0,0.0,0.0,23.0,1.0,1.0,34.0,,,,18.0,2.0,1.0,36.0,,,,,,,,,,,,,,,,,,,,,,,,,,,,,,,,,,,,,,,,
2021,tre walker,WR,San Jose St.,5-10,178.0,4.58,28.0,,113.0,7.75,4.47,False,,,tre walker,2020.0,0.0,0.0,0.0,1.0,0.0,0.0,1.0,1.0,0.0,0.0,,,,,,,,,,,,,,,,,,,,,,,,,,,,,,,,,,,55.0,45.0,4.0,627.0,13.9,,,,,
2021,tylan wallace,WR,Oklahoma St.,5-11,194.0,4.48,33.0,11.0,112.0,6.97,4.25,True,4.0,131.0,tylan wallace,2020.0,0.0,0.0,0.0,2.0,0.0,0.0,2.0,,,,,,,,0.0,0.0,1.0,0.0,0.0,,,,,,,,,,,,,,,,,,,,,,,,,,55.0,59.0,6.0,917.0,15.5,1.0,7.0,0.0,7.0,7.0
2021,garret wallow,LB,TCU,,,4.65,32.5,22.0,122.0,6.87,4.12,True,5.0,170.0,garret wallow,2020.0,1.0,5.0,2.0,50.0,0.0,9.0,90.0,,,,,,,,,,,,,,,,,,,,,,,,,,,,,,,,,,,,,,,,,,,,,,,
2021,ar'darius washington,S,TCU,5-7,178.0,4.61,37.5,17.0,127.0,7.06,4.1,False,,,ardarius washington,2020.0,4.0,0.0,0.0,25.0,0.0,1.0,37.0,,,,,,,,,,,,,,,,,,,,,,,,,,,,,,,,,,,,,,,,,,,,,,,
2021,jamar watson,OLB,Kentucky,6-1,241.0,4.78,30.0,19.0,,7.31,4.58,False,,,jamar watson,2020.0,0.0,5.0,5.0,25.0,0.0,10.0,40.0,,,,0.0,1.0,0.0,0.0,,,,,,,,,,,,,,,,,,,,,,,,,,,,,,,,,,,,,,,,
2021,rashad weaver,DL,Pittsburgh,6-4,259.0,4.88,32.0,20.0,114.0,6.97,4.26,True,4.0,135.0,rashad weaver,2020.0,2.0,12.0,7.5,22.0,0.0,14.0,34.0,0.0,0.0,2.0,,,,,,,,,,,,,,,,,,,,,,,,,,,,,,,,,,,,,,,,,,,,
2021,mark webb,DB,Georgia,6-1,207.0,4.61,36.5,,136.0,7.3,4.52,True,7.0,241.0,mark webb,2020.0,2.0,0.0,0.0,10.0,0.0,0.0,21.0,,,,13.0,1.0,0.0,13.0,,,,,,,,,,,,,,,,,,,,,,,,,,,,,,,,,,,,,,,,
2021,connor wedington,WR,Stanford,6-0,196.0,4.47,38.5,13.0,117.0,6.66,4.07,False,,,connor wedington,2020.0,,,,,,,,,,,,,,,23.8,27.0,4.0,0.0,95.0,,,,,,,,,,,,,,,,,,,,,,,,,,28.0,15.0,0.0,159.0,10.6,,,,,
2021,coby weiss,K,South Florida,5-8,155.0,,,,,,,False,,,coby weiss,2019.0,,,,,,,,,,,,,,,,,,,,5.0,3.0,37.0,0.6,28.0,20.0,19.0,,,,,,,,,,,,,,,,,,,,,,,,,,,,
2021,pro wells,TE,TCU,,,,,,,,,False,,,pro wells,2020.0,,,,,,,,,,,,,,,,,,,,,,,,,,,,,,,,,,,,,,,,,,,,,47.0,13.0,3.0,195.0,15.0,,,,,
2021,pete werner,LB,Ohio St.,6-2,238.0,4.58,39.5,20.0,122.0,6.95,4.38,True,2.0,60.0,pete werner,2020.0,1.0,2.0,1.0,28.0,0.0,2.5,54.0,,,,,,,,,,,,,,,,,,,,,,,,,,,,,,,,,,,,,,,,,,,,,,,
2021,devon wharton,DE,Western Kentucky,6-2,215.0,5.1,30.5,4.0,115.0,8.12,4.7,False,,,devon wharton,2019.0,0.0,0.0,0.0,2.0,0.0,0.0,3.0,,,,,,,,,,,,,,,,,,,,,,,,,,,,,,,,,,,,,,,,,,,,,,,
2021,jarell white,LB,Cincinnati,5-8,202.0,4.58,35.0,22.0,125.0,7.21,4.35,False,,,jarell white,2020.0,2.0,4.0,3.0,44.0,1.0,8.0,77.0,,,,13.0,2.0,1.0,26.0,,,,,,,,,,,,,,,,,,,,,,,,,,,,,,,,,,,,,,,,
2021,brendon white,DB,Rutgers,6-1,215.0,4.66,34.5,19.0,112.0,6.82,4.33,False,,,brendon white,2020.0,1.0,0.0,0.0,19.0,0.0,0.5,36.0,,,,13.0,1.0,0.0,13.0,,,,,,,,,,,,,,,,,,,,,,,,,,,,,,,,,,,,,,,,
2021,brady white,QB,Memphis,6-1,210.0,4.84,29.0,,,6.97,4.33,False,,,brady white,2020.0,,,,,,,,8.0,3.0,0.0,,,,,,,,,,,,,,,,,418.0,252.0,10.0,0.603,31.0,3376.0,8.1,,,,,,0.0,44.0,1.0,1.0,44.0,44.0,7.0,1.0,0.0,7.0,7.0,63.0,18.0,2.0,86.0,1.4
2021,haydon whitehead,P,Indiana,6-2,202.0,,,,,,,False,,,haydon whitehead,2020.0,,,,,,,,,,,,,,,,,,,,,,,,,,,,,,,,,,,,,,,12.0,64.0,39.0,3.0,1693.0,43.4,,,,,,,,,,
2021,james wiggins,S,Cincinnati,5-11,209.0,4.4,38.0,22.0,127.0,,,True,7.0,243.0,james wiggins,2020.0,6.0,0.0,1.0,25.0,0.0,1.0,32.0,,,,0.0,1.0,0.0,0.0,,,,,,,,,,,,,,,,,,,,,,,,,,,,,,,,,,,,,,,,
2021,rachad wildgoose,CB,Wisconsin,5-11,197.0,4.53,36.0,11.0,120.0,7.09,4.18,True,6.0,213.0,rachad wildgoose,2020.0,1.0,0.0,0.0,6.0,0.0,2.0,6.0,,,,,,,,,,,,,,,,,,,,,,,,,,,,,,,,,,,,,,,,,,,,,,,
2021,drew wiley,DT,Kansas St.,6-4,294.0,5.24,34.0,24.0,112.0,7.34,4.45,False,,,drew wiley,2020.0,3.0,0.0,4.5,14.0,0.0,9.0,25.0,0.0,0.0,1.0,,,,,,,,,,,,,,,,,,,,,,,,,,,,,,,,,,,,,,,,,,,,
2021,adam williams,P,Memphis,6-4,226.0,,,,,,,False,,,adam williams,2020.0,,,,,,,,,,,,,,,,,,,,,,,,,,,,,,,,,,,,,,,13.0,63.0,43.0,4.0,1829.0,42.5,,,,,,,,,,
2021,carson williams,OL,Arkansas St.,6-4,254.0,4.79,38.0,18.0,115.0,,,False,,,carson williams,2009.0,,,,,,,,,,,,,,,,,,,,,,,,,,,24.0,10.0,2.0,0.417,1.0,118.0,4.9,,,,,,,,,,,,,,,,,2.0,3.0,0.0,,
2021,avery williams,CB,Boise St.,5-8,187.0,4.43,33.5,19.0,121.0,6.88,4.0,True,5.0,183.0,avery williams,2020.0,1.0,0.0,0.0,15.0,5.0,2.0,19.0,2.0,2.0,0.0,,,,,28.1,99.0,19.0,2.0,533.0,,,,,,,,,,,,,,,15.3,69.0,14.0,1.0,214.0,,,,,,,,,,,,,,,,
2021,javonte williams,RB,North Carolina,5-9,212.0,4.55,36.0,22.0,123.0,6.97,4.09,True,2.0,35.0,javonte williams,2020.0,,,,,,,,1.0,0.0,0.0,,,,,,,,,,,,,,,,,,,,,,,,,,,,,,,,,,,41.0,25.0,3.0,305.0,12.2,157.0,65.0,19.0,1140.0,7.3
2021,marlon williams,WR,Central Florida,5-11,209.0,4.63,33.5,14.0,119.0,,4.57,False,,,marlon williams,2020.0,,,,,,,,,,,,,,,0.0,0.0,1.0,0.0,0.0,,,,,,,,,,,,,,,2.0,5.0,3.0,0.0,6.0,,,,,,,85.0,69.0,10.0,1017.0,14.7,,,,,
2021,milton williams,DL,Louisiana Tech,6-3,284.0,4.67,38.5,34.0,121.0,6.96,4.33,True,3.0,73.0,milton williams,2020.0,0.0,2.0,4.5,22.0,0.0,10.0,45.0,0.0,0.0,1.0,,,,,,,,,,,,,,,,,,,,,,,,,,,,,,,,,,,,,,,,,,,,
2021,pooka williams,RB,Kansas,5-9,170.0,4.46,31.5,4.0,118.0,7.03,4.26,False,,,pooka williams,2020.0,0.0,0.0,0.0,0.0,1.0,0.0,0.0,,,,,,,,28.1,92.0,7.0,1.0,197.0,,,,,,,,,,,,,,,,,,,,,,,,,,13.0,6.0,0.0,31.0,5.2,51.0,21.0,2.0,196.0,3.8
2021,rodarius williams,CB,Oklahoma St.,5-11,189.0,4.5,36.5,14.0,123.0,6.98,4.15,True,6.0,201.0,rodarius williams,2020.0,7.0,0.0,0.0,13.0,0.0,1.0,18.0,,,,,,,,,,,,,,,,,,,,,,,,,,,,,,,,,,,,,,,,,,,,,,,
2021,seth williams,WR,Auburn,6-3,211.0,4.49,37.0,12.0,124.0,7.2,4.43,True,6.0,219.0,seth williams,2020.0,0.0,0.0,0.0,3.0,0.0,0.0,5.0,1.0,1.0,0.0,,,,,,,,,,,,,,,,,,,,,,,,,,,,,,,,,,,44.0,47.0,4.0,744.0,15.8,,,,,
2021,trill williams,CB,Syracuse,6-2,208.0,,36.0,20.0,123.0,,,False,,,trill williams,2020.0,4.0,0.0,0.0,14.0,1.0,1.0,23.0,,,,90.0,1.0,1.0,90.0,,,,,,,,,,,,,,,,,,,,,,,,,,,,,,,,,,,,,,,,
2021,marco wilson,CB,Florida,5-11,191.0,4.37,43.5,26.0,136.0,6.8,4.13,True,4.0,136.0,marco wilson,2020.0,4.0,0.0,0.0,24.0,0.0,0.0,33.0,0.0,0.0,2.0,,,,,,,,,,,,,,,,,,,,,,,,,,,,,,,,,,,,,,,,,,,,
2021,marvin wilson,DT,Florida St.,6-3,303.0,5.12,25.5,23.0,107.0,7.64,4.91,False,,,marvin wilson,2020.0,0.0,2.0,1.0,11.0,0.0,2.0,17.0,,,,,,,,,,,,,,,,,,,,,,,,,,,,,,,,,,,,,,,,,,,,,,,
2021,zach wilson,QB,BYU,6-2,214.0,,,,,,,True,1.0,2.0,zach wilson,2020.0,,,,,,,,2.0,0.0,0.0,,,,,,,,,,,,,,,,,333.0,244.0,3.0,0.733,32.0,3651.0,11.0,,,,,,,,,,,,16.0,2.0,0.0,32.0,16.0,69.0,33.0,10.0,265.0,3.8
2021,brock wright,TE,Notre Dame,6-4,257.0,4.62,31.5,26.0,118.0,7.27,4.25,False,,,brock wright,2020.0,0.0,0.0,0.0,1.0,0.0,0.0,1.0,,,,,,,,,,,,,,,,,,,,,,,,,,,,,,,,,,,,,,11.0,3.0,0.0,21.0,7.0,,,,,
2021,nahshon wright,DB,Oregon St.,6-4,183.0,4.46,31.0,6.0,126.0,7.24,4.57,True,3.0,99.0,nahshon wright,2020.0,4.0,0.0,1.0,23.0,0.0,1.0,30.0,,,,0.0,2.0,0.0,0.0,,,,,,,,,,,,,,,,,,,,,,,,,,,,,,,,,,,,,,,,
2021,kenny yeboah,TE,Mississippi,6-3,250.0,,34.0,,116.0,,,False,,,kenny yeboah,2020.0,,,,,,,,,,,,,,,,,,,,,,,,,,,,,,,,,,,,,,,,,,,,,68.0,27.0,6.0,525.0,19.4,,,,,
2021,devonte young,DB,Iowa,5-11,195.0,4.7,32.0,,118.0,7.41,4.38,False,,,devonte young,2019.0,0.0,0.0,0.0,7.0,0.0,0.0,10.0,0.0,0.0,1.0,,,,,18.0,18.0,1.0,0.0,18.0,,,,,,,,,,,,,,,,,,,,,,,,,,,,,,,,,,,
2021,landon young,OT,Kentucky,6-6,310.0,5.0,30.5,34.0,108.0,7.7,4.89,True,6.0,206.0,landon young,,,,,,,,,,,,,,,,,,,,,,,,,,,,,,,,,,,,,,,,,,,,,,,,,,,,,,,
2022,cal adomitis,LS,Pittsburgh,6-2,235.0,4.97,29.5,18.0,107.0,7.53,4.62,False,,,cal adomitis,2021.0,0.0,0.0,0.0,1.0,0.0,0.0,2.0,,,,,,,,,,,,,,,,,,,,,,,,,,,,,,,,,,,,,,,,,,,,,,,
2022,austin allen,TE,Nebraska,6-8,253.0,4.83,34.0,,121.0,7.0,4.26,False,,,austin allen,2021.0,0.0,0.0,0.0,2.0,0.0,0.0,2.0,,,,,,,,,,,,,,,,,,,,,,,,,,,,,,,,,,,,,,46.0,38.0,2.0,602.0,15.8,,,,,
2022,chase allen,TE,Iowa St.,6-6,251.0,,33.5,,117.0,7.03,4.43,False,,,chase allen,2021.0,,,,,,,,,,,,,,,,,,,,,,,,,,,,,,,,,,,,,,,,,,,,,35.0,26.0,2.0,284.0,10.9,,,,,
2022,christopher allen,EDGE,Alabama,6-4,241.0,,,,,,,False,,,christopher allen,2021.0,0.0,0.0,1.0,2.0,0.0,1.0,3.0,,,,,,,,,,,,,,,,,,,,,,,,,,,,,,,,,,,,,,,,,,,,,,,
2022,tyler allgeier,RB,BYU,5-11,224.0,4.6,33.0,,120.0,,,True,5.0,151.0,tyler allgeier,2021.0,0.0,0.0,0.0,1.0,0.0,0.0,1.0,4.0,1.0,0.0,,,,,,,,,,,,,,,,,,,,,,,,,,,,,,,,,,,46.0,28.0,0.0,199.0,7.1,276.0,67.0,23.0,1606.0,5.8
2022,troy andersen,LB,Montana St.,6-4,243.0,4.42,36.0,,128.0,,,True,2.0,58.0,troy andersen,2021.0,1.0,0.0,0.0,7.0,0.0,0.0,11.0,0.0,0.0,1.0,,,,,,,,,,,,,,,,,,,,,,,,,,,,,,,,,,,,,,,,,,,,
2022,tycen anderson,S,Toledo,6-2,209.0,4.36,35.5,,123.0,6.64,4.28,True,5.0,166.0,tycen anderson,2021.0,2.0,1.0,1.0,26.0,0.0,2.0,44.0,,,,,,,,,,,,,,,,,,,,,,,,,,,,,,,,,,,,,,,,,,,,,,,
2022,blaise andries,OG,Minnesota,6-6,308.0,5.1,30.5,,106.0,7.84,4.68,False,,,blaise andries,2021.0,,,,,,,,,,,,,,,,,,,,,,,,,,,,,,,,,,,,,,,,,,,,,,,,,,0.0,1.0,0.0,1.0,0.0
2022,matt araiza,P,San Diego St.,6-1,200.0,4.68,32.0,,121.0,,,True,6.0,180.0,matt araiza,2021.0,0.0,0.0,0.0,3.0,0.0,0.0,4.0,,,,,,,,,,,,,28.0,18.0,53.0,0.643,99.0,45.0,45.0,,,,,,,,,,,,,38.0,86.0,79.0,15.0,4044.0,51.2,,,,,,,,,,
2022,jalyn armour-davis,CB,Alabama,6-1,197.0,4.39,34.5,14.0,,,,True,4.0,119.0,jalyn armourdavis,2021.0,4.0,1.0,0.0,22.0,0.0,1.0,32.0,,,,17.0,3.0,0.0,51.0,,,,,,,,,,,,,,,,,,,,,,,,,,,,,,,,,,,,,,,,
2022,brian asamoah,LB,Oklahoma,6-0,226.0,4.56,36.5,,124.0,,,True,3.0,66.0,brian asamoah,2021.0,0.0,1.0,1.0,55.0,0.0,3.5,80.0,,,,,,,,,,,,,,,,,,,,,,,,,,,,,,,,,,,,,,,,,,,,,,,
2022,calvin austin,WR,Memphis,5-8,170.0,4.32,39.0,,135.0,6.65,4.07,True,4.0,138.0,calvin austin,2021.0,0.0,0.0,0.0,1.0,1.0,0.0,1.0,1.0,1.0,0.0,,,,,,,,,,,,,,,,,,,,,,,,27.0,94.0,5.0,1.0,135.0,,,,,,,75.0,74.0,8.0,1149.0,15.5,1.0,69.0,1.0,69.0,69.0
2022,tyler badie,RB,Missouri,5-8,197.0,4.45,33.5,,121.0,,,True,6.0,196.0,tyler badie,2021.0,0.0,0.0,0.0,4.0,0.0,0.0,4.0,,,,,,,,5.0,5.0,1.0,0.0,5.0,,,,,,,,,,,,,,,,,,,,,,,,,,34.0,54.0,4.0,330.0,6.1,268.0,73.0,14.0,1604.0,6.0
2022,kalon barnes,CB,Baylor,6-0,183.0,4.23,,,,,,True,7.0,242.0,kalon barnes,2021.0,5.0,0.0,0.0,21.0,0.0,0.0,23.0,,,,0.0,1.0,0.0,0.0,,,,,,,,,,,,,,,,,,,,,,,,,,,,,,,,,,,,,,,,
2022,amaré barno,EDGE,Virginia Tech,6-5,246.0,4.36,37.0,,131.0,,4.45,True,6.0,189.0,amaré barno,,,,,,,,,,,,,,,,,,,,,,,,,,,,,,,,,,,,,,,,,,,,,,,,,,,,,,,
2022,darrian beavers,LB,Cincinnati,6-4,237.0,,36.5,,125.0,6.91,,True,6.0,182.0,darrian beavers,2021.0,2.0,2.0,4.0,46.0,0.0,11.0,98.0,0.0,0.0,2.0,0.0,1.0,0.0,0.0,,,,,,,,,,,,,,,,,,,,,,,,,,,,,,,,,,,,,,,,
2022,markquese bell,S,Florida A&M,6-2,212.0,4.41,36.5,,123.0,,4.46,False,,,markquese bell,2021.0,0.0,0.0,1.0,10.0,0.0,1.0,15.0,,,,,,,,,,,,,,,,,,,,,,,,,,,,,,,,,,,,,,,,,,,,,,,
2022,david bell,WR,Purdue,6-1,212.0,4.65,33.0,,118.0,7.14,4.57,True,3.0,99.0,david bell,2021.0,0.0,0.0,0.0,1.0,0.0,0.0,1.0,,,,,,,,,,,,,,,,,,,,,,,,,,,,,,,,,,,,,,60.0,93.0,6.0,1286.0,13.8,3.0,26.0,0.0,39.0,13.0
2022,greg bell,RB,San Diego St.,5-11,201.0,,31.0,17.0,120.0,,,False,,,greg bell,2021.0,,,,,,,,7.0,4.0,0.0,,,,,,,,,,,,,,,,,,,,,,,,,,,,,,,,,,,7.0,4.0,0.0,5.0,1.3,246.0,55.0,9.0,1100.0,4.5
2022,daniel bellinger,TE,San Diego St.,6-5,253.0,4.63,34.5,22.0,125.0,7.05,4.47,True,4.0,112.0,daniel bellinger,2021.0,0.0,0.0,0.0,0.0,0.0,0.0,1.0,,,,,,,,,,,,,,,,,,,,,,,,,,,,,,,,,,,,,,73.0,31.0,2.0,357.0,11.5,1.0,2.0,0.0,2.0,2.0
2022,dane belton,S,Iowa,6-1,205.0,4.43,36.5,,123.0,7.01,4.24,True,4.0,114.0,dane belton,2021.0,7.0,3.0,0.0,30.0,0.0,3.0,46.0,,,,0.0,5.0,0.0,0.0,,,,,,,,,,,,,,,,,,,,,,,,,,,,,,,,,,,,,,,,
2022,terrel bernard,LB,Baylor,6-1,224.0,,35.5,22.0,123.0,7.03,4.25,True,3.0,89.0,terrel bernard,2021.0,4.0,5.0,7.5,61.0,0.0,12.5,103.0,,,,,,,,,,,,,,,,,,,,,,,,,,,,,,,,,,,,,,,,,,,,,,,
2022,bubba bolden,S,Miami,6-2,209.0,4.47,,,116.0,,,False,,,bubba bolden,2021.0,2.0,1.0,1.0,26.0,0.0,3.5,42.0,,,,,,,,,,,,,,,,,,,,,,,,,,,,,,,,,,,,,,,,,,,,,,,
2022,slade bolden,WR,Alabama,5-11,193.0,4.66,32.0,,116.0,,,False,,,slade bolden,2021.0,0.0,0.0,0.0,1.0,0.0,0.0,1.0,2.0,0.0,0.0,,,,,13.4,24.0,5.0,0.0,67.0,,,,,,,,,,,,,,,6.2,25.0,14.0,0.0,87.0,,,,,,,29.0,42.0,3.0,408.0,9.7,1.0,0.0,0.0,0.0,0.0
2022,nik bonitto,EDGE,Oklahoma,6-3,248.0,4.54,35.5,,120.0,7.07,4.23,True,2.0,64.0,nik bonitto,2021.0,1.0,9.0,7.0,23.0,0.0,15.0,39.0,0.0,0.0,3.0,,,,,,,,,,,,,,,,,,,,,,,,,,,,,,,,,,,,,,,,,,,,
2022,thomas booker,DT,Stanford,6-3,301.0,4.94,,,110.0,7.33,4.41,True,5.0,150.0,thomas booker,2021.0,1.0,6.0,1.5,28.0,0.0,5.0,59.0,,,,,,,,,,,,,,,,,,,,,,,,,,,,,,,,,,,,,,,,,,,,,,,
2022,andrew booth,CB,Clemson,6-0,194.0,,,,,,,True,2.0,42.0,andrew booth,2021.0,5.0,0.0,0.0,26.0,0.0,3.0,37.0,,,,0.0,3.0,0.0,0.0,,,,,,,,,,,,,,,,,,,,,,,,,,,,,,,,,,,,,,,,
2022,max borghi,RB,Washington St.,5-9,210.0,,,20.0,,,,False,,,max borghi,2021.0,,,,,,,,,,,,,,,,,,,,,,,,,,,,,,,,,,,,,,,,,,,,,23.0,16.0,0.0,156.0,9.8,160.0,64.0,12.0,880.0,5.5
2022,jaquan brisker,S,Penn St.,6-1,199.0,4.49,34.5,22.0,124.0,,,True,2.0,48.0,jaquan brisker,2021.0,5.0,1.0,0.0,38.0,0.0,6.0,63.0,0.0,0.0,1.0,19.5,2.0,0.0,39.0,,,,,,,,,,,,,,,,,,,,,,,,,,,,,,,,,,,,,,,,
2022,gabe brkic,K,Oklahoma,6-2,197.0,,,,,,,False,,,gabe brkic,2021.0,,,,,,,,,,,,,,,,,,,,26.0,20.0,56.0,0.769,117.0,58.0,57.0,,,,,,,,,,,,,,,,,,,,,,,,,,,,
2022,kennedy brooks,RB,Oklahoma,5-11,209.0,4.59,31.0,,120.0,,,False,,,kennedy brooks,2021.0,,,,,,,,,,,,,,,,,,,,,,,,,,,,,,,,,,,,,,,,,,,,,25.0,9.0,0.0,73.0,8.1,198.0,65.0,13.0,1253.0,6.3
2022,ben brown,C,Mississippi,6-5,312.0,,,,,,,False,,,ben brown,2019.0,0.0,0.0,0.0,1.0,0.0,0.0,2.0,,,,,,,,,,,,,,,,,,,,,,,,,,,,,,,,,,,,,,,,,,,,,,,
2022,leddie brown,RB,West Virginia,6-0,213.0,4.64,30.0,,118.0,,,False,,,leddie brown,2021.0,0.0,0.0,0.0,2.0,0.0,0.0,2.0,6.0,3.0,0.0,,,,,,,,,,,,,,,,,,,,,,,,,,,,,,,,,,,25.0,36.0,1.0,217.0,6.0,223.0,80.0,13.0,1065.0,4.8
2022,montaric brown,CB,Arkansas,6-0,196.0,4.55,,,,,,True,7.0,222.0,montaric brown,2021.0,6.0,0.0,0.0,24.0,0.0,1.0,54.0,0.0,0.0,1.0,0.0,5.0,0.0,0.0,,,,,,,,,,,,,,,,,,,,,,,,,,,,,,,,,,,,,,,,
2022,logan bruss,OG,Wisconsin,6-5,309.0,5.32,31.0,,112.0,7.57,4.55,True,3.0,104.0,logan bruss,,,,,,,,,,,,,,,,,,,,,,,,,,,,,,,,,,,,,,,,,,,,,,,,,,,,,,,
2022,coby bryant,CB,Cincinnati,6-1,193.0,4.54,,17.0,,,,True,4.0,109.0,coby bryant,2021.0,11.0,0.0,0.0,34.0,1.0,1.5,44.0,,,,31.7,3.0,1.0,95.0,,,,,,,,,,,,,,,,,,,,,,,,,,,,,,,,,,,,,,,,
2022,spencer burford,OG,Texas-San Antonio,6-4,304.0,5.19,27.5,,105.0,,4.73,True,4.0,134.0,spencer burford,,,,,,,,,,,,,,,,,,,,,,,,,,,,,,,,,,,,,,,,,,,,,,,,,,,,,,,
2022,treylon burks,WR,Arkansas,6-2,225.0,4.55,33.0,,122.0,7.28,,True,1.0,18.0,treylon burks,2021.0,0.0,0.0,0.0,1.0,0.0,0.0,1.0,1.0,0.0,0.0,,,,,0.0,0.0,2.0,0.0,0.0,,,,,,,,2.0,0.0,0.0,0.0,0.0,0.0,0.0,,,,,,,,,,,,91.0,66.0,11.0,1104.0,16.7,14.0,49.0,1.0,112.0,8.0
2022,darien butler,LB,Arizona St.,5-10,221.0,,,,,7.47,,False,,,darien butler,2021.0,3.0,0.0,2.0,32.0,0.0,8.5,68.0,,,,0.0,3.0,0.0,0.0,,,,,,,,,,,,,,,,,,,,,,,,,,,,,,,,,,,,,,,,
2022,matthew butler,DT,Tennessee,6-4,297.0,5.0,32.0,17.0,112.0,7.89,4.81,True,5.0,175.0,matthew butler,2021.0,0.0,7.0,5.0,19.0,0.0,8.5,47.0,,,,,,,,,,,,,,,,,,,,,,,,,,,,,,,,,,,,,,,,,,,,,,,
2022,percy butler,S,Louisiana,6-0,194.0,4.36,31.5,,123.0,,,True,4.0,113.0,percy butler,2021.0,4.0,0.0,0.0,36.0,0.0,6.0,60.0,0.0,0.0,4.0,0.0,1.0,0.0,0.0,,,,,,,,,,,,,,,,,,,,,,,,,,,,,,,,,,,,,,,,
2022,grant calcaterra,TE,SMU,6-4,241.0,4.62,,20.0,,,,True,6.0,198.0,grant calcaterra,2021.0,0.0,0.0,0.0,1.0,0.0,0.0,1.0,,,,,,,,,,,,,,,,,,,,,,,,,,,,,,,,,,,,,,29.0,38.0,4.0,465.0,12.2,,,,,
2022,jake camarda,P,Georgia,6-1,193.0,4.56,,,,,,True,4.0,133.0,jake camarda,2021.0,,,,,,,,,,,,,,,,,,,,,,,,,,,,,,,,,,,,,,,16.0,68.0,47.0,6.0,2197.0,46.7,,,,,,,,,,
2022,chance campbell,LB,Mississippi,6-2,232.0,4.57,39.5,,127.0,,,True,6.0,219.0,chance campbell,2021.0,2.0,11.0,6.0,47.0,0.0,12.5,109.0,0.0,0.0,3.0,,,,,,,,,,,,,,,,,,,,,,,,,,,,,,,,,,,,,,,,,,,,
2022,ja'tyre carter,OG,Southern,6-3,311.0,5.13,30.0,,108.0,7.84,4.9,True,7.0,226.0,jatyre carter,,,,,,,,,,,,,,,,,,,,,,,,,,,,,,,,,,,,,,,,,,,,,,,,,,,,,,,
2022,zachary carter,DE,Florida,6-4,282.0,4.99,27.5,19.0,110.0,,,True,3.0,95.0,zachary carter,2021.0,2.0,3.0,8.0,15.0,0.0,11.5,31.0,,,,,,,,,,,,,,,,,,,,,,,,,,,,,,,,,,,,,,,,,,,,,,,
2022,tariq castro-fields,CB,Penn St.,6-1,197.0,4.38,,,,,,True,6.0,221.0,tariq castrofields,2021.0,7.0,0.0,0.0,26.0,0.0,0.0,33.0,,,,,,,,,,,,,,,,,,,,,,,,,,,,,,,,,,,,,,,,,,,,,,,
2022,tykevious chandler,RB,North Carolina,5-11,204.0,4.38,31.0,,121.0,,,True,5.0,169.0,tykevious chandler,,,,,,,,,,,,,,,,,,,,,,,,,,,,,,,,,,,,,,,,,,,,,,,,,,,,,,,
2022,leo chenal,LB,Wisconsin,6-3,250.0,4.53,40.5,,128.0,,,True,3.0,103.0,leo chenal,2021.0,0.0,4.0,8.0,55.0,0.0,18.0,96.0,,,,,,,,,,,,,,,,,,,,,,,,,,,,,,,,,,,,,,,,,,,,,,,
2022,lewis cine,S,Georgia,6-2,199.0,4.37,36.5,,133.0,,,True,1.0,32.0,lewis cine,2021.0,9.0,1.0,0.0,43.0,0.0,2.0,73.0,,,,8.0,1.0,0.0,8.0,,,,,,,,,,,,,,,,,,,,,,,,,,,,,,,,,,,,,,,,
2022,damone clark,LB,LSU,6-3,239.0,4.57,36.5,,127.0,7.12,,True,5.0,176.0,damone clark,2021.0,3.0,2.0,5.5,78.0,0.0,15.0,136.0,0.0,0.0,1.0,0.0,1.0,0.0,0.0,,,,,,,,,,,,,,,,,,,,,,,,,,,,,,,,,,,,,,,,
2022,micheal clemons,DE,Texas A&M,6-5,263.0,,,24.0,116.0,,,True,4.0,117.0,micheal clemons,2021.0,2.0,13.0,7.0,23.0,0.0,11.0,32.0,0.0,0.0,1.0,,,,,,,,,,,,,,,,,,,,,,,,,,,,,,,,,,,,,,,,,,,,
2022,jack coan,QB,Notre Dame,6-3,218.0,4.9,33.0,,115.0,6.95,4.39,False,,,jack coan,2021.0,0.0,0.0,0.0,1.0,0.0,0.0,1.0,1.0,1.0,0.0,,,,,,,,,,,,,,,,,385.0,253.0,7.0,0.657,25.0,3150.0,8.2,,,,,,,,,,,,,,,,,57.0,21.0,2.0,,
2022,qwynnterrio cole,S,Louisville,6-0,206.0,,,16.0,,,,False,,,qwynnterrio cole,2021.0,6.0,1.0,0.0,65.0,0.0,5.0,87.0,,,,29.0,1.0,0.0,29.0,,,,,,,,,,,,,,,,,,,,,,,,,,,,,,,,,,,,,,,,
2022,snoop conner,RB,Mississippi,5-10,222.0,4.59,29.5,25.0,118.0,,,True,5.0,154.0,snoop conner,2021.0,1.0,0.0,0.0,2.0,0.0,0.0,2.0,3.0,2.0,0.0,,,,,,,,,,,,,,,,,,,,,,,,,,,,,,,,,,,14.0,14.0,0.0,82.0,5.9,130.0,51.0,13.0,647.0,5.0
2022,bryan cook,S,Cincinnati,6-1,206.0,,,,,,,True,2.0,62.0,bryan cook,2021.0,9.0,0.0,1.0,57.0,0.0,5.0,96.0,,,,0.0,2.0,0.0,0.0,,,,,,,,,,,,,,,,,,,,,,,,,,,,,,,,,,,,,,,,
2022,james cook,RB,Georgia,5-11,199.0,4.42,33.0,,124.0,,,True,2.0,63.0,james cook,2021.0,,,,,,,,,,,,,,,,,,,,,,,,,,,,,,,,,,,,,,,,,,,,,53.0,27.0,4.0,284.0,10.5,113.0,67.0,7.0,728.0,6.4
2022,jashaun corbin,RB,Florida St.,5-11,202.0,,,,,,,False,,,jashaun corbin,2021.0,,,,,,,,2.0,2.0,0.0,,,,,18.3,25.0,7.0,0.0,128.0,,,,,,,,,,,,,,,,,,,,,,,,,,21.0,25.0,1.0,144.0,5.8,143.0,89.0,7.0,887.0,6.2
2022,yusuf corker,S,Kentucky,6-0,203.0,,,23.0,,,,False,,,yusuf corker,2021.0,8.0,1.0,1.0,46.0,0.0,3.5,82.0,,,,,,,,,,,,,,,,,,,,,,,,,,,,,,,,,,,,,,,,,,,,,,,
2022,matt corral,QB,Mississippi,6-2,212.0,,,,,,,True,3.0,94.0,matt corral,2021.0,,,,,,,,5.0,2.0,0.0,,,,,,,,,,,,,,,,,386.0,262.0,5.0,0.679,20.0,3349.0,8.7,,,,,,,,,,,,19.0,1.0,0.0,19.0,19.0,152.0,32.0,11.0,614.0,4.0
2022,charles cross,OT,Mississippi St.,6-5,307.0,4.95,26.0,,112.0,7.88,4.61,True,1.0,9.0,charles cross,2020.0,0.0,0.0,0.0,0.0,0.0,0.0,1.0,,,,,,,,,,,,,,,,,,,,,,,,,,,,,,,,,,,,,,,,,,,,,,,
2022,nick cross,S,Maryland,6-0,212.0,4.34,37.0,,130.0,,,True,3.0,96.0,nick cross,2021.0,5.0,0.0,3.0,44.0,0.0,3.5,66.0,,,,18.3,3.0,0.0,55.0,,,,,,,,,,,,,,,,,,,,,,,,,,,,,,,,,,,,,,,,
2022,dustin crum,QB,Kent St.,6-1,210.0,4.75,32.5,,120.0,,4.36,False,,,dustin crum,2021.0,,,,,,,,2.0,1.0,0.0,,,,,,,,,,,,,,,,,382.0,245.0,6.0,0.641,20.0,3238.0,8.5,,,,,,1.0,30.0,1.0,0.0,30.0,30.0,,,,,,161.0,62.0,12.0,703.0,4.4
2022,myron cunningham,OT,Arkansas,6-5,320.0,5.38,20.0,,98.0,8.5,5.16,False,,,myron cunningham,,,,,,,,,,,,,,,,,,,,,,,,,,,,,,,,,,,,,,,,,,,,,,,,,,,,,,,
2022,dj davidson,DT,Arizona St.,6-3,327.0,,28.0,23.0,,7.85,4.72,True,5.0,147.0,dj davidson,2021.0,4.0,1.0,0.5,21.0,0.0,6.0,57.0,0.0,0.0,1.0,,,,,,,,,,,,,,,,,,,,,,,,,,,,,,,,,,,,,,,,,,,,
2022,jordan davis,DT,Georgia,6-6,341.0,4.78,32.0,,123.0,,,True,1.0,13.0,jordan davis,2022.0,0.0,2.0,0.0,12.0,0.0,2.5,26.0,,,,,,,,,,,,,,,,,,,,,,,,,,,,,,,,,,,,,,35.0,12.0,1.0,119.0,9.9,,,,,
2022,kalia davis,DT,Central Florida,6-1,302.0,,,,,,,True,6.0,220.0,kalia davis,2021.0,0.0,3.0,1.0,8.0,0.0,4.5,17.0,,,,,,,,,,,,,,,,,,,,,,,,,,,,,,,,,,,,,,,,,,,,,,,
2022,tyrion davis-price,RB,LSU,6-0,211.0,4.48,30.0,,117.0,,,True,3.0,93.0,tyrion davisprice,2021.0,,,,,,,,3.0,2.0,0.0,,,,,,,,,,,,,,,,,,,,,,,,,,,,,,,,,,,21.0,10.0,0.0,64.0,6.4,211.0,40.0,6.0,1003.0,4.8
2022,nakobe dean,LB,Georgia,5-11,229.0,,,,,,,True,3.0,83.0,nakobe dean,2021.0,6.0,5.0,6.0,36.0,1.0,10.5,72.0,,,,25.0,2.0,1.0,50.0,,,,,,,,,,,,,,,,,,,,,,,,,,,,,,,,,,,,,,,,
2022,dawson deaton,C,Texas Tech,6-6,306.0,5.12,29.0,24.0,108.0,7.52,4.49,True,7.0,246.0,dawson deaton,2021.0,0.0,0.0,0.0,1.0,0.0,0.0,1.0,,,,,,,,,,,,,,,,,,,,,,,,,,,,,,,,,,,,,,,,,,,,,,,
2022,austin deculus,OT,LSU,6-5,321.0,5.08,28.5,,109.0,,4.99,True,6.0,205.0,austin deculus,2021.0,0.0,0.0,0.0,1.0,0.0,0.0,1.0,,,,,,,,,,,,,,,,,,,,,,,,,,,,,,,,,,,,,,,,,,,,,,,
2022,cameron dicker,K,Texas,6-1,220.0,,,,,,,False,,,cameron dicker,2021.0,0.0,0.0,0.0,2.0,0.0,0.0,2.0,,,,,,,,,,,,,15.0,13.0,50.0,0.867,88.0,50.0,49.0,,,,,,,,,,,,,11.0,78.0,47.0,3.0,2200.0,46.8,,,,,,1.0,2.0,0.0,2.0,2.0
2022,kellen diesch,OT,Arizona St.,6-7,301.0,4.89,32.5,,110.0,7.77,4.43,False,,,kellen diesch,2021.0,0.0,0.0,0.0,1.0,0.0,0.0,1.0,,,,,,,,,,,,,,,,,,,,,,,,,,,,,,,,,,,,,,,,,,,,,,,
2022,dai'jean dixon,WR,Nicholls St.,6-3,205.0,4.62,34.0,,125.0,7.28,4.42,False,,,daijean dixon,2021.0,,,,,,,,,,,,,,,,,,,,,,,,,,,,,,,,,,,,,,,,,,,,,28.0,21.0,2.0,305.0,14.5,,,,,
2022,jojo domann,LB,Nebraska,6-1,228.0,4.62,34.5,,119.0,,,False,,,jojo domann,2021.0,3.0,2.0,2.0,44.0,0.0,9.0,71.0,,,,0.0,2.0,0.0,0.0,,,,,,,,,,,,,,,,,,,,,,,,,,,,,,,,,,,,,,,,
2022,jahan dotson,WR,Penn St.,5-11,178.0,4.43,36.0,,121.0,7.28,,True,1.0,16.0,jahan dotson,2021.0,,,,,,,,1.0,0.0,0.0,,,,,,,,,,,,,,,,,2.0,2.0,0.0,1.0,0.0,43.0,21.5,7.4,16.0,14.0,0.0,104.0,,,,,,,86.0,91.0,12.0,1182.0,13.0,6.0,7.0,1.0,18.0,3.0
2022,romeo doubs,WR,Nevada,6-2,201.0,,,,,,,True,4.0,132.0,romeo doubs,2021.0,0.0,0.0,0.0,1.0,0.0,0.0,1.0,,,,,,,,,,,,,,,,,,,,,,,,,,,14.2,47.0,12.0,0.0,170.0,,,,,,,66.0,80.0,11.0,1109.0,13.9,1.0,4.0,0.0,4.0,4.0
2022,dontario drummond,WR,Mississippi,6-1,215.0,4.65,34.0,,122.0,,,False,,,dontario drummond,2021.0,,,,,,,,1.0,0.0,0.0,,,,,,,,,,,,,,,,,1.0,1.0,0.0,1.0,0.0,19.0,19.0,11.2,32.0,5.0,0.0,56.0,,,,,,,67.0,76.0,8.0,1028.0,13.5,6.0,11.0,1.0,40.0,6.7
2022,greg dulcich,TE,UCLA,6-4,243.0,4.69,34.0,16.0,122.0,7.05,4.37,True,3.0,80.0,greg dulcich,2021.0,0.0,0.0,0.0,1.0,0.0,0.0,1.0,,,,,,,,,,,,,,,,,,,,,,,,,,,,,,,,,,,,,,75.0,42.0,5.0,725.0,17.3,,,,,
2022,william dunkle,OG,San Diego St.,6-5,328.0,5.44,26.0,25.0,95.0,7.97,4.91,False,,,william dunkle,,,,,,,,,,,,,,,,,,,,,,,,,,,,,,,,,,,,,,,,,,,,,,,,,,,,,,,
2022,cobie durant,CB,South Carolina St.,5-10,180.0,4.38,,,,,,True,4.0,142.0,cobie durant,,,,,,,,,,,,,,,,,,,,,,,,,,,,,,,,,,,,,,,,,,,,,,,,,,,,,,,
2022,jerrion ealy,RB,Mississippi,5-8,189.0,4.52,34.5,,128.0,,,False,,,jerrion ealy,2021.0,,,,,,,,1.0,0.0,0.0,,,,,23.5,39.0,13.0,0.0,306.0,,,,,,,,,,,,,,,,,,,,,,,,,,22.0,32.0,2.0,218.0,6.8,133.0,70.0,5.0,768.0,5.8
2022,arnold ebiketie,EDGE,Penn St.,6-2,250.0,,38.0,21.0,128.0,,,True,2.0,38.0,arnold ebiketie,2021.0,0.0,7.0,9.5,34.0,0.0,18.0,62.0,,,,,,,,,,,,,,,,,,,,,,,,,,,,,,,,,,,,,,,,,,,,,,,
2022,trestan ebner,RB,Baylor,5-11,206.0,4.43,30.0,,,,,True,6.0,203.0,trestan ebner,2021.0,0.0,0.0,0.0,0.0,1.0,0.0,0.0,5.0,4.0,0.0,,,,,22.2,98.0,23.0,1.0,511.0,,,,,,,,,,,,,,,8.1,50.0,19.0,0.0,154.0,,,,,,,61.0,28.0,2.0,284.0,10.1,148.0,58.0,2.0,799.0,5.4
2022,ikem ekwonu,OT,North Carolina St.,6-4,310.0,4.93,29.0,,108.0,7.82,4.73,True,1.0,6.0,ikem ekwonu,2021.0,0.0,0.0,0.0,1.0,0.0,0.0,1.0,,,,,,,,,,,,,,,,,,,,,,,,,,,,,,,,,,,,,,,,,,,,,,,
2022,kaiir elam,CB,Florida,6-2,191.0,4.39,,,,,,True,1.0,23.0,kaiir elam,2021.0,5.0,0.0,0.0,17.0,0.0,1.5,29.0,,,,0.0,1.0,0.0,0.0,,,,,,,,,,,,,,,,,,,,,,,,,,,,,,,,,,,,,,,,
2022,kaleb eleby,QB,Western Michigan,6-1,208.0,,25.5,,111.0,7.57,,False,,,kaleb eleby,2021.0,,,,,,,,10.0,5.0,0.0,,,,,,,,,,,,,,,,,362.0,230.0,6.0,0.635,23.0,3277.0,9.1,,,,,,,,,,,,,,,,,87.0,25.0,6.0,64.0,0.7
2022,noah elliss,DT,Idaho,6-4,346.0,5.66,,,,,,False,,,noah elliss,,,,,,,,,,,,,,,,,,,,,,,,,,,,,,,,,,,,,,,,,,,,,,,,,,,,,,,
2022,martin emerson,CB,Mississippi St.,6-2,201.0,4.53,,,,,,True,3.0,68.0,martin emerson,2021.0,3.0,0.0,0.0,31.0,0.0,3.0,49.0,,,,,,,,,,,,,,,,,,,,,,,,,,,,,,,,,,,,,,,,,,,,,,,
2022,kingsley enagbare,DE,South Carolina,6-4,258.0,4.87,36.5,,117.0,,,True,5.0,179.0,kingsley enagbare,2021.0,2.0,11.0,4.5,29.0,0.0,7.0,44.0,0.0,0.0,1.0,,,,,,,,,,,,,,,,,,,,,,,,,,,,,,,,,,,,,,,,,,,,
2022,akayleb evans,CB,Missouri,6-2,197.0,4.46,36.0,,129.0,,,True,4.0,118.0,akayleb evans,2021.0,6.0,1.0,0.0,25.0,0.0,1.0,28.0,,,,0.0,1.0,0.0,0.0,,,,,,,,,,,,,,,,,,,,,,,,,,,,,,,,,,,,,,,,
2022,obinna eze,OT,TCU,6-7,321.0,5.17,27.5,18.0,104.0,8.2,5.08,False,,,obinna eze,,,,,,,,,,,,,,,,,,,,,,,,,,,,,,,,,,,,,,,,,,,,,,,,,,,,,,,
2022,joshua ezeudu,OG,North Carolina,6-4,308.0,5.19,28.5,,105.0,7.83,4.56,True,3.0,67.0,joshua ezeudu,,,,,,,,,,,,,,,,,,,,,,,,,,,,,,,,,,,,,,,,,,,,,,,,,,,,,,,
2022,erik ezukanma,WR,Texas Tech,6-2,209.0,,36.5,,126.0,,4.38,True,4.0,125.0,erik ezukanma,2021.0,0.0,0.0,0.0,1.0,0.0,0.0,1.0,,,,,,,,,,,,,,,,,,,,,,,,,,,,,,,,,,,,,,75.0,48.0,4.0,705.0,14.7,10.0,45.0,2.0,138.0,13.8
2022,daniel faalele,OT,Minnesota,6-8,384.0,,,24.0,,,,True,4.0,110.0,daniel faalele,2021.0,,,,,,,,,,,,,,,,,,,,,,,,,,,,,,,,,,,,,,,,,,,,,,,,,,1.0,2.0,1.0,2.0,2.0
2022,neil farrell,DT,LSU,6-4,330.0,5.41,21.5,,,8.41,,True,4.0,126.0,neil farrell,2021.0,2.0,1.0,2.0,20.0,0.0,9.5,45.0,,,,,,,,,,,,,,,,,,,,,,,,,,,,,,,,,,,,,,,,,,,,,,,
2022,jake ferguson,TE,Wisconsin,6-5,250.0,4.81,31.5,15.0,118.0,7.03,4.48,True,4.0,129.0,jake ferguson,2021.0,,,,,,,,,,,,,,,,,,,,,,,,,,,,,,,,,,,,,,,,,,,,,35.0,46.0,3.0,450.0,9.8,,,,,
2022,damarcus fields,CB,Texas Tech,6-0,193.0,4.48,34.5,,,,,False,,,damarcus fields,2021.0,11.0,0.0,0.0,40.0,0.0,4.0,48.0,0.0,0.0,1.0,,,,,,,,,,,,,,,,,,,,,,,,,,,,,,,,,,,,,,,,,,,,
2022,cordale flott,CB,LSU,6-1,175.0,,,,,,,True,3.0,81.0,cordale flott,2021.0,3.0,0.0,0.0,28.0,0.0,1.0,40.0,,,,0.0,1.0,0.0,0.0,,,,,,,,,,,,,,,,,,,,,,,,,,,,,,,,,,,,,,,,
2022,jerome ford,RB,Cincinnati,5-11,210.0,4.46,31.0,,118.0,,,True,5.0,156.0,jerome ford,2021.0,0.0,0.0,0.0,1.0,0.0,0.0,1.0,3.0,2.0,0.0,,,,,,,,,,,,,,,,,,,,,,,,,,,,,,,,,,,34.0,21.0,1.0,220.0,10.5,215.0,79.0,19.0,1319.0,6.1
2022,jonathan ford,DT,Miami,6-5,333.0,,29.0,,102.0,,,True,7.0,234.0,jonathan ford,2021.0,0.0,1.0,0.0,4.0,0.0,1.0,14.0,,,,,,,,,,,,,,,,,,,,,,,,,,,,,,,,,,,,,,,,,,,,,,,
2022,luke fortner,C,Kentucky,6-4,307.0,5.21,24.0,,102.0,7.75,4.95,True,3.0,65.0,luke fortner,2020.0,0.0,0.0,0.0,1.0,0.0,0.0,1.0,,,,,,,,,,,,,,,,,,,,,,,,,,,,,,,,,,,,,,,,,,,,,,,
2022,ty fryfogle,WR,Indiana,6-1,204.0,4.53,39.0,,127.0,,,False,,,ty fryfogle,2021.0,,,,,,,,1.0,1.0,0.0,,,,,,,,,,,,,,,,,,,,,,,,,0.0,3.0,0.0,,,,,,,,52.0,46.0,1.0,512.0,11.1,4.0,13.0,0.0,34.0,8.5
2022,ahmad gardner,CB,Cincinnati,6-3,190.0,4.41,,,,,,True,1.0,4.0,ahmad gardner,2021.0,4.0,1.0,3.0,28.0,1.0,5.0,40.0,,,,2.3,3.0,0.0,7.0,,,,,,,,,,,,,,,,,,,,,,,,,,,,,,,,,,,,,,,,
2022,haskell garrett,DT,Ohio St.,6-2,300.0,5.07,24.0,,,,,False,,,haskell garrett,2021.0,1.0,0.0,5.5,12.0,1.0,7.0,22.0,0.0,0.0,3.0,,,,,,,,,,,,,,,,,,,,,,,,,,,,,,,,,,,,,,,,,,,,
2022,jeremiah gemmel,LB,North Carolina,6-1,226.0,,,,,,,False,,,jeremiah gemmel,2021.0,3.0,7.0,1.5,44.0,0.0,6.5,74.0,,,,0.0,1.0,0.0,0.0,,,,,,,,,,,,,,,,,,,,,,,,,,,,,,,,,,,,,,,,
2022,trenton gill,P,North Carolina St.,6-4,220.0,,,,,,,True,7.0,255.0,trenton gill,2021.0,0.0,0.0,0.0,1.0,0.0,0.0,1.0,,,,,,,,,,,,,,,,,,,,,,,,,,,,,,,,31.0,65.0,65.0,5.0,2887.0,44.4,,,,,,,,,,
2022,luke goedeke,OG,Central Michigan,6-5,312.0,,,26.0,,,,True,2.0,57.0,luke goedeke,2019.0,0.0,0.0,0.0,0.0,0.0,0.0,1.0,,,,,,,,,,,,,,,,,,,,,,,,,,,,,,,,,,,,,,,,,,,,,,,
2022,mario goodrich,CB,Clemson,6-0,176.0,4.52,,,,,,False,,,mario goodrich,2021.0,9.0,1.0,0.0,26.0,1.0,0.0,42.0,,,,10.0,2.0,1.0,20.0,,,,,,,,,,,,,,,,,,,,,,,,,,,,,,,,,,,,,,,,
2022,tyler goodson,RB,Iowa,5-9,197.0,4.42,36.5,,123.0,,,False,,,tyler goodson,2021.0,0.0,0.0,0.0,1.0,0.0,0.0,1.0,2.0,2.0,0.0,,,,,5.0,5.0,1.0,0.0,5.0,,,,,,,,,,,,,,,,,,,,,,,,,,67.0,31.0,1.0,247.0,8.0,256.0,56.0,6.0,1151.0,4.5
2022,kyler gordon,CB,Washington,6-0,194.0,4.52,,,,,,True,2.0,39.0,kyler gordon,2021.0,7.0,0.0,0.0,36.0,0.0,2.0,45.0,,,,0.0,2.0,0.0,0.0,,,,,,,,,,,,,,,,,,,,,,,,,,,,,,,,,,,,,,,,
2022,isaiah graham-mobley,LB,Boston Col.,6-1,230.0,4.63,34.5,,124.0,,,False,,,isaiah grahammobley,2021.0,0.0,1.0,0.0,34.0,0.0,2.5,52.0,,,,,,,,,,,,,,,,,,,,,,,,,,,,,,,,,,,,,,,,,,,,,,,
2022,danny gray,WR,SMU,6-0,186.0,4.33,34.0,,126.0,,,True,3.0,105.0,danny gray,2021.0,,,,,,,,,,,,,,,,,,,,,,,,,,,,,,,,,,,,,,,,,,,,,68.0,49.0,9.0,803.0,16.4,3.0,27.0,0.0,40.0,13.3
2022,vincent gray,CB,Michigan,6-2,192.0,4.54,,,,,,False,,,vincent gray,2021.0,7.0,1.0,1.0,34.0,0.0,3.5,46.0,,,,,,,,,,,,,,,,,,,,,,,,,,,,,,,,,,,,,,,,,,,,,,,
2022,kenyon green,OG,Texas A&M,6-4,323.0,5.24,26.0,20.0,102.0,,5.12,True,1.0,15.0,kenyon green,2019.0,0.0,1.0,0.0,0.0,0.0,0.0,0.0,,,,,,,,,,,,,,,,,,,,,,,,,,,,,,,,,,,,,,,,,,,,,,,
2022,jeffrey gunter,EDGE,Coastal Carolina,6-4,258.0,4.7,35.5,,122.0,7.21,4.35,True,7.0,252.0,jeffrey gunter,2021.0,1.0,3.0,5.5,21.0,0.0,8.5,35.0,0.0,0.0,1.0,,,,,,,,,,,,,,,,,,,,,,,,,,,,,,,,,,,,,,,,,,,,
2022,breece hall,RB,Iowa St.,5-11,217.0,4.39,40.0,,126.0,,,True,2.0,36.0,breece hall,2021.0,,,,,,,,2.0,2.0,0.0,,,,,,,,,,,,,,,,,,,,,,,,,,,,,,,,,,,30.0,36.0,3.0,302.0,8.4,253.0,80.0,20.0,1472.0,5.8
2022,jeremiah hall,TE,Oklahoma,6-2,239.0,4.96,29.0,19.0,111.0,7.43,4.62,False,,,jeremiah hall,2021.0,,,,,,,,1.0,0.0,0.0,,,,,,,,,,,,,,,,,,,,,,,,,,,,,,,,,,,50.0,32.0,4.0,334.0,10.4,6.0,6.0,1.0,25.0,4.2
2022,logan hall,DE,Houston,6-6,283.0,4.88,30.0,,,7.25,4.44,True,2.0,33.0,logan hall,2021.0,0.0,3.0,6.0,24.0,0.0,13.0,47.0,,,,,,,,,,,,,,,,,,,,,,,,,,,,,,,,,,,,,,,,,,,,,,,
2022,kyle hamilton,S,Notre Dame,6-4,220.0,4.59,38.0,,131.0,6.9,4.32,True,1.0,14.0,kyle hamilton,2021.0,4.0,0.0,0.0,19.0,0.0,2.0,34.0,,,,0.0,3.0,0.0,0.0,,,,,,,,,,,,,,,,,,,,,,,,,,,,,,,,,,,,,,,,
2022,jake hansen,LB,Illinois,6-1,238.0,,,21.0,,,,False,,,jake hansen,2021.0,0.0,1.0,1.0,18.0,0.0,2.5,32.0,0.0,0.0,1.0,,,,,,,,,,,,,,,,,,,,,,,,,,,,,,,,,,,,,,,,,,,,
2022,aaron hansford,LB,Texas A&M,6-2,239.0,,,24.0,,,,False,,,aaron hansford,2021.0,4.0,2.0,2.0,45.0,0.0,8.5,89.0,0.0,0.0,2.0,,,,,,,,,,,,,,,,,,,,,,,,,,,,,,,,,,,,,,,,,,,,
2022,christian harris,LB,Alabama,6-1,226.0,4.44,34.5,,132.0,,,True,3.0,75.0,christian harris,2022.0,0.0,0.0,0.0,2.0,0.0,0.0,2.0,,,,,,,,,,,,,,,,,,,,,,,,,,,,,,,,,,,,,,,,,,,,,,,
2022,kevin harris,RB,South Carolina,5-10,221.0,,38.5,21.0,126.0,,,True,6.0,183.0,kevin harris,2022.0,0.0,0.0,0.0,2.0,0.0,0.0,3.0,,,,,,,,20.3,30.0,3.0,0.0,61.0,,,,,,,,,,,,,,,,,,,,,,,,,,18.0,2.0,0.0,25.0,12.5,44.0,32.0,3.0,203.0,4.6
2022,kolby harvell-peel,S,Oklahoma St.,6-0,213.0,,,21.0,,,,False,,,kolby harvellpeel,,,,,,,,,,,,,,,,,,,,,,,,,,,,,,,,,,,,,,,,,,,,,,,,,,,,,,,
2022,hassan haskins,RB,Michigan,6-2,228.0,,,27.0,,,,True,4.0,131.0,hassan haskins,2021.0,0.0,0.0,0.0,2.0,0.0,0.0,2.0,,,,,,,,,,,,,,,,,,,,,,,,,,,,,,,,,,,,,,20.0,18.0,0.0,131.0,7.3,270.0,62.0,20.0,1327.0,4.9
2022,blake hayes,P,Illinois,6-4,226.0,,,,,,,False,,,blake hayes,2021.0,,,,,,,,,,,,,,,,,,,,,,,,,,,,,,,,,,,,,,,34.0,80.0,68.0,2.0,3068.0,45.1,,,,,,,,,,
2022,marquis hayes,OG,Oklahoma,6-5,318.0,5.3,23.5,,102.0,,,True,7.0,257.0,marquis hayes,2020.0,0.0,0.0,0.0,0.0,0.0,0.0,1.0,,,,,,,,,,,,,,,,,,,,,,,,,,,,,,,,,,,,,,,,,,,,,,,
2022,peyton hendershot,TE,Indiana,6-4,250.0,4.8,32.5,,117.0,,4.25,False,,,peyton hendershot,2021.0,0.0,0.0,0.0,3.0,0.0,0.0,3.0,,,,,,,,,,,,,,,,,,,,,,,,,,,,,,,,,,,,,,35.0,46.0,4.0,543.0,11.8,2.0,4.0,0.0,8.0,4.0
2022,connor heyward,TE,Michigan St.,5-11,233.0,4.72,32.5,,,,,True,6.0,208.0,connor heyward,2021.0,,,,,,,,,,,,,,,0.0,0.0,1.0,0.0,0.0,,,,,,,,,,,,,,,,,,,,,,,,,,35.0,35.0,2.0,326.0,9.3,1.0,7.0,0.0,7.0,7.0
2022,daxton hill,S,Michigan,6-0,191.0,4.38,33.5,,121.0,6.57,4.06,True,1.0,31.0,daxton hill,2021.0,8.0,4.0,0.5,42.0,0.0,4.5,69.0,0.0,0.0,1.0,1.5,2.0,0.0,3.0,,,,,,,,,,,,,,,,,,,,,,,,,,,,,,,,,,,,,,,,
2022,chasen hines,C,LSU,6-3,327.0,5.22,30.5,,108.0,,,True,6.0,210.0,chasen hines,2021.0,0.0,0.0,0.0,1.0,0.0,0.0,1.0,,,,,,,,,,,,,,,,,,,,,,,,,,,,,,,,,,,,,,,,,,,,,,,
2022,christopher hinton,DT,Michigan,6-4,305.0,5.28,31.5,,106.0,,,False,,,christopher hinton,2021.0,2.0,0.0,1.0,17.0,0.0,1.0,32.0,0.0,0.0,2.0,,,,,,,,,,,,,,,,,,,,,,,,,,,,,,,,,,,,,,,,,,,,
2022,curtis hodges,TE,Arizona St.,6-8,257.0,4.85,34.5,,117.0,7.14,4.28,False,,,curtis hodges,2021.0,,,,,,,,1.0,1.0,0.0,,,,,,,,,,,,,,,,,,,,,,,,,,,,,,,,,,,48.0,20.0,2.0,373.0,18.7,,,,,
2022,sam howell,QB,North Carolina,6-1,218.0,,,,,,,True,5.0,144.0,sam howell,2021.0,,,,,,,,7.0,4.0,0.0,,,,,,,,,,,,,,,,,347.0,217.0,9.0,0.625,24.0,3056.0,8.8,,,,,,1.0,35.0,1.0,0.0,35.0,35.0,,,,,,183.0,62.0,11.0,828.0,4.5
2022,aidan hutchinson,DE,Michigan,6-7,260.0,4.74,36.0,,117.0,6.73,4.15,True,1.0,2.0,aidan hutchinson,2021.0,3.0,12.0,14.0,36.0,0.0,16.5,62.0,0.0,0.0,1.0,,,,,,,,,,,,,,,,,,,,,,,,,,,,,,,,,,,,,,,,,,,,
2022,jermaine johnson ii,DE,Florida St.,6-5,254.0,4.58,32.0,,125.0,,,True,1.0,26.0,jermaine johnson,2022.0,,,,,,,,,,,,,,,,,,,,,,,,,,,,,,,,,,,,,,,,,,,,,,,,,,1.0,1.0,0.0,1.0,1.0
2022,johnny johnson iii,WR,Oregon,6-0,197.0,4.6,32.0,,121.0,7.21,4.54,False,,,johnny johnson,2022.0,,,,,,,,,,,,,,,9.0,9.0,1.0,0.0,9.0,,,,,,,,,,,,,,,,,,,,,,,,,,,,,,,,,,,
2022,verone mckinley iii,S,Oregon,5-10,198.0,,35.0,16.0,120.0,,,False,,,verone mckinley,2021.0,6.0,0.0,0.0,44.0,0.0,1.0,77.0,,,,,6.0,0.0,,0.0,0.0,1.0,0.0,0.0,,,,,,,,,,,,,,,,,,,,,,,,,,,,,,,,,,,
2022,ed ingram,OG,LSU,6-3,307.0,5.02,20.5,,102.0,7.81,4.76,True,2.0,59.0,ed ingram,,,,,,,,,,,,,,,,,,,,,,,,,,,,,,,,,,,,,,,,,,,,,,,,,,,,,,,
2022,keaontay ingram,RB,USC,6-0,221.0,4.53,34.5,,122.0,,,True,6.0,201.0,keaontay ingram,2021.0,,,,,,,,1.0,1.0,0.0,,,,,,,,,,,,,,,,,,,,,,,,,,,,,,,,,,,32.0,22.0,0.0,156.0,7.1,156.0,53.0,5.0,911.0,5.8
2022,d'marco jackson,LB,Appalachian St.,6-1,233.0,4.55,33.0,,125.0,,,True,5.0,161.0,dmarco jackson,2021.0,5.0,12.0,6.0,56.0,0.0,18.5,119.0,1.0,1.0,0.0,6.0,1.0,0.0,6.0,,,,,,,,,,,,,,,,,,,,,,,,,,,,,,,,,,,,,,,,
2022,drake jackson,EDGE,USC,6-3,254.0,,36.5,,127.0,,,True,2.0,61.0,drake jackson,2021.0,2.0,2.0,10.0,46.0,0.0,16.0,74.0,0.0,0.0,2.0,18.0,2.0,0.0,18.0,,,,,,,,,,,,,,,,,,,,,,,,,,,,,,,,,,,,,,,,
2022,jordan jackson,DT,Air Force,6-5,294.0,,,,,,,True,6.0,194.0,jordan jackson,2022.0,0.0,0.0,0.0,9.0,0.0,1.0,14.0,,,,,,,,18.0,29.0,2.0,0.0,36.0,,,,,,,,,,,,,,,,,,,,,,,,,,8.0,1.0,0.0,8.0,8.0,54.0,36.0,4.0,254.0,6.6000000000000005
2022,joshua jobe,CB,Alabama,6-0,182.0,,,,,,,False,,,joshua jobe,,,,,,,,,,,,,,,,,,,,,,,,,,,,,,,,,,,,,,,,,,,,,,,,,,,,,,,
2022,josh johnson,WR,Tulsa,5-11,183.0,,,14.0,,,,False,,,josh johnson,2022.0,0.0,0.0,0.0,8.0,0.0,1.0,10.0,,,,,,,,,,,,,,,,,,,,,,,,,,,,,,,,,,,,,,,,,,,,,,,
2022,tyree johnson,EDGE,Texas A&M,6-3,248.0,,,21.0,,,,False,,,tyree johnson,2021.0,0.0,2.0,8.5,20.0,0.0,9.0,31.0,0.0,0.0,1.0,,,,,,,,,,,,,,,,,,,,,,,,,,,,,,,,,,,,,,,,,,,,
2022,zion johnson,OG,Boston Col.,6-3,312.0,5.18,32.0,32.0,112.0,7.38,4.46,True,1.0,17.0,zion johnson,,,,,,,,,,,,,,,,,,,,,,,,,,,,,,,,,,,,,,,,,,,,,,,,,,,,,,,
2022,braxton jones,OT,Southern Utah St.,6-5,310.0,4.97,25.5,,108.0,,4.84,True,5.0,168.0,braxton jones,,,,,,,,,,,,,,,,,,,,,,,,,,,,,,,,,,,,,,,,,,,,,,,,,,,,,,,
2022,jack jones,CB,Arizona St.,5-11,171.0,4.51,,,,,,True,4.0,121.0,jack jones,2021.0,6.0,0.0,1.0,35.0,1.0,2.5,41.0,,,,28.7,3.0,1.0,86.0,,,,,,,,,,,,,,,,,,,,,,,,,,,,,,,,,,,,,,,,
2022,marcus jones,CB,Houston,5-8,174.0,,,,,,,True,3.0,85.0,marcus jones,2021.0,13.0,0.0,0.0,36.0,4.0,1.0,47.0,2.0,0.0,0.0,0.4,5.0,0.0,2.0,34.0,100.0,15.0,2.0,510.0,,,,,,,,,,,,,,,14.4,73.0,26.0,2.0,374.0,,,,,,,47.0,10.0,1.0,109.0,10.9,2.0,4.0,0.0,4.0,2.0
2022,travis jones,DT,Connecticut,6-4,325.0,4.92,28.5,,110.0,7.33,4.58,True,3.0,76.0,travis jones,2021.0,0.0,7.0,4.5,16.0,0.0,7.5,48.0,,,,,,,,,,,,,,,,,,,,,,,,,,,,,,,,,,,,,,,,,,,,,,,
2022,velus jones,WR,Tennessee,6-0,204.0,4.31,33.0,,121.0,,,True,3.0,71.0,velus jones,2021.0,0.0,0.0,0.0,1.0,1.0,0.0,1.0,2.0,1.0,0.0,,,,,26.2,96.0,24.0,1.0,628.0,,,,,,,,,,,,,,,15.1,50.0,18.0,0.0,272.0,,,,,,,72.0,62.0,7.0,807.0,13.0,1.0,15.0,0.0,15.0,15.0
2022,kerby joseph,S,Illinois,6-1,203.0,,38.5,18.0,123.0,,,True,3.0,97.0,kerby joseph,2021.0,2.0,0.0,1.0,41.0,0.0,1.0,57.0,0.0,0.0,3.0,2.4,5.0,0.0,12.0,,,,,,,,,,,,,,,,,,,,,,,,,,,,,,,,,,,,,,,,
2022,kevin austin jr.,WR,Notre Dame,6-2,200.0,4.43,39.0,,132.0,6.71,4.15,False,,,kevin austin,2021.0,0.0,0.0,0.0,1.0,0.0,0.0,1.0,,,,,,,,,,,,,,,,,,,,,,,,,,,,,,,,,,,,,,70.0,48.0,7.0,888.0,18.5,1.0,8.0,0.0,8.0,8.0
2022,reggie roberson jr.,WR,SMU,5-11,192.0,,29.0,,114.0,,,False,,,reggie roberson,2021.0,0.0,0.0,0.0,4.0,0.0,0.0,7.0,1.0,0.0,0.0,,,,,,,,,,,,,,,,,,,,,,,,2.3,4.0,3.0,0.0,7.0,,,,,,,66.0,51.0,6.0,625.0,12.3,,,,,
2022,cameron jurgens,C,Nebraska,6-3,303.0,4.92,,25.0,,,,True,2.0,51.0,cameron jurgens,2021.0,0.0,0.0,0.0,1.0,0.0,0.0,1.0,,,,,,,,,,,,,,,,,,,,,,,,,,,,,,,,,,,,,,,,,,,,,,,
2022,george karlaftis,EDGE,Purdue,6-4,266.0,,38.0,21.0,121.0,,4.36,True,1.0,30.0,george karlaftis,2021.0,2.0,5.0,4.5,25.0,0.0,11.0,36.0,0.0,0.0,2.0,,,,,,,,,,,,,,,,,,,,,,,,,,,,,,,,,,,,,,,,,,,,
2022,cole kelley,QB,Southeastern Louisiana,6-7,249.0,,,,,,,False,,,cole kelley,2021.0,,,,,,,,11.0,7.0,0.0,,,,,,,,,,,,,,,,,59.0,44.0,2.0,0.746,3.0,495.0,8.4,,,,,,,,,,,,,,,,,14.0,16.0,2.0,42.0,3.0
2022,derion kendrick,CB,Georgia,6-0,194.0,,,,,,,True,6.0,212.0,derion kendrick,2021.0,3.0,0.0,0.0,24.0,0.0,2.0,41.0,,,,3.5,4.0,0.0,14.0,,,,,,,,,,,,,,,,,,,,,,,,,,,,,,,,,,,,,,,,
2022,d'eriq king,QB,Miami,5-9,196.0,,,,,,,False,,,deriq king,2021.0,,,,,,,,3.0,3.0,0.0,,,,,,,,,,,,,,,,,122.0,81.0,4.0,0.664,3.0,767.0,6.3,,,,,,,,,,,,,,,,,40.0,29.0,0.0,96.0,2.4
2022,darian kinnard,OG,Kentucky,6-5,322.0,5.31,25.0,,99.0,8.11,4.96,True,5.0,145.0,darian kinnard,2021.0,0.0,0.0,0.0,0.0,0.0,0.0,1.0,,,,,,,,,,,,,,,,,,,,,,,,,,,,,,,,,,,,,,,,,,,,,,,
2022,zonovan knight,RB,North Carolina St.,5-11,209.0,4.58,31.0,,114.0,,,False,,,zonovan knight,2021.0,0.0,0.0,0.0,0.0,2.0,0.0,0.0,3.0,2.0,0.0,,,,,34.4,100.0,16.0,2.0,550.0,,,,,,,,,,,,,,,,,,,,,,,,,,38.0,21.0,0.0,156.0,7.4,140.0,46.0,3.0,753.0,5.4
2022,charlie kolar,TE,Iowa St.,6-7,252.0,,,,,,,True,4.0,128.0,charlie kolar,2021.0,0.0,0.0,0.0,0.0,0.0,0.0,1.0,2.0,0.0,0.0,,,,,,,,,,,,,,,,,,,,,,,,,,,,,,,,,,,34.0,62.0,6.0,756.0,12.2,,,,,
2022,quentin lake,S,UCLA,6-1,201.0,4.59,,,,,,True,6.0,211.0,quentin lake,2021.0,6.0,1.0,0.0,39.0,0.0,2.0,53.0,,,,7.7,3.0,0.0,23.0,,,,,,,,,,,,,,,,,,,,,,,,,,,,,,,,,,,,,,,,
2022,nate landman,LB,Colorado,6-3,238.0,4.86,36.5,,119.0,,,False,,,nate landman,2021.0,4.0,1.0,0.0,45.0,0.0,6.0,63.0,,,,,,,,,,,,,,,,,,,,,,,,,,,,,,,,,,,,,,,,,,,,,,,
2022,demarvin leal,DT,Texas A&M,6-4,283.0,5.0,27.5,,106.0,,4.49,True,3.0,84.0,demarvin leal,2021.0,2.0,2.0,8.5,27.0,0.0,12.5,58.0,,,,,,,,,,,,,,,,,,,,,,,,,,,,,,,,,,,,,,,,,,,,,,,
2022,isaiah likely,TE,Coastal Carolina,6-5,245.0,,36.0,,,,4.57,True,4.0,139.0,isaiah likely,2021.0,,,,,,,,1.0,0.0,0.0,,,,,,,,,,,,,,,,,,,,,,,,,,,,,,,,,,,99.0,59.0,12.0,912.0,15.5,3.0,12.0,0.0,10.0,3.3
2022,tyler linderbaum,C,Iowa,6-2,296.0,,,,,,,True,1.0,25.0,tyler linderbaum,2020.0,0.0,0.0,0.0,3.0,0.0,0.0,3.0,,,,,,,,,,,,,,,,,,,,,,,,,,,,,,,,,,,,,,,,,,,,,,,
2022,alec lindstrom,C,Boston Col.,6-3,296.0,5.18,29.0,25.0,111.0,7.5,4.66,False,,,alec lindstrom,,,,,,,,,,,,,,,,,,,,,,,,,,,,,,,,,,,,,,,,,,,,,,,,,,,,,,,
2022,devin lloyd,LB,Utah,6-3,237.0,4.66,35.0,25.0,126.0,,,True,1.0,27.0,devin lloyd,2021.0,6.0,2.0,8.0,66.0,2.0,22.0,111.0,0.0,0.0,2.0,9.0,4.0,2.0,36.0,,,,,,,,,,,,,,,,,,,,,,,,,,,,,,,,,,,,,,,,
2022,drake london,WR,USC,6-4,219.0,,,,,,,True,1.0,8.0,drake london,2021.0,0.0,0.0,0.0,1.0,0.0,0.0,1.0,,,,,,,,,,,,,,,,,,,,,,,,,,,,,,,,,,,,,,44.0,88.0,7.0,1084.0,12.3,1.0,2.0,0.0,2.0,2.0
2022,vederian lowe,OT,Illinois,6-5,314.0,5.22,25.5,,99.0,7.83,4.71,True,6.0,184.0,vederian lowe,,,,,,,,,,,,,,,,,,,,,,,,,,,,,,,,,,,,,,,,,,,,,,,,,,,,,,,
2022,abraham lucas,OT,Washington St.,6-6,315.0,4.92,27.0,24.0,107.0,7.25,4.4,True,3.0,72.0,abraham lucas,2021.0,0.0,0.0,0.0,2.0,0.0,0.0,3.0,,,,,,,,,,,,,,,,,,,,,,,,,,,,,,,,,,,,,,,,,,,,,,,
2022,chase lucas,CB,Arizona St.,5-11,180.0,4.48,39.0,,128.0,,,True,7.0,237.0,chase lucas,2021.0,6.0,0.0,0.0,30.0,0.0,1.0,34.0,,,,,,,,,,,,,,,,,,,,,,,,,,,,,,,,,,,,,,,,,,,,,,,
2022,jesse luketa,LB,Penn St.,6-3,253.0,4.89,37.5,,114.0,,,True,7.0,256.0,jesse luketa,2021.0,0.0,5.0,0.5,34.0,1.0,8.5,61.0,,,,16.0,1.0,1.0,16.0,,,,,,,,,,,,,,,,,,,,,,,,,,,,,,,,,,,,,,,,
2022,boye mafe,EDGE,Minnesota,6-4,261.0,4.53,38.0,,125.0,,,True,2.0,40.0,boye mafe,2021.0,0.0,3.0,7.0,26.0,0.0,10.0,34.0,,,,,,,,,,,,,,,,,,,,,,,,,,,,,,,,,,,,,,,,,,,,,,,
2022,deangelo malone,EDGE,Western Kentucky,6-3,243.0,,,23.0,,,,True,3.0,82.0,deangelo malone,2021.0,4.0,7.0,9.0,44.0,0.0,17.5,94.0,,,,,,,,,,,,,,,,,,,,,,,,,,,,,,,,,,,,,,,,,,,,,,,
2022,damarri mathis,CB,Pittsburgh,5-11,196.0,4.39,,,,,,True,4.0,115.0,damarri mathis,2021.0,5.0,0.0,0.0,32.0,1.0,0.0,43.0,,,,25.0,2.0,1.0,50.0,,,,,,,,,,,,,,,,,,,,,,,,,,,,,,,,,,,,,,,,
2022,phidarian mathis,DT,Alabama,6-4,310.0,,23.5,,109.0,,4.91,True,2.0,47.0,phidarian mathis,2021.0,2.0,6.0,9.0,20.0,0.0,11.5,53.0,0.0,0.0,2.0,,,,,,,,,,,,,,,,,,,,,,,,,,,,,,,,,,,,,,,,,,,,
2022,cade mays,OG,Tennessee,6-5,311.0,5.24,26.0,,102.0,7.57,4.71,True,6.0,199.0,cade mays,2021.0,0.0,0.0,0.0,1.0,0.0,0.0,1.0,,,,,,,,,,,,,,,,,,,,,,,,,,,,,,,,,,,,,,,,,,,,,,,
2022,trey mcbride,TE,Colorado St.,6-4,246.0,,33.0,18.0,117.0,,,True,2.0,55.0,trey mcbride,2021.0,,,,,,,,1.0,1.0,0.0,,,,,,,,,,,,,,,,,,,,,,,,,,,,,,,,,,,50.0,90.0,1.0,1121.0,12.5,1.0,69.0,1.0,69.0,69.0
2022,marquan mccall,DT,Kentucky,6-3,342.0,,,,,,,False,,,marquan mccall,2021.0,0.0,2.0,0.0,4.0,0.0,3.5,9.0,,,,,,,,,,,,,,,,,,,,,,,,,,,,,,,,,,,,,,,,,,,,,,,
2022,zakoby mcclain,LB,Auburn,5-11,228.0,4.69,33.0,,117.0,,,False,,,zakoby mcclain,2021.0,6.0,2.0,2.0,55.0,0.0,8.0,95.0,,,,,,,,,,,,,,,,,,,,,,,,,,,,,,,,,,,,,,,,,,,,,,,
2022,zyon mccollum,CB,Sam Houston St.,6-2,199.0,4.33,39.5,,132.0,6.48,3.94,True,5.0,157.0,zyon mccollum,2019.0,2.0,0.0,0.0,6.0,0.0,0.0,6.0,,,,,,,,,,,,,,,,,,,,,,,,,,,,,,,,,,,,,,,,,,,,,,,
2022,sincere mccormick,RB,Texas-San Antonio,5-9,205.0,4.6,33.5,,116.0,,,False,,,sincere mccormick,2021.0,0.0,0.0,0.0,1.0,0.0,0.0,1.0,,,,,,,,,,,,,,,,,,,,,,,,,,,,,,,,,,,,,,21.0,22.0,0.0,184.0,8.4,298.0,81.0,15.0,1479.0,5.0
2022,roger mccreary,CB,Auburn,5-11,190.0,4.5,,,,,,True,2.0,35.0,roger mccreary,2021.0,14.0,0.0,1.0,41.0,1.0,2.0,49.0,0.0,0.0,1.0,17.5,2.0,1.0,35.0,,,,,,,,,,,,,,,,,,,,,,,,,,,,,,,,,,,,,,,,
2022,trent mcduffie,CB,Washington,5-11,193.0,4.44,,,,,,True,1.0,21.0,trent mcduffie,2021.0,6.0,0.0,1.0,25.0,0.0,4.0,35.0,1.0,0.0,0.0,,,,,,,,,,,,,,,,,,,,,,,,3.0,9.0,6.0,0.0,18.0,,,,,,,,,,,,,,,,
2022,micah mcfadden,LB,Indiana,6-1,240.0,,,21.0,,,,True,5.0,146.0,micah mcfadden,2021.0,3.0,5.0,6.5,49.0,0.0,15.5,77.0,0.0,0.0,1.0,,,,,,,,,,,,,,,,,,,,,,,,,,,,,,,,,,,,,,,,,,,,
2022,marcus mckethan,OG,North Carolina,6-7,340.0,5.31,27.5,27.0,110.0,7.81,4.99,True,5.0,173.0,marcus mckethan,,,,,,,,,,,,,,,,,,,,,,,,,,,,,,,,,,,,,,,,,,,,,,,,,,,,,,,
2022,bo melton,WR,Rutgers,5-11,189.0,4.34,38.0,,121.0,6.98,,True,7.0,229.0,bo melton,2021.0,,,,,,,,1.0,0.0,0.0,,,,,23.2,53.0,5.0,0.0,116.0,,,,,,,,,,,,,,,7.6,13.0,5.0,0.0,38.0,,,,,,,57.0,55.0,3.0,618.0,11.2,9.0,13.0,0.0,51.0,5.7
2022,john metchie,WR,Alabama,5-11,187.0,,,,,,,True,2.0,44.0,john metchie,2021.0,,,,,,,,1.0,0.0,0.0,,,,,13.0,13.0,1.0,0.0,13.0,,,,,,,,,,,,,,,,,,,,,,,,,,46.0,96.0,8.0,1142.0,11.9,1.0,8.0,0.0,8.0,8.0
2022,james mitchell,TE,Virginia Tech,6-4,249.0,,,,,,,True,5.0,177.0,james mitchell,2022.0,0.0,1.0,0.5,6.0,0.0,2.5,17.0,,,,,,,,,,,,,,,,,,,,,,,,,,,,,,,,,,,,,,,,,,,,,,,
2022,max mitchell,OT,Louisiana,6-6,307.0,5.32,25.0,,106.0,8.09,4.65,True,4.0,111.0,max mitchell,,,,,,,,,,,,,,,,,,,,,,,,,,,,,,,,,,,,,,,,,,,,,,,,,,,,,,,
2022,smoke monday,S,Auburn,6-2,207.0,4.52,,,124.0,7.0,,False,,,smoke monday,2021.0,5.0,2.0,2.0,44.0,1.0,9.0,63.0,,,,36.0,1.0,1.0,36.0,,,,,,,,,,,,,,,,,,,,,,,,,,,,,,,,,,,,,,,,
2022,jeremiah moon,LB,Florida,6-5,249.0,4.76,40.5,,133.0,7.09,4.55,False,,,jeremiah moon,2021.0,1.0,6.0,2.0,20.0,0.0,3.5,49.0,,,,,,,,,,,,,,,,,,,,,,,,,,,,,,,,,,,,,,,,,,,,,,,
2022,skyy moore,WR,Western Michigan,5-10,195.0,4.41,34.5,,125.0,7.13,4.32,True,2.0,54.0,skyy moore,2021.0,0.0,0.0,0.0,1.0,0.0,0.0,1.0,,,,,,,,4.0,9.0,2.0,0.0,8.0,,,,,,,,,,,,,,,,,,,,,,,,,,74.0,95.0,10.0,1292.0,13.6,1.0,10.0,0.0,10.0,10.0
2022,chad muma,LB,Wyoming,6-3,239.0,4.63,40.0,27.0,129.0,7.06,4.28,True,3.0,70.0,chad muma,2021.0,1.0,2.0,1.5,85.0,2.0,8.0,142.0,0.0,0.0,1.0,22.7,3.0,2.0,68.0,,,,,,,,,,,,,,,,,,,,,,,,,,,,,,,,,,,,,,,,
2022,thayer munford,OT,Ohio St.,6-6,328.0,5.39,22.0,,104.0,,,True,7.0,238.0,thayer munford,2020.0,,,,,,,,0.0,0.0,1.0,,,,,,,,,,,,,,,,,,,,,,,,,,,,,,,,,,,,,,,,,,,,
2022,jalen nailor,WR,Michigan St.,5-11,186.0,4.5,38.0,,128.0,7.03,4.28,True,6.0,191.0,jalen nailor,2021.0,0.0,0.0,0.0,4.0,0.0,0.0,4.0,,,,,,,,13.5,20.0,6.0,0.0,81.0,,,,,,,,,,,,,,,,,,,,,,,,,,65.0,37.0,6.0,695.0,18.8,1.0,0.0,0.0,,
2022,evan neal,OT,Alabama,6-8,337.0,,,,,,,True,1.0,7.0,evan neal,,,,,,,,,,,,,,,,,,,,,,,,,,,,,,,,,,,,,,,,,,,,,,,,,,,,,,,
2022,leon o'neal,S,Texas A&M,6-1,204.0,,35.0,15.0,125.0,6.89,,False,,,leon oneal,2021.0,5.0,1.0,1.0,38.0,1.0,3.0,58.0,0.0,0.0,1.0,42.5,2.0,1.0,85.0,,,,,,,,,,,,,,,,,,,,,,,,,,,,,,,,,,,,,,,,
2022,otito ogbonnia,DT,UCLA,6-4,324.0,,,29.0,,,,True,5.0,160.0,otito ogbonnia,2021.0,2.0,2.0,2.0,15.0,0.0,5.0,27.0,0.0,0.0,1.0,,,,,,,,,,,,,,,,,,,,,,,,,,,,,,,,,,,,,,,,,,,,
2022,david ojabo,EDGE,Michigan,6-4,250.0,4.55,35.0,,122.0,,4.45,True,2.0,45.0,david ojabo,2021.0,3.0,7.0,11.0,24.0,0.0,12.0,35.0,0.0,0.0,1.0,,,,,,,,,,,,,,,,,,,,,,,,,,,,,,,,,,,,,,,,,,,,
2022,chigoziem okonkwo,TE,Maryland,6-3,238.0,4.52,35.5,,,,,True,4.0,143.0,chigoziem okonkwo,2021.0,0.0,0.0,0.0,0.0,0.0,0.0,1.0,,,,,,,,,,,,,,,,,,,,,,,,,,,,,,,,,,,,,,32.0,52.0,5.0,447.0,8.6,,,,,
2022,chris olave,WR,Ohio St.,6-0,187.0,4.39,32.0,,124.0,,,True,1.0,11.0,chris olave,2021.0,0.0,0.0,0.0,1.0,0.0,0.0,4.0,,,,,,,,,,,,,,,,,,,,,,,,,,,4.0,4.0,1.0,0.0,4.0,,,,,,,61.0,65.0,13.0,936.0,14.4,,,,,
2022,esezi otomewo,DE,Minnesota,6-5,282.0,,,,,,,True,5.0,165.0,esezi otomewo,2021.0,0.0,4.0,3.0,24.0,0.0,4.5,30.0,,,,,,,,,,,,,,,,,,,,,,,,,,,,,,,,,,,,,,,,,,,,,,,
2022,cade otton,TE,Washington,6-5,247.0,,,,,,,True,4.0,106.0,cade otton,2021.0,0.0,0.0,0.0,3.0,0.0,0.0,3.0,1.0,0.0,0.0,,,,,,,,,,,,,,,,,,,,,,,,,,,,,,,,,,,25.0,28.0,1.0,250.0,8.9,,,,,
2022,isiah pacheco,RB,Rutgers,5-10,216.0,4.37,33.0,,118.0,,,True,7.0,251.0,isiah pacheco,,,,,,,,,,,,,,,,,,,,,,,,,,,,,,,,,,,,,,,,,,,,,,,,,,,,,,,
2022,dylan parham,OG,Memphis,6-3,311.0,4.93,26.5,,108.0,7.78,4.7,True,3.0,90.0,dylan parham,2021.0,,,,,,,,,,,,,,,,,,,,,,,,,,,,,,,,,,,,,,,,,,,,,7.0,5.0,2.0,22.0,4.4,,,,,
2022,joshua paschal,DE,Kentucky,6-3,268.0,4.77,37.5,,123.0,,,True,2.0,46.0,joshua paschal,2021.0,0.0,8.0,5.0,24.0,0.0,15.0,52.0,,,,,,,,,,,,,,,,,,,,,,,,,,,,,,,,,,,,,,,,,,,,,,,
2022,chris paul,OG,Tulsa,6-4,323.0,4.89,27.0,,109.0,7.74,4.83,True,7.0,230.0,chris paul,2022.0,0.0,2.0,3.5,30.0,0.0,7.5,50.0,0.0,0.0,1.0,,,,,,,,,,,,,,,,,,,,,,,,,,,,,,,,,,,,,,,,,,,,
2022,jayden peevy,DT,Texas A&M,6-5,308.0,5.3,27.0,,100.0,,,False,,,jayden peevy,2021.0,3.0,1.0,2.0,17.0,0.0,7.0,43.0,,,,0.0,1.0,0.0,0.0,,,,,,,,,,,,,,,,,,,,,,,,,,,,,,,,,,,,,,,,
2022,trevor penning,OT,Northern Iowa,6-7,325.0,4.89,28.0,,111.0,7.25,4.62,True,1.0,19.0,trevor penning,,,,,,,,,,,,,,,,,,,,,,,,,,,,,,,,,,,,,,,,,,,,,,,,,,,,,,,
2022,ej perry,QB,Brown,6-2,211.0,4.65,34.5,,123.0,6.85,4.18,False,,,ej perry,2021.0,,,,,,,,12.0,5.0,0.0,,,,,,,,,,,,,,,,,,,,,,,,,,,,,,,,,,,,,,,,,,,,
2022,nicholas petit-frere,OT,Ohio St.,6-5,316.0,5.14,24.5,,103.0,,,True,3.0,69.0,nicholas petitfrere,,,,,,,,,,,,,,,,,,,,,,,,,,,,,,,,,,,,,,,,,,,,,,,,,,,,,,,
2022,kyle philips,WR,UCLA,5-11,189.0,4.58,33.5,,124.0,,,True,5.0,163.0,kyle philips,2021.0,0.0,0.0,0.0,0.0,1.0,0.0,0.0,1.0,0.0,0.0,,,,,,,,,,,,,,,,,,,,,,,,22.6,82.0,9.0,1.0,203.0,,,,,,,75.0,59.0,10.0,739.0,12.5,,,,,
2022,george pickens,WR,Georgia,6-3,195.0,4.47,33.0,,125.0,,,True,2.0,52.0,george pickens,2021.0,,,,,,,,,,,,,,,,,,,,,,,,,,,,,,,,,,,,,,,,,,,,,52.0,5.0,0.0,107.0,21.4,,,,,
2022,kenny pickett,QB,Pittsburgh,6-3,217.0,4.73,33.5,,121.0,,4.29,True,1.0,20.0,kenny pickett,2021.0,0.0,0.0,0.0,1.0,0.0,0.0,1.0,4.0,3.0,0.0,,,,,,,,,,,,,,,,,497.0,334.0,7.0,0.672,42.0,4319.0,8.7,,,,,,,,,,,,,,,,,97.0,58.0,5.0,241.0,2.5
2022,alec pierce,WR,Cincinnati,6-3,211.0,4.41,40.5,,129.0,7.13,4.28,True,2.0,53.0,alec pierce,2021.0,,,,,,,,,,,,,,,,,,,,,,,,,,,,,,,,,,,,,,,,,,,,,53.0,52.0,8.0,884.0,17.0,,,,,
2022,dameon pierce,RB,Florida,5-10,218.0,4.59,34.5,21.0,119.0,,,True,4.0,107.0,dameon pierce,2021.0,0.0,0.0,0.0,1.0,0.0,0.0,1.0,,,,,,,,,,,,,,,,,,,,,,,,,,,,,,,,,,,,,,61.0,19.0,3.0,216.0,11.4,100.0,27.0,13.0,574.0,5.7
2022,jalen pitre,S,Baylor,5-11,198.0,,35.0,16.0,,6.74,4.18,True,2.0,37.0,jalen pitre,2021.0,7.0,3.0,3.5,56.0,0.0,18.5,75.0,0.0,0.0,2.0,10.0,2.0,0.0,20.0,,,,,,,,,,,,,,,,,,,,,,,,,,,,,,,,,,,,,,,,
2022,makai polk,WR,Mississippi St.,6-3,195.0,4.59,31.0,,119.0,,4.36,False,,,makai polk,2021.0,0.0,0.0,0.0,2.0,0.0,0.0,2.0,1.0,1.0,0.0,,,,,,,,,,,,,,,,,,,,,,,,,,,,,,,,,,,50.0,105.0,9.0,1046.0,10.0,,,,,
2022,d'vonte price,RB,Florida International,6-1,210.0,4.38,34.0,,119.0,,,False,,,dvonte price,2021.0,0.0,0.0,0.0,1.0,0.0,0.0,1.0,2.0,2.0,0.0,,,,,,,,,,,,,,,,,,,,,,,,,,,,,,,,,,,20.0,10.0,0.0,83.0,8.3,129.0,68.0,6.0,682.0,5.3
2022,brock purdy,QB,Iowa St.,6-1,212.0,4.84,27.0,,,7.21,4.45,True,7.0,262.0,brock purdy,2021.0,0.0,0.0,0.0,0.0,0.0,0.0,1.0,6.0,2.0,0.0,,,,,,,,,,,,,,,,,407.0,292.0,8.0,0.717,19.0,3188.0,7.8,,,,,,,,,,,,,,,,,85.0,23.0,1.0,238.0,2.8
2022,teagan quitoriano,TE,Oregon St.,6-6,258.0,,,22.0,,,,True,5.0,170.0,teagan quitoriano,2021.0,0.0,0.0,0.0,1.0,0.0,0.0,1.0,1.0,0.0,0.0,,,,,,,,,,,,,,,,,,,,,,,,,,,,,,,,,,,34.0,19.0,3.0,214.0,11.3,,,,,
2022,bernhard raimann,OT,Central Michigan,6-6,303.0,5.05,30.5,30.0,117.0,7.46,4.49,True,3.0,77.0,bernhard raimann,2020.0,0.0,0.0,0.0,0.0,0.0,0.0,1.0,,,,,,,,,,,,,,,,,,,,,,,,,,,,,,,,,,,,,,,,,,,,,,,
2022,charleston rambo,WR,Miami,6-1,177.0,4.57,33.5,,118.0,,,False,,,charleston rambo,2021.0,,,,,,,,1.0,1.0,0.0,,,,,,,,,,,,,,,,,,,,,,,,,,,,,,,,,,,60.0,79.0,7.0,1172.0,14.8,,,,,
2022,labryan ray,DT,Alabama,6-4,283.0,,,,,,,False,,,labryan ray,2021.0,0.0,4.0,1.0,5.0,0.0,3.0,11.0,,,,,,,,,,,,,,,,,,,,,,,,,,,,,,,,,,,,,,,,,,,,,,,
2022,sean rhyan,OG,UCLA,6-5,321.0,5.25,33.5,,110.0,7.55,4.81,True,3.0,92.0,sean rhyan,,,,,,,,,,,,,,,,,,,,,,,,,,,,,,,,,,,,,,,,,,,,,,,,,,,,,,,
2022,desmond ridder,QB,Cincinnati,6-3,211.0,4.52,36.0,,127.0,7.15,4.29,True,3.0,74.0,desmond ridder,2021.0,0.0,0.0,0.0,3.0,0.0,0.0,3.0,3.0,2.0,0.0,,,,,,,,,,,,,,,,,387.0,251.0,8.0,0.649,30.0,3334.0,8.6,,,,,,,,,,,,5.0,2.0,1.0,8.0,4.0,110.0,40.0,6.0,355.0,3.2
2022,john ridgeway,DT,Arkansas,6-5,321.0,5.3,,,101.0,,4.73,True,5.0,178.0,john ridgeway,2021.0,0.0,1.0,2.0,11.0,0.0,4.0,39.0,,,,,,,,,,,,,,,,,,,,,,,,,,,,,,,,,,,,,,,,,,,,,,,
2022,ronnie rivers,RB,Fresno St.,5-8,195.0,4.6,36.5,,119.0,,,False,,,ronnie rivers,2021.0,0.0,0.0,0.0,1.0,0.0,0.0,1.0,4.0,3.0,0.0,,,,,13.0,13.0,1.0,0.0,13.0,,,,,,,,,,,,,,,2.4,17.0,9.0,0.0,22.0,,,,,,,61.0,34.0,2.0,364.0,10.7,161.0,64.0,5.0,788.0,4.9
2022,brian robinson,RB,Alabama,6-2,225.0,4.53,30.0,,119.0,,,True,3.0,98.0,brian robinson,2021.0,,,,,,,,1.0,1.0,0.0,,,,,,,,,,,,,,,,,,,,,,,,,,,,,,,,,,,51.0,35.0,2.0,296.0,8.5,271.0,63.0,14.0,1343.0,5.0
2022,dominique robinson,EDGE,Miami (Ohio),6-5,253.0,4.72,41.0,25.0,121.0,,,True,5.0,174.0,dominique robinson,2021.0,0.0,4.0,4.5,13.0,0.0,8.5,28.0,,,,,,,,,,,,,,,,,,,,,,,,,,,,,,,,,,,,,,,,,,,,,,,
2022,tyrese robinson,OG,Oklahoma,6-3,317.0,5.25,22.5,,100.0,8.35,4.94,False,,,tyrese robinson,,,,,,,,,,,,,,,,,,,,,,,,,,,,,,,,,,,,,,,,,,,,,,,,,,,,,,,
2022,wan'dale robinson,WR,Kentucky,5-8,178.0,4.44,34.5,,118.0,,,True,2.0,43.0,wandale robinson,2021.0,0.0,0.0,0.0,1.0,0.0,0.0,1.0,1.0,0.0,0.0,,,,,,,,,,,,,,,,,,,,,,,,3.3,5.0,6.0,0.0,20.0,,,,,,,79.0,104.0,7.0,1334.0,12.8,7.0,64.0,0.0,111.0,15.9
2022,malcolm rodriguez,LB,Oklahoma St.,5-11,232.0,4.52,39.5,,120.0,,,True,6.0,188.0,malcolm rodriguez,2021.0,4.0,10.0,3.0,76.0,0.0,16.0,129.0,0.0,0.0,3.0,11.0,1.0,0.0,11.0,,,,,,,,,,,,,,,,,,,,,,,,,,,,,,,,,,,,,,,,
2022,mike rose,LB,Iowa St.,6-4,245.0,,34.0,,121.0,,,False,,,mike rose,2021.0,1.0,4.0,3.0,36.0,0.0,12.0,73.0,,,,,,,,,,,,,,,,,,,,,,,,,,,,,,,,,,,,,,,,,,,,,,,
2022,dare rosenthal,OT,Kentucky,6-7,290.0,4.88,,,,,,False,,,dare rosenthal,,,,,,,,,,,,,,,,,,,,,,,,,,,,,,,,,,,,,,,,,,,,,,,,,,,,,,,
2022,josh ross,LB,Michigan,6-0,227.0,4.79,31.0,,109.0,,,False,,,josh ross,2021.0,2.0,8.0,0.5,54.0,0.0,9.0,106.0,,,,,,,,,,,,,,,,,,,,,,,,,,,,,,,,,,,,,,,,,,,,,,,
2022,justyn ross,WR,Clemson,6-4,205.0,,,11.0,,,,False,,,justyn ross,2021.0,,,,,,,,,,,,,,,,,,,,,,,,,,,,,,,,,,,,,,,,,,,,,36.0,46.0,3.0,514.0,11.2,,,,,
2022,jeremy ruckert,TE,Ohio St.,6-5,250.0,,,19.0,,,,True,3.0,101.0,jeremy ruckert,2021.0,,,,,,,,1.0,1.0,0.0,,,,,,,,,,,,,,,,,,,,,,,,,,,,,,,,,,,30.0,26.0,3.0,309.0,11.9,,,,,
2022,andrew rupcich,OT,Culver-Stockton College,6-6,318.0,5.31,27.5,,108.0,,,False,,,andrew rupcich,,,,,,,,,,,,,,,,,,,,,,,,,,,,,,,,,,,,,,,,,,,,,,,,,,,,,,,
2022,jamaree salyer,OG,Georgia,6-3,321.0,,,31.0,,,,True,6.0,195.0,jamaree salyer,,,,,,,,,,,,,,,,,,,,,,,,,,,,,,,,,,,,,,,,,,,,,,,,,,,,,,,
2022,jack sanborn,LB,Wisconsin,6-2,234.0,4.73,34.5,20.0,114.0,,,False,,,jack sanborn,2021.0,0.0,4.0,5.0,40.0,0.0,16.0,77.0,0.0,0.0,1.0,,,,,,,,,,,,,,,,,,,,,,,,,,,,,,,,,,,,,,,,1.0,8.0,0.0,8.0,8.0
2022,braylon sanders,WR,Mississippi,6-0,194.0,4.48,34.5,,121.0,,,False,,,braylon sanders,2021.0,,,,,,,,,,,,,,,,,,,,,,,,,,,,,,,,,,15.5,30.0,2.0,0.0,31.0,,,,,,,68.0,24.0,4.0,549.0,22.9,1.0,6.0,0.0,6.0,6.0
2022,myjai sanders,EDGE,Cincinnati,6-5,228.0,4.67,33.0,,120.0,,4.37,True,3.0,100.0,myjai sanders,2021.0,6.0,11.0,2.5,17.0,0.0,7.5,41.0,0.0,0.0,1.0,,,,,,,,,,,,,,,,,,,,,,,,,,,,,,,,,,,,,,,,,,,,
2022,nephi sewell,LB,Utah,6-0,226.0,4.67,32.0,,120.0,7.01,4.33,False,,,nephi sewell,2021.0,0.0,0.0,0.0,54.0,0.0,7.5,89.0,,,,13.0,1.0,0.0,13.0,14.0,14.0,1.0,0.0,14.0,,,,,,,,,,,,,,,,,,,,,,,,,,,,,,,,,,,
2022,justin shaffer,OG,Georgia,6-4,314.0,5.14,25.5,,107.0,,,True,6.0,190.0,justin shaffer,2021.0,0.0,0.0,0.0,1.0,0.0,0.0,1.0,,,,,,,,,,,,,,,,,,,,,,,,,,,,,,,,,,,,,,,,,,,,,,,
2022,khalil shakir,WR,Boise St.,6-0,196.0,4.43,34.5,,124.0,7.28,4.21,True,5.0,148.0,khalil shakir,2021.0,,,,,,,,,,,,,,,26.7,35.0,3.0,0.0,80.0,,,,,,,,1.0,0.0,1.0,0.0,0.0,0.0,0.0,12.8,40.0,9.0,0.0,115.0,,,,,,,69.0,77.0,7.0,1117.0,14.5,21.0,33.0,0.0,130.0,6.2
2022,abram smith,RB,Baylor,6-0,213.0,,,,,,,False,,,abram smith,2021.0,,,,,,,,2.0,1.0,0.0,,,,,13.0,13.0,1.0,0.0,13.0,,,,,,,,,,,,,,,,,,,,,,,,,,14.0,13.0,0.0,75.0,5.8,257.0,75.0,12.0,1601.0,6.2
2022,brandon smith,LB,Penn St.,6-4,250.0,4.52,37.5,,128.0,,,True,4.0,120.0,brandon smith,2021.0,10.0,6.0,4.0,90.0,0.0,18.0,162.0,,,,,,,,,,,,,,,,,,,,,,,,,,,,,,,,,,,,,,,,,,,,,,,
2022,lecitus smith,OG,Virginia Tech,6-3,314.0,5.18,,23.0,99.0,7.88,4.78,True,6.0,215.0,lecitus smith,,,,,,,,,,,,,,,,,,,,,,,,,,,,,,,,,,,,,,,,,,,,,,,,,,,,,,,
2022,tyler smith,OT,Tulsa,6-5,324.0,5.02,27.5,,105.0,7.78,4.65,True,1.0,24.0,tyler smith,2022.0,0.0,0.0,0.0,1.0,0.0,0.0,2.0,0.0,0.0,3.0,,,,,,,,,,0.0,0.0,0.0,0.0,0.0,1.0,0.0,,,,,,,,,,,,,,,,,,,53.0,12.0,0.0,199.0,25.5,8.0,15.0,1.0,54.0,2.4
2022,tyreke smith,EDGE,Ohio St.,6-3,254.0,4.86,34.0,,117.0,,,True,5.0,158.0,tyreke smith,2021.0,2.0,5.0,3.0,12.0,0.0,5.0,26.0,,,,,,,,,,,,,,,,,,,,,,,,,,,,,1.0,0.0,,,,,,,,,,,,,,,,,
2022,baylon spector,LB,Clemson,6-0,233.0,4.6,36.0,,122.0,,,True,7.0,231.0,baylon spector,2021.0,1.0,3.0,2.5,36.0,0.0,4.5,74.0,0.0,0.0,1.0,3.0,1.0,0.0,3.0,,,,,,,,,,,,,,,,,,,,,,,,,,,,,,,,,,,,,,,,
2022,isaiah spiller,RB,Texas A&M,6-0,217.0,,30.0,,114.0,,,True,4.0,123.0,isaiah spiller,2021.0,,,,,,,,2.0,0.0,0.0,,,,,,,,,,,,,,,,,,,,,,,,,,,,,,,,,,,19.0,25.0,1.0,189.0,7.6,179.0,67.0,6.0,1011.0,5.6
2022,chris steele,CB,USC,6-0,187.0,4.48,37.5,,126.0,,,False,,,chris steele,2021.0,3.0,0.0,1.0,19.0,0.0,2.0,33.0,,,,0.0,2.0,0.0,0.0,,,,,,,,,,,,,,,,,,,,,,,,,,,,,,,,,,,,,,,,
2022,derek stingley,CB,LSU,6-0,190.0,,,,,,,True,1.0,3.0,derek stingley,2021.0,0.0,0.0,0.0,6.0,0.0,3.5,8.0,,,,,,,,,,,,,,,,,,,,,,,,,,,,,,,,,,,,,,,,,,,,,,,
2022,jordan stout,P,Penn St.,6-3,209.0,4.65,,,,,,True,4.0,130.0,jordan stout,2021.0,,,,,,,,1.0,1.0,0.0,,,,,,,,,,23.0,16.0,52.0,0.696,82.0,36.0,34.0,2.0,1.0,0.0,0.5,0.0,18.0,9.0,,,,,,35.0,76.0,67.0,3.0,3083.0,46.0,,,,,,1.0,0.0,0.0,,
2022,cole strange,OG,Tennessee-Chattanooga,6-5,307.0,5.03,28.0,31.0,120.0,7.44,4.5,True,1.0,29.0,cole strange,,,,,,,,,,,,,,,,,,,,,,,,,,,,,,,,,,,,,,,,,,,,,,,,,,,,,,,
2022,carson strong,QB,Nevada,6-3,226.0,,,,,,,False,,,carson strong,2021.0,0.0,0.0,0.0,0.0,0.0,0.0,1.0,3.0,1.0,0.0,,,,,,,,,,,,,,,,,524.0,367.0,8.0,0.7,36.0,4186.0,8.0,,,,,,1.0,38.0,3.0,1.0,104.0,34.7,,,,,,51.0,13.0,0.0,,
2022,pierre strong,RB,South Dakota St.,5-11,207.0,4.37,36.0,,124.0,,,True,4.0,127.0,pierre strong,2021.0,,,,,,,,5.0,0.0,0.0,,,,,,,,,,,,,,,,,,,,,,,,,,,,,,,,,,,4.0,3.0,0.0,8.0,2.7,13.0,48.0,2.0,138.0,10.6
2022,andrew stueber,OT,Michigan,6-7,325.0,,24.5,,101.0,7.94,4.9,True,7.0,245.0,andrew stueber,,,,,,,,,,,,,,,,,,,,,,,,,,,,,,,,,,,,,,,,,,,,,,,,,,,,,,,
2022,myron tagovailoa-amosa,DE,Notre Dame,6-2,270.0,4.81,29.0,,115.0,,,False,,,myron tagovailoaamosa,2021.0,1.0,11.0,2.0,18.0,0.0,6.0,25.0,0.0,0.0,2.0,,,,,,,,,,,,,,,,,,,,,,,,,,,,,,,,,,,,,,,,,,,,
2022,alontae taylor,CB,Tennessee,6-0,199.0,4.36,34.5,,128.0,,,True,2.0,49.0,alontae taylor,2021.0,6.0,0.0,0.0,41.0,1.0,1.0,60.0,,,,42.5,2.0,1.0,85.0,,,,,,,,,,,,,,,,,,,,,,,,,,,,,,,,,,,,,,,,
2022,cam taylor-britt,CB,Nebraska,5-11,196.0,4.38,,,,,,True,2.0,60.0,cam taylorbritt,,,,,,,,,,,,,,,,,,,,,,,,,,,,,,,,,,,,,,,,,,,,,,,,,,,,,,,
2022,isaac taylor-stuart,CB,USC,6-2,201.0,4.42,,,123.0,,,False,,,isaac taylorstuart,2021.0,3.0,0.0,0.0,25.0,0.0,0.0,39.0,,,,0.0,1.0,0.0,0.0,,,,,,,,,,,,,,,,,,,,,,,,,,,,,,,,,,,,,,,,
2022,luke tenuta,OT,Virginia Tech,6-8,319.0,5.41,26.0,,104.0,,4.77,True,6.0,209.0,luke tenuta,2021.0,0.0,0.0,0.0,2.0,0.0,0.0,2.0,,,,,,,,,,,,,,,,,,,,,,,,,,,,,,,,,,,,,,,,,,,,,,,
2022,kayvon thibodeaux,EDGE,Oregon,6-4,254.0,4.58,,27.0,,,,True,1.0,5.0,kayvon thibodeaux,2021.0,1.0,8.0,7.0,35.0,0.0,12.0,49.0,,,,,,,,,,,,,,,,,,,,,,,,,,,,,,,,,,,,,,,,,,,,,,,
2022,zach thomas,OG,San Diego St.,6-5,308.0,4.96,22.5,21.0,107.0,7.4,4.65,False,,,zach thomas,,,,,,,,,,,,,,,,,,,,,,,,,,,,,,,,,,,,,,,,,,,,,,,,,,,,,,,
2022,cameron thomas,DE,San Diego St.,6-4,267.0,,,24.0,,,,True,3.0,87.0,cameron thomas,2021.0,0.0,9.0,11.5,30.0,0.0,20.5,71.0,,,,,,,,,,,,,,,,,,,,,,,,,,,,,,,,,,,,,,,,,,,,,,,
2022,isaiah thomas,EDGE,Oklahoma,6-5,266.0,4.7,31.5,,117.0,,,True,7.0,223.0,isaiah thomas,2021.0,5.0,3.0,8.0,20.0,0.0,11.5,41.0,1.0,1.0,1.0,,,,,,,,,,,,,,,,,,,,,,,,1.3,3.0,3.0,0.0,4.0,,,,,,,,,,,,,,,,
2022,juanyeh thomas,S,Georgia Tech,6-1,212.0,4.55,34.0,17.0,122.0,,,False,,,juanyeh thomas,2021.0,5.0,0.0,1.0,38.0,0.0,5.0,81.0,,,,6.0,1.0,0.0,6.0,,,,,,,,,,,,,,,,,,,,,,,,,,,,,,,,,,,,,,,,
2022,josh thompson,CB,Texas,6-0,194.0,4.4,,,,,,False,,,josh thompson,2022.0,,,,,,,,,,,,,,,,,,,,,,,,,,,,,,,,,,,,,,,,,,,,,7.0,4.0,1.0,19.0,4.8,,,,,
2022,skylar thompson,QB,Kansas St.,6-2,217.0,4.91,31.0,,112.0,7.0,4.28,True,7.0,247.0,skylar thompson,,,,,,,,,,,,,,,,,,,,,,,,,,,,,,,,,,,,,,,,,,,,,,,,,,,,,,,
2022,tyquan thornton,WR,Baylor,6-2,181.0,4.28,36.5,,130.0,,,True,2.0,50.0,tyquan thornton,2021.0,0.0,0.0,0.0,2.0,0.0,0.0,2.0,,,,,,,,22.5,27.0,2.0,0.0,45.0,,,,,,,,1.0,1.0,0.0,1.0,1.0,6.0,6.0,,,,,,,,,,,,75.0,62.0,10.0,948.0,15.3,1.0,0.0,0.0,,
2022,channing tindall,LB,Georgia,6-2,230.0,4.47,42.0,,129.0,,,True,3.0,102.0,channing tindall,2021.0,0.0,2.0,5.5,35.0,0.0,7.5,67.0,,,,,,,,,,,,,,,,,,,,,,,,,,,,,,,,,,,,,,,,,,,,,,,
2022,jalen tolbert,WR,South Alabama,6-1,194.0,4.49,36.0,,123.0,7.08,,True,3.0,88.0,jalen tolbert,2021.0,,,,,,,,1.0,1.0,0.0,,,,,,,,,,,,,,,,,,,,,,,,,,,,,,,,,,,68.0,82.0,8.0,1474.0,18.0,,,,,
2022,zach tom,C,Wake Forest,6-4,304.0,4.94,33.0,,118.0,7.32,4.47,True,4.0,140.0,zach tom,2021.0,0.0,0.0,0.0,1.0,0.0,1.0,1.0,,,,,,,,,,,,,,,,,,,,,,,,,,,,,,,,,,,,,,,,,,,,,,,
2022,cole turner,TE,Nevada,6-6,246.0,4.76,27.0,17.0,120.0,7.06,4.41,True,5.0,149.0,cole turner,2022.0,,,,,,,,,,,,,,,,,,,,,,,,,,,,,,,,,,,,,,,,,,,,,68.0,8.0,0.0,161.0,20.1,,,,,
2022,tré turner,WR,Virginia Tech,6-1,184.0,4.51,27.0,,113.0,7.45,4.53,False,,,tré turner,,,,,,,,,,,,,,,,,,,,,,,,,,,,,,,,,,,,,,,,,,,,,,,,,,,,,,,
2022,delarrin turner-yell,S,Oklahoma,5-10,197.0,4.47,,,122.0,,,True,5.0,152.0,delarrin turneryell,2021.0,1.0,0.0,0.0,36.0,0.0,2.5,53.0,,,,0.0,3.0,0.0,0.0,,,,,,,,,,,,,,,,,,,,,,,,,,,,,,,,,,,,,,,,
2022,eyioma uwazurike,DT,Iowa St.,6-6,316.0,,33.0,,107.0,,,True,4.0,116.0,eyioma uwazurike,2021.0,1.0,6.0,9.0,16.0,0.0,12.0,43.0,,,,,,,,,,,,,,,,,,,,,,,,,,,,,,,,,,,,,,,,,,,,,,,
2022,cj verdell,RB,Oregon,5-8,194.0,,29.5,,118.0,,,False,,,cj verdell,2021.0,,,,,,,,,,,,,,,,,,,,,,,,,,,,,,,,,,,,,,,,,,,,,20.0,8.0,1.0,74.0,9.3,78.0,77.0,6.0,406.0,5.2
2022,cordell volson,OG,North Dakota St.,6-6,315.0,5.27,25.0,25.0,104.0,8.31,4.93,True,4.0,136.0,cordell volson,,,,,,,,,,,,,,,,,,,,,,,,,,,,,,,,,,,,,,,,,,,,,,,,,,,,,,,
2022,matt waletzko,OT,North Dakota,6-8,312.0,5.03,30.0,,113.0,,,True,5.0,155.0,matt waletzko,,,,,,,,,,,,,,,,,,,,,,,,,,,,,,,,,,,,,,,,,,,,,,,,,,,,,,,
2022,kenneth walker,RB,Michigan St.,5-9,211.0,4.38,34.0,,122.0,,,True,2.0,41.0,kenneth walker,2021.0,,,,,,,,1.0,1.0,0.0,,,,,,,,,,,,,,,,,,,,,,,,,,,,,,,,,,,17.0,13.0,1.0,89.0,6.8,263.0,94.0,18.0,1636.0,6.2
2022,quay walker,LB,Georgia,6-4,241.0,4.52,32.0,,122.0,,,True,1.0,22.0,quay walker,2021.0,2.0,3.0,1.5,39.0,0.0,5.5,63.0,0.0,0.0,1.0,,,,,,,,,,,,,,,,,,,,,,,,,,,,,,,,,,,,,,,,,,,,
2022,rasheed walker,OT,Penn St.,6-6,313.0,,,,,,,True,7.0,249.0,rasheed walker,2020.0,0.0,0.0,0.0,1.0,0.0,0.0,1.0,,,,,,,,,,,,,,,,,,,,,,,,,,,,,,,,,,,,,,,,,,,,,,,
2022,travon walker,DE,Georgia,6-5,272.0,4.51,35.5,,123.0,6.89,4.32,True,1.0,1.0,travon walker,2021.0,2.0,6.0,6.0,19.0,0.0,7.5,37.0,0.0,0.0,1.0,,,,,,,,,,,,,,,,,,,,,,,,,,,,,,,,,,,,,,,,,,,,
2022,jermaine waller,CB,Virginia Tech,6-0,180.0,4.68,,,,,,False,,,jermaine waller,2021.0,5.0,0.0,0.0,30.0,1.0,2.0,45.0,,,,16.8,4.0,1.0,67.0,,,,,,,,,,,,,,,,,,,,,,,,,,,,,,,,,,,,,,,,
2022,jaylen warren,RB,Oklahoma St.,5-8,204.0,4.55,31.5,,119.0,,,False,,,jaylen warren,2021.0,0.0,0.0,0.0,1.0,0.0,0.0,1.0,2.0,1.0,0.0,,,,,,,,,,,,,,,,,,,,,,,,,,,,,,,,,,,52.0,25.0,0.0,225.0,9.0,256.0,75.0,11.0,1216.0,4.8
2022,christian watson,WR,North Dakota St.,6-4,208.0,4.36,38.5,,136.0,,,True,2.0,34.0,christian watson,2021.0,,,,,,,,1.0,0.0,0.0,,,,,,,,,,,,,,,,,,,,,,,,,,,,,,,,,,,,,,,,,,,,
2022,jaylen watson,CB,Washington St.,6-2,197.0,4.51,,18.0,,,,True,7.0,243.0,jaylen watson,2021.0,3.0,0.0,0.0,23.0,0.0,1.0,31.0,0.0,0.0,5.0,5.5,2.0,0.0,11.0,,,,,,,,,,,,,,,,,,,,,,,,,,,,,,,,,,,,,,,,
2022,luke wattenberg,C,Washington,6-4,299.0,5.2,29.5,,113.0,7.45,4.57,True,5.0,171.0,luke wattenberg,2021.0,0.0,0.0,0.0,1.0,0.0,0.0,1.0,,,,,,,,,,,,,,,,,,,,,,,,,,,,,,,,,,,,,,,,,,,,,,,
2022,sam webb,CB,Missouri Western,6-1,202.0,4.48,,14.0,,,,False,,,sam webb,,,,,,,,,,,,,,,,,,,,,,,,,,,,,,,,,,,,,,,,,,,,,,,,,,,,,,,
2022,dohnovan west,C,Arizona St.,6-3,296.0,5.27,28.0,,112.0,,,False,,,dohnovan west,,,,,,,,,,,,,,,,,,,,,,,,,,,,,,,,,,,,,,,,,,,,,,,,,,,,,,,
2022,isaiah weston,WR,Northern Iowa,6-4,214.0,4.42,40.0,20.0,135.0,,,False,,,isaiah weston,2021.0,,,,,,,,,,,,,,,,,,,,,,,,,,,,,,,,,,,,,,,,,,,,,11.0,1.0,0.0,11.0,11.0,,,,,
2022,rachaad white,RB,Arizona St.,6-0,214.0,4.48,38.0,,125.0,,,True,3.0,91.0,rachaad white,2021.0,,,,,,,,1.0,0.0,0.0,,,,,25.0,25.0,1.0,0.0,25.0,,,,,,,,,,,,,,,36.0,36.0,1.0,0.0,36.0,,,,,,,34.0,43.0,1.0,456.0,10.6,182.0,50.0,15.0,1006.0,5.5
2022,zaquandre white,RB,South Carolina,6-0,206.0,,,,,,,False,,,zaquandre white,2021.0,0.0,0.0,0.0,1.0,0.0,0.0,1.0,,,,,,,,,,,,,,,,,,,,1.0,0.0,0.0,0.0,0.0,0.0,0.0,,,,,,,,,,,,40.0,19.0,3.0,202.0,10.6,88.0,63.0,2.0,583.0,6.6
2022,zamir white,RB,Georgia,6-0,214.0,4.4,33.5,,128.0,,,True,4.0,122.0,zamir white,2021.0,0.0,0.0,0.0,0.0,1.0,0.0,0.0,1.0,0.0,0.0,,,,,18.5,20.0,2.0,0.0,37.0,,,,,,,,,,,,,,,0.0,0.0,1.0,1.0,0.0,,,,,,,15.0,9.0,0.0,75.0,8.3,160.0,42.0,11.0,856.0,5.4
2022,tre williams,EDGE,Arkansas,6-4,253.0,5.08,26.5,,104.0,7.2,4.24,False,,,tre williams,2022.0,0.0,0.0,1.0,4.0,0.0,2.0,6.0,0.0,0.0,1.0,,,,,,,,,,,,,,,,,,,,,,,,,,,,,,,,,,,,,,,,,,,,
2022,damarion williams,CB,Houston,5-10,182.0,,34.5,17.0,118.0,,,True,4.0,141.0,damarion williams,2021.0,9.0,1.0,0.0,53.0,0.0,3.0,63.0,,,,0.0,1.0,0.0,0.0,,,,,,,,,,,,,,,,,,,,,,,,,,,,,,,,,,,,,,,,
2022,devon williams,WR,Oregon,6-5,210.0,4.65,33.0,,133.0,,,False,,,devon williams,2022.0,0.0,0.0,0.0,0.0,0.0,0.0,2.0,,,,,,,,,,,,,,,,,,,,,,,,,,,,,,,,,,,,,,,,,,,,,,,
2022,jameson williams,WR,Alabama,6-2,179.0,,,,,,,True,1.0,12.0,jameson williams,2021.0,0.0,0.0,0.0,2.0,2.0,0.0,3.0,2.0,1.0,0.0,,,,,35.2,100.0,10.0,2.0,352.0,,,,,,,,,,,,,,,,,,,,,,,,,,94.0,79.0,15.0,1572.0,19.9,3.0,18.0,0.0,23.0,7.7
2022,joshua williams,CB,Fayetteville St. University,6-3,195.0,4.53,36.0,,124.0,,,True,4.0,135.0,joshua williams,,,,,,,,,,,,,,,,,,,,,,,,,,,,,,,,,,,,,,,,,,,,,,,,,,,,,,,
2022,kyren williams,RB,Notre Dame,5-9,194.0,4.65,32.0,,116.0,,,True,5.0,164.0,kyren williams,2021.0,0.0,0.0,0.0,1.0,0.0,0.0,1.0,3.0,1.0,0.0,,,,,29.0,29.0,1.0,0.0,29.0,,,,,,,,,,,,,,,10.8,47.0,14.0,0.0,151.0,,,,,,,55.0,42.0,3.0,359.0,8.5,204.0,91.0,14.0,1002.0,4.9
2022,sam williams,EDGE,Mississippi,6-4,261.0,4.46,32.5,,123.0,,,True,2.0,56.0,sam williams,2021.0,1.0,8.0,12.5,31.0,0.0,16.0,57.0,0.0,0.0,1.0,,,,,,,,,,,,,,,,,,,,,,,,,,,,,,,,,,,,,,,,,,,,
2022,malik willis,QB,Liberty,6-1,219.0,,,,,,,True,3.0,86.0,malik willis,2021.0,0.0,0.0,0.0,2.0,0.0,0.0,2.0,3.0,1.0,0.0,,,,,,,,,,,,,,,,,339.0,207.0,12.0,0.611,27.0,2857.0,8.4,,,,,,,,,,,,13.0,1.0,0.0,13.0,13.0,197.0,56.0,13.0,878.0,4.5
2022,garrett wilson,WR,Ohio St.,6-0,183.0,4.38,36.0,,123.0,,4.36,True,1.0,10.0,garrett wilson,2021.0,1.0,0.0,0.0,0.0,0.0,0.0,2.0,,,,,,,,,,,,,,,,,,,,,,,,,,,5.2,23.0,13.0,0.0,68.0,,,,,,,77.0,70.0,12.0,1058.0,15.1,4.0,51.0,1.0,76.0,19.0
2022,perrion winfrey,DT,Oklahoma,6-4,290.0,4.89,,,,,,True,4.0,108.0,perrion winfrey,2021.0,0.0,2.0,5.5,11.0,0.0,11.0,23.0,,,,,,,,,,,,,,,,,,,,,,,,,,,,,,,,,,,,,,,,,,,,,,,
2022,jelani woods,TE,Virginia,6-7,259.0,4.61,,24.0,,,,True,3.0,73.0,jelani woods,2021.0,,,,,,,,1.0,0.0,0.0,,,,,,,,,,,,,,,,,,,,,,,,,,,,,,,,,,,40.0,44.0,8.0,598.0,13.6,1.0,1.0,0.0,1.0,1.0
2022,jt woods,S,Baylor,6-2,195.0,4.36,39.5,,128.0,,,True,3.0,79.0,jt woods,2021.0,2.0,0.0,0.0,44.0,1.0,4.5,57.0,0.0,0.0,1.0,18.2,6.0,1.0,109.0,,,,,,,,,,,,,,,,,,,,,,,,,,,,,,,,,,,,,,,,
2022,mike woods,WR,Oklahoma,6-1,204.0,4.55,34.5,,125.0,,,True,6.0,202.0,mike woods,,,,,,,,,,,,,,,,,,,,,,,,,,,,,,,,,,,,,,,,,,,,,,,,,,,,,,,
2022,tariq woolen,CB,Texas-San Antonio,6-4,205.0,4.26,42.0,,,,,True,5.0,153.0,tariq woolen,2021.0,5.0,1.0,0.0,17.0,0.0,2.5,25.0,,,,0.0,1.0,0.0,0.0,,,,,,,,,,,,,,,,,,,,,,,,,,,,,,,,,,,,,,,,
2022,alex wright,DE,Alabama-Birmingham,6-5,271.0,,,15.0,,,,True,3.0,78.0,alex wright,2021.0,3.0,9.0,6.0,23.0,0.0,7.5,45.0,,,,,,,,,,,,,,,,,,,,,,,,,,,,,,,,,,,,,,,,,,,,,,,
2022,mykael wright,CB,Oregon,5-11,173.0,4.57,,,,,,False,,,mykael wright,2021.0,4.0,0.0,0.0,46.0,0.0,4.0,65.0,,,,0.0,1.0,0.0,0.0,25.5,56.0,13.0,0.0,332.0,,,,,,,,,,,,,,,,,,,,,,,,,,,,,,,,,,,
2022,devonte wyatt,DT,Georgia,6-3,304.0,4.77,29.0,,111.0,,,True,1.0,28.0,devonte wyatt,2021.0,1.0,3.0,2.5,18.0,0.0,7.0,39.0,0.0,0.0,1.0,,,,,,,,,,,,,,,,,,,,,,,,,,,,,,,,,,,,,,,,,,,,
2022,jalen wydermyer,TE,Texas A&M,6-4,255.0,,,,,,,False,,,jalen wydermyer,2021.0,0.0,0.0,0.0,2.0,0.0,0.0,2.0,,,,,,,,,,,,,,,,,,,,,,,,,,,,,,,,,,,,,,34.0,40.0,4.0,515.0,12.9,,,,,
2022,cade york,K,LSU,6-1,206.0,,,12.0,,,,True,4.0,124.0,cade york,2021.0,,,,,,,,,,,,,,,,,,,,18.0,15.0,56.0,0.833,84.0,39.0,39.0,,,,,,,,,,,,,,,,,,,,,,,,,,,,
2022,nick zakelj,OT,Fordham,6-6,316.0,5.13,28.5,27.0,110.0,7.75,4.71,True,6.0,187.0,nick zakelj,,,,,,,,,,,,,,,,,,,,,,,,,,,,,,,,,,,,,,,,,,,,,,,,,,,,,,,
2022,bailey zappe,QB,Western Kentucky,6-1,215.0,4.88,30.0,,109.0,7.19,4.4,True,4.0,137.0,bailey zappe,2021.0,,,,,,,,2.0,1.0,0.0,,,,,,,,,,,,,,,,,686.0,475.0,11.0,0.692,62.0,5967.0,8.7,,,,,,,,,,,,,,,,,51.0,21.0,3.0,17.0,0.3
2023,israel abanikanda,RB,Pittsburgh,5-10,216.0,,,,,,,True,5.0,143.0,israel abanikanda,2022.0,,,,,,,,3.0,1.0,0.0,,,,,19.0,24.0,12.0,0.0,228.0,,,,,,,,,,,,,,,,,,,,,,,,,,37.0,12.0,1.0,146.0,12.2,239.0,80.0,20.0,1431.0,6.0
2023,yasir abdullah,LB,Louisville,6-1,237.0,4.47,36.5,,129.0,,,True,5.0,136.0,yasir abdullah,2022.0,4.0,7.0,9.5,32.0,0.0,14.5,59.0,0.0,0.0,1.0,10.0,2.0,0.0,20.0,,,,,,,,,,,,,,,,,,,,,,,,,,,,,,,,,,,,,,,,
2023,devon achane,RB,Texas A&M,5-9,188.0,4.32,33.0,,,,,True,3.0,84.0,devon achane,2022.0,0.0,0.0,0.0,2.0,1.0,0.0,2.0,1.0,1.0,0.0,,,,,28.4,95.0,11.0,1.0,312.0,,,,,,,,,,,,,,,,,,,,,,,,,,25.0,36.0,3.0,196.0,5.4,196.0,65.0,8.0,1102.0,5.6
2023,jordan addison,WR,USC,5-11,173.0,4.49,34.0,,122.0,,,True,1.0,23.0,jordan addison,2022.0,,,,,,,,3.0,0.0,0.0,,,,,,,,,,,,,,,,,,,,,,,,4.8,15.0,4.0,0.0,19.0,,,,,,,75.0,59.0,8.0,875.0,14.8,4.0,17.0,0.0,33.0,8.3
2023,adetomiwa adebawore,DE,Northwestern,6-2,282.0,4.49,37.5,27.0,125.0,,,True,4.0,110.0,adetomiwa adebawore,2022.0,1.0,3.0,5.0,27.0,0.0,9.0,38.0,,,,,,,,,,,,,,,,,,,,,,,,,,,,,,,,,,,,,,,,,,,,,,,
2023,alan ali,C,TCU,6-4,301.0,,26.5,,,,,False,,,alan ali,,,,,,,,,,,,,,,,,,,,,,,,,,,,,,,,,,,,,,,,,,,,,,,,,,,,,,,
2023,davis allen,TE,Clemson,6-6,245.0,,38.5,,125.0,,,True,5.0,175.0,davis allen,2022.0,0.0,0.0,0.0,1.0,0.0,0.0,2.0,1.0,1.0,0.0,,,,,,,,,,,,,,,,,1.0,0.0,0.0,0.0,0.0,0.0,0.0,,,,,,,,,,,,41.0,39.0,5.0,443.0,11.4,,,,,
2023,mj anderson,DE,Iowa St.,6-3,269.0,,33.0,,,,,False,,,mj anderson,2022.0,1.0,1.0,3.5,20.0,0.0,9.0,37.0,0.0,0.0,2.0,,,,,,,,,,,,,,,,,,,,,,,,,,,,,,,,,,,,,,,,,,,,
2023,jake andrews,C,Troy,6-3,305.0,5.15,26.0,,102.0,,4.73,True,4.0,107.0,jake andrews,,,,,,,,,,,,,,,,,,,,,,,,,,,,,,,,,,,,,,,,,,,,,,,,,,,,,,,
2023,felix anudike-uzomah,EDGE,Kansas St.,6-3,255.0,,,,,,,True,1.0,31.0,felix anudikeuzomah,,,,,,,,,,,,,,,,,,,,,,,,,,,,,,,,,,,,,,,,,,,,,,,,,,,,,,,
2023,malaesala aumavae-laulu,OT,Oregon,6-6,317.0,5.23,28.5,,106.0,7.65,4.75,True,6.0,199.0,malaesala aumavaelaulu,,,,,,,,,,,,,,,,,,,,,,,,,,,,,,,,,,,,,,,,,,,,,,,,,,,,,,,
2023,alex austin,CB,Oregon St.,6-1,195.0,4.55,33.0,,122.0,,4.33,True,7.0,252.0,alex austin,2022.0,9.0,0.0,1.0,39.0,1.0,1.0,53.0,0.0,0.0,2.0,21.0,2.0,1.0,42.0,,,,,,,,,,,,,,,,,,,,,,,,,,,,,,,2.0,1.0,0.0,2.0,2.0,,,,,
2023,steve avila,OG,TCU,6-4,332.0,5.21,29.5,,98.0,7.85,4.74,False,,,steve avila,,,,,,,,,,,,,,,,,,,,,,,,,,,,,,,,,,,,,,,,,,,,,,,,,,,,,,,
2023,tyson bagent,QB,Shepherd,6-3,213.0,4.79,36.0,,120.0,6.95,4.36,False,,,tyson bagent,,,,,,,,,,,,,,,,,,,,,,,,,,,,,,,,,,,,,,,,,,,,,,,,,,,,,,,
2023,henry bainivalu,OG,Washington,6-6,306.0,5.5,28.0,,101.0,8.34,4.97,False,,,henry bainivalu,,,,,,,,,,,,,,,,,,,,,,,,,,,,,,,,,,,,,,,,,,,,,,,,,,,,,,,
2023,habakkuk baldonado,EDGE,Pittsburgh,6-4,251.0,4.78,35.0,21.0,120.0,7.11,4.44,False,,,habakkuk baldonado,2022.0,3.0,5.0,2.0,9.0,0.0,5.0,24.0,,,,,,,,,,,,,,,,,,,,,,,,,,,,,,,,,,,,,,,,,,,,,,,
2023,deonte banks,CB,Maryland,6-0,197.0,4.35,42.0,,136.0,,,True,1.0,24.0,deonte banks,2022.0,8.0,0.0,0.5,25.0,0.0,0.5,38.0,,,,0.0,1.0,0.0,0.0,19.0,19.0,1.0,0.0,19.0,,,,,,,,,,,,,,,,,,,,,,,,,,,,,,,,,,,
2023,jeremy banks,LB,Tennessee,6-1,232.0,4.53,37.5,25.0,127.0,7.27,4.38,False,,,jeremy banks,2022.0,4.0,8.0,0.0,33.0,0.0,4.5,53.0,0.0,0.0,1.0,,,,,,,,,,,,,,,,,,,,,,,,,,,,,,,,,,,,,,,,,,,,
2023,bryce baringer,P,Michigan St.,6-2,216.0,,,,,,,True,6.0,192.0,bryce baringer,2022.0,,,,,,,,,,,,,,,,,,,,,,,,,,,1.0,0.0,1.0,0.0,0.0,0.0,0.0,,,,,,23.0,72.0,51.0,4.0,2491.0,48.8,,,,,,,,,,
2023,micah baskerville,LB,LSU,6-1,221.0,,31.0,,115.0,,,False,,,micah baskerville,2022.0,6.0,3.0,1.0,39.0,1.0,4.5,82.0,,,,29.0,1.0,1.0,29.0,,,,,,,,,,,,,,,,,,,,34.0,34.0,1.0,0.0,34.0,,,,,,,,,,,,,,,,
2023,tj bass,OG,Oregon,6-4,317.0,5.48,28.5,,109.0,,,False,,,tj bass,2021.0,0.0,0.0,0.0,5.0,0.0,0.0,9.0,,,,,,,,,,,,,,,,,,,,,,,,,,,,,,,,,,,,,,,,,,,,,,,
2023,jordan battle,DB,Alabama,6-1,209.0,4.55,,17.0,,,,True,3.0,95.0,jordan battle,2022.0,3.0,0.0,0.0,30.0,0.0,0.0,62.0,,,,0.0,1.0,0.0,0.0,,,,,,,,,,,,,,,,,,,,,,,,,,,,,,,,,,,,,,,,
2023,robert beal,EDGE,Georgia,6-4,247.0,4.48,30.0,,123.0,,,True,5.0,173.0,robert beal,2022.0,0.0,2.0,2.5,12.0,0.0,2.5,19.0,0.0,0.0,2.0,,,,,,,,,,,,,,,,,,,,,,,,,,,,,,,,,,,,,,,,,,,,
2023,ronnie bell,WR,Michigan,6-0,191.0,4.54,38.5,14.0,120.0,6.98,4.15,True,7.0,253.0,ronnie bell,2022.0,,,,,,,,2.0,0.0,0.0,,,,,,,,,,,,,,,,,1.0,0.0,0.0,0.0,0.0,0.0,0.0,22.5,40.0,2.0,0.0,45.0,,,,,,,49.0,62.0,4.0,889.0,14.3,3.0,16.0,1.0,23.0,7.7
2023,jakorian bennett,CB,Maryland,5-11,188.0,4.3,40.5,13.0,133.0,,,True,4.0,104.0,jakorian bennett,2022.0,11.0,0.0,0.0,26.0,0.0,1.5,39.0,,,,0.0,2.0,0.0,0.0,,,,,,,,,,,,,,,,,,,,,,,,,,,,,,,,,,,,,,,,
2023,stetson bennett,QB,Georgia,5-11,192.0,4.67,33.5,,118.0,,4.2,True,4.0,128.0,stetson bennett,2022.0,0.0,0.0,0.0,1.0,0.0,0.0,1.0,6.0,3.0,0.0,,,,,,,,,,,,,,,,,455.0,310.0,7.0,0.681,27.0,4127.0,9.1,,,,,,,,,,,,,,,,,57.0,64.0,10.0,205.0,3.6
2023,keeanu benton,DT,Wisconsin,6-4,309.0,5.08,29.5,25.0,111.0,7.34,4.65,True,2.0,49.0,keeanu benton,2022.0,2.0,2.0,4.5,20.0,0.0,10.0,36.0,,,,,,,,,,,,,,,,,,,,,,,,,,,,,,,,,,,,,,,,,,,,,,,
2023,matthew bergeron,OT,Syracuse,6-5,318.0,,30.5,,103.0,,,True,2.0,38.0,matthew bergeron,,,,,,,,,,,,,,,,,,,,,,,,,,,,,,,,,,,,,,,,,,,,,,,,,,,,,,,
2023,tank bigsby,RB,Auburn,6-0,210.0,4.56,32.5,,119.0,,,True,3.0,88.0,tank bigsby,2022.0,,,,,,,,2.0,1.0,0.0,,,,,,,,,,,,,,,,,,,,,,,,,,,,,,,,,,,37.0,30.0,0.0,180.0,6.0,179.0,50.0,10.0,970.0,5.4
2023,mekhi blackmon,CB,USC,5-11,178.0,4.47,36.0,11.0,125.0,,,True,3.0,102.0,mekhi blackmon,2022.0,12.0,0.0,0.0,38.0,0.0,1.5,52.0,0.0,0.0,2.0,10.3,3.0,0.0,31.0,0.0,0.0,1.0,0.0,0.0,,,,,,,,,,,,,,,,,,,,,,,,,,,,,,,,,,,
2023,jake bobo,WR,UCLA,6-4,206.0,,,,,,,False,,,jake bobo,2022.0,,,,,,,,1.0,1.0,0.0,,,,,,,,,,,,,,,,,,,,,,,,5.0,13.0,3.0,0.0,15.0,,,,,,,40.0,57.0,7.0,817.0,14.3,,,,,
2023,kayshon boutte,WR,LSU,5-11,195.0,4.5,29.0,,118.0,,4.25,True,6.0,187.0,kayshon boutte,2022.0,,,,,,,,,,,,,,,,,,,,,,,,,,,,,,,,,,,,,,,,,,,,,53.0,48.0,2.0,538.0,11.2,1.0,41.0,0.0,41.0,41.0
2023,lance boykin,CB,Coastal Carolina,6-2,200.0,,,13.0,124.0,,,False,,,lance boykin,2022.0,7.0,0.0,1.0,31.0,0.0,1.5,46.0,,,,0.0,2.0,0.0,0.0,,,,,,,,,,,,,,,,,,,,,,,,,,,,,,,,,,,,,,,,
2023,anthony bradford,OG,LSU,6-4,332.0,5.08,30.0,,106.0,7.84,4.8,True,4.0,108.0,anthony bradford,,,,,,,,,,,,,,,,,,,,,,,,,,,,,,,,,,,,,,,,,,,,,,,,,,,,,,,
2023,brian branch,CB,Alabama,6-0,190.0,4.58,34.5,14.0,125.0,,,True,2.0,45.0,brian branch,2022.0,8.0,2.0,3.0,48.0,1.0,11.0,79.0,1.0,0.0,0.0,1.0,2.0,0.0,2.0,,,,,,,,,,,,,,,,,,,,32.5,68.0,2.0,1.0,65.0,,,,,,,,,,,,,,,,
2023,julius brents,CB,Kansas St.,6-3,198.0,4.53,41.5,,138.0,6.63,4.05,True,2.0,44.0,julius brents,2022.0,5.0,0.0,0.0,23.0,0.0,3.5,40.0,,,,0.0,4.0,0.0,0.0,,,,,,,,,,,,,,,,,,,,,,,,,,,,,,,,,,,,,,,,
2023,bryan bresee,DT,Clemson,6-6,298.0,4.86,29.0,22.0,,,,True,1.0,29.0,bryan bresee,2022.0,1.0,1.0,3.5,8.0,0.0,5.5,13.0,,,,,,,,,,,,,,,,,,,,,,,,,,,,,,,,,,,,,,,,,,,,,,,
2023,nick broeker,OG,Mississippi,6-4,305.0,5.27,,,,7.75,4.7,True,7.0,230.0,nick broeker,,,,,,,,,,,,,,,,,,,,,,,,,,,,,,,,,,,,,,,,,,,,,,,,,,,,,,,
2023,matthew brooks,P,Tennessee,6-5,201.0,,,,,,,False,,,matthew brooks,,,,,,,,,,,,,,,,,,,,,,,,,,,,,,,,,,,,,,,,,,,,,,,,,,,,,,,
2023,jalen brooks,WR,South Carolina,6-1,201.0,4.69,35.0,,130.0,7.15,4.31,True,7.0,244.0,jalen brooks,2023.0,0.0,0.0,0.0,0.0,0.0,0.0,1.0,0.0,0.0,1.0,,,,,3.0,3.0,1.0,0.0,3.0,,,,,,,,,,,,,,,,,,,,,,,,,,,,,,,,,,,
2023,myles brooks,CB,Louisiana Tech,6-1,201.0,,,,,,,False,,,myles brooks,2022.0,7.0,0.0,0.0,21.0,1.0,3.0,28.0,,,,31.3,3.0,1.0,94.0,,,,,,,,,,,,,,,,,,,,,,,,,,,,,,,,,,,,,,,,
2023,cameron brown,CB,Ohio St.,6-0,199.0,,,,,,,False,,,cameron brown,2022.0,4.0,0.0,0.0,9.0,0.0,0.5,11.0,,,,,,,,,,,,,,,,,,,,,,,,,,,,,,,,,,,,,,,,,,,,,,,
2023,chase brown,RB,Illinois,5-10,209.0,4.43,40.0,,127.0,,,True,5.0,163.0,chase brown,2022.0,0.0,0.0,0.0,3.0,0.0,0.0,9.0,4.0,2.0,0.0,5.0,1.0,0.0,5.0,,,,,,,,,,,,,1.0,0.0,0.0,0.0,0.0,0.0,0.0,,,,,,,,,,,,43.0,27.0,3.0,240.0,8.9,329.0,54.0,10.0,1648.0,10.0
2023,ji'ayir brown,DB,Penn St.,5-11,203.0,4.65,32.5,18.0,119.0,,,True,3.0,87.0,jiayir brown,2022.0,5.0,5.0,4.5,51.0,0.0,7.0,68.0,0.0,0.0,1.0,28.5,4.0,0.0,114.0,,,,,,,,,,,,,,,,,,,,,,,,,,,,,,,,,,,,,,,,
2023,sydney brown,DB,Illinois,5-10,211.0,4.47,40.5,23.0,130.0,,,True,3.0,66.0,sydney brown,2022.0,7.0,1.0,1.0,40.0,1.0,3.5,59.0,0.0,0.0,1.0,14.3,6.0,1.0,86.0,,,,,,,,,,,,,,,,,,,,,,,,,,,,,,,,,,,,,,,,
2023,jason brownlee,WR,Southern Mississippi,6-2,198.0,4.59,39.5,16.0,131.0,,,False,,,jason brownlee,2022.0,,,,,,,,,,,,,,,,,,,,,,,,,,,,,,,,,,,,,,,,,,,,,76.0,55.0,8.0,891.0,16.2,,,,,
2023,arquon bush,CB,Cincinnati,6-0,187.0,4.54,33.5,,115.0,,,False,,,arquon bush,2022.0,5.0,0.0,0.0,27.0,0.0,0.0,34.0,,,,7.5,2.0,0.0,15.0,,,,,,,,,,,,,,,,,,,,,,,,,,,,,,,,,,,,,,,,
2023,jack campbell,LB,Iowa,6-5,249.0,4.65,37.5,,128.0,6.74,4.24,True,1.0,18.0,jack campbell,2022.0,1.0,4.0,1.0,52.0,0.0,3.5,116.0,0.0,0.0,1.0,15.0,2.0,0.0,30.0,,,,,,,,,,,,,,,,,,,,,,,,,,,,,,,,,,,,,,,,
2023,anders carlson,K,Auburn,6-5,218.0,,,,,,,False,,,anders carlson,2022.0,0.0,0.0,0.0,1.0,0.0,0.0,1.0,,,,,,,,,,,,,17.0,12.0,46.0,0.706,58.0,22.0,22.0,,,,,,,,,,,,,,,,,,,,,,,,,,,,
2023,jalen carter,DT,Georgia,6-3,314.0,,,,,,,True,1.0,9.0,jalen carter,2022.0,1.0,1.0,3.0,12.0,0.0,6.0,26.0,,,,,,,,,,,,,,,,,,,,,,,,,,,,,,,,,,,,,,,,,,,,,,,
2023,zach charbonnet,RB,UCLA,6-0,214.0,4.53,37.0,,122.0,,,True,2.0,52.0,zach charbonnet,2022.0,,,,,,,,2.0,1.0,0.0,,,,,,,,,,,,,,,,,,,,,,,,,,,,,,,,,,,44.0,37.0,0.0,321.0,8.7,195.0,49.0,14.0,1359.0,7.0
2023,kei'trel clark,CB,Louisville,5-10,181.0,4.42,34.5,,122.0,,4.21,False,,,keitrel clark,2022.0,4.0,1.0,1.0,35.0,1.0,4.0,51.0,0.0,0.0,2.0,46.0,1.0,1.0,46.0,,,,,,,,,,,,,,,,,,,,,,,,,,,,,,,,,,,,,,,,
2023,jerrod clark,DT,Coastal Carolina,6-4,334.0,5.25,27.5,,102.0,7.6,4.83,False,,,jerrod clark,,,,,,,,,,,,,,,,,,,,,,,,,,,,,,,,,,,,,,,,,,,,,,,,,,,,,,,
2023,keondre coburn,DT,Texas,6-2,332.0,5.22,27.5,24.0,101.0,,,True,6.0,194.0,keondre coburn,2022.0,0.0,1.0,2.5,9.0,0.0,4.0,25.0,,,,,,,,,,,,,,,,,,,,,,,,,,,,,,,,,,,,,,,,,,,,,,,
2023,chamarri conner,DB,Virginia Tech,6-0,202.0,4.51,40.5,20.0,125.0,,,True,4.0,119.0,chamarri conner,2022.0,2.0,0.0,0.0,37.0,0.0,2.0,66.0,,,,,,,,,,,,,,,,,,,,,,,,,,,,,,,,,,,,,,,,,,,,,,,
2023,jacob copeland,WR,Maryland,5-11,201.0,4.42,33.0,20.0,127.0,7.01,4.47,False,,,jacob copeland,2022.0,0.0,0.0,0.0,1.0,0.0,0.0,1.0,,,,,,,,16.0,29.0,8.0,0.0,128.0,,,,,,,,,,,,,,,,,,,,,,,,,,45.0,26.0,2.0,376.0,14.5,1.0,0.0,0.0,,
2023,brenton cox,EDGE,Florida,6-4,250.0,4.82,33.0,24.0,115.0,,,False,,,brenton cox,2022.0,1.0,9.0,2.0,15.0,0.0,8.0,35.0,,,,,,,,,,,,,,,,,,,,,,,,,,,,,,,,,,,,,,,,,,,,,,,
2023,malik cunningham,QB,Louisville,6-0,192.0,4.53,,,,,,False,,,malik cunningham,2022.0,0.0,0.0,0.0,1.0,0.0,0.0,1.0,3.0,2.0,0.0,,,,,,,,,,,,,,,,,218.0,136.0,5.0,0.624,8.0,1568.0,7.2,,,,,,,,,,,,33.0,1.0,0.0,33.0,33.0,114.0,43.0,12.0,565.0,5.0
2023,mcclendon curtis,OG,Tennessee-Chattanooga,6-6,324.0,5.24,26.5,,105.0,7.7,4.97,False,,,mcclendon curtis,2022.0,,,,,,,,0.0,0.0,1.0,,,,,,,,,,,,,,,,,,,,,,,,,,,,,,,,,,,,,,,,,,,,
2023,dj dale,DT,Alabama,6-1,302.0,5.26,25.5,,98.0,7.69,4.8,False,,,dj dale,2022.0,1.0,1.0,2.5,6.0,0.0,3.5,16.0,0.0,0.0,1.0,,,,,,,,,,,,,,,,,,,,,,,,,,,,,,,,,,,,,,,,,,,,
2023,braeden daniels,OT,Utah,6-4,294.0,4.99,30.5,,109.0,7.53,4.6,False,,,braeden daniels,,,,,,,,,,,,,,,,,,,,,,,,,,,,,,,,,,,,,,,,,,,,,,,,,,,,,,,
2023,derius davis,WR,TCU,5-8,165.0,4.36,,,,,4.38,True,4.0,125.0,derius davis,2022.0,0.0,0.0,0.0,0.0,2.0,0.0,0.0,2.0,2.0,0.0,,,,,19.7,57.0,29.0,0.0,572.0,,,,,,,,,,,,,,,14.9,82.0,18.0,2.0,268.0,,,,,,,80.0,42.0,5.0,531.0,12.6,3.0,27.0,1.0,30.0,10.0
2023,nathaniel dell,WR,Houston,5-8,165.0,4.49,,,121.0,,,True,3.0,69.0,nathaniel dell,2022.0,0.0,0.0,0.0,0.0,1.0,0.0,0.0,2.0,1.0,0.0,,,,,,,,,,,,,,,,,,,,,,,,17.0,68.0,9.0,1.0,153.0,,,,,,,63.0,109.0,17.0,1398.0,12.8,4.0,3.0,0.0,9.0,2.3
2023,sirvocea dennis,LB,Pittsburgh,6-1,226.0,,,19.0,,,,True,5.0,153.0,sirvocea dennis,2022.0,3.0,6.0,6.5,45.0,0.0,11.5,89.0,,,,67.0,1.0,0.0,67.0,,,,,,,,,,,,,,,,,,,,,,,,,,,,,,,,,,,,,,,,
2023,gervon dexter,DT,Florida,6-6,310.0,4.88,31.0,22.0,110.0,7.5,,True,2.0,53.0,gervon dexter,2022.0,1.0,4.0,2.0,21.0,0.0,3.5,50.0,,,,0.0,1.0,0.0,0.0,,,,,,,,,,,,,,,,,,,,,,,,,,,,,,,,,,,,,,,,
2023,yaya diaby,DE,Louisville,6-3,263.0,4.51,37.0,,120.0,,,True,3.0,82.0,yaya diaby,2022.0,1.0,4.0,8.0,20.0,0.0,12.0,33.0,0.0,0.0,2.0,,,,,,,,,,,,,,,,,,,,,,,,,,,,,,,,,,,,,,,,,,,,
2023,demario douglas,WR,Liberty,5-8,179.0,4.44,39.5,,134.0,,4.29,False,,,demario douglas,2022.0,0.0,0.0,0.0,2.0,0.0,0.0,2.0,3.0,0.0,0.0,,,,,21.0,37.0,14.0,0.0,294.0,,,,,,,,,,,,,,,4.1,32.0,18.0,0.0,74.0,,,,,,,51.0,78.0,6.0,993.0,12.7,5.0,75.0,1.0,105.0,21.0
2023,josh downs,WR,North Carolina,5-9,171.0,4.48,38.5,,131.0,,,True,3.0,79.0,josh downs,2022.0,,,,,,,,1.0,0.0,0.0,,,,,,,,,,,,,,,,,,,,,,,,13.3,38.0,10.0,0.0,133.0,,,,,,,43.0,94.0,11.0,1029.0,10.9,,,,,
2023,grant dubose,WR,Charlotte,6-2,201.0,4.57,35.0,,125.0,6.89,4.32,False,,,grant dubose,2022.0,0.0,0.0,0.0,0.0,1.0,0.0,0.0,1.0,0.0,0.0,,,,,,,,,,,,,,,,,1.0,0.0,0.0,0.0,0.0,0.0,0.0,8.4,16.0,9.0,0.0,76.0,,,,,,,52.0,64.0,9.0,792.0,12.4,,,,,
2023,max duggan,QB,TCU,6-2,207.0,4.52,30.5,,116.0,7.26,4.45,True,7.0,239.0,max duggan,2022.0,,,,,,,,2.0,1.0,0.0,,,,,,,,,,,,,,,,,419.0,267.0,8.0,0.637,32.0,3698.0,8.8,,,,,,,,,,,,1.0,1.0,0.0,1.0,1.0,137.0,67.0,9.0,423.0,3.1
2023,jaelyn duncan,OT,Maryland,6-6,306.0,5.1,31.5,,113.0,,,False,,,jaelyn duncan,,,,,,,,,,,,,,,,,,,,,,,,,,,,,,,,,,,,,,,,,,,,,,,,,,,,,,,
2023,christopher dunn,K,North Carolina St.,5-8,175.0,,,,,,,False,,,christopher dunn,2022.0,,,,,,,,,,,,,,,,,,,,29.0,28.0,53.0,0.966,114.0,30.0,30.0,,,,,,,,,,,,,,,,,,,,,,,,1.0,1.0,0.0,1.0,1.0
2023,payne durham,TE,Purdue,6-6,253.0,,34.5,,117.0,,,True,5.0,171.0,payne durham,2022.0,,,,,,,,,,,,,,,,,,,,,,,,,,,,,,,,,,,,,,,,,,,,,56.0,56.0,8.0,560.0,10.0,1.0,4.0,0.0,4.0,4.0
2023,travis dye,RB,USC,5-10,201.0,,,,,,,False,,,travis dye,2022.0,,,,,,,,1.0,0.0,0.0,,,,,,,,,,,,,,,,,,,,,,,,,,,,,,,,,,,19.0,20.0,0.0,194.0,9.7,145.0,36.0,9.0,884.0,6.1
2023,ikenna enechukwu,DE,Rice,6-4,264.0,4.7,31.5,,120.0,,,False,,,ikenna enechukwu,2022.0,0.0,6.0,3.5,15.0,0.0,8.5,33.0,,,,,,,,,,,,,,,,,,,,,,,,,,,,,,,,,,,,,,,,,,,,,,,
2023,tiyon evans,RB,Louisville,5-10,225.0,4.52,30.5,,,,,False,,,tiyon evans,2022.0,,,,,,,,3.0,3.0,0.0,,,,,,,,,,,,,,,,,,,,,,,,,,,,,,,,,,,8.0,7.0,0.0,18.0,2.6,83.0,71.0,6.0,525.0,6.3
2023,zach evans,RB,Mississippi,5-11,202.0,,,,,,,True,6.0,215.0,zach evans,2023.0,,,,,,,,,,,,,,,,,,,,,,,,,,,,,,,,,,,,,,,,,,,,,13.0,2.0,0.0,15.0,7.5,52.0,18.0,1.0,230.0,4.4
2023,zay flowers,WR,Boston Col.,5-9,182.0,4.42,35.5,,127.0,,,True,1.0,22.0,zay flowers,2022.0,0.0,0.0,0.0,1.0,0.0,0.0,1.0,4.0,1.0,0.0,,,,,,,,,,,,,,,,,,,,,,,,6.1,16.0,7.0,0.0,43.0,,,,,,,69.0,78.0,12.0,1077.0,13.8,12.0,22.0,0.0,40.0,3.3
2023,emmanuel forbes,CB,Mississippi St.,6-1,166.0,4.35,37.5,,131.0,,,True,1.0,16.0,emmanuel forbes,2022.0,10.0,0.0,0.0,20.0,3.0,1.0,39.0,,,,29.0,6.0,3.0,174.0,,,,,,,,,,,,,,,,,,,,,,,,,,,,,,,,,,,,,,,,
2023,bryce ford-wheaton,WR,West Virginia,6-4,221.0,4.38,41.0,,129.0,6.97,4.15,False,,,bryce fordwheaton,,,,,,,,,,,,,,,,,,,,,,,,,,,,,,,,,,,,,,,,,,,,,,,,,,,,,,,
2023,alex forsyth,C,Oregon,6-4,303.0,,20.5,,95.0,,,True,7.0,257.0,alex forsyth,,,,,,,,,,,,,,,,,,,,,,,,,,,,,,,,,,,,,,,,,,,,,,,,,,,,,,,
2023,isaiah foskey,EDGE,Notre Dame,6-5,264.0,4.58,34.0,22.0,125.0,7.28,4.41,True,2.0,40.0,isaiah foskey,2022.0,0.0,6.0,10.5,23.0,0.0,13.5,44.0,0.0,0.0,2.0,,,,,,,,,,,,,,,,,,,,,,,,12.5,15.0,2.0,0.0,25.0,,,,,,,,,,,,,,,,
2023,blake freeland,OT,BYU,6-8,302.0,4.98,37.0,,120.0,7.46,4.71,True,4.0,106.0,blake freeland,2022.0,0.0,0.0,0.0,1.0,0.0,0.0,1.0,,,,,,,,,,,,,,,,,,,,,,,,,,,,,,,,,,,,,,,,,,,,,,,
2023,jon gaines,OG,UCLA,6-4,303.0,5.01,32.5,,114.0,7.31,4.45,False,,,jon gaines,2019.0,0.0,0.0,0.0,1.0,0.0,0.0,1.0,,,,,,,,,,,,,,,,,,,,,,,,,,,,,,,,,,,,,,,,,,,,,,,
2023,connor galvin,OT,Baylor,6-7,293.0,5.48,30.5,,104.0,8.0,4.92,False,,,connor galvin,2022.0,0.0,0.0,0.0,1.0,0.0,0.0,1.0,,,,,,,,,,,,,,,,,,,,,,,,,,,,,,,,,,,,,,,,,,,,,,,
2023,mekhi garner,CB,LSU,6-2,212.0,4.55,38.0,,128.0,,,False,,,mekhi garner,2022.0,4.0,1.0,0.0,26.0,0.0,1.5,42.0,,,,,,,,,,,,,,,,,,,,,,,,,,,,,,,,,,,,,,,,,,,,,,,
2023,ali gaye,EDGE,LSU,6-6,263.0,,,,,,,False,,,ali gaye,2022.0,2.0,0.0,2.0,17.0,0.0,5.5,34.0,,,,,,,,,,,,,,,,,,,,,,,,,,,,,,,,,,,,,,,,,,,,,,,
2023,jahmyr gibbs,RB,Alabama,5-9,199.0,4.36,33.5,,,,,True,1.0,12.0,jahmyr gibbs,2022.0,,,,,,,,,,,,,,,21.2,57.0,12.0,0.0,254.0,,,,,,,,,,,,,,,,,,,,,,,,,,60.0,44.0,3.0,444.0,10.1,151.0,76.0,7.0,926.0,6.1
2023,noah gindorff,TE,North Dakota St.,6-6,263.0,,,16.0,,,,False,,,noah gindorff,2022.0,,,,,,,,,,,,,,,,,,,,,,,,,,,,,,,,,,,,,,,,,,,,,24.0,6.0,1.0,74.0,12.3,,,,,
2023,christian gonzalez,CB,Oregon,6-1,197.0,4.38,41.5,14.0,133.0,,,True,1.0,17.0,christian gonzalez,2022.0,7.0,0.0,0.0,35.0,0.0,1.0,51.0,,,,29.5,4.0,0.0,118.0,,,,,,,,,,,,,,,,,,,,,,,,,,,,,,,,,,,,1.0,3.0,0.0,3.0,3.0
2023,richard gouraige,OT,Florida,6-5,306.0,,,,,,,False,,,richard gouraige,,,,,,,,,,,,,,,,,,,,,,,,,,,,,,,,,,,,,,,,,,,,,,,,,,,,,,,
2023,jalen graham,LB,Purdue,6-2,220.0,4.64,30.5,,112.0,,,True,7.0,255.0,jalen graham,2022.0,5.0,1.0,1.0,34.0,0.0,5.0,48.0,,,,29.0,1.0,0.0,29.0,,,,,,,,,,,,,,,,,,,,,,,,,,,,,,,,,,,,,,,,
2023,eric gray,RB,Oklahoma,5-10,207.0,,37.5,,118.0,,,True,5.0,172.0,eric gray,2022.0,0.0,0.0,0.0,1.0,0.0,0.0,1.0,1.0,1.0,0.0,,,,,,,,,,,,,,,,,2.0,1.0,1.0,0.5,0.0,0.0,0.0,,,,,,,,,,,,24.0,33.0,0.0,229.0,6.9,213.0,54.0,11.0,1364.0,6.4
2023,antoine green,WR,North Carolina,6-2,199.0,4.47,33.5,,123.0,6.99,4.27,True,7.0,219.0,antoine green,2022.0,,,,,,,,,,,,,,,20.0,20.0,1.0,0.0,20.0,,,,,,,,,,,,,,,,,,,,,,,,,,80.0,43.0,7.0,798.0,18.6,,,,,
2023,jovaughn gwyn,OG,South Carolina,6-2,297.0,5.12,27.5,,109.0,7.9,4.8,False,,,jovaughn gwyn,,,,,,,,,,,,,,,,,,,,,,,,,,,,,,,,,,,,,,,,,,,,,,,,,,,,,,,
2023,jake haener,QB,Fresno St.,6-0,207.0,,35.0,,114.0,7.01,,True,4.0,127.0,jake haener,2022.0,,,,,,,,2.0,2.0,0.0,,,,,,,,,,,,,,,,,349.0,251.0,3.0,0.719,20.0,2888.0,8.3,,,,,,,,,,,,,,,,,45.0,10.0,2.0,,
2023,derick hall,EDGE,Auburn,6-3,254.0,4.55,33.5,,127.0,,,True,2.0,37.0,derick hall,2022.0,0.0,7.0,6.5,41.0,0.0,11.5,60.0,0.0,0.0,4.0,19.0,1.0,0.0,19.0,,,,,,,,,,,,,,,,,,,,,,,,,,,,,,,,,,,,,,,,
2023,jaren hall,QB,BYU,6-0,207.0,,,,,,,True,5.0,164.0,jaren hall,2022.0,,,,,,,,5.0,1.0,0.0,,,,,,,,,,,,,,,,,376.0,248.0,6.0,0.66,31.0,3171.0,8.4,,,,,,,,,,,,22.0,3.0,1.0,36.0,12.0,86.0,48.0,3.0,346.0,4.0
2023,nick hampton,EDGE,Appalachian St.,6-2,236.0,4.58,35.5,,120.0,,,True,5.0,161.0,nick hampton,2022.0,1.0,3.0,8.0,20.0,0.0,10.5,39.0,0.0,0.0,2.0,,,,,,,,,,,,,,,,,,,,,,,,,,,,,,,,,,,,,,,,,,,,
2023,anton harrison,OT,Oklahoma,6-4,315.0,4.98,28.5,,105.0,,,True,1.0,27.0,anton harrison,2021.0,,,,,,,,,,,,,,,,,,,,,,,,,,,,,,,,,,,,,,,,,,,,,,,,,,0.0,5.0,0.0,5.0,0.0
2023,zach harrison,EDGE,Ohio St.,6-6,274.0,,,25.0,,,,True,3.0,75.0,zach harrison,2022.0,4.0,6.0,3.5,18.0,0.0,7.0,31.0,,,,2.0,1.0,0.0,2.0,,,,,,,,,,,,,,,,,,,,,,,,,,,,,,,,,,,,,,,,
2023,jadon haselwood,WR,Arkansas,6-2,215.0,4.66,37.0,,123.0,6.98,4.31,False,,,jadon haselwood,2022.0,,,,,,,,2.0,1.0,0.0,,,,,,,,,,,,,,,,,,,,,,,,,,,,,,,,,,,68.0,59.0,3.0,702.0,11.9,8.0,8.0,0.0,7.0,0.9
2023,ryan hayes,OT,Michigan,6-6,298.0,5.18,30.0,,103.0,7.39,,True,7.0,238.0,ryan hayes,,,,,,,,,,,,,,,,,,,,,,,,,,,,,,,,,,,,,,,,,,,,,,,,,,,,,,,
2023,malik heath,WR,Mississippi,6-2,213.0,4.64,34.0,,124.0,6.96,4.46,False,,,malik heath,2022.0,0.0,0.0,0.0,1.0,0.0,0.0,1.0,,,,,,,,,,,,,,,,,,,,,,,,,,,,,,,,,,,,,,53.0,60.0,5.0,971.0,16.2,,,,,
2023,demarcco hellams,DB,Alabama,6-1,203.0,4.57,31.0,,121.0,,,True,7.0,224.0,demarcco hellams,2022.0,7.0,0.0,1.0,59.0,0.0,3.0,95.0,0.0,0.0,2.0,0.0,1.0,0.0,0.0,,,,,,,,,,,,,,,,,,,,,,,,,,,,,,,,,,,,,,,,
2023,daiyan henley,LB,Washington St.,6-1,225.0,4.54,35.0,,125.0,,,True,3.0,85.0,daiyan henley,2022.0,1.0,3.0,4.0,54.0,0.0,12.0,106.0,0.0,0.0,4.0,11.0,1.0,0.0,11.0,,,,,,,,,,,,,,,,,,,,,,,,,,,,,,,36.0,1.0,0.0,36.0,36.0,,,,,
2023,kj henry,EDGE,Clemson,6-4,251.0,4.63,31.5,,112.0,,,False,,,kj henry,2022.0,6.0,12.0,3.5,26.0,0.0,9.0,49.0,0.0,0.0,1.0,,,,,,,,,,,,,,,,,,,,,,,,,,,,,,,,,,,,,,,,,,,,
2023,nick herbig,EDGE,Wisconsin,6-2,240.0,4.65,,25.0,,,,True,4.0,132.0,nick herbig,2022.0,2.0,2.0,11.0,32.0,0.0,15.5,47.0,,,,,,,,,,,,,,,,,,,,,,,,,,,,,,,,,,,,,,,,,,,,,,,
2023,shaka heyward,LB,Duke,6-3,235.0,4.53,31.0,22.0,116.0,7.32,4.4,False,,,shaka heyward,2022.0,6.0,1.0,2.0,48.0,0.0,6.0,93.0,0.0,0.0,2.0,4.0,2.0,0.0,8.0,,,,,,,,,,,,,,,,,,,,,,,,,,,,,,,,,,,,,,,,
2023,ronnie hickman,DB,Ohio St.,6-1,203.0,,,,,,,False,,,ronnie hickman,2022.0,6.0,1.0,0.0,24.0,0.0,1.5,51.0,,,,8.0,1.0,0.0,8.0,,,,,,,,,,,,,,,,,,,,,,,,,,,,,,,,,,,,,,,,
2023,elijah higgins,WR,Stanford,6-3,235.0,4.54,35.0,,126.0,7.01,,True,6.0,197.0,elijah higgins,2022.0,,,,,,,,2.0,1.0,0.0,,,,,,,,,,,,,,,,,,,,,,,,,,,,,,,,,,,51.0,59.0,2.0,704.0,11.9,4.0,18.0,0.0,48.0,12.0
2023,brandon hill,DB,Pittsburgh,5-10,193.0,4.43,35.5,15.0,123.0,,,True,7.0,248.0,brandon hill,2022.0,2.0,0.0,0.0,39.0,0.0,0.5,66.0,0.0,0.0,2.0,,,,,,,,,,,,,,,,,,,,,,,,,,,,,,,,,,,,,,,,,,,,
2023,tre'vius hodges-tomlinson,CB,TCU,5-8,178.0,4.41,39.0,12.0,132.0,,,True,6.0,182.0,trevius hodgestomlinson,2022.0,11.0,0.0,0.0,33.0,0.0,2.0,40.0,,,,6.7,3.0,0.0,20.0,,,,,,,,,,,,,,,,,,,,,,,,,,,,,,,,,,,,,,,,
2023,hendon hooker,QB,Tennessee,6-3,217.0,,,,,,,True,3.0,68.0,hendon hooker,2022.0,,,,,,,,6.0,3.0,0.0,,,,,,,,,,,,,,,,,329.0,229.0,2.0,0.696,27.0,3135.0,9.5,,,,,,,,,,,,,,,,,104.0,44.0,5.0,430.0,4.1
2023,dylan horton,EDGE,TCU,6-4,257.0,,34.0,18.0,120.0,,,True,4.0,109.0,dylan horton,2022.0,3.0,6.0,10.0,25.0,0.0,13.5,39.0,,,,,,,,,,,,,,,,,,,,,,,,,,,,,,,,,,,,,,,,,,,,,,,
2023,jordan howden,DB,Minnesota,6-0,203.0,4.49,33.5,14.0,119.0,,,True,5.0,146.0,jordan howden,2022.0,4.0,0.0,0.0,34.0,0.0,2.5,51.0,,,,0.0,2.0,0.0,0.0,,,,,,,,,,,,,,,,,,,,,,,,,,,,,,,,,,,,,,,,
2023,evan hull,RB,Northwestern,5-10,209.0,4.47,37.0,,123.0,6.9,4.38,False,,,evan hull,2022.0,,,,,,,,3.0,2.0,0.0,,,,,20.1,25.0,9.0,0.0,181.0,,,,,,,,,,,,,,,,,,,,,,,,,,45.0,55.0,2.0,546.0,9.9,221.0,29.0,5.0,913.0,4.1
2023,xavier hutchinson,WR,Iowa St.,6-2,203.0,4.53,36.0,,116.0,6.91,4.35,True,6.0,205.0,xavier hutchinson,2022.0,,,,,,,,,,,,,,,0.0,0.0,1.0,0.0,0.0,,,,,,,,1.0,0.0,0.0,0.0,0.0,0.0,0.0,,,,,,,,,,,,38.0,107.0,6.0,1171.0,10.9,,,,,
2023,jalin hyatt,WR,Tennessee,6-0,176.0,4.4,40.0,,135.0,,,True,3.0,73.0,jalin hyatt,2022.0,,,,,,,,,,,,,,,,,,,,,,,,,,,,,,,,,,,,,,,,,,,,,78.0,67.0,15.0,1267.0,18.9,1.0,0.0,0.0,0.0,0.0
2023,mohamed ibrahim,RB,Minnesota,5-8,203.0,,,,,,,False,,,mohamed ibrahim,2022.0,0.0,0.0,0.0,1.0,0.0,0.0,1.0,2.0,2.0,0.0,,,,,,,,,,,,,,,,,,,,,,,,,,,,,,,,,,,17.0,7.0,0.0,50.0,7.1,320.0,54.0,20.0,1665.0,5.2
2023,andre carter ii,EDGE,Army,6-7,256.0,,30.0,11.0,109.0,,4.36,False,,,andre carter,2023.0,3.0,3.0,2.0,27.0,0.0,11.0,49.0,,,,,,,,,,,,,,,,,,,,,,,,,,,,,,,,,,,,,,,,,,,,,,,
2023,jason taylor ii,DB,Oklahoma St.,6-0,204.0,4.5,43.0,14.0,129.0,,,False,,,jason taylor,2022.0,7.0,0.0,0.0,72.0,0.0,2.0,87.0,0.0,0.0,1.0,7.3,6.0,0.0,44.0,,,,,,,,,,,,,,,,,,,,,,,,,,,,,,,,,,,,,,,,
2023,mark evans ii,OT,University of Arkansas at Pine Bluff,6-3,303.0,5.44,26.5,,101.0,7.75,4.92,False,,,mark evans,2021.0,0.0,0.0,0.0,1.0,0.0,0.0,1.0,,,,,,,,,,,,,,,,,,,,,,,,,,,,,,,,,,,,,,,,,,,,,,,
2023,rashad torrence ii,DB,Florida,6-0,193.0,4.72,33.5,20.0,119.0,,,False,,,rashad torrence,2022.0,1.0,1.0,0.0,46.0,0.0,0.0,76.0,0.0,0.0,2.0,,,,,,,,,,,,,,,,,,,,,,,,,,,,,,,,,,,,,,,,,,,,
2023,trey dean iii,DB,Florida,6-2,200.0,4.75,36.5,25.0,124.0,,,False,,,trey dean,2022.0,4.0,1.0,0.5,44.0,0.0,3.5,77.0,0.0,0.0,4.0,,,,,,,,,,,,,,,,,,,,,,,,,,,,,,,,,,,,,,,,,,,,
2023,clark phillips iii,CB,Utah,5-9,184.0,4.51,33.0,18.0,,,4.32,True,4.0,113.0,clark phillips,2022.0,6.0,0.0,1.0,15.0,2.0,2.0,23.0,,,,23.7,6.0,2.0,142.0,,,,,,,,,,,,,,,,,,,,,,,,,,,,,,,,,,,,,,,,
2023,siaki ika,DT,Baylor,6-3,335.0,5.39,,,,7.8,4.99,True,3.0,98.0,siaki ika,2022.0,2.0,5.0,0.0,10.0,0.0,2.0,23.0,,,,,,,,,,,,,,,,,,,,,,,,,,,,,,,,,,,,,,,,,,,,,,,
2023,thomas incoom,EDGE,Central Michigan,6-2,262.0,4.66,30.5,23.0,118.0,,,False,,,thomas incoom,2022.0,0.0,4.0,10.5,32.0,0.0,19.0,58.0,0.0,0.0,2.0,,,,,,,,,,,,,,,,,,,,,,,,,,,,,,,,,,,,,,,,,,,,
2023,andrei iosivas,WR,Princeton,6-3,205.0,4.43,39.0,19.0,128.0,6.85,4.12,False,,,andrei iosivas,2022.0,,,,,,,,1.0,0.0,0.0,,,,,,,,,,,,,,,,,,,,,,,,,,,,,,,,,,,65.0,66.0,7.0,943.0,14.3,4.0,12.0,0.0,10.0,2.5
2023,will mcdonald iv,EDGE,Iowa St.,6-4,239.0,,36.0,,132.0,,,False,,,will mcdonald,2022.0,4.0,7.0,5.0,23.0,0.0,7.5,36.0,0.0,0.0,2.0,,,,,,,,,,,,,,,,,,,,,,,,,,,,,,,,,,,,,,,,,,,,
2023,kearis jackson,WR,Georgia,5-11,196.0,4.55,,,126.0,,,False,,,kearis jackson,2022.0,,,,,,,,,,,,,,,22.0,36.0,17.0,0.0,374.0,,,,,,,,,,,,,,,17.0,28.0,3.0,0.0,51.0,,,,,,,35.0,21.0,0.0,320.0,15.2,1.0,0.0,0.0,,
2023,rakim jarrett,WR,Maryland,6-0,192.0,4.44,35.5,13.0,123.0,,,False,,,rakim jarrett,2022.0,0.0,0.0,0.0,1.0,0.0,0.0,2.0,,,,,,,,,,,,,,,,,,,,,,,,,,,,,,,,,,,,,,49.0,40.0,3.0,471.0,11.8,3.0,10.0,0.0,15.0,5.0
2023,michael jefferson,WR,Louisiana,6-4,199.0,4.56,37.0,16.0,133.0,7.03,4.56,False,,,michael jefferson,2022.0,0.0,0.0,0.0,3.0,0.0,0.0,5.0,1.0,1.0,2.0,,,,,,,,,,,,,,,,,,,,,,,,,,,,,,,,,,,63.0,51.0,7.0,810.0,15.9,,,,,
2023,jaray jenkins,WR,LSU,6-2,204.0,4.6,29.5,20.0,,,,False,,,jaray jenkins,2022.0,0.0,0.0,0.0,5.0,0.0,0.0,8.0,,,,,,,,,,,,,,,,,,,,,,,,,,,,,,,,,,,,,,54.0,27.0,6.0,404.0,15.0,,,,,
2023,cj johnson,WR,East Carolina,6-2,224.0,,,,,,,False,,,cj johnson,2023.0,,,,,,,,,,,,,,,,,,,,,,,,,,,,,,,,,,,,,,,,,,,,,11.0,4.0,0.0,32.0,8.0,,,,,
2023,dj johnson,EDGE,Oregon,6-4,260.0,4.49,32.0,28.0,110.0,,,False,,,dj johnson,2023.0,1.0,0.0,0.0,2.0,0.0,1.0,2.0,,,,2.3,3.0,0.0,7.0,,,,,,,,,,,,,,,,,,,,,,,,,,,,,,,,,,,,,,,,
2023,anthony johnson,CB,Virginia,6-2,205.0,4.63,30.5,15.0,116.0,,,False,,,anthony johnson,2023.0,10.0,0.0,0.0,52.0,0.0,4.0,76.0,2.0,2.0,4.0,6.0,8.0,0.0,24.0,,,,,,,,,,,,,2.0,0.0,0.0,0.0,0.0,0.0,0.0,,,,,,,,,,,,136.0,208.0,6.0,1428.0,13.8,2.0,0.0,0.0,,
2023,antonio johnson,DB,Texas A&M,6-2,198.0,4.52,31.0,8.0,118.0,,,True,5.0,160.0,antonio johnson,2023.0,0.0,0.0,0.0,0.0,0.0,0.0,1.0,,,,,,,,,,,,,,,,,,,,,,,,,,,,,,,,,,,,,,34.0,9.0,1.0,100.0,11.1,,,,,
2023,roschon johnson,RB,Texas,6-0,219.0,4.58,31.5,,122.0,,,True,4.0,115.0,roschon johnson,2022.0,0.0,0.0,0.0,5.0,0.0,0.0,7.0,1.0,1.0,0.0,,,,,19.5,24.0,2.0,0.0,39.0,,,,,,,,,,,,,,,,,,,,,,,,,,38.0,14.0,1.0,128.0,9.1,93.0,52.0,5.0,554.0,6.0
2023,quentin johnston,WR,TCU,6-3,208.0,,40.5,,134.0,,,True,1.0,21.0,quentin johnston,2022.0,,,,,,,,1.0,1.0,0.0,,,,,,,,,,,,,,,,,,,,,,,,,,,,,,,,,,,76.0,60.0,6.0,1069.0,17.8,3.0,2.0,0.0,,
2023,broderick jones,OT,Georgia,6-5,311.0,4.97,30.0,,108.0,,,True,1.0,14.0,broderick jones,,,,,,,,,,,,,,,,,,,,,,,,,,,,,,,,,,,,,,,,,,,,,,,,,,,,,,,
2023,cam jones,LB,Indiana,6-1,226.0,4.69,33.0,17.0,,,,False,,,cam jones,2022.0,1.0,2.0,1.0,24.0,0.0,3.0,54.0,0.0,0.0,1.0,,,,,,,,,,,,,,,,,,,,,,,,,,,,,,,,,,,,,,,,,,,,
2023,charlie jones,WR,Purdue,5-11,175.0,4.43,36.5,13.0,124.0,,,True,4.0,131.0,charlie jones,2022.0,,,,,,,,1.0,1.0,0.0,,,,,15.6,19.0,5.0,0.0,78.0,,,,,,,,,,,,,,,6.3,40.0,18.0,0.0,114.0,,,,,,,60.0,110.0,12.0,1361.0,12.4,2.0,2.0,0.0,3.0,1.5
2023,dawand jones,OT,Ohio St.,6-8,374.0,5.35,,,,,,True,4.0,111.0,dawand jones,,,,,,,,,,,,,,,,,,,,,,,,,,,,,,,,,,,,,,,,,,,,,,,,,,,,,,,
2023,jaylon jones,CB,Texas A&M,6-2,200.0,4.57,38.0,14.0,122.0,6.88,4.3,True,7.0,221.0,jaylon jones,2022.0,9.0,0.0,0.0,36.0,0.0,0.0,45.0,0.0,0.0,2.0,,,,,,,,,,,,,,,,,,,,,,,,,,,,,,,,,,,,,,,,,,,,
2023,nic jones,CB,Ball St.,6-0,189.0,4.51,34.5,,122.0,,4.34,True,7.0,250.0,nic jones,2022.0,12.0,0.0,0.0,15.0,0.0,0.0,22.0,,,,6.0,2.0,0.0,12.0,13.5,18.0,2.0,0.0,27.0,,,,,,,,,,,,,,,,,,,,,,,,,,,,,,,,,,,
2023,tyreque jones,DB,Boise St.,6-2,195.0,4.52,32.0,,119.0,,4.48,False,,,tyreque jones,2022.0,3.0,0.0,0.0,18.0,0.0,4.5,33.0,,,,0.0,1.0,0.0,0.0,,,,,,,,,,,,,,,,,,,,,,,,,,,,,,,,,,,,,,,,
2023,brandon joseph,DB,Notre Dame,6-0,202.0,4.62,30.5,17.0,118.0,7.08,4.23,False,,,brandon joseph,2022.0,1.0,1.0,0.0,15.0,1.0,0.0,30.0,,,,29.0,1.0,1.0,29.0,,,,,,,,,,,,,,,,,,,,9.9,20.0,18.0,0.0,179.0,,,,,,,,,,,,,,,,
2023,andre jones jr.,EDGE,Louisiana,6-5,248.0,,29.0,,116.0,,,False,,,andre jones,2022.0,1.0,2.0,6.5,21.0,0.0,7.5,48.0,,,,0.0,1.0,0.0,0.0,,,,,,,,,,,,,,,,,,,,,,,,,,,,,,,,,,,,,,,,
2023,anthony johnson jr.,DB,Iowa St.,6-0,205.0,4.54,37.5,,125.0,,,False,,,anthony johnson,2023.0,10.0,0.0,0.0,52.0,0.0,4.0,76.0,2.0,2.0,4.0,6.0,8.0,0.0,24.0,,,,,,,,,,,,,2.0,0.0,0.0,0.0,0.0,0.0,0.0,,,,,,,,,,,,136.0,208.0,6.0,1428.0,13.8,2.0,0.0,0.0,,
2023,chris rodriguez jr.,RB,Kentucky,6-0,217.0,,,,,,,False,,,chris rodriguez,2022.0,,,,,,,,1.0,1.0,0.0,,,,,,,,,,,,,,,,,,,,,,,,,,,,,,,,,,,17.0,5.0,0.0,41.0,8.2,174.0,72.0,6.0,903.0,5.2
2023,viliami fehoko jr.,DE,San Jose St.,6-4,276.0,,,24.0,,,,False,,,viliami fehoko,2019.0,0.0,0.0,0.0,1.0,0.0,0.0,4.0,,,,,,,,,,,,,,,,,,,,,,,,,,,,,,,,,,,,,,,,,,,,,,,
2023,will anderson jr.,EDGE,Alabama,6-4,253.0,4.6,,,,,,True,1.0,3.0,will anderson,2022.0,1.0,12.0,10.0,24.0,1.0,17.0,51.0,,,,25.0,1.0,1.0,25.0,,,,,,,,,,,,,,,,,,,,,,,,,,,,,,,,,,,,,,,,
2023,earl bostick jr.,OT,Kansas,6-6,309.0,5.05,31.0,,111.0,,,False,,,earl bostick,2022.0,0.0,0.0,0.0,2.0,0.0,0.0,2.0,,,,,,,,,,,,,,,,,,,,,,,,,,,,,,,,,,,,,,,,,,,,,,,
2023,dontay demus jr.,WR,Maryland,6-3,212.0,4.57,35.5,,123.0,,4.39,False,,,dontay demus,2022.0,,,,,,,,,,,,,,,,,,,,,,,,,,,,,,,,,,,,,,,,,,,,,35.0,22.0,1.0,233.0,10.6,,,,,
2023,emil ekiyor jr.,OG,Alabama,6-3,314.0,,,,,,,False,,,emil ekiyor,,,,,,,,,,,,,,,,,,,,,,,,,,,,,,,,,,,,,,,,,,,,,,,,,,,,,,,
2023,paris johnson jr.,OT,Ohio St.,6-6,313.0,,,,110.0,,,True,1.0,6.0,paris johnson,,,,,,,,,,,,,,,,,,,,,,,,,,,,,,,,,,,,,,,,,,,,,,,,,,,,,,,
2023,darrell luter jr.,CB,South Alabama,6-0,189.0,4.46,40.5,,123.0,6.9,4.43,True,5.0,155.0,darrell luter,2022.0,5.0,1.0,0.0,25.0,0.0,0.5,37.0,1.0,1.0,0.0,21.0,1.0,0.0,21.0,,,,,,,,,,,,,,,,,,,,,,,,,,,,,,,,,,,,,,,,
2023,ivan pace jr.,LB,Cincinnati,5-11,231.0,,,,,,,False,,,ivan pace,2022.0,4.0,7.0,10.0,49.0,0.0,20.5,121.0,,,,,,,,,,,,,,,,,,,,,,,,,,,,,,,,,,,,,,,,,,,,,,,
2023,joey porter jr.,CB,Penn St.,6-3,193.0,4.46,35.0,17.0,129.0,,,True,2.0,32.0,joey porter,2022.0,8.0,1.0,0.0,21.0,0.0,0.0,27.0,0.0,0.0,2.0,,,,,,,,,,,,,,,,,,,,,,,,,,,,,,,,,,,,,,,,,,,,
2023,calijah kancey,DT,Pittsburgh,6-1,281.0,4.67,,,,,,True,1.0,19.0,calijah kancey,2022.0,0.0,10.0,7.5,19.0,0.0,14.0,29.0,,,,,,,,,,,,,,,,,,,,,,,,,,,,,,,,,,,,,,,,,,,,,,,
2023,kyu blu kelly,CB,Stanford,6-0,191.0,4.52,36.0,,131.0,,,False,,,kyu blu kelly,2022.0,6.0,0.0,0.0,25.0,0.0,0.0,34.0,,,,,,,,,,,,,,,,,,,,,,,,,,,,,,,,,,,,,,,,,,,,,,,
2023,dalton kincaid,TE,Utah,6-4,246.0,,,,,,,True,1.0,25.0,dalton kincaid,2022.0,0.0,0.0,0.0,1.0,0.0,0.0,1.0,,,,,,,,,,,,,,,,,,,,,,,,,,,,,,,,,,,,,,37.0,70.0,8.0,890.0,12.7,,,,,
2023,jaxson kirkland,OG,Washington,6-7,321.0,,,,,,,False,,,jaxson kirkland,2020.0,0.0,0.0,0.0,1.0,0.0,0.0,1.0,,,,,,,,,,,,,,,,,,,,,,,,,,,,,,,,,,,,,,,,,,,,,,,
2023,malik knowles,WR,Kansas St.,6-2,196.0,,,,,,,False,,,malik knowles,2022.0,,,,,,,,2.0,1.0,0.0,,,,,25.7,69.0,23.0,0.0,592.0,,,,,,,,1.0,1.0,0.0,1.0,0.0,11.0,11.0,,,,,,,,,,,,68.0,48.0,2.0,725.0,15.1,8.0,75.0,3.0,164.0,20.5
2023,adam korsak,P,Rutgers,6-1,187.0,,,,,,,False,,,adam korsak,2022.0,,,,,,,,,,,,,,,,,,,,,,,,,,,,,,,,,,,,,,,33.0,77.0,75.0,2.0,3297.0,44.0,,,,,,,,,,
2023,tucker kraft,TE,South Dakota St.,6-5,254.0,,34.0,23.0,122.0,7.08,4.29,False,,,tucker kraft,2022.0,,,,,,,,,,,,,,,30.0,30.0,1.0,0.0,30.0,,,,,,,,,,,,,,,,,,,,,,,,,,57.0,22.0,2.0,289.0,13.1,2.0,3.0,0.0,6.0,3.0
2023,zack kuntz,TE,Old Dominion,6-7,255.0,,40.0,23.0,128.0,6.87,4.12,False,,,zack kuntz,2022.0,0.0,0.0,0.0,1.0,0.0,0.0,1.0,,,,,,,,,,,,,,,,,,,,,,,,,,,,,,,,,,,,,,34.0,12.0,2.0,144.0,12.0,,,,,
2023,tyler lacy,DE,Oklahoma St.,6-4,279.0,5.11,28.5,30.0,116.0,7.6,,True,4.0,130.0,tyler lacy,2022.0,1.0,4.0,3.0,12.0,0.0,8.5,27.0,0.0,0.0,1.0,,,,,,,,,,,,,,,,,,,,,,,,,,,,,,,,,,,,,,,,,,,,
2023,brent laing,OG,Duluth/University of Minnesota,6-4,304.0,,,,,,,False,,,brent laing,,,,,,,,,,,,,,,,,,,,,,,,,,,,,,,,,,,,,,,,,,,,,,,,,,,,,,,
2023,isaiah land,EDGE,Florida A&M,6-4,236.0,4.62,34.5,21.0,126.0,7.2,4.56,False,,,isaiah land,2022.0,,,,,,,,0.0,0.0,1.0,,,,,,,,,,,,,,,,,,,,,,,,,,,,,,,,,,,,,,,,,,,,
2023,matt landers,WR,Arkansas,6-4,200.0,4.37,37.0,,130.0,,,False,,,matt landers,2022.0,,,,,,,,,,,,,,,,,,,,,,,,,,,,,,,,,,,,,,,,,,,,,59.0,47.0,8.0,901.0,19.2,2.0,15.0,0.0,21.0,10.5
2023,sam laporta,TE,Iowa,6-3,245.0,,35.0,,123.0,6.91,4.25,True,2.0,34.0,sam laporta,2022.0,0.0,0.0,0.0,2.0,0.0,0.0,2.0,,,,,,,,,,,,,,,,,,,,,,,,,,,,,,,,,,,,,,58.0,58.0,1.0,656.0,11.3,2.0,6.0,0.0,6.0,3.0
2023,cameron latu,TE,Alabama,6-4,242.0,,,,,,,True,3.0,101.0,cameron latu,2022.0,,,,,,,,,,,,,,,,,,,,,,,,,,,,,,,,,,,,,,,,,,,,,38.0,30.0,4.0,377.0,12.6,,,,,
2023,eku leota,EDGE,Auburn,6-3,252.0,,,,,,,False,,,eku leota,2019.0,0.0,0.0,0.5,0.0,0.0,0.5,1.0,,,,,,,,,,,,,,,,,,,,,,,,,,,,,,,,,,,,,,,,,,,,,,,
2023,will levis,QB,Kentucky,6-4,229.0,,34.0,,124.0,,,True,2.0,33.0,will levis,2022.0,0.0,0.0,0.0,2.0,0.0,0.0,2.0,3.0,2.0,0.0,,,,,,,,,,,,,,,,,283.0,185.0,10.0,0.654,19.0,2406.0,8.5,,,,,,,,,,,,,,,,,73.0,24.0,2.0,,
2023,hunter luepke,FB,North Dakota St.,6-1,230.0,,,,,,,False,,,hunter luepke,2022.0,,,,,,,,2.0,0.0,0.0,,,,,,,,,,,,,,,,,,,,,,,,,,,,,,,,,,,31.0,14.0,4.0,196.0,14.0,98.0,47.0,9.0,619.0,6.3
2023,will mallory,TE,Miami,6-5,239.0,,36.5,20.0,121.0,,,True,5.0,162.0,will mallory,2022.0,0.0,0.0,0.0,1.0,0.0,0.0,1.0,1.0,1.0,0.0,,,,,,,,,,,,,,,,,,,,,,,,,,,,,,,,,,,39.0,42.0,3.0,538.0,12.8,,,,,
2023,tashawn manning,OG,Kentucky,6-3,327.0,5.34,27.5,,102.0,7.9,4.8,False,,,tashawn manning,,,,,,,,,,,,,,,,,,,,,,,,,,,,,,,,,,,,,,,,,,,,,,,,,,,,,,,
2023,jartavius martin,DB,Illinois,5-11,194.0,4.46,44.0,15.0,133.0,,,True,2.0,47.0,jartavius martin,2022.0,11.0,1.0,1.0,47.0,0.0,3.0,59.0,,,,0.0,3.0,0.0,0.0,,,,,,,,,,,,,,,,,,,,,,,,,,,,,,,,,,,,,,,,
2023,ochaun mathis,EDGE,Nebraska,6-5,250.0,4.74,33.5,21.0,118.0,,4.38,True,6.0,189.0,ochaun mathis,2022.0,2.0,6.0,3.5,24.0,0.0,5.0,50.0,,,,,,,,,,,,,,,,,,,,,,,,,,,,,,,,,,,,,,,,,,,,,,,
2023,cody mauch,OT,North Dakota St.,6-5,302.0,5.08,29.0,,108.0,7.33,4.55,False,,,cody mauch,,,,,,,,,,,,,,,,,,,,,,,,,,,,,,,,,,,,,,,,,,,,,,,,,,,,,,,
2023,michael mayer,TE,Notre Dame,6-5,249.0,,32.5,,118.0,,,True,2.0,35.0,michael mayer,2022.0,0.0,0.0,0.0,1.0,0.0,0.0,1.0,1.0,0.0,0.0,,,,,,,,,,,,,,,,,,,,,,,,,,,,,,,,,,,37.0,67.0,9.0,809.0,12.1,,,,,
2023,dewayne mcbride,RB,Alabama-Birmingham,5-10,209.0,,,,,,,False,,,dewayne mcbride,2022.0,,,,,,,,5.0,4.0,0.0,,,,,,,,,,,,,,,,,,,,,,,,,,,,,,,,,,,6.0,2.0,0.0,10.0,5.0,233.0,68.0,19.0,1710.0,7.3
2023,warren mcclendon,OT,Georgia,6-4,306.0,,,,,,,True,5.0,174.0,warren mcclendon,2020.0,0.0,0.0,0.0,4.0,0.0,0.0,4.0,,,,,,,,,,,,,,,,,,,,,,,,,,,,,,,,,,,,,,,,,,,,,,,
2023,jordan mcfadden,OG,Clemson,6-2,303.0,4.99,28.5,,,7.7,4.81,True,5.0,156.0,jordan mcfadden,2020.0,0.0,1.0,0.0,0.0,0.0,0.0,0.0,,,,,,,,,,,,,,,,,,,,,,,,,,,,,,,,,,,,,,,,,,,,,,,
2023,isaiah mcguire,DE,Missouri,6-4,268.0,4.76,36.5,,122.0,7.39,,True,4.0,126.0,isaiah mcguire,2022.0,0.0,4.0,7.0,24.0,0.0,13.0,39.0,,,,,,,,,,,,,,,,,,,,,,,,,,,,,,,,,,,,,,,,,,,,,,,
2023,kenny mcintosh,RB,Georgia,6-0,204.0,4.62,,,,,,True,7.0,237.0,kenny mcintosh,2022.0,,,,,,,,2.0,1.0,0.0,,,,,,,,,,,,,,,,,,,,,,,,,,,,,,,,,,,83.0,43.0,2.0,504.0,11.7,150.0,52.0,10.0,829.0,5.5
2023,tanner mckee,QB,Stanford,6-6,231.0,,33.0,,114.0,7.22,4.41,True,6.0,188.0,tanner mckee,2022.0,0.0,0.0,0.0,1.0,0.0,0.0,1.0,3.0,2.0,0.0,,,,,,,,,,,,,,,,,426.0,264.0,8.0,0.62,13.0,2947.0,6.9,,,,,,,,,,,,,,,,,74.0,19.0,2.0,,
2023,kaevon merriweather,DB,Iowa,6-0,205.0,4.62,35.5,,118.0,,,False,,,kaevon merriweather,2022.0,3.0,1.0,0.0,36.0,0.0,2.0,47.0,0.0,0.0,2.0,11.0,3.0,0.0,33.0,,,,,,,,,,,,,,,,,,,,,,,,,,,,,,,,,,,,,,,,
2023,kendre miller,RB,TCU,5-11,215.0,,,,,,,True,3.0,71.0,kendre miller,2022.0,,,,,,,,1.0,0.0,0.0,,,,,,,,,,,,,,,,,,,,,,,,,,,,,,,,,,,21.0,16.0,0.0,116.0,7.3,224.0,75.0,17.0,1399.0,6.2
2023,ventrell miller,LB,Florida,6-0,232.0,,,,,,,True,4.0,121.0,ventrell miller,2022.0,2.0,7.0,0.0,34.0,0.0,9.0,75.0,0.0,0.0,1.0,,,,,,,,,,,,,,,,,,,,,,,,,,,,,,,,,,,,,,,,,,,,
2023,marvin mims,WR,Oklahoma,5-11,183.0,4.38,39.5,,129.0,6.9,,True,2.0,63.0,marvin mims,2022.0,0.0,0.0,0.0,1.0,0.0,0.0,1.0,1.0,1.0,0.0,,,,,38.0,38.0,1.0,0.0,38.0,,,,,,,,,,,,,,,14.5,41.0,11.0,0.0,160.0,,,,,,,77.0,54.0,6.0,1083.0,20.1,2.0,4.0,0.0,3.0,1.5
2023,jonathan mingo,WR,Mississippi,6-2,220.0,4.46,39.5,22.0,129.0,,,True,2.0,39.0,jonathan mingo,2022.0,,,,,,,,1.0,1.0,0.0,,,,,,,,,,,,,,,,,,,,,,,,13.0,13.0,1.0,0.0,13.0,,,,,,,72.0,51.0,5.0,862.0,16.9,4.0,2.0,1.0,,
2023,cameron mitchell,CB,Northwestern,5-11,191.0,4.47,35.0,15.0,,,,True,5.0,142.0,cameron mitchell,2022.0,7.0,1.0,1.0,38.0,0.0,2.5,52.0,0.0,0.0,2.0,16.0,1.0,0.0,16.0,,,,,,,,,,,,,,,,,,,,,,,,,,,,,,,,,,,,,,,,
2023,keaton mitchell,RB,East Carolina,5-8,179.0,4.37,38.0,,126.0,,,False,,,keaton mitchell,2022.0,,,,,,,,,,,,,,,26.6,57.0,5.0,0.0,133.0,,,,,,,,,,,,,,,,,,,,,,,,,,73.0,27.0,1.0,252.0,9.3,201.0,81.0,14.0,1452.0,7.2
2023,jake moody,K,Michigan,6-1,209.0,,,,,,,True,3.0,99.0,jake moody,2022.0,0.0,0.0,0.0,1.0,0.0,0.0,3.0,,,,,,,,,,,,,35.0,29.0,59.0,0.829,147.0,60.0,60.0,,,,,,,,,,,,,,,,,,,,,,,,,,,,
2023,isaiah moore,LB,North Carolina St.,6-2,233.0,,,26.0,,,,False,,,isaiah moore,2022.0,3.0,6.0,3.0,37.0,0.0,13.5,71.0,,,,,,,,,,,,,,,,,,,,,,,,,,,,,,,,,,,,,,,,,,,,,,,
2023,jalen moreno-cropper,WR,Fresno St.,5-11,172.0,4.4,,,121.0,,,False,,,jalen morenocropper,,,,,,,,,,,,,,,,,,,,,,,,,,,,,,,,,,,,,,,,,,,,,,,,,,,,,,,
2023,mike morris,DE,Michigan,6-5,275.0,4.95,28.5,22.0,110.0,,,True,5.0,151.0,mike morris,2022.0,2.0,4.0,7.0,14.0,0.0,10.5,21.0,,,,,,,,,,,,,,,,,,,,,,,,,,,,,,,,,,,,,,,,,,,,,,,
2023,wanya morris,OT,Oklahoma,6-5,307.0,5.1,28.5,,111.0,,,True,3.0,92.0,wanya morris,,,,,,,,,,,,,,,,,,,,,,,,,,,,,,,,,,,,,,,,,,,,,,,,,,,,,,,
2023,riley moss,CB,Iowa,6-1,193.0,4.45,39.0,,127.0,,,True,3.0,83.0,riley moss,2022.0,10.0,1.0,0.0,30.0,0.0,1.0,45.0,,,,0.0,1.0,0.0,0.0,23.3,31.0,4.0,0.0,93.0,,,,,,,,,,,,,,,,,,,,,,,,,,,,,,,,,,,
2023,caleb murphy,EDGE,Ferris St.,6-3,254.0,4.81,28.5,,119.0,7.28,4.45,False,,,caleb murphy,2019.0,0.0,0.0,0.0,1.0,0.0,0.0,1.0,,,,,,,,,,,,,,,,,,,,,,,,,,,,,,,,,,,,,,,,,,,,,,,
2023,myles murphy,EDGE,Clemson,6-5,268.0,,,25.0,,,,True,1.0,28.0,myles murphy,2023.0,0.0,2.0,1.0,15.0,0.0,4.5,24.0,0.0,0.0,1.0,,,,,,,,,,,,,,,,,,,,,,,,,,,,,,,,,,,,,,,,3.0,2.0,0.0,3.0,1.0
2023,luke musgrave,TE,Oregon St.,6-6,253.0,,36.0,,125.0,,,True,2.0,42.0,luke musgrave,2022.0,,,,,,,,,,,,,,,,,,,,,,,,,,,,,,,,,,,,,,,,,,,,,30.0,11.0,1.0,169.0,15.4,,,,,
2023,pj mustipher,DT,Penn St.,6-4,320.0,5.41,27.5,19.0,96.0,8.01,5.03,False,,,pj mustipher,2022.0,0.0,1.0,0.0,17.0,0.0,0.5,33.0,,,,,,,,,,,,,,,,,,,,,,,,,,,,,,,,,,,,,,,,,,,,,,,
2023,puka nacua,WR,BYU,6-2,201.0,,,,,,,True,5.0,177.0,puka nacua,2022.0,,,,,,,,1.0,1.0,0.0,,,,,,,,,,,,,,,,,,,,,,,,,,,,,,,,,,,46.0,48.0,5.0,625.0,13.0,25.0,75.0,5.0,209.0,8.4
2023,lukas van ness,EDGE,Iowa,6-5,272.0,4.58,31.0,17.0,118.0,7.02,4.32,False,,,lukas van ness,2022.0,0.0,4.0,6.0,16.0,0.0,9.5,33.0,,,,,,,,,,,,,,,,,,,,,,,,,,,,,,,,,,,,,,,,,,,,,,,
2023,joseph ngata,WR,Clemson,6-3,217.0,4.54,34.5,,124.0,,,False,,,joseph ngata,2022.0,,,,,,,,,,,,,,,,,,,,,,,,,,,,,,,,,,,,,,,,,,,,,46.0,41.0,2.0,526.0,12.8,,,,,
2023,aidan o'connell,QB,Purdue,6-3,213.0,,,,,,,True,4.0,135.0,aidan oconnell,2022.0,,,,,,,,3.0,1.0,0.0,,,,,,,,,,,,,,,,,497.0,319.0,13.0,0.642,22.0,3481.0,7.0,,,,,,,,,,,,,,,,,43.0,24.0,1.0,,
2023,moro ojomo,DT,Texas,6-3,292.0,5.04,33.0,29.0,112.0,,,True,7.0,249.0,moro ojomo,2022.0,0.0,2.0,3.0,15.0,0.0,5.5,31.0,,,,,,,,,,,,,,,,,,,,,,,,,,,,,,,,,,,,,,,,,,,,,,,
2023,john ojukwu,OT,Boise St.,6-6,309.0,5.24,28.5,,104.0,7.52,4.52,False,,,john ojukwu,,,,,,,,,,,,,,,,,,,,,,,,,,,,,,,,,,,,,,,,,,,,,,,,,,,,,,,
2023,bj ojulari,EDGE,LSU,6-2,248.0,,32.5,,126.0,,,True,2.0,41.0,bj ojulari,2022.0,0.0,10.0,6.0,35.0,0.0,10.0,55.0,0.0,0.0,2.0,,,,,,,,,,,,,,,,,,,,,,,,,,,,,,,,,,,,,,,,,,,,
2023,olusegun oluwatimi,C,Michigan,6-3,309.0,5.38,29.0,,110.0,,,False,,,olusegun oluwatimi,,,,,,,,,,,,,,,,,,,,,,,,,,,,,,,,,,,,,,,,,,,,,,,,,,,,,,,
2023,anfernee orji,LB,Vanderbilt,6-1,230.0,4.53,38.5,,122.0,7.0,4.43,False,,,anfernee orji,2022.0,0.0,2.0,1.0,52.0,0.0,6.5,106.0,0.0,0.0,4.0,0.0,1.0,0.0,0.0,,,,,,,,,,,,,,,,,,,,,,,,,,,,,,,,,,,,,,,,
2023,demarvion overshown,LB,Texas,6-3,229.0,4.56,,15.0,124.0,,,True,3.0,90.0,demarvion overshown,2022.0,5.0,2.0,4.0,49.0,0.0,10.0,95.0,,,,,,,,,,,,,,,,,,,,,,,,,,,,,,,,,,,,,,,,,,,,,,,
2023,gervarrius owens,DB,Houston,6-0,195.0,,37.5,15.0,125.0,,,True,7.0,254.0,gervarrius owens,2022.0,7.0,0.0,0.0,51.0,0.0,1.0,70.0,0.0,0.0,2.0,24.0,1.0,0.0,24.0,,,,,,,,,,,,,,,,,,,,,,,,,,,,,,,,,,,,,,,,
2023,trey palmer,WR,Nebraska,6-0,192.0,4.33,,,,,,True,6.0,191.0,trey palmer,2022.0,0.0,0.0,0.0,3.0,0.0,0.0,3.0,1.0,1.0,0.0,,,,,22.5,25.0,2.0,0.0,45.0,,,,,,,,,,,,,,,9.0,22.0,4.0,0.0,36.0,,,,,,,87.0,71.0,9.0,1043.0,14.7,5.0,60.0,0.0,75.0,15.0
2023,owen pappoe,LB,Auburn,6-0,225.0,4.39,35.5,29.0,126.0,,,True,5.0,168.0,owen pappoe,2022.0,3.0,2.0,2.5,51.0,0.0,3.5,92.0,,,,0.0,1.0,0.0,0.0,,,,,,,,,,,,,,,,,,,,,,,,,,,,,,,,,,,,,,,,
2023,jarrett patterson,C,Notre Dame,6-5,306.0,5.33,29.5,,106.0,7.96,4.73,True,6.0,201.0,jarrett patterson,,,,,,,,,,,,,,,,,,,,,,,,,,,,,,,,,,,,,,,,,,,,,,,,,,,,,,,
2023,kyle patterson,TE,Air Force,6-5,260.0,,,,,,,False,,,kyle patterson,2022.0,,,,,,,,,,,,,,,,,,,,,,,,,,,,,,,,,,,,,,,,,,,,,11.0,3.0,0.0,32.0,10.7,,,,,
2023,camerun peoples,RB,Appalachian St.,6-1,217.0,4.61,37.0,,121.0,,,False,,,camerun peoples,2022.0,,,,,,,,,,,,,,,,,,,,,,,,,,,,,,,,,,,,,,,,,,,,,12.0,6.0,0.0,43.0,7.2,101.0,73.0,5.0,599.0,5.9
2023,a.t. perry,WR,Wake Forest,6-4,198.0,4.47,35.0,,133.0,,,True,6.0,195.0,at perry,2022.0,0.0,0.0,0.0,1.0,0.0,0.0,1.0,,,,,,,,,,,,,,,,,,,,,,,,,,,,,,,,,,,,,,68.0,81.0,11.0,1096.0,13.5,,,,,
2023,lonnie phelps,EDGE,Kansas,6-2,244.0,4.55,,31.0,,,,False,,,lonnie phelps,2022.0,1.0,5.0,7.0,43.0,0.0,10.5,54.0,,,,,,,,,,,,,,,,,,,,,,,,,,,,,,,,,,,,,,,,,,,,,,,
2023,zacch pickens,DT,South Carolina,6-4,291.0,4.89,30.5,22.0,116.0,7.45,4.62,True,3.0,64.0,zacch pickens,2022.0,3.0,3.0,2.5,22.0,0.0,4.0,42.0,0.0,0.0,1.0,,,,,,,,,,,,,,,,,,,,,,,,,,,,,,,,,,,,,,,,,,,,
2023,jack podlesny,K,Georgia,6-0,194.0,,,,,,,False,,,jack podlesny,2022.0,0.0,0.0,0.0,1.0,0.0,0.0,2.0,,,,,,,,,,,,,31.0,26.0,50.0,0.839,151.0,74.0,73.0,,,,,,,,,,,,,,,,,,,,,,,,,,,,
2023,b.t. potter,K,Clemson,5-10,185.0,,,,,,,False,,,bt potter,2022.0,,,,,,,,,,,,,,,,,,,,26.0,20.0,52.0,0.769,108.0,48.0,48.0,,,,,,,,,,,,,,,,,,,,,,,,,,,,
2023,deneric prince,RB,Tulsa,6-0,216.0,4.41,35.5,,124.0,,,False,,,deneric prince,2022.0,,,,,,,,2.0,2.0,0.0,,,,,,,,,,,,,,,,,,,,,,,,,,,,,,,,,,,19.0,9.0,1.0,84.0,9.3,126.0,84.0,5.0,729.0,5.8
2023,jose ramirez,EDGE,Eastern Michigan,6-2,242.0,4.73,34.5,21.0,118.0,6.95,4.3,False,,,jose ramirez,2022.0,2.0,10.0,12.0,36.0,0.0,19.5,62.0,0.0,0.0,1.0,,,,,,,,,,,,,,,,,,,,,,,,,,,,,,,,,,,,,,,,,,,,
2023,jalen redmond,DT,Oklahoma,6-2,291.0,4.81,34.5,27.0,116.0,7.3,4.51,False,,,jalen redmond,2022.0,4.0,7.0,4.0,10.0,0.0,10.0,23.0,,,,,,,,,,,,,,,,,,,,,,,,,,,,,,,,,,,,,,,,,,,,,,,
2023,jayden reed,WR,Michigan St.,5-11,187.0,4.45,33.5,,121.0,,4.29,True,2.0,50.0,jayden reed,2022.0,0.0,0.0,0.0,1.0,0.0,0.0,1.0,3.0,2.0,0.0,,,,,20.0,20.0,1.0,0.0,20.0,,,,,,,,1.0,1.0,0.0,1.0,1.0,25.0,25.0,8.8,19.0,13.0,0.0,114.0,,,,,,,35.0,55.0,5.0,636.0,11.6,4.0,17.0,0.0,11.0,2.8
2023,rashee rice,WR,SMU,6-1,204.0,4.51,41.0,,128.0,,,True,2.0,55.0,rashee rice,2022.0,0.0,0.0,0.0,2.0,0.0,0.0,2.0,3.0,2.0,0.0,,,,,,,,,,,,,,,,,,,,,,,,,,,,,,,,,,,75.0,96.0,10.0,1355.0,14.1,,,,,
2023,asim richards,OT,North Carolina,6-4,309.0,,,,,,,True,5.0,169.0,asim richards,,,,,,,,,,,,,,,,,,,,,,,,,,,,,,,,,,,,,,,,,,,,,,,,,,,,,,,
2023,anthony richardson,QB,Florida,6-4,244.0,4.43,40.5,,129.0,,,True,1.0,4.0,anthony richardson,2022.0,0.0,0.0,0.0,3.0,0.0,0.0,3.0,3.0,2.0,0.0,,,,,,,,,,,,,,,,,327.0,176.0,9.0,0.538,17.0,2549.0,7.8,,,,,,,,,,,,,,,,,103.0,81.0,9.0,654.0,6.3
2023,eli ricks,CB,Alabama,6-2,188.0,,,,,,,False,,,eli ricks,2022.0,4.0,0.0,0.0,5.0,0.0,1.0,7.0,,,,,,,,,,,,,,,,,,,,,,,,,,,,,,,,,,,,,,,,,,,,,,,
2023,kelee ringo,CB,Georgia,6-2,207.0,4.36,33.5,,122.0,,,True,4.0,105.0,kelee ringo,2022.0,6.0,0.0,0.0,29.0,0.0,2.0,33.0,,,,22.5,2.0,0.0,45.0,,,,,,,,,,,,,,,,,,,,,,,,,,,,,,,,,,,,,,,,
2023,brad robbins,P,Michigan,6-1,199.0,,,,,,,False,,,brad robbins,2022.0,,,,,,,,,,,,,,,,,,,,,,,,,,,,,,,,,,,,,,,17.0,64.0,43.0,0.0,1818.0,42.3,,,,,,,,,,
2023,tavius robinson,EDGE,Mississippi,6-6,257.0,4.66,33.5,23.0,120.0,,4.62,False,,,tavius robinson,2022.0,1.0,6.0,5.0,12.0,0.0,6.0,38.0,0.0,0.0,4.0,,,,,,,,,,,,,,,,,,,,,,,,,,,,,,,,,,,,,,,,,,,,
2023,bijan robinson,RB,Texas,5-11,215.0,4.46,37.0,,124.0,,,True,1.0,8.0,bijan robinson,2022.0,0.0,0.0,0.0,3.0,0.0,0.0,3.0,2.0,1.0,0.0,,,,,,,,,,,,,,,,,,,,,,,,,,,,,,,,,,,42.0,19.0,2.0,314.0,16.5,258.0,78.0,18.0,1578.0,6.1
2023,jammie robinson,DB,Florida St.,5-11,191.0,4.59,33.5,23.0,116.0,,,True,5.0,145.0,jammie robinson,2022.0,4.0,5.0,1.0,37.0,0.0,5.0,87.0,0.0,0.0,1.0,0.0,1.0,0.0,0.0,,,,,,,,,,,,,,,,,,,,7.0,7.0,1.0,0.0,7.0,,,,,,,,,,,,,,,,
2023,jaquelin roy,DT,LSU,6-3,305.0,,,30.0,,8.01,5.0,True,5.0,141.0,jaquelin roy,2022.0,0.0,1.0,0.5,27.0,0.0,3.0,51.0,0.0,0.0,1.0,,,,,,,,,,,,,,,,,,,,,,,,,,,,,,,,,,,,,,,,,,,,
2023,darius rush,CB,South Carolina,6-2,198.0,4.36,35.0,,121.0,,,True,5.0,138.0,darius rush,2022.0,7.0,1.0,0.0,28.0,0.0,2.0,38.0,,,,29.5,2.0,0.0,59.0,,,,,,,,,,,,,,,,,,,,,,,,,,,,,,,,,,,,,,,,
2023,chad ryland,K,Maryland,6-0,190.0,,,,,,,True,4.0,112.0,chad ryland,2022.0,,,,,,,,,,,,,,,,,,,,23.0,19.0,53.0,0.826,96.0,39.0,39.0,,,,,,,,,,,,,,,,,,,,,,,,,,,,
2023,nick saldiveri,OG,Old Dominion,6-6,318.0,5.21,31.0,,111.0,,4.69,False,,,nick saldiveri,2021.0,0.0,0.0,0.0,1.0,0.0,0.0,1.0,,,,,,,,,,,,,,,,,,,,,,,,,,,,,,,,,,,,,,,,,,,0.0,0.0,1.0,0.0,0.0
2023,drew sanders,LB,Arkansas,6-4,235.0,,,,,,,True,3.0,67.0,drew sanders,2022.0,5.0,6.0,10.0,40.0,0.0,14.0,104.0,0.0,0.0,2.0,13.0,1.0,0.0,13.0,,,,,,,,,,,,,,,,,,,,,,,,,,,,,,,,,,,,,,,,
2023,john michael schmitz,C,Minnesota,6-4,301.0,5.35,29.5,,104.0,,4.56,False,,,john michael schmitz,,,,,,,,,,,,,,,,,,,,,,,,,,,,,,,,,,,,,,,,,,,,,,,,,,,,,,,
2023,luke schoonmaker,TE,Michigan,6-5,251.0,,33.5,,127.0,,4.27,True,2.0,58.0,luke schoonmaker,2022.0,,,,,,,,,,,,,,,,,,,,,,,,,,,,,,,,,,,,,,,,,,,,,40.0,35.0,3.0,418.0,11.9,,,,,
2023,daniel scott,DB,California,6-1,208.0,4.45,39.5,22.0,128.0,6.75,4.17,True,5.0,158.0,daniel scott,2022.0,4.0,2.0,0.0,57.0,0.0,2.5,85.0,,,,19.7,3.0,0.0,59.0,,,,,,,,,,,,,,,,,,,,,,,,,,,,,,,,,,,,,,,,
2023,tyler scott,WR,Cincinnati,5-10,177.0,4.44,39.5,,133.0,,,True,4.0,133.0,tyler scott,2023.0,0.0,0.0,0.0,3.0,0.0,1.0,3.0,,,,,,,,,,,,,,,,,,,,,,,,,,,,,,,,,,,,,,,,,,,,,,,
2023,juice scruggs,C,Penn St.,6-3,301.0,5.22,32.0,,102.0,7.75,4.82,True,2.0,62.0,juice scruggs,,,,,,,,,,,,,,,,,,,,,,,,,,,,,,,,,,,,,,,,,,,,,,,,,,,,,,,
2023,noah sewell,LB,Oregon,6-2,246.0,4.64,33.0,27.0,115.0,,,True,5.0,148.0,noah sewell,2022.0,3.0,4.0,1.5,24.0,0.0,5.5,55.0,0.0,0.0,2.0,0.0,1.0,0.0,0.0,,,,,,,,,,,,,,,,,,,,,,,,,,,,,,,,,,,,1.0,1.0,1.0,1.0,1.0
2023,justin shorter,WR,Florida,6-4,229.0,4.55,35.5,18.0,126.0,,,True,5.0,150.0,justin shorter,2023.0,,,,,,,,,,,,,,,20.6,39.0,14.0,0.0,288.0,,,,,,,,,,,,,,,,,,,,,,,,,,67.0,34.0,3.0,443.0,13.0,1.0,0.0,0.0,0.0,0.0
2023,nesta jade silvera,DT,Arizona St.,6-2,304.0,5.16,29.5,,110.0,,,False,,,nesta jade silvera,,,,,,,,,,,,,,,,,,,,,,,,,,,,,,,,,,,,,,,,,,,,,,,,,,,,,,,
2023,trenton simpson,LB,Clemson,6-2,235.0,4.43,,25.0,,,,True,3.0,86.0,trenton simpson,2022.0,3.0,3.0,2.5,36.0,0.0,3.0,65.0,,,,,,,,,,,,,,,,,,,,,,,,,,,,,,,,,,,,,,,,,,,,,,,
2023,jl skinner,DB,Boise St.,6-4,209.0,,,,,,,True,6.0,183.0,jl skinner,2022.0,3.0,0.0,0.0,33.0,0.0,0.5,58.0,,,,7.5,4.0,0.0,30.0,,,,,,,,,,,,,,,,,,,,,,,,,,,,,,,,,,,,,,,,
2023,peter skoronski,OT,Northwestern,6-4,313.0,5.16,34.5,,115.0,7.8,,True,1.0,11.0,peter skoronski,,,,,,,,,,,,,,,,,,,,,,,,,,,,,,,,,,,,,,,,,,,,,,,,,,,,,,,
2023,terell smith,CB,Minnesota,6-1,204.0,4.41,34.0,14.0,120.0,7.02,4.3,False,,,terell smith,2022.0,5.0,0.0,2.0,34.0,0.0,4.5,38.0,,,,4.0,2.0,0.0,8.0,,,,,,,,,,,,,,,,,,,,,,,,,,,,,,,,,,,,,,,,
2023,cam smith,CB,South Carolina,6-1,180.0,4.43,38.0,,134.0,,,True,2.0,51.0,cam smith,2023.0,4.0,0.0,0.0,19.0,0.0,2.5,27.0,,,,6.0,1.0,0.0,6.0,,,,,,,,,,,,,,,,,,,,,,,,,,,,,,,20.0,4.0,0.0,55.0,13.8,,,,,
2023,christopher smith,DB,Georgia,5-11,192.0,4.62,33.0,15.0,116.0,,,True,5.0,170.0,christopher smith,2022.0,6.0,0.0,1.0,29.0,1.0,4.0,46.0,0.0,0.0,2.0,9.7,3.0,0.0,29.0,,,,,,,,,,,,,,,,,,,,,,,,,,,,,,,,,,,,,,,,
2023,mazi smith,DT,Michigan,6-3,323.0,,,34.0,,,,True,1.0,26.0,mazi smith,2022.0,0.0,1.0,1.0,21.0,0.0,3.0,44.0,0.0,0.0,1.0,,,,,,,,,,,,,,,,,,,,,,,,,,,,,,,,,,,,,,,,,,,,
2023,nolan smith,EDGE,Georgia,6-2,238.0,4.39,41.5,,128.0,,,True,1.0,30.0,nolan smith,2022.0,1.0,1.0,3.0,14.0,0.0,7.0,18.0,,,,,,,,9.0,9.0,1.0,0.0,9.0,,,,,,,,,,,,,,,,,,,,,,,,,,,,,,,,,,,
2023,jaxon smith-njigba,WR,Ohio St.,6-1,196.0,,35.0,,125.0,6.57,3.93,True,1.0,20.0,jaxon smithnjigba,2022.0,,,,,,,,,,,,,,,,,,,,,,,,,,,,,,,,,,,,,,,,,,,,,21.0,5.0,0.0,43.0,8.6,,,,,
2023,sidy sow,OG,Eastern Michigan,6-5,323.0,5.07,32.0,,110.0,7.62,4.69,False,,,sidy sow,2019.0,0.0,0.0,0.0,1.0,0.0,0.0,1.0,,,,,,,,,,,,,,,,,,,,,,,,,,,,,,,,,,,,,,,,,,,,,,,
2023,tyjae spears,RB,Tulane,5-10,201.0,,39.0,,125.0,,,True,3.0,81.0,tyjae spears,2022.0,,,,,,,,3.0,3.0,0.0,,,,,,,,,,,,,,,,,,,,,,,,,,,,,,,,,,,30.0,22.0,2.0,256.0,11.6,229.0,75.0,19.0,1581.0,6.9
2023,tyler steen,OT,Alabama,6-6,321.0,,29.5,,109.0,,4.59,True,3.0,65.0,tyler steen,2018.0,0.0,0.0,0.0,0.0,0.0,0.5,1.0,,,,,,,,,,,,,,,,,,,,,,,,,,,,,,,,,,,,,,,,,,,,,,,
2023,tyrique stevenson,CB,Miami,6-0,198.0,4.45,38.5,,125.0,7.09,4.41,True,2.0,56.0,tyrique stevenson,2022.0,7.0,0.0,0.0,18.0,0.0,1.5,25.0,1.0,1.0,0.0,0.0,1.0,0.0,0.0,,,,,,,,,,,,,,,,,,,,8.8,30.0,4.0,0.0,35.0,,,,,,,,,,,,,,,,
2023,dante stills,DT,West Virginia,6-4,286.0,4.85,28.5,20.0,113.0,7.38,4.61,True,6.0,213.0,dante stills,2022.0,1.0,6.0,4.5,13.0,0.0,9.0,26.0,0.0,0.0,1.0,,,,,,,,,,,,,,,,,,,,,,,,,,,,,,,,,,,,,,,,,,,,
2023,brenton strange,TE,Penn St.,6-4,253.0,,36.0,23.0,124.0,7.25,4.46,True,2.0,61.0,brenton strange,2022.0,0.0,0.0,0.0,2.0,0.0,0.0,2.0,,,,,,,,,,,,,,,,,,,,,,,,,,,,,,,,,,,,,,67.0,32.0,5.0,362.0,11.3,1.0,0.0,0.0,0.0,0.0
2023,ricky stromberg,C,Arkansas,6-3,306.0,5.26,32.5,,111.0,,,True,3.0,97.0,ricky stromberg,2022.0,,,,,,,,1.0,1.0,0.0,,,,,,,,,,,,,,,,,,,,,,,,,,,,,,,,,,,,0.0,0.0,,0.0,,,,,
2023,c.j. stroud,QB,Ohio St.,6-3,214.0,,,,,,,True,1.0,2.0,cj stroud,2022.0,,,,,,,,2.0,1.0,0.0,,,,,,,,,,,,,,,,,389.0,258.0,6.0,0.663,41.0,3688.0,9.5,,,,,,,,,,,,,,,,,47.0,44.0,0.0,108.0,2.3
2023,leonard taylor,TE,Cincinnati,6-5,250.0,,,,,,,False,,,leonard taylor,2023.0,0.0,1.0,1.0,8.0,0.0,3.5,20.0,,,,,,,,,,,,,,,,,,,,,,,,,,,,,,,,,,,,,,,,,,,,,,,
2023,noah taylor,EDGE,North Carolina,6-4,238.0,,,22.0,,,,False,,,noah taylor,2022.0,2.0,2.0,3.5,14.0,0.0,6.0,28.0,,,,,,,,,,,,,,,,,,,,,,,,,,,,,,,,,,,,,,,,,,,,,,,
2023,charlie thomas,LB,Georgia Tech,6-3,216.0,4.52,32.5,18.0,124.0,7.09,4.34,False,,,charlie thomas,2022.0,2.0,3.0,2.0,71.0,0.0,10.5,112.0,0.0,0.0,4.0,14.0,2.0,0.0,28.0,,,,,,,,,,,,,,,,,,,,,,,,,,,,,,,,,,,,,,,,
2023,tavion thomas,RB,Utah,6-0,237.0,4.74,30.0,,118.0,,,False,,,tavion thomas,2022.0,0.0,0.0,0.0,1.0,0.0,0.0,1.0,2.0,1.0,0.0,,,,,,,,,,,,,,,,,,,,,,,,,,,,,,,,,,,18.0,6.0,0.0,43.0,7.2,142.0,36.0,7.0,687.0,4.8
2023,sarodorick thompson,RB,Texas Tech,6-0,207.0,4.67,32.5,,120.0,7.25,4.7,False,,,sarodorick thompson,2022.0,,,,,,,,2.0,1.0,0.0,,,,,,,,,,,,,,,,,,,,,,,,,,,,,,,,,,,30.0,23.0,1.0,119.0,5.2,140.0,36.0,7.0,684.0,4.9
2023,dorian thompson-robinson,QB,UCLA,6-2,203.0,4.56,32.5,,121.0,7.28,4.44,True,5.0,140.0,dorian thompsonrobinson,2022.0,,,,,,,,7.0,3.0,0.0,,,,,,,,,,,,,,,,,381.0,265.0,10.0,0.696,27.0,3153.0,8.3,,,,,,,,,,,,,,,,,117.0,68.0,12.0,647.0,5.5
2023,cedric tillman,WR,Tennessee,6-3,213.0,4.54,37.0,,128.0,,,True,3.0,74.0,cedric tillman,2022.0,,,,,,,,,,,,,,,,,,,,,,,,,,,,,,,,,,,,,,,,,,,,,61.0,37.0,3.0,417.0,11.3,,,,,
2023,mitchell tinsley,WR,Penn St.,6-0,199.0,4.6,35.5,14.0,120.0,,4.21,False,,,mitchell tinsley,2022.0,,,,,,,,1.0,0.0,0.0,,,,,,,,,,,,,,,,,,,,,,,,1.0,4.0,4.0,0.0,4.0,,,,,,,34.0,51.0,5.0,577.0,11.3,,,,,
2023,joe tippmann,C,Wisconsin,6-6,313.0,,,,,,,True,2.0,43.0,joe tippmann,,,,,,,,,,,,,,,,,,,,,,,,,,,,,,,,,,,,,,,,,,,,,,,,,,,,,,,
2023,henry to'oto'o,LB,Alabama,6-1,227.0,4.62,32.0,,116.0,,4.4,True,5.0,167.0,henry tootoo,,,,,,,,,,,,,,,,,,,,,,,,,,,,,,,,,,,,,,,,,,,,,,,,,,,,,,,
2023,o'cyrus torrence,OG,Florida,6-5,330.0,5.31,23.5,,101.0,,4.81,True,2.0,59.0,ocyrus torrence,2019.0,0.0,0.0,0.0,1.0,0.0,0.0,1.0,,,,,,,,,,,,,,,,,,,,,,,,,,,,,,,,,,,,,,,,,,,,,,,
2023,cory trice,CB,Purdue,6-3,206.0,4.47,35.5,17.0,132.0,,,True,7.0,241.0,cory trice,2022.0,9.0,0.0,0.0,27.0,1.0,2.0,31.0,,,,4.0,2.0,1.0,8.0,,,,,,,,,,,,,,,,,,,,,,,,,,,,,,,,,,,,,,,,
2023,sean tucker,RB,Syracuse,5-9,207.0,,,,,,,False,,,sean tucker,2022.0,0.0,0.0,0.0,2.0,0.0,0.0,2.0,2.0,1.0,0.0,,,,,,,,,,,,,,,,,,,,,,,,,,,,,,,,,,,55.0,36.0,2.0,255.0,7.1,206.0,60.0,11.0,1058.0,5.1
2023,tre tucker,WR,Cincinnati,5-9,182.0,4.4,37.5,,124.0,,,True,3.0,100.0,tre tucker,2022.0,0.0,0.0,0.0,1.0,0.0,0.0,4.0,1.0,0.0,0.0,,,,,21.3,29.0,9.0,0.0,192.0,,,,,,,,,,,,,,,15.3,30.0,3.0,0.0,46.0,,,,,,,55.0,52.0,3.0,672.0,12.9,1.0,8.0,0.0,8.0,8.0
2023,tuli tuipulotu,EDGE,USC,6-3,266.0,,,,,,,True,2.0,54.0,tuli tuipulotu,2022.0,3.0,2.0,13.5,27.0,0.0,21.0,41.0,,,,,,,,,,,,,,,,,,,,,,,,,,,,,,,,,,,,,,,,,,,,,,,
2023,clayton tune,QB,Houston,6-3,220.0,4.64,37.5,,122.0,6.89,4.25,True,5.0,139.0,clayton tune,2022.0,0.0,0.0,0.0,2.0,0.0,0.0,2.0,6.0,4.0,0.0,,,,,,,,,,,,,,,,,497.0,334.0,10.0,0.672,40.0,4074.0,8.2,,,,,,,,,,,,,,,,,128.0,55.0,5.0,547.0,4.3
2023,michael turk,P,Oklahoma,6-0,227.0,4.83,34.0,,109.0,,,False,,,michael turk,2022.0,0.0,0.0,0.0,0.0,0.0,0.0,1.0,,,,,,,,,,,,,,,,,,,,3.0,2.0,0.0,0.667,1.0,5.0,1.7,,,,,,22.0,67.0,63.0,10.0,2948.0,46.8,,,,,,,,,,
2023,dj turner,CB,Michigan,5-11,178.0,4.26,38.5,,131.0,,,True,2.0,60.0,dj turner,2022.0,10.0,1.0,0.0,23.0,1.0,1.0,29.0,0.0,0.0,2.0,0.0,1.0,0.0,0.0,,,,,,,,,,,,,,,,,,,,3.0,3.0,1.0,0.0,3.0,,,,,,,,,,,,,,,,
2023,carrington valentine,CB,Kentucky,6-0,193.0,,39.0,9.0,128.0,,,True,7.0,232.0,carrington valentine,2022.0,9.0,1.0,1.0,33.0,0.0,1.0,46.0,0.0,0.0,2.0,0.0,1.0,0.0,0.0,,,,,,,,,,,,,,,,,,,,,,,,,,,,,,,,,,,,,,,,
2023,deuce vaughn,RB,Kansas St.,5-5,179.0,,35.5,,116.0,,,True,6.0,212.0,deuce vaughn,2022.0,,,,,,,,1.0,1.0,0.0,,,,,,,,,,,,,,,,,,,,,,,,,,,,,,,,,,,80.0,42.0,3.0,378.0,9.0,293.0,88.0,9.0,1558.0,5.3
2023,travis vokolek,TE,Nebraska,6-6,259.0,,,20.0,115.0,,,False,,,travis vokolek,2022.0,,,,,,,,,,,,,,,,,,,,,,,,,,,,,,,,,,,,,,,,,,,,,56.0,20.0,2.0,240.0,12.0,,,,,
2023,andrew vorhees,OG,USC,6-6,310.0,,29.0,,105.0,,,True,7.0,229.0,andrew vorhees,2020.0,0.0,0.0,0.0,1.0,0.0,0.0,1.0,,,,,,,,,,,,,,,,,,,,,,,,,,,,,,,,,,,,,,,,,,,,,,,
2023,dalton wagner,OT,Arkansas,6-8,320.0,,24.5,,102.0,,,False,,,dalton wagner,,,,,,,,,,,,,,,,,,,,,,,,,,,,,,,,,,,,,,,,,,,,,,,,,,,,,,,
2023,alex ward,LS,Central Florida,6-4,240.0,5.06,30.0,12.0,114.0,,4.46,False,,,alex ward,2022.0,0.0,0.0,0.0,0.0,0.0,0.0,1.0,,,,,,,,,,,,,,,,,,,,,,,,,,,,,,,,,,,,,,,,,,,,,,,
2023,jay ward,CB,LSU,6-1,188.0,4.55,34.5,16.0,132.0,,,True,4.0,134.0,jay ward,2022.0,4.0,1.0,0.0,39.0,0.0,2.5,54.0,0.0,0.0,2.0,19.0,1.0,0.0,19.0,,,,,,,,,,,,,,,,,,,,,,,,,,,,,,,,,,,,,,,,
2023,carter warren,OT,Pittsburgh,6-6,311.0,,,,,,,True,4.0,120.0,carter warren,2022.0,,,,,,,,,,,,,,,,,,,,,,,,,,,,,,,,,,,,,,,,,,,,,,,,,,1.0,0.0,0.0,0.0,0.0
2023,darnell washington,TE,Georgia,6-7,264.0,,31.0,21.0,122.0,,4.08,True,3.0,93.0,darnell washington,2022.0,0.0,0.0,0.0,1.0,0.0,0.0,1.0,,,,,,,,,,,,,,,,,,,,,,,,,,,,,,,,,,,,,,34.0,28.0,2.0,454.0,16.2,,,,,
2023,parker washington,WR,Penn St.,5-10,204.0,,,16.0,,,,True,6.0,185.0,parker washington,2022.0,,,,,,,,1.0,0.0,0.0,,,,,,,,,,,,,,,,,,,,,,,,5.5,30.0,18.0,0.0,99.0,,,,,,,58.0,46.0,2.0,611.0,13.3,2.0,4.0,0.0,8.0,4.0
2023,jalen wayne,WR,South Alabama,6-2,210.0,4.51,34.5,,124.0,,,False,,,jalen wayne,2022.0,0.0,0.0,0.0,1.0,0.0,0.0,1.0,,,,,,,,,,,,,,,,,,,,,,,,,,,,,,,,,,,,,,64.0,58.0,9.0,819.0,14.1,,,,,
2023,tyrus wheat,EDGE,Mississippi St.,6-2,263.0,4.65,28.5,,113.0,,4.54,False,,,tyrus wheat,2022.0,2.0,8.0,6.0,25.0,0.0,10.5,54.0,0.0,0.0,3.0,0.0,1.0,0.0,0.0,,,,,,,,,,,,,,,,,,,,,,,,,,,,,,,,,,,,,,,,
2023,keion white,EDGE,Georgia Tech,6-5,285.0,,34.0,30.0,117.0,,,True,2.0,46.0,keion white,2022.0,1.0,2.0,7.5,29.0,0.0,14.0,54.0,,,,,,,,,,,,,,,,,,,,,,,,,,,,,,,,,,,,,,,,,,,,,,,
2023,blake whiteheart,TE,Wake Forest,6-4,247.0,,35.5,20.0,115.0,,,False,,,blake whiteheart,2022.0,0.0,0.0,0.0,2.0,0.0,0.0,2.0,,,,,,,,,,,,,,,,,,,,,,,,,,,,,,,,,,,,,,30.0,24.0,3.0,295.0,12.3,,,,,
2023,josh whyle,TE,Cincinnati,6-7,248.0,,33.5,,115.0,,,True,5.0,147.0,josh whyle,2022.0,0.0,0.0,0.0,1.0,0.0,0.0,1.0,,,,,,,,,,,,,,,,,,,,,,,,,,,,,,,,,,,,,,35.0,32.0,3.0,326.0,10.2,,,,,
2023,dontayvion wicks,WR,Virginia,6-1,206.0,4.62,39.0,,130.0,,,True,5.0,159.0,dontayvion wicks,2022.0,,,,,,,,1.0,1.0,0.0,,,,,,,,,,,,,,,,,,,,,,,,,,,,,,,,,,,44.0,30.0,2.0,430.0,14.3,,,,,
2023,dorian williams,LB,Tulane,6-1,228.0,4.49,33.5,,120.0,,,True,3.0,91.0,dorian williams,2022.0,6.0,3.0,5.0,65.0,0.0,7.5,105.0,,,,6.5,2.0,0.0,13.0,,,,,,,,,,,,,,,,,,,,,,,,,,,,,,,,,,,,,,,,
2023,garrett williams,CB,Syracuse,5-10,192.0,,,,,,,True,3.0,72.0,garrett williams,2023.0,,,,,,,,,,,,,,,7.0,7.0,1.0,0.0,7.0,,,,,,,,,,,,,,,,,,,,,,,,,,,,,,,,,,,
2023,brayden willis,TE,Oklahoma,6-4,241.0,,32.0,20.0,117.0,7.3,4.36,True,7.0,247.0,brayden willis,2022.0,,,,,,,,1.0,1.0,0.0,,,,,,,,,,,,,,,,,1.0,1.0,0.0,1.0,1.0,24.0,24.0,,,,,,,,,,,,78.0,39.0,7.0,514.0,13.2,10.0,6.0,0.0,26.0,2.6
2023,michael wilson,WR,Stanford,6-2,213.0,4.58,37.5,23.0,125.0,,4.27,True,3.0,94.0,michael wilson,2022.0,0.0,0.0,0.0,2.0,0.0,0.0,2.0,,,,,,,,,,,,,,,,,,,,,,,,,,,,,,,,,,,,,,78.0,26.0,4.0,418.0,16.1,4.0,18.0,0.0,47.0,11.8
2023,tyree wilson,EDGE,Texas Tech,6-6,271.0,,,23.0,,,,True,1.0,7.0,tyree wilson,2022.0,0.0,8.0,6.5,35.0,0.0,13.5,61.0,0.0,0.0,2.0,,,,,,,,,,,,,,,,,,,,,,,,,,,,,,,,,,,,,,,,,,,,
2023,dee winters,LB,TCU,5-11,227.0,4.49,30.5,,117.0,,,True,6.0,216.0,dee winters,2022.0,2.0,7.0,7.5,33.0,1.0,11.5,58.0,0.0,0.0,1.0,29.0,1.0,1.0,29.0,,,,,,,,,,,,,,,,,,,,,,,,,,,,,,,,,,,,,,,,
2023,devon witherspoon,CB,Illinois,6-0,181.0,,,,,,,True,1.0,5.0,devon witherspoon,2022.0,14.0,0.0,0.0,33.0,0.0,2.5,42.0,,,,32.3,3.0,0.0,97.0,,,,,,,,,,,,,,,,,,,,,,,,,,,,,,,,,,,,,,,,
2023,colby wooden,DE,Auburn,6-4,273.0,4.79,,23.0,115.0,,4.52,True,4.0,116.0,colby wooden,2022.0,3.0,10.0,6.0,36.0,0.0,11.5,45.0,0.0,0.0,3.0,,,,,,,,,,,,,,,,,,,,,,,,,,,,,,,,,,,,,,,,,,,,
2023,darnell wright,OT,Tennessee,6-5,333.0,5.01,29.0,,114.0,,,True,1.0,10.0,darnell wright,2021.0,0.0,0.0,0.0,1.0,0.0,0.0,1.0,,,,,,,,,,,,,,,,,,,,,,,,,,,,,,,,,,,,,,,,,,,,,,,
2023,rejzohn wright,CB,Oregon St.,6-2,193.0,,,,,,,False,,,rejzohn wright,2022.0,9.0,1.0,0.0,24.0,0.0,0.5,38.0,0.0,0.0,2.0,13.0,2.0,0.0,26.0,,,,,,,,,,,,,,,,,,,,,,,,,,,,,,,,,,,,,,,,
2023,luke wypler,C,Ohio St.,6-3,303.0,5.14,30.5,,106.0,7.64,4.53,True,6.0,190.0,luke wypler,,,,,,,,,,,,,,,,,,,,,,,,,,,,,,,,,,,,,,,,,,,,,,,,,,,,,,,
2023,bryce young,QB,Alabama,5-10,204.0,,,,,,,True,1.0,1.0,bryce young,2022.0,,,,,,,,1.0,0.0,0.0,,,,,,,,,,,,,,,,,380.0,245.0,5.0,0.645,32.0,3328.0,8.8,,,,,,,,,,,,,,,,,49.0,63.0,4.0,185.0,3.8
2023,byron young,DT,Alabama,6-3,294.0,,26.0,24.0,108.0,7.68,,True,3.0,70.0,byron young,2022.0,4.0,40.0,21.0,78.0,0.0,34.0,162.0,,,,,,,,,,,,,,,,,,,,,,,,,,,,,,,,,,,,,,,,,,,,,,,
2023,byron young,EDGE,Tennessee,6-2,250.0,4.43,38.0,22.0,132.0,7.19,,True,3.0,77.0,byron young,2022.0,4.0,40.0,21.0,78.0,0.0,34.0,162.0,,,,,,,,,,,,,,,,,,,,,,,,,,,,,,,,,,,,,,,,,,,,,,,
2023,cameron young,DT,Mississippi St.,6-3,304.0,5.1,,,,,,True,4.0,123.0,cameron young,2023.0,0.0,0.0,0.0,1.0,0.0,0.0,1.0,,,,,,,,7.5,15.0,2.0,0.0,15.0,,,,,,,,,,,,,,,,,,,,,,,,,,33.0,37.0,3.0,349.0,9.4,1.0,3.0,0.0,3.0,3.0
