Year,Player,Pos,School,Height,Weight,40yd,Vertical,Bench,Broad Jump,3Cone,Shuttle,Drafted,Round,Pick,clean_name,position_clean,draft_year,matched_name,match_score,clean_name_cfb,season,position_clean_cfb,defensive_PD,defensive_QB HUR,defensive_SACKS,defensive_SOLO,defensive_TD,defensive_TFL,defensive_TOT,fumbles_FUM,fumbles_LOST,fumbles_REC,interceptions_AVG,interceptions_INT,interceptions_TD,interceptions_YDS,kickReturns_AVG,kickReturns_LONG,kickReturns_NO,kickReturns_TD,kickReturns_YDS,kicking_FGA,kicking_FGM,kicking_LONG,kicking_PCT,kicking_PTS,kicking_XPA,kicking_XPM,passing_ATT,passing_COMPLETIONS,passing_INT,passing_PCT,passing_TD,passing_YDS,passing_YPA,puntReturns_AVG,puntReturns_LONG,puntReturns_NO,puntReturns_TD,puntReturns_YDS,punting_In 20,punting_LONG,punting_NO,punting_TB,punting_YDS,punting_YPP,receiving_LONG,receiving_REC,receiving_TD,receiving_YDS,receiving_YPR,rushing_CAR,rushing_LONG,rushing_TD,rushing_YDS,rushing_YPC
2010,Seyi Ajirotutu,WR,Fresno State,6-3,204.0,4.6,36.0,14.0,115.0,7.22,4.39,False,,,seyi ajirotutu,WR,2010,seyi ajirotutu,100.0,seyi ajirotutu,2009.0,WR,,,,,,,,,,,,,,,,,,,,,,,,,,,,,,,,,,0.0,0.0,1.0,0.0,0.0,,,,,,,46.0,49.0,7.0,677.0,13.8,,,,,
2020,Josiah Scott,CB,Michigan State,5-9,185.0,4.42,,17.0,,,,True,4.0,137.0,josiah scott,CB,2020,josiah scott,100.0,josiah scott,2019.0,CB,7.0,0.0,0.0,38.0,0.0,0.0,55.0,0.0,0.0,1.0,11.3,3.0,0.0,34.0,,,,,,,,,,,,,,,,,,,,,,,,,,,,,,,,,,,,,,,,
2020,Michael Pittman,WR,USC,6-4,223.0,4.52,36.5,13.0,121.0,6.96,4.14,True,2.0,34.0,michael pittman,WR,2020,michael pittman,100.0,michael pittman,2019.0,WR,0.0,0.0,0.0,3.0,0.0,0.0,3.0,1.0,1.0,0.0,,,,,,,,,,,,,,,,,,,,,,,,0.0,0.0,1.0,0.0,0.0,,,,,,,77.0,101.0,11.0,1275.0,12.6,,,,,
2020,Troy Pride,CB,Notre Dame,5-11,193.0,4.4,35.5,13.0,119.0,6.94,4.26,True,4.0,113.0,troy pride,CB,2020,troy pride,100.0,troy pride,2019.0,CB,6.0,0.0,0.0,27.0,0.0,0.0,40.0,,,,39.0,1.0,0.0,39.0,,,,,,,,,,,,,,,,,,,,,,,,,,,,,,,,,,,,,,,,
2020,James Proche,WR,SMU,5-11,201.0,,34.5,20.0,,7.27,4.4,True,6.0,201.0,james proche,WR,2020,james proche,100.0,james proche,2019.0,WR,0.0,0.0,0.0,1.0,0.0,0.0,2.0,2.0,0.0,0.0,,,,,16.0,16.0,1.0,0.0,16.0,,,,,,,,2.0,0.0,0.0,0.0,0.0,0.0,0.0,9.6,20.0,17.0,0.0,164.0,,,,,,,52.0,111.0,15.0,1225.0,11.0,4.0,12.0,0.0,18.0,4.5
2020,Shaquille Quarterman,LB,Miami,6-0,234.0,4.74,31.0,23.0,120.0,,,True,4.0,140.0,shaquille quarterman,LB,2020,shaquille quarterman,100.0,shaquille quarterman,2019.0,LB,5.0,7.0,1.0,51.0,0.0,15.5,107.0,0.0,0.0,2.0,,,,,,,,,,,,,,,,,,,,,,,,,,,,,,,,,,,,,,,,,,,,
2020,Patrick Queen,LB,LSU,6-0,229.0,4.5,35.0,18.0,125.0,,,True,1.0,28.0,patrick queen,LB,2020,patrick queen,100.0,patrick queen,2019.0,LB,2.0,1.0,3.0,37.0,0.0,12.0,85.0,,,,16.0,1.0,0.0,16.0,,,,,,,,,,,,,,,,,,,,,,,,,,,,,,,,,,,,,,,,
2020,Jalen Reagor,WR,TCU,5-11,206.0,4.47,42.0,17.0,138.0,7.31,4.46,True,1.0,21.0,jalen reagor,WR,2020,jalen reagor,100.0,jalen reagor,2019.0,WR,0.0,0.0,0.0,1.0,2.0,0.0,1.0,6.0,3.0,0.0,,,,,12.0,24.0,6.0,0.0,72.0,,,,,,,,,,,,,,,19.5,73.0,16.0,2.0,312.0,,,,,,,55.0,43.0,5.0,611.0,14.2,14.0,29.0,0.0,89.0,6.4
2020,Joe Reed,WR,Virginia,6-0,224.0,4.47,38.0,21.0,123.0,,,True,5.0,151.0,joe reed,WR,2020,joe reed,100.0,joe reed,2019.0,WR,0.0,0.0,0.0,1.0,2.0,0.0,1.0,1.0,1.0,0.0,,,,,33.2,100.0,24.0,2.0,796.0,,,,,,,,,,,,,,,,,,,,,,,,,,43.0,77.0,7.0,679.0,8.8,8.0,22.0,0.0,42.0,5.3
2020,John Reid,CB,Penn State,5-10,187.0,4.49,36.5,20.0,129.0,6.95,3.97,True,4.0,141.0,john reid,CB,2020,john reid,100.0,john reid,2019.0,CB,8.0,1.0,1.0,26.0,1.0,2.5,37.0,,,,30.5,2.0,1.0,61.0,,,,,,,,,,,,,,,,,,,,,,,,,,,,,,,,,,,,,,,,
2020,Malcolm Roach,DL,Texas,6-2,297.0,4.84,30.0,20.0,114.0,,,False,,,malcolm roach,DL,2020,malcolm roach,100.0,malcolm roach,2019.0,DL,1.0,3.0,3.0,24.0,0.0,9.0,40.0,,,,,,,,,,,,,,,,,,,,,,,,,,,,,,,,,,,,,,,,,,,,,,,
2020,Amik Robertson,CB,Louisiana Tech,5-8,187.0,,,,,,,True,4.0,139.0,amik robertson,CB,2020,amik robertson,100.0,amik robertson,2019.0,CB,16.0,1.0,1.0,44.0,3.0,8.0,60.0,1.0,1.0,1.0,19.4,5.0,2.0,97.0,30.0,30.0,1.0,1.0,30.0,,,,,,,,,,,,,,,,0.0,2.0,0.0,,,,,,,,,,,,,,,,,
2020,Alton Robinson,DL,Syracuse,6-3,264.0,4.69,35.5,25.0,119.0,7.32,4.32,True,5.0,148.0,alton robinson,DL,2020,alton robinson,100.0,alton robinson,2019.0,DL,3.0,10.0,4.5,23.0,0.0,9.5,46.0,,,,,,,,,,,,,,,,,,,,,,,,,,,,,,,,,,,,,,,,,,,,,,,
2020,James Robinson,RB,Illinois State,5-9,219.0,4.64,40.0,24.0,125.0,7.03,4.19,False,,,james robinson,RB,2020,james robinson,100.0,james robinson,2019.0,RB,,,,,,,,,,,,,,,,,,,,,,,,,,,,,,,,,,,,,,,,,,,,,12.0,2.0,0.0,10.0,5.0,13.0,18.0,0.0,16.0,1.2
2020,Kendrick Rogers,WR,Texas A&M,6-4,208.0,4.51,35.5,17.0,124.0,7.13,4.48,False,,,kendrick rogers,WR,2020,kendrick rogers,100.0,kendrick rogers,2019.0,WR,0.0,0.0,0.0,1.0,0.0,0.0,1.0,1.0,1.0,0.0,,,,,,,,,,,,,,,,,,,,,,,,,,,,,,,,,,,23.0,30.0,2.0,351.0,11.7,,,,,
2020,Cesar Ruiz,OL,Michigan,6-3,307.0,5.08,33.0,28.0,113.0,7.91,4.64,True,1.0,24.0,cesar ruiz,OL,2020,cesar ruiz,100.0,cesar ruiz,2018.0,OL,0.0,0.0,0.0,1.0,0.0,0.0,1.0,,,,,,,,,,,,,,,,,,,,,,,,,,,,,,,,,,,,,,,,,,,,,,,
2020,Jon Runyan,OL,Michigan,6-4,306.0,5.08,30.5,24.0,107.0,7.57,4.69,True,6.0,192.0,jon runyan,OL,2020,jon runyan,100.0,jon runyan,2019.0,OL,,,,,,,,1.0,0.0,0.0,,,,,,,,,,,,,,,,,,,,,,,,,,,,,,,,,,,,,,,,1.0,0.0,0.0,,
2020,Danny Pinter,OL,Ball State,6-4,306.0,4.91,29.5,24.0,110.0,7.76,4.62,True,5.0,149.0,danny pinter,OL,2020,danny pinter,100.0,danny pinter,2019.0,OL,0.0,0.0,0.0,1.0,0.0,0.0,1.0,,,,,,,,,,,,,,,,,,,,,,,,,,,,,,,,,,,,,,,,,,,1.0,5.0,1.0,5.0,5.0
2020,Jared Pinkney,TE,Vanderbilt,6-4,257.0,4.96,,23.0,,,,False,,,jared pinkney,TE,2020,jared pinkney,100.0,jared pinkney,2019.0,TE,,,,,,,,,,,,,,,,,,,,,,,,,,,,,,,,,,,,,,,,,,,,,31.0,20.0,2.0,233.0,11.7,,,,,
2020,Michael Pinckney,LB,Miami,5-11,235.0,,,,,,,False,,,michael pinckney,LB,2020,michael pinckney,100.0,michael pinckney,2019.0,LB,3.0,5.0,5.0,40.0,0.0,12.5,64.0,,,,,,,,,,,,,,,,,,,,,,,,,,,,,,,,,,,,,,,,,,,,,,,
2020,Dezmon Patmon,WR,Washington State,6-4,225.0,4.48,36.0,15.0,132.0,7.28,4.38,True,6.0,212.0,dezmon patmon,WR,2020,dezmon patmon,100.0,dezmon patmon,2019.0,WR,0.0,0.0,0.0,1.0,0.0,0.0,2.0,1.0,1.0,0.0,,,,,,,,,,,,,,,,,,,,,,,,,,,,,,,,,,,48.0,58.0,8.0,762.0,13.1,,,,,
2020,Albert Okwuegbunam,TE,Missouri,6-5,258.0,4.49,,,,,,True,4.0,118.0,albert okwuegbunam,TE,2020,albert okwuegbunam,100.0,albert okwuegbunam,2019.0,TE,,,,,,,,,,,,,,,,,,,,,,,,,,,,,,,,,,,,,,,,,,,,,36.0,26.0,6.0,306.0,11.8,,,,,
2020,Sewo Olonilua,RB,TCU,6-3,232.0,4.66,36.0,25.0,123.0,,4.28,False,,,sewo olonilua,RB,2020,sewo olonilua,100.0,sewo olonilua,2019.0,RB,,,,,,,,2.0,1.0,0.0,,,,,19.2,37.0,5.0,0.0,96.0,,,,,,,,,,,,,,,,,,,,,,,,,,19.0,24.0,1.0,114.0,4.8,134.0,35.0,8.0,537.0,4.0
2020,Dante Olson,LB,Montana,6-2,237.0,4.88,42.0,15.0,124.0,7.0,4.32,False,,,dante olson,LB,2020,dante olson,100.0,dante olson,2019.0,LB,0.0,0.0,0.0,10.0,0.0,0.0,14.0,,,,,,,,,,,,,,,,,,,,,,,,,,,,,,,,,,,,,,,,,,,,,,,
2020,K.J. Osborn,WR,Miami,5-11,203.0,4.48,37.5,18.0,123.0,7.0,4.35,True,5.0,176.0,kj osborn,WR,2020,kj osborn,100.0,kj osborn,2019.0,WR,,,,,,,,1.0,0.0,0.0,,,,,20.1,31.0,10.0,0.0,201.0,,,,,,,,,,,,,,,15.9,52.0,16.0,0.0,255.0,,,,,,,32.0,50.0,5.0,547.0,10.9,5.0,5.0,0.0,15.0,3.0
2020,Aaron Parker,WR,Rhode Island,6-2,209.0,4.57,26.5,12.0,112.0,6.94,4.23,False,,,aaron parker,WR,2020,aaron parker,100.0,aaron parker,2019.0,WR,,,,,,,,,,,,,,,,,,,,,,,,,,,1.0,0.0,0.0,0.0,0.0,0.0,0.0,,,,,,,,,,,,38.0,14.0,1.0,208.0,14.9,1.0,0.0,0.0,0.0,0.0
2020,Colby Parkinson,TE,Stanford,6-7,252.0,4.77,32.5,18.0,109.0,7.15,4.46,True,4.0,133.0,colby parkinson,TE,2020,colby parkinson,100.0,colby parkinson,2019.0,TE,0.0,0.0,0.0,2.0,0.0,0.0,2.0,,,,,,,,,,,,,,,,,,,,1.0,1.0,0.0,1.0,1.0,8.0,8.0,,,,,,,,,,,,36.0,48.0,1.0,589.0,12.3,,,,,
2020,Shea Patterson,QB,Michigan,6-1,212.0,4.71,31.0,,116.0,7.14,4.5,False,,,shea patterson,QB,2020,shea patterson,100.0,shea patterson,2019.0,QB,,,,,,,,12.0,5.0,0.0,,,,,,,,,,,,,,,,,381.0,214.0,8.0,0.562,23.0,3061.0,8.0,,,,,,,,,,,,,,,,,87.0,22.0,5.0,50.0,0.6
2020,James Pierre,CB,Florida Atlantic,6-0,183.0,4.59,33.5,,123.0,7.02,,False,,,james pierre,CB,2020,james pierre,100.0,james pierre,2019.0,CB,4.0,0.0,0.0,30.0,0.0,4.5,43.0,,,,11.0,3.0,0.0,33.0,,,,,,,,,,,,,,,,,,,,,,,,,,,,,,,,,,,,,,,,
2020,Matt Peart,OL,Connecticut,6-7,318.0,5.06,30.0,26.0,113.0,8.01,4.92,True,3.0,99.0,matt peart,OL,2020,matt peart,100.0,matt peart,2019.0,OL,0.0,0.0,0.0,0.0,0.0,0.0,1.0,,,,,,,,,,,,,,,,,,,,,,,,,,,,,,,,,,,,,,,,,,,,,,,
2020,Alex Pechin,P,Bucknell,6-1,213.0,4.69,34.0,13.0,,,,False,,,alex pechin,P,2020,alex pechin,100.0,alex pechin,2019.0,P,,,,,,,,,,,,,,,,,,,,,,,,,,,,,,,,,,,,,,,0.0,65.0,8.0,0.0,413.0,51.6,,,,,,,,,,
2020,Donovan Peoples-Jones,WR,Michigan,6-2,212.0,4.48,44.5,,139.0,,,True,6.0,187.0,donovan peoplesjones,WR,2020,donovan peoplesjones,100.0,donovan peoplesjones,2019.0,WR,0.0,0.0,0.0,1.0,0.0,0.0,1.0,2.0,1.0,0.0,,,,,,,,,,,,,,,,,,,,,,,,7.2,50.0,24.0,0.0,173.0,,,,,,,41.0,34.0,6.0,438.0,12.9,2.0,2.0,0.0,,
2020,La'Mical Perine,RB,Florida,5-11,216.0,4.62,35.0,22.0,118.0,7.13,4.31,True,4.0,120.0,lamical perine,RB,2020,lamical perine,100.0,lamical perine,2019.0,RB,0.0,0.0,0.0,1.0,0.0,0.0,1.0,,,,,,,,,,,,,,,,,,,,1.0,0.0,0.0,0.0,0.0,0.0,0.0,,,,,,,,,,,,30.0,40.0,5.0,262.0,6.6,132.0,88.0,6.0,676.0,5.1
2020,Jacob Phillips,LB,LSU,6-3,229.0,4.66,39.0,,126.0,7.38,4.33,True,3.0,97.0,jacob phillips,LB,2020,jacob phillips,100.0,jacob phillips,2019.0,LB,1.0,3.0,1.0,56.0,0.0,7.5,113.0,,,,,,,,,,,,,,,,,,,,,,,,,,,,,,,,,,,,,,,,,,,,,,,
2020,Scottie Phillips,RB,Mississippi,5-8,209.0,4.56,30.0,29.0,114.0,7.4,4.53,False,,,scottie phillips,RB,2020,scottie phillips,100.0,scottie phillips,2019.0,RB,0.0,0.0,0.0,0.0,0.0,0.0,1.0,1.0,1.0,0.0,,,,,,,,,,,,,,,,,,,,,,,,,,,,,,,,,,,22.0,8.0,1.0,77.0,9.6,125.0,38.0,5.0,542.0,4.3
2020,Chapelle Russell,LB,Temple,6-2,236.0,4.69,35.0,21.0,121.0,7.38,4.41,True,7.0,241.0,chapelle russell,LB,2020,chapelle russell,100.0,chapelle russell,2019.0,LB,3.0,2.0,0.0,48.0,0.0,8.5,72.0,,,,,,,,,,,,,,,,,,,,,,,,,,,,,,,,,,,,,,,,,,,,,,,
2020,Isaiah Simmons,LB,Clemson,6-4,238.0,4.39,39.0,,132.0,,,True,1.0,8.0,isaiah simmons,LB,2020,isaiah simmons,100.0,isaiah simmons,2019.0,LB,8.0,5.0,8.0,67.0,0.0,16.5,104.0,0.0,0.0,1.0,14.0,3.0,0.0,42.0,,,,,,,,,,,,,,,,,,,,,,,,,,,,,,,,,,,,,,,,
2020,Tanner Muse,S,Clemson,6-2,227.0,4.41,34.5,20.0,124.0,,,True,3.0,100.0,tanner muse,S,2020,tanner muse,100.0,tanner muse,2019.0,S,3.0,1.0,2.0,37.0,0.0,6.0,55.0,,,,3.3,4.0,0.0,13.0,,,,,,,,,,,,,,,,,,,,,,,,,,,,,,,,,,,,,,,,
2020,John Simpson,OL,Clemson,6-4,321.0,5.24,30.0,34.0,107.0,8.03,4.87,True,4.0,109.0,john simpson,OL,2020,john simpson,100.0,john simpson,2019.0,OL,,,,,,,,,,,,,,,,,,,,,,,,,,,,,,,,,,,,,,,,,,,,,,,,,,1.0,1.0,1.0,1.0,1.0
2020,Calvin Throckmorton,OL,Oregon,6-5,317.0,5.57,27.0,23.0,97.0,8.07,4.98,False,,,calvin throckmorton,OL,2020,calvin throckmorton,100.0,calvin throckmorton,2019.0,OL,0.0,0.0,0.0,1.0,0.0,0.0,1.0,,,,,,,,,,,,,,,,,,,,,,,,,,,,,,,,,,,,,,,,,,,,,,,
2020,Casey Toohill,LB,Stanford,6-4,250.0,4.62,39.0,17.0,126.0,7.08,4.21,True,7.0,233.0,casey toohill,LB,2020,casey toohill,100.0,casey toohill,2019.0,LB,1.0,10.0,8.0,37.0,0.0,11.5,57.0,,,,,,,,,,,,,,,,,,,,,,,,,,,,,,,,,,,,,,,,,,,,,,,
2020,Tommy Townsend,P,Florida,6-1,191.0,4.75,,,,,,False,,,tommy townsend,P,2020,tommy townsend,100.0,tommy townsend,2019.0,P,,,,,,,,,,,,,,,,,,,,,,,,,,,,,,,,,,,,,,,7.0,71.0,42.0,1.0,1847.0,44.0,,,,,,3.0,6.0,0.0,5.0,1.7
2020,Josh Uche,LB,Michigan,6-1,245.0,,,18.0,,,,True,2.0,60.0,josh uche,LB,2020,josh uche,100.0,josh uche,2019.0,LB,2.0,8.0,8.5,23.0,0.0,11.5,35.0,0.0,0.0,1.0,,,,,,,,,,,,,,,,,,,,,,,,,,,,,,,,,,,,,,,,,,,,
2020,Ke'Shawn Vaughn,RB,Vanderbilt,5-10,214.0,4.51,32.0,,117.0,,,True,3.0,76.0,keshawn vaughn,RB,2020,keshawn vaughn,100.0,keshawn vaughn,2019.0,RB,,,,,,,,2.0,0.0,0.0,,,,,,,,,,,,,,,,,,,,,,,,,,,,,,,,,,,61.0,28.0,1.0,270.0,9.6,198.0,75.0,9.0,1028.0,5.2
2020,Kindle Vildor,CB,Georgia Southern,5-10,191.0,4.44,39.5,22.0,133.0,7.14,4.28,True,5.0,163.0,kindle vildor,CB,2020,kindle vildor,100.0,kindle vildor,2019.0,CB,6.0,0.0,0.0,23.0,0.0,3.0,27.0,,,,,2.0,0.0,,,,,,,,,,,,,,,,,,,,,,,,,,,,,,,,,,,,,,,,,
2020,Mykal Walker,LB,Fresno State,6-3,230.0,4.65,33.0,20.0,122.0,7.09,4.25,True,4.0,119.0,mykal walker,LB,2020,mykal walker,100.0,mykal walker,2019.0,LB,4.0,3.0,2.5,56.0,0.0,9.0,96.0,0.0,0.0,1.0,,,,,,,,,,,,,,,,,,,,,,,,,,,,,,,,,,,,,,,,,,,,
2020,K'Von Wallace,S,Clemson,5-11,206.0,4.53,38.0,18.0,133.0,6.76,4.15,True,4.0,127.0,kvon wallace,S,2020,kvon wallace,100.0,kvon wallace,2019.0,S,10.0,1.0,2.0,47.0,1.0,3.0,72.0,,,,33.0,2.0,1.0,66.0,,,,,,,,,,,,,,,,,,,,,,,,,,,,,,,,,,,,,,,,
2020,Prince Tega Wanogho,OL,Auburn,6-5,308.0,,,,,,,True,6.0,210.0,prince tega wanogho,OL,2020,prince tega wanogho,100.0,prince tega wanogho,2018.0,OL,,,,,,,,,,,,,,,,,,,,,,,,,,,,,,,,,,,,,,,,,,,,,0.0,1.0,0.0,0.0,0.0,,,,,
2020,Broderick Washington,DL,Texas Tech,6-2,305.0,,,23.0,,,,True,5.0,170.0,broderick washington,DL,2020,broderick washington,100.0,broderick washington,2019.0,DL,2.0,7.0,2.5,24.0,0.0,5.5,39.0,0.0,0.0,1.0,,,,,,,,,,,,,,,,,,,,,,,,,,,,,,,,,,,,,,,,,,,,
2020,Quez Watkins,WR,Southern Miss,6-0,185.0,4.35,36.5,,125.0,7.28,4.36,True,6.0,200.0,quez watkins,WR,2020,quez watkins,100.0,quez watkins,2019.0,WR,0.0,0.0,0.0,2.0,0.0,0.0,2.0,3.0,2.0,0.0,,,,,21.5,46.0,4.0,0.0,86.0,,,,,,,,,,,,,,,7.3,12.0,3.0,0.0,22.0,,,,,,,77.0,64.0,6.0,1178.0,18.4,1.0,1.0,0.0,1.0,1.0
2020,Curtis Weaver,LB,Boise State,6-2,265.0,,32.5,,116.0,7.0,4.27,True,5.0,164.0,curtis weaver,LB,2020,curtis weaver,100.0,curtis weaver,2019.0,LB,3.0,4.0,13.5,32.0,0.0,19.5,52.0,,,,0.0,1.0,0.0,0.0,,,,,,,,,,,,,,,,,,,,,,,,,,,,,,,,,,,,,,,,
2020,Evan Weaver,LB,California,6-2,237.0,4.76,32.0,15.0,117.0,7.02,4.21,True,6.0,202.0,evan weaver,LB,2020,evan weaver,100.0,evan weaver,2019.0,LB,3.0,5.0,2.5,103.0,0.0,11.5,181.0,,,,,,,,,,,,,,,,,,,,,,,,,,,,,,,,,,,,,,,,,,,,,,,
2020,Cody White,WR,Michigan State,6-3,217.0,4.66,35.5,,120.0,7.19,4.52,False,,,cody white,WR,2020,cody white,100.0,cody white,2019.0,WR,,,,,,,,3.0,2.0,0.0,,,,,,,,,,,,,,,,,3.0,0.0,0.0,0.0,0.0,0.0,0.0,5.0,10.0,8.0,0.0,40.0,,,,,,,49.0,66.0,6.0,922.0,14.0,6.0,13.0,0.0,22.0,3.7
2020,Mitchell Wilcox,TE,South Florida,6-3,247.0,4.88,31.0,,112.0,7.37,4.43,False,,,mitchell wilcox,TE,2020,mitchell wilcox,100.0,mitchell wilcox,2019.0,TE,0.0,0.0,0.0,2.0,0.0,0.0,3.0,,,,,,,,,,,,,,,,,,,,,,,,,,,,,,,,,,,,,,54.0,28.0,5.0,350.0,12.5,,,,,
2020,Jeff Thomas,WR,Miami,5-9,170.0,4.45,36.5,,125.0,,,False,,,jeff thomas,WR,2020,jeff thomas,100.0,jeff thomas,2019.0,WR,,,,,,,,2.0,1.0,0.0,,,,,22.3,37.0,12.0,0.0,268.0,,,,,,,,,,,,,,,8.8,29.0,5.0,0.0,44.0,,,,,,,39.0,31.0,3.0,379.0,12.2,7.0,16.0,0.0,41.0,5.9
2020,A.J. Terrell,CB,Clemson,6-1,195.0,4.42,34.5,15.0,129.0,,,True,1.0,16.0,aj terrell,CB,2020,aj terrell,100.0,aj terrell,2019.0,CB,3.0,2.0,0.5,24.0,0.0,0.5,34.0,,,,32.5,2.0,0.0,65.0,,,,,,,,,,,,,,,,,,,,,,,,,,,,,,,,,,,,,,,,
2020,Jonathan Taylor,RB,Wisconsin,5-10,226.0,4.39,36.0,17.0,123.0,7.01,4.24,True,2.0,41.0,jonathan taylor,RB,2020,jonathan taylor,100.0,jonathan taylor,2019.0,RB,,,,,,,,6.0,5.0,0.0,,,,,,,,,,,,,,,,,,,,,,,,,,,,,,,,,,,36.0,26.0,5.0,252.0,9.7,320.0,72.0,21.0,2003.0,6.3
2020,Jason Strowbridge,DL,North Carolina,6-4,275.0,4.89,31.0,26.0,113.0,7.45,4.37,True,5.0,154.0,jason strowbridge,DL,2020,jason strowbridge,100.0,jason strowbridge,2019.0,DL,1.0,4.0,3.0,27.0,0.0,6.5,45.0,0.0,0.0,3.0,,,,,,,,,,,,,,,,,,,,,,,,,,,,,,,,,,,,,,,,,,,,
2020,Arryn Siposs,P,Auburn,6-2,213.0,5.09,,,,,,False,,,arryn siposs,P,2020,arryn siposs,100.0,arryn siposs,2019.0,P,,,,,,,,,,,,,,,,,,,,,,,,,,,1.0,0.0,0.0,0.0,0.0,0.0,0.0,,,,,,8.0,55.0,61.0,3.0,2674.0,43.8,,,,,,,,,,
2020,L'Jarius Sneed,S,Louisiana Tech,6-0,192.0,4.37,41.0,12.0,131.0,,,True,4.0,138.0,ljarius sneed,S,2020,ljarius sneed,100.0,ljarius sneed,2019.0,S,6.0,0.0,0.0,43.0,1.0,3.5,73.0,,,,22.7,3.0,1.0,68.0,,,,,,,,,,,,,,,,,,,,,,,,,,,,,,,,,,,,,,,,
2020,Terence Steele,OL,Texas Tech,6-6,312.0,5.03,27.5,27.0,106.0,,5.08,False,,,terence steele,OL,2020,terence steele,100.0,terence steele,2018.0,OL,0.0,0.0,0.0,1.0,0.0,0.0,1.0,,,,,,,,,,,,,,,,,,,,,,,,,,,,,,,,,,,,,,,,,,,,,,,
2020,Simon Stepaniak,OL,Indiana,6-4,313.0,,,37.0,,,,True,6.0,209.0,simon stepaniak,OL,2020,simon stepaniak,100.0,simon stepaniak,2018.0,OL,0.0,0.0,0.0,1.0,0.0,0.0,1.0,,,,,,,,,,,,,,,,,,,,,,,,,,,,,,,,,,,,,,,,,,,,,,,
2020,Darrell Stewart,WR,Michigan State,6-0,212.0,,35.0,15.0,117.0,,,False,,,darrell stewart,WR,2020,darrell stewart,100.0,darrell stewart,2019.0,WR,0.0,0.0,0.0,1.0,0.0,0.0,1.0,,,,,,,,19.4,31.0,9.0,0.0,175.0,,,,,,,,1.0,1.0,0.0,1.0,0.0,17.0,17.0,,,,,,,,,,,,44.0,49.0,4.0,697.0,14.2,2.0,0.0,0.0,,
2020,Justin Strnad,LB,Wake Forest,6-3,238.0,4.74,29.0,,113.0,,4.49,True,5.0,178.0,justin strnad,LB,2020,justin strnad,100.0,justin strnad,2019.0,LB,4.0,1.0,2.0,38.0,0.0,5.5,69.0,,,,0.0,1.0,0.0,0.0,,,,,,,,,,,,,,,,,,,,,,,,,,,,,,,,,,,,,,,,
2020,Stephen Sullivan,TE,LSU,6-5,248.0,4.66,36.5,,123.0,7.51,4.62,True,7.0,251.0,stephen sullivan,TE,2020,stephen sullivan,100.0,stephen sullivan,2019.0,TE,0.0,0.0,0.0,1.0,0.0,0.0,1.0,,,,,,,,,,,,,,,,,,,,,,,,,,,,,,,,,,,,,,30.0,12.0,0.0,130.0,10.8,,,,,
2020,J.J. Taylor,RB,Arizona,5-5,185.0,4.61,34.5,19.0,118.0,7.0,4.15,False,,,jj taylor,RB,2020,jj taylor,100.0,jj taylor,2019.0,RB,,,,,,,,,,,,,,,22.4,47.0,20.0,0.0,448.0,,,,,,,,,,,,,,,,,,,,,,,,,,28.0,32.0,0.0,289.0,9.0,148.0,40.0,5.0,721.0,4.9
2020,Freddie Swain,WR,Florida,6-0,197.0,4.46,36.5,16.0,124.0,7.05,4.26,True,6.0,214.0,freddie swain,WR,2020,freddie swain,100.0,freddie swain,2019.0,WR,0.0,0.0,0.0,2.0,0.0,0.0,2.0,1.0,0.0,0.0,,,,,13.0,23.0,3.0,0.0,39.0,,,,,,,,,,,,,,,4.0,10.0,14.0,0.0,56.0,,,,,,,64.0,38.0,7.0,517.0,13.6,4.0,10.0,0.0,27.0,6.8
2020,D'Andre Swift,RB,Georgia,5-8,212.0,4.48,35.5,,121.0,,,True,2.0,35.0,dandre swift,RB,2020,dandre swift,100.0,dandre swift,2019.0,RB,0.0,1.0,0.0,1.0,0.0,0.0,1.0,3.0,2.0,0.0,,,,,8.0,12.0,2.0,0.0,16.0,,,,,,,,,,,,,,,,,,,,,,,,,,48.0,24.0,1.0,216.0,9.0,196.0,47.0,7.0,1218.0,6.2
2020,Tua Tagovailoa,QB,Alabama,6-0,217.0,,,,,,,True,1.0,5.0,tua tagovailoa,QB,2020,tua tagovailoa,100.0,tua tagovailoa,2019.0,QB,,,,,,,,1.0,1.0,0.0,,,,,,,,,,,,,,,,,252.0,180.0,3.0,0.714,33.0,2840.0,11.3,,,,,,,,,,,,,,,,,23.0,25.0,2.0,17.0,0.7
2020,Charlie Taumoepeau,TE,Portland State,6-2,240.0,4.75,36.5,18.0,121.0,7.0,4.27,False,,,charlie taumoepeau,TE,2020,charlie taumoepeau,100.0,charlie taumoepeau,2019.0,TE,,,,,,,,,,,,,,,,,,,,,,,,,,,,,,,,,,,,,,,,,,,,,32.0,4.0,1.0,56.0,14.0,,,,,
2020,Darrell Taylor,LB,Tennessee,6-4,267.0,,,,,,,True,2.0,48.0,darrell taylor,LB,2020,darrell taylor,100.0,darrell taylor,2019.0,LB,4.0,6.0,8.5,28.0,0.0,10.0,46.0,0.0,0.0,1.0,,,,,,,,,,,,,,,,,,,,,,,,,,,,,,,,,,,,,,,,,,,,
2020,Davion Taylor,LB,Colorado,6-0,228.0,4.49,35.0,21.0,127.0,6.96,4.26,True,3.0,103.0,davion taylor,LB,2020,davion taylor,100.0,davion taylor,2019.0,LB,4.0,1.0,1.0,55.0,0.0,8.0,64.0,0.0,0.0,1.0,,,,,,,,,,,,,,,,,,,,,,,,,,,,,,,,,,,,,,,,,,,,
2020,Julian Okwara,DL,Notre Dame,6-4,252.0,,,27.0,,,,True,3.0,67.0,julian okwara,DL,2020,julian okwara,100.0,julian okwara,2019.0,DL,0.0,7.0,4.0,8.0,0.0,6.0,18.0,0.0,0.0,1.0,,,,,,,,,,,,,,,,,,,,,,,,,,,,,,,,,,,,,,,,,,,,
2020,Kenneth Murray,LB,Oklahoma,6-2,241.0,4.52,38.0,21.0,129.0,,,True,1.0,23.0,kenneth murray,LB,2020,kenneth murray,100.0,kenneth murray,2019.0,LB,4.0,5.0,4.0,69.0,0.0,17.0,102.0,,,,,,,,,,,,,,,,,,,,,,,,,,,,,,,,,,,,,,,,,,,,,,,
2020,Tristan Wirfs,OL,Iowa,6-5,320.0,4.85,36.5,24.0,121.0,7.65,4.68,True,1.0,13.0,tristan wirfs,OL,2020,tristan wirfs,100.0,tristan wirfs,2018.0,OL,0.0,0.0,0.0,1.0,0.0,0.0,1.0,,,,,,,,,,,,,,,,,,,,,,,,,,,,,,,,,,,,,,,,,,,,,,,
2020,Jerry Jeudy,WR,Alabama,6-1,193.0,4.45,35.0,,120.0,,4.53,True,1.0,15.0,jerry jeudy,WR,2020,jerry jeudy,100.0,jerry jeudy,2019.0,WR,0.0,0.0,0.0,0.0,0.0,0.0,1.0,,,,,,,,,,,,,,,,,,,,,,,,,,,,,,,,,,,,,,85.0,77.0,10.0,1163.0,15.1,1.0,1.0,0.0,1.0,1.0
2020,K.J. Hill,WR,Ohio State,6-0,196.0,4.6,32.5,17.0,114.0,,,True,7.0,220.0,kj hill,WR,2020,kj hill,100.0,kj hill,2019.0,WR,,,,,,,,1.0,0.0,0.0,,,,,0.0,0.0,2.0,0.0,0.0,,,,,,,,,,,,,,,7.6,16.0,5.0,0.0,38.0,,,,,,,53.0,57.0,10.0,636.0,11.2,1.0,1.0,0.0,1.0,1.0
2020,Trevon Hill,DL,Miami,6-3,248.0,4.89,28.0,,113.0,,,False,,,trevon hill,DL,2020,trevon hill,100.0,trevon hill,2019.0,DL,1.0,4.0,4.5,17.0,0.0,9.5,26.0,,,,,,,,,,,,,,,,,,,,,,,,,,,,,,,,,,,,,,,,,,,,,,,
2020,Isaiah Hodgins,WR,Oregon State,6-4,210.0,4.61,36.5,9.0,124.0,7.01,4.12,True,6.0,207.0,isaiah hodgins,WR,2020,isaiah hodgins,100.0,isaiah hodgins,2019.0,WR,,,,,,,,,,,,,,,,,,,,,,,,,,,,,,,,,,,,,,,,,,,,,42.0,86.0,13.0,1171.0,13.6,,,,,
2020,Brycen Hopkins,TE,Purdue,6-4,245.0,4.66,33.5,21.0,116.0,7.25,4.28,True,4.0,136.0,brycen hopkins,TE,2020,brycen hopkins,100.0,brycen hopkins,2019.0,TE,,,,,,,,,,,,,,,0.0,0.0,1.0,0.0,0.0,,,,,,,,,,,,,,,,,,,,,,,,,,72.0,61.0,7.0,830.0,13.6,,,,,
2020,Khaleke Hudson,LB,Michigan,5-11,224.0,4.56,33.0,30.0,120.0,,,True,5.0,162.0,khaleke hudson,LB,2020,khaleke hudson,100.0,khaleke hudson,2019.0,LB,3.0,3.0,1.5,45.0,0.0,3.0,101.0,,,,,,,,,,,,,,,,,,,,,,,,,,,,,,,,,,,,,,,,,,,,,,,
2020,Jalen Hurts,QB,Oklahoma,6-1,222.0,4.59,35.0,,125.0,,,True,2.0,53.0,jalen hurts,QB,2020,jalen hurts,100.0,jalen hurts,2019.0,QB,0.0,0.0,0.0,3.0,0.0,0.0,3.0,8.0,6.0,0.0,,,,,,,,,,,,,,,,,341.0,237.0,8.0,0.695,32.0,3851.0,11.3,,,,,,,,,,,,21.0,2.0,1.0,25.0,12.5,233.0,52.0,20.0,1298.0,5.6
2020,Rashard Lawrence II,DL,LSU,6-2,308.0,5.07,,22.0,,8.03,,True,4.0,131.0,rashard lawrence,DL,2020,rashard lawrence,100.0,rashard lawrence,2019.0,DL,3.0,1.0,2.5,11.0,0.0,6.0,28.0,,,,,,,,,,,,,,,,,,,,,,,,,,,,,,,,,,,,,,,,,,,,,,,
2020,Reggie Robinson II,CB,Tulsa,6-1,205.0,4.44,36.0,22.0,132.0,7.09,4.18,True,4.0,123.0,reggie robinson,CB,2020,reggie robinson,100.0,reggie robinson,2019.0,CB,13.0,0.0,0.0,26.0,0.0,1.0,38.0,0.0,0.0,1.0,9.3,3.0,0.0,28.0,,,,,,,,,,,,,,,,,,,,,,,,,,,,,,,,,,,,,,,,
2020,Henry Ruggs III,WR,Alabama,5-11,188.0,4.27,42.0,,131.0,,,True,1.0,12.0,henry ruggs,WR,2020,henry ruggs,100.0,henry ruggs,2019.0,WR,0.0,0.0,0.0,3.0,0.0,0.0,6.0,,,,,,,,23.8,40.0,12.0,0.0,286.0,,,,,,,,,,,,,,,,,,,,,,,,,,81.0,40.0,7.0,746.0,18.7,2.0,75.0,1.0,75.0,37.5
2020,Keith Ismael,OL,San Diego State,6-3,309.0,5.34,32.0,,108.0,8.14,4.65,True,5.0,156.0,keith ismael,OL,2020,keith ismael,100.0,keith ismael,2019.0,OL,0.0,0.0,0.0,1.0,0.0,0.0,1.0,,,,,,,,,,,,,,,,,,,,,,,,,,,,,,,,,,,,,,,,,,,,,,,
2020,Jonah Jackson,OL,Ohio State,6-3,306.0,5.23,26.0,28.0,98.0,7.83,5.02,True,3.0,75.0,jonah jackson,OL,2020,jonah jackson,100.0,jonah jackson,2018.0,OL,0.0,0.0,0.0,1.0,0.0,0.0,1.0,,,,,,,,,,,,,,,,,,,,,,,,,,,,,,,,,,,,,,,,,,,,,,,
2020,Lamar Jackson,CB,Nebraska,6-2,208.0,4.58,36.5,10.0,122.0,,,False,,,lamar jackson,CB,2020,lamar jackson,100.0,lamar jackson,2019.0,CB,12.0,1.0,1.0,26.0,0.0,3.0,35.0,0.0,0.0,1.0,4.0,3.0,0.0,12.0,,,,,,,,,,,,,,,,,,,,,,,,,,,,,,,,,,,,,,,,
2020,Trishton Jackson,WR,Syracuse,6-1,197.0,4.5,36.0,,117.0,,,False,,,trishton jackson,WR,2020,trishton jackson,100.0,trishton jackson,2019.0,WR,,,,,,,,,,,,,,,,,,,,,,,,,,,,,,,,,,,,,,,,,,,,,85.0,66.0,11.0,1023.0,15.5,2.0,5.0,0.0,3.0,1.5
2020,Van Jefferson,WR,Florida,6-1,200.0,,,,,,,True,2.0,57.0,van jefferson,WR,2020,van jefferson,100.0,van jefferson,2019.0,WR,0.0,0.0,0.0,1.0,0.0,0.0,1.0,0.0,0.0,1.0,,,,,,,,,,,,,,,,,,,,,,,,,,,,,,,,,,,69.0,49.0,6.0,657.0,13.4,1.0,7.0,0.0,7.0,7.0
2020,Anfernee Jennings,LB,Alabama,6-2,256.0,,,,,,,True,3.0,87.0,anfernee jennings,LB,2020,anfernee jennings,100.0,anfernee jennings,2019.0,LB,5.0,8.0,8.0,45.0,0.0,12.5,83.0,,,,0.0,1.0,0.0,0.0,,,,,,,,,,,,,,,,,,,,,,,,,,,,,,,,,,,,,,,,
2020,John Hightower,WR,Boise State,6-1,189.0,4.43,38.5,,122.0,7.07,4.21,True,5.0,168.0,john hightower,WR,2020,john hightower,100.0,john hightower,2019.0,WR,0.0,0.0,0.0,0.0,1.0,0.0,0.0,1.0,1.0,0.0,,,,,24.6,98.0,26.0,1.0,639.0,,,,,,,,2.0,1.0,0.0,0.5,0.0,4.0,2.0,,,,,,,,,,,,76.0,51.0,8.0,943.0,18.5,15.0,35.0,0.0,139.0,9.3
2020,Tee Higgins,WR,Clemson,6-4,216.0,,,,,,,True,2.0,33.0,tee higgins,WR,2020,tee higgins,100.0,tee higgins,2019.0,WR,,,,,,,,,,,,,,,,,,,,,,,,,,,,,,,,,,,,,,,,,,,,,65.0,59.0,13.0,1167.0,19.8,1.0,36.0,1.0,36.0,36.0
2020,Brian Herrien,RB,Georgia,5-11,209.0,4.62,38.5,18.0,126.0,7.12,4.4,False,,,brian herrien,RB,2020,brian herrien,100.0,brian herrien,2019.0,RB,,,,,,,,,,,,,,,18.6,41.0,8.0,0.0,149.0,,,,,,,,,,,,,,,,,,,,,,,,,,18.0,16.0,1.0,110.0,6.9,103.0,40.0,6.0,490.0,4.8
2020,Bryce Hall,CB,Virginia,6-1,202.0,,,11.0,,,,True,5.0,158.0,bryce hall,CB,2020,bryce hall,100.0,bryce hall,2019.0,CB,4.0,0.0,1.0,13.0,0.0,3.0,20.0,,,,,,,,,,,,,,,,,,,,,,,,,,,,,,,,,,,,,,,,,,,,,,,
2020,Jonathan Garvin,DL,Miami,6-4,263.0,4.82,36.0,23.0,125.0,,,True,7.0,242.0,jonathan garvin,DL,2020,jonathan garvin,100.0,jonathan garvin,2019.0,DL,0.0,4.0,5.0,21.0,0.0,9.0,37.0,,,,,,,,,,,,,,,,,,,,,,,,,,,,,,,,,,,,,,,,,,,,,,,
2020,Antonio Gibson,WR,Memphis,6-0,228.0,4.39,35.0,16.0,118.0,,,True,3.0,66.0,antonio gibson,WR,2020,antonio gibson,100.0,antonio gibson,2019.0,WR,0.0,0.0,0.0,0.0,1.0,0.0,0.0,1.0,0.0,0.0,,,,,28.0,97.0,23.0,1.0,645.0,,,,,,,,,,,,,,,,,,,,,,,,,,73.0,38.0,8.0,735.0,19.3,33.0,78.0,4.0,369.0,11.2
2020,Alohi Gilman,S,Notre Dame,5-10,201.0,4.6,32.0,17.0,119.0,6.81,4.08,True,6.0,186.0,alohi gilman,S,2020,alohi gilman,100.0,alohi gilman,2019.0,S,2.0,1.0,1.0,32.0,0.0,3.0,74.0,0.0,0.0,1.0,0.0,1.0,0.0,0.0,,,,,,,,,,,,,,,,,,,,,,,,,,,,,,,,,,,,,,,,
2020,Jeff Gladney,CB,TCU,5-10,191.0,4.48,37.5,17.0,124.0,7.26,,True,1.0,31.0,jeff gladney,CB,2020,jeff gladney,100.0,jeff gladney,2019.0,CB,14.0,0.0,0.5,24.0,0.0,1.5,31.0,,,,0.0,1.0,0.0,0.0,,,,,,,,,,,,,,,,,,,,,,,,,,,,,,,,,,,,,,,,
2020,Anthony Gordon,QB,Washington State,6-2,205.0,,,,,,,False,,,anthony gordon,QB,2020,anthony gordon,100.0,anthony gordon,2019.0,QB,,,,,,,,5.0,2.0,0.0,,,,,,,,,,,,,,,,,689.0,493.0,16.0,0.716,48.0,5575.0,8.1,,,,,,,,,,,,,,,,,51.0,17.0,0.0,,
2020,Stephen Guidry,WR,Mississippi State,6-3,201.0,4.47,34.0,,125.0,7.31,4.46,False,,,stephen guidry,WR,2020,stephen guidry,100.0,stephen guidry,2019.0,WR,,,,,,,,1.0,1.0,0.0,,,,,,,,,,,,,,,,,,,,,,,,,,,,,,,,,,,32.0,30.0,5.0,387.0,12.9,,,,,
2020,KJ Hamler,WR,Penn State,5-9,178.0,,,15.0,,,,True,2.0,46.0,kj hamler,WR,2020,kj hamler,100.0,kj hamler,2019.0,WR,,,,,,,,3.0,0.0,0.0,,,,,20.5,40.0,25.0,0.0,513.0,,,,,,,,,,,,,,,5.0,26.0,25.0,0.0,126.0,,,,,,,58.0,56.0,8.0,904.0,16.1,13.0,16.0,0.0,43.0,3.3
2020,Justin Herbert,QB,Oregon,6-6,236.0,4.68,35.5,,123.0,7.06,4.46,True,1.0,6.0,justin herbert,QB,2020,justin herbert,100.0,justin herbert,2019.0,QB,,,,,,,,4.0,1.0,0.0,,,,,,,,,,,,,,,,,428.0,286.0,6.0,0.668,32.0,3471.0,8.1,,,,,,,,,,,,,,,,,58.0,30.0,4.0,50.0,0.9
2020,Harrison Hand,CB,Temple,5-11,197.0,4.52,41.0,14.0,133.0,7.15,4.27,True,5.0,169.0,harrison hand,CB,2020,harrison hand,100.0,harrison hand,2019.0,CB,5.0,0.0,0.0,43.0,0.0,4.0,59.0,,,,2.7,3.0,0.0,8.0,,,,,,,,,,,,,,,,,,,,,,,,,,,,,,,,,,,,,,,,
2020,Jake Hanson,OL,Oregon,6-4,303.0,5.5,,33.0,,,,True,6.0,208.0,jake hanson,OL,2020,jake hanson,100.0,jake hanson,2019.0,OL,0.0,0.0,0.0,1.0,0.0,0.0,1.0,,,,,,,,,,,,,,,,,,,,,,,,,,,,,,,,,,,,,,,,,,,,,,,
2020,Malik Harrison,LB,Ohio State,6-3,247.0,4.66,36.0,,122.0,6.83,4.32,True,3.0,98.0,malik harrison,LB,2020,malik harrison,100.0,malik harrison,2019.0,LB,4.0,1.0,4.5,49.0,0.0,16.5,75.0,0.0,0.0,2.0,,,,,,,,,,,,,,,,,,,,,,,,,,,,,,,,,,,,,,,,,,,,
2020,JaMycal Hasty,RB,Baylor,5-8,205.0,4.55,39.0,15.0,123.0,,4.03,False,,,jamycal hasty,RB,2020,jamycal hasty,100.0,jamycal hasty,2019.0,RB,0.0,0.0,0.0,1.0,0.0,0.0,2.0,3.0,2.0,0.0,,,,,19.7,29.0,6.0,0.0,118.0,,,,,,,,,,,,,,,,,,,,,,,,,,63.0,25.0,0.0,184.0,7.4,109.0,73.0,7.0,627.0,5.8
2020,Jaylinn Hawkins,S,California,6-1,208.0,,35.5,,117.0,,,True,4.0,134.0,jaylinn hawkins,S,2020,jaylinn hawkins,100.0,jaylinn hawkins,2019.0,S,2.0,0.0,1.0,37.0,0.0,3.5,49.0,,,,9.7,3.0,0.0,29.0,15.7,27.0,3.0,0.0,47.0,,,,,,,,,,,,,,,,,,,,,,,,,,,,,,,,,,,
2020,Matt Hennessy,OL,Temple,6-4,307.0,5.18,30.0,23.0,110.0,7.45,4.6,True,3.0,78.0,matt hennessy,OL,2020,matt hennessy,100.0,matt hennessy,2019.0,OL,0.0,0.0,0.0,0.0,0.0,0.0,1.0,,,,,,,,,,,,,,,,,,,,,,,,,,,,,,,,,,,,,,,,,,,,,,,
2020,Jauan Jennings,WR,Tennessee,6-3,215.0,4.72,29.0,,119.0,,,True,7.0,217.0,jauan jennings,WR,2020,jauan jennings,100.0,jauan jennings,2019.0,WR,0.0,0.0,0.0,4.0,0.0,0.0,4.0,1.0,0.0,0.0,,,,,,,,,,,,,,,,,1.0,0.0,0.0,0.0,0.0,0.0,0.0,,,,,,,,,,,,51.0,59.0,8.0,969.0,16.4,13.0,22.0,1.0,51.0,3.9
2020,Collin Johnson,WR,Texas,6-6,222.0,,,17.0,,,,True,5.0,165.0,collin johnson,WR,2020,collin johnson,100.0,collin johnson,2019.0,WR,,,,,,,,1.0,1.0,0.0,,,,,,,,,,,,,,,,,,,,,,,,,,,,,,,,,,,37.0,38.0,3.0,559.0,14.7,,,,,
2020,Zack Moss,RB,Utah,5-9,223.0,4.65,33.0,19.0,,,4.37,True,3.0,86.0,zack moss,RB,2020,zack moss,100.0,zack moss,2019.0,RB,,,,,,,,1.0,1.0,0.0,,,,,,,,,,,,,,,,,,,,,,,,,,,,,,,,,,,69.0,28.0,2.0,388.0,13.9,235.0,91.0,15.0,1416.0,6.0
2020,Clay Johnston,LB,Baylor,6-1,227.0,,,18.0,,,,True,7.0,234.0,clay johnston,LB,2020,clay johnston,100.0,clay johnston,2019.0,LB,5.0,1.0,2.5,35.0,0.0,8.0,58.0,,,,8.0,1.0,0.0,8.0,,,,,,,,,,,,,,,,,,,,,,,,,,,,,,,,,,,,,,,,
2020,Austin Mack,WR,Ohio State,6-1,208.0,4.59,31.5,,117.0,,4.42,False,,,austin mack,WR,2020,austin mack,100.0,austin mack,2019.0,WR,0.0,0.0,0.0,2.0,0.0,0.0,2.0,,,,,,,,,,,,,,,,,,,,,,,,,,,,,,,,,,,,,,38.0,27.0,3.0,361.0,13.4,,,,,
2020,Jordan Mack,LB,Virginia,6-3,241.0,,,,,,,False,,,jordan mack,LB,2020,jordan mack,100.0,jordan mack,2019.0,LB,0.0,2.0,7.5,36.0,0.0,7.5,69.0,,,,,,,,,,,,,,,,,,,,,,,,,,,,,,,,,,,,,,,,,,,,,,,
2020,Justin Madubuike,DL,Texas A&M,6-3,293.0,4.83,,31.0,,7.37,,True,3.0,71.0,justin madubuike,DL,2020,justin madubuike,100.0,justin madubuike,2019.0,DL,2.0,7.0,5.5,18.0,0.0,11.5,45.0,,,,18.0,1.0,0.0,18.0,,,,,,,,,,,,,,,,,,,,,,,,,,,,,,,,,,,,,,,,
2020,Braden Mann,P,Texas A&M,5-11,198.0,4.83,31.0,,111.0,7.03,4.13,True,6.0,191.0,braden mann,P,2020,braden mann,100.0,braden mann,2019.0,P,0.0,0.0,0.0,6.0,0.0,0.0,6.0,,,,,,,,,,,,,,,,,,,,,,,,,,,,,,,,11.0,68.0,57.0,2.0,2685.0,47.1,,,,,,1.0,15.0,0.0,15.0,15.0
2020,Kamal Martin,LB,Minnesota,6-3,240.0,,,,,,,True,5.0,175.0,kamal martin,LB,2020,kamal martin,100.0,kamal martin,2019.0,LB,1.0,0.0,1.0,36.0,0.0,2.5,66.0,,,,7.0,2.0,0.0,14.0,,,,,,,,,,,,,,,,,,,,,,,,,,,,,,,,,,,,,,,,
2020,Cole McDonald,QB,Hawaii,6-3,215.0,4.58,36.0,,121.0,7.13,4.52,True,7.0,224.0,cole mcdonald,QB,2020,cole mcdonald,100.0,cole mcdonald,2019.0,QB,,,,,,,,5.0,4.0,0.0,,,,,,,,,,,,,,,,,511.0,326.0,14.0,0.638,33.0,4138.0,8.1,,,,,,,,,,,,,,,,,103.0,76.0,7.0,377.0,3.7
2020,Anthony McFarland,RB,Maryland,5-8,208.0,4.44,29.5,,116.0,,,True,4.0,124.0,anthony mcfarland,RB,2020,anthony mcfarland,100.0,anthony mcfarland,2019.0,RB,,,,,,,,1.0,0.0,0.0,,,,,40.0,40.0,1.0,0.0,40.0,,,,,,,,,,,,,,,,,,,,,,,,,,39.0,17.0,1.0,126.0,7.4,114.0,80.0,8.0,614.0,5.4
2020,Sean McKeon,TE,Michigan,6-5,242.0,,,18.0,,,,False,,,sean mckeon,TE,2020,sean mckeon,100.0,sean mckeon,2019.0,TE,,,,,,,,,,,,,,,,,,,,,,,,,,,,,,,,,,,,,,,,,,,,,41.0,13.0,2.0,235.0,18.1,,,,,
2020,Denzel Mims,WR,Baylor,6-3,207.0,4.38,38.5,16.0,131.0,6.66,4.43,True,2.0,59.0,denzel mims,WR,2020,denzel mims,100.0,denzel mims,2019.0,WR,0.0,0.0,0.0,2.0,0.0,0.0,2.0,2.0,1.0,0.0,,,,,,,,,,,,,,,,,,,,,,,,,,,,,,,,,,,46.0,66.0,12.0,1020.0,15.5,,,,,
2020,John Molchon,OL,Boise State,6-5,309.0,5.13,34.0,26.0,109.0,7.85,4.73,False,,,john molchon,OL,2020,john molchon,100.0,john molchon,2019.0,OL,0.0,0.0,0.0,1.0,0.0,0.0,1.0,,,,,,,,,,,,,,,,,,,,,,,,,,,,,,,,,,,,,,,,,,,,,,,
2020,JJ Molson,K,UCLA,5-11,182.0,,,,,,,False,,,jj molson,K,2020,jj molson,100.0,jj molson,2019.0,PK,0.0,0.0,0.0,2.0,0.0,0.0,2.0,,,,,,,,,,,,,14.0,8.0,49.0,0.571,64.0,40.0,40.0,,,,,,,,,,,,,,,,,,,,,,,,,,,,
2020,Steven Montez,QB,Colorado,6-4,231.0,4.68,33.0,,117.0,7.25,4.43,False,,,steven montez,QB,2020,steven montez,100.0,steven montez,2019.0,QB,0.0,0.0,0.0,1.0,0.0,0.0,1.0,1.0,0.0,0.0,,,,,,,,,,,,,,,,,405.0,255.0,10.0,0.63,17.0,2808.0,6.9,,,,,,,,,,,,,,,,,65.0,20.0,3.0,153.0,2.4
2020,Darnell Mooney,WR,Tulane,5-10,176.0,4.38,37.0,9.0,124.0,,,True,5.0,173.0,darnell mooney,WR,2020,darnell mooney,100.0,darnell mooney,2019.0,WR,0.0,0.0,0.0,1.0,0.0,0.0,1.0,,,,,,,,,,,,,,,,,,,,,,,,,,,,,,,,,,,,,,48.0,48.0,5.0,713.0,14.9,,,,,
2020,James Morgan,QB,Florida International,6-4,229.0,4.89,29.0,,112.0,7.51,4.64,True,4.0,125.0,james morgan,QB,2020,james morgan,100.0,james morgan,2019.0,QB,,,,,,,,7.0,3.0,0.0,,,,,,,,,,,,,,,,,357.0,207.0,5.0,0.58,14.0,2560.0,7.2,,,,,,,,,,,,,,,,,31.0,15.0,2.0,,
2020,Thaddeus Moss,TE,LSU,6-2,250.0,,,,,,,False,,,thaddeus moss,TE,2020,thaddeus moss,100.0,thaddeus moss,2019.0,TE,,,,,,,,2.0,0.0,0.0,,,,,,,,,,,,,,,,,,,,,,,,,,,,,,,,,,,62.0,47.0,4.0,570.0,12.1,,,,,
2020,Jake Luton,QB,Oregon State,6-6,224.0,,,,,,,True,6.0,189.0,jake luton,QB,2020,jake luton,100.0,jake luton,2019.0,QB,,,,,,,,,,,,,,,,,,,,,,,,,,,358.0,222.0,3.0,0.62,28.0,2714.0,7.6,,,,,,0.0,33.0,1.0,0.0,33.0,33.0,,,,,,44.0,19.0,1.0,,
2020,Jordan Love,QB,Utah State,6-4,224.0,4.74,35.5,,118.0,7.21,4.52,True,1.0,26.0,jordan love,QB,2020,jordan love,100.0,jordan love,2019.0,QB,0.0,0.0,0.0,1.0,0.0,0.0,1.0,6.0,2.0,0.0,,,,,,,,,,,,,,,,,473.0,293.0,17.0,0.619,20.0,3402.0,7.2,,,,,,,,,,,,,,,,,81.0,22.0,0.0,175.0,2.2
2020,Kalija Lipscomb,WR,Vanderbilt,6-0,207.0,4.57,32.0,16.0,127.0,,,False,,,kalija lipscomb,WR,2020,kalija lipscomb,100.0,kalija lipscomb,2019.0,WR,,,,,,,,1.0,0.0,0.0,,,,,,,,,,,,,,,,,,,,,,,,,,,,,,,,,,,49.0,47.0,3.0,511.0,10.9,4.0,22.0,0.0,52.0,13.0
2020,Dalton Keene,TE,Virginia Tech,6-4,253.0,4.71,34.0,21.0,125.0,7.07,4.19,True,3.0,101.0,dalton keene,TE,2020,dalton keene,100.0,dalton keene,2019.0,TE,,,,,,,,1.0,1.0,0.0,,,,,,,,,,,,,,,,,,,,,,,,,,,,,,,,,,,27.0,20.0,5.0,236.0,11.8,11.0,7.0,0.0,33.0,3.0
2020,Benito Jones,DL,Mississippi,6-1,316.0,5.26,26.5,,,8.21,5.27,False,,,benito jones,DL,2020,benito jones,100.0,benito jones,2019.0,DL,0.0,7.0,5.5,19.0,0.0,10.0,30.0,,,,4.0,1.0,0.0,4.0,,,,,,,,,,,,,,,,,,,,,,,,,,,,,,,,,,,,,,,,
2020,Tony Jones,RB,Notre Dame,5-10,220.0,4.68,32.5,13.0,119.0,7.18,4.21,False,,,tony jones,RB,2020,tony jones,100.0,tony jones,2019.0,RB,0.0,0.0,0.0,2.0,0.0,0.0,2.0,,,,,,,,,,,,,,,,,,,,,,,,,,,,,,,,,,,,,,24.0,15.0,1.0,104.0,6.9,144.0,84.0,6.0,857.0,6.0
2020,Willie Gay Jr.,LB,Mississippi State,6-1,243.0,4.46,39.5,21.0,136.0,7.08,4.3,True,2.0,63.0,willie gay,LB,2020,willie gay,100.0,willie gay,2019.0,LB,1.0,1.0,0.0,7.0,1.0,2.5,17.0,1.0,0.0,2.0,52.0,1.0,1.0,52.0,,,,,,,,,,,,,,,,,,,,,,,,,,,,,,,,,,,,,,,,
2020,Laviska Shenault Jr.,WR,Colorado,6-1,227.0,4.58,,17.0,,,,True,2.0,42.0,laviska shenault,WR,2020,laviska shenault,100.0,laviska shenault,2019.0,WR,0.0,0.0,0.0,2.0,0.0,0.0,2.0,1.0,1.0,0.0,,,,,54.0,54.0,1.0,0.0,54.0,,,,,,,,,,,,,,,,,,,,,,,,,,71.0,56.0,4.0,764.0,13.6,23.0,23.0,2.0,161.0,7.0
2020,Azur Kamara,LB,Kansas,6-3,245.0,4.59,28.0,13.0,121.0,7.2,4.46,False,,,azur kamara,LB,2020,azur kamara,100.0,azur kamara,2019.0,LB,0.0,4.0,4.0,30.0,0.0,6.5,51.0,,,,,,,,,,,,,,,,,,,,,,,,,,,,,,,,,,,,,,,,,,,,,,,
2020,Khalid Kareem,DL,Notre Dame,6-4,268.0,,,,,,,True,5.0,147.0,khalid kareem,DL,2020,khalid kareem,100.0,khalid kareem,2019.0,DL,1.0,11.0,5.5,23.0,0.0,10.0,46.0,0.0,0.0,1.0,,,,,,,,,,,,,,,,,,,,,,,,,,,,,,,,,,,,,,,,,,,,
2020,Joshua Kelley,RB,UCLA,5-11,212.0,4.49,31.0,23.0,121.0,6.95,4.28,True,4.0,112.0,joshua kelley,RB,2020,joshua kelley,100.0,joshua kelley,2019.0,RB,0.0,0.0,0.0,0.0,0.0,0.0,1.0,1.0,0.0,0.0,,,,,,,,,,,,,,,,,,,,,,,,,,,,,,,,,,,14.0,11.0,1.0,71.0,6.5,229.0,54.0,12.0,1060.0,4.6
2020,Terrell Lewis,LB,Alabama,6-5,262.0,,37.0,,124.0,,,True,3.0,84.0,terrell lewis,LB,2020,terrell lewis,100.0,terrell lewis,2019.0,LB,2.0,15.0,6.0,21.0,0.0,11.5,31.0,0.0,0.0,1.0,,,,,,,,,,,,,,,,,,,,,,,,,,,,,,,,,,,,,,,,,,,,
2020,Javon Kinlaw,DL,South Carolina,6-5,324.0,,,,,,,True,1.0,14.0,javon kinlaw,DL,2020,javon kinlaw,100.0,javon kinlaw,2019.0,DL,2.0,4.0,6.0,15.0,0.0,6.0,35.0,0.0,0.0,1.0,,,,,,,,,,,,,,,,,,,,,,,,,,,,,,,,,,,,,,,,,,,,
2020,Cole Kmet,TE,Notre Dame,6-6,262.0,4.7,37.0,,123.0,7.44,4.41,True,2.0,43.0,cole kmet,TE,2020,cole kmet,100.0,cole kmet,2019.0,TE,0.0,0.0,0.0,2.0,0.0,0.0,2.0,1.0,0.0,0.0,,,,,,,,,,,,,,,,,,,,,,,,,,,,,,,,,,,37.0,43.0,6.0,515.0,12.0,,,,,
2020,CeeDee Lamb,WR,Oklahoma,6-2,198.0,4.5,34.5,11.0,124.0,,,True,1.0,17.0,ceedee lamb,WR,2020,ceedee lamb,100.0,ceedee lamb,2019.0,WR,0.0,0.0,0.0,1.0,0.0,0.0,1.0,2.0,1.0,0.0,,,,,,,,,,,,,,,,,,,,,,,,7.2,46.0,25.0,0.0,179.0,,,,,,,71.0,62.0,14.0,1327.0,21.4,9.0,21.0,1.0,20.0,2.2
2020,Javon Leake,RB,Maryland,6-0,215.0,4.65,34.0,,125.0,,,False,,,javon leake,RB,2020,javon leake,100.0,javon leake,2019.0,RB,0.0,0.0,0.0,3.0,2.0,0.0,3.0,4.0,4.0,0.0,,,,,26.8,100.0,30.0,2.0,804.0,,,,,,,,,,,,,,,,,,,,,,,,,,33.0,9.0,0.0,55.0,6.1,102.0,64.0,8.0,736.0,7.2
2020,Benny LeMay,RB,Charlotte,5-8,221.0,4.75,28.5,24.0,112.0,,,False,,,benny lemay,RB,2020,benny lemay,100.0,benny lemay,2019.0,RB,,,,,,,,1.0,0.0,0.0,,,,,,,,,,,,,,,,,,,,,,,,,,,,,,,,,,,47.0,19.0,4.0,242.0,12.7,193.0,65.0,9.0,1072.0,5.6
2020,Brian Lewerke,QB,Michigan State,6-2,213.0,4.95,31.0,,113.0,7.14,4.4,False,,,brian lewerke,QB,2020,brian lewerke,100.0,brian lewerke,2019.0,QB,,,,,,,,6.0,3.0,0.0,,,,,,,,,,,,,,,,,435.0,260.0,13.0,0.598,17.0,3079.0,7.1,,,,,,,,,,,,17.0,1.0,0.0,17.0,17.0,111.0,42.0,3.0,363.0,3.3
2020,Darryl Williams,OL,Mississippi State,6-2,304.0,5.23,25.5,23.0,102.0,7.88,4.76,False,,,darryl williams,OL,2020,darryl williams,100.0,darryl williams,2019.0,OL,,,,,,,,0.0,0.0,1.0,,,,,,,,,,,,,,,,,,,,,,,,,,,,,,,,,,,,,,,,,,,,
2020,Charlie Woerner,TE,Georgia,6-5,244.0,4.78,34.5,21.0,120.0,7.18,4.46,True,6.0,190.0,charlie woerner,TE,2020,charlie woerner,100.0,charlie woerner,2019.0,TE,0.0,0.0,0.0,2.0,0.0,0.0,2.0,1.0,0.0,0.0,,,,,,,,,,,,,,,,,,,,,,,,,,,,,,,,,,,20.0,9.0,1.0,78.0,8.7,,,,,
2020,Antonio Gandy-Golden,WR,Liberty,6-4,223.0,4.6,36.0,22.0,127.0,7.33,4.55,True,4.0,142.0,antonio gandygolden,WR,2020,antonio gandygolden,100.0,antonio gandygolden,2019.0,WR,,,,,,,,,,,,,,,,,,,,,,,,,,,,,,,,,,,,,,,,,,,,,73.0,79.0,10.0,1396.0,17.7,,,,,
2021,Stone Forsythe,OL,Florida,6-8,307.0,5.14,27.5,25.0,103.0,7.47,4.65,True,6.0,208.0,stone forsythe,OL,2021,stone forsythe,100.0,stone forsythe,2020.0,OL,0.0,0.0,0.0,1.0,0.0,0.0,1.0,,,,,,,,,,,,,,,,,,,,,,,,,,,,,,,,,,,,,,,,,,,,,,,
2021,Chris Evans,RB,Michigan,5-11,211.0,4.5,40.5,20.0,127.0,6.83,4.12,True,6.0,202.0,chris evans,RB,2021,chris evans,100.0,chris evans,2020.0,RB,,,,,,,,,,,,,,,,,,,,,,,,,,,,,,,,,,,,,,,,,,,,,23.0,9.0,0.0,87.0,9.7,16.0,16.0,1.0,73.0,4.6
2021,Dillon Faamatau,DL,Oklahoma,6-3,280.0,5.35,24.5,22.0,100.0,8.58,5.15,False,,,dillon faamatau,DL,2021,dillon faamatau,100.0,dillon faamatau,2019.0,DL,0.0,1.0,0.0,2.0,0.0,0.5,6.0,,,,,,,,,,,,,,,,,,,,,,,,,,,,,,,,,,,,,,,,,,,,,,,
2021,Austin Faoliu,DT,Oregon,6-3,287.0,,,,,,,False,,,austin faoliu,DT,2021,austin faoliu,100.0,austin faoliu,2020.0,DT,0.0,0.0,0.0,10.0,0.0,0.0,16.0,,,,,,,,,,,,,,,,,,,,,,,,,,,,,,,,,,,,,,,,,,,,,,,
2021,Matt Farniok,OL,Nebraska,6-5,311.0,5.2,33.0,28.0,105.0,7.14,4.8,False,,,matt farniok,OL,2021,matt farniok,100.0,matt farniok,2019.0,OL,0.0,0.0,0.0,0.0,0.0,0.0,1.0,,,,,,,,,,,,,,,,,,,,,,,,,,,,,,,,,,,,,,,,,,,,,,,
2021,Luke Farrell,TE,Ohio St.,6-5,251.0,4.79,36.5,22.0,118.0,7.14,4.36,True,5.0,145.0,luke farrell,TE,2021,luke farrell,100.0,luke farrell,2020.0,TE,,,,,,,,,,,,,,,,,,,,,,,,,,,,,,,,,,,,,,,,,,,,,16.0,5.0,1.0,37.0,7.4,,,,,
2021,Simi Fehoko,WR,Stanford,6-3,222.0,4.44,34.5,16.0,120.0,6.78,4.26,True,5.0,179.0,simi fehoko,WR,2021,simi fehoko,100.0,simi fehoko,2020.0,WR,,,,,,,,,,,,,,,,,,,,,,,,,,,,,,,,,,,,,,,,,,,,,57.0,37.0,3.0,584.0,15.8,1.0,0.0,0.0,,
2021,Demetric Felton,RB,UCLA,5-8,189.0,4.55,,,,,,True,6.0,211.0,demetric felton,RB,2021,demetric felton,100.0,demetric felton,2020.0,RB,,,,,,,,1.0,1.0,0.0,,,,,21.0,33.0,8.0,0.0,168.0,,,,,,,,,,,,,,,,,,,,,,,,,,28.0,22.0,3.0,159.0,7.2,132.0,40.0,5.0,668.0,5.1
2021,Parker Ferguson,OT,Air Force,6-3,306.0,5.19,31.0,24.0,105.0,7.75,4.9,False,,,parker ferguson,OT,2021,parker ferguson,100.0,parker ferguson,2019.0,OT,0.0,0.0,0.0,1.0,0.0,0.0,1.0,0.0,0.0,1.0,,,,,,,,,,,,,,,,,,,,,,,,,,,,,,,,,,,,,,,,,,,,
2021,Justin Fields,QB,Ohio St.,6-2,227.0,4.45,,,,,,True,1.0,11.0,justin fields,QB,2021,justin fields,100.0,justin fields,2020.0,QB,,,,,,,,2.0,0.0,0.0,,,,,,,,,,,,,,,,,225.0,158.0,6.0,0.702,22.0,2100.0,9.3,,,,,,,,,,,,,,,,,81.0,44.0,5.0,383.0,4.7
2021,Tony Fields,LB,West Virginia,6-0,222.0,4.64,34.0,17.0,114.0,7.15,4.48,True,5.0,153.0,tony fields,LB,2021,tony fields,100.0,tony fields,2020.0,LB,2.0,4.0,1.0,34.0,0.0,4.0,88.0,,,,22.0,1.0,0.0,22.0,,,,,,,,,,,,,,,,,,,,,,,,,,,,,,,,,,,,,,,,
2021,Paddy Fisher,LB,Northwestern,6-3,240.0,4.91,31.5,20.0,110.0,7.0,4.47,False,,,paddy fisher,LB,2021,paddy fisher,100.0,paddy fisher,2020.0,LB,2.0,3.0,0.0,47.0,0.0,4.5,86.0,0.0,0.0,2.0,0.0,1.0,0.0,0.0,,,,,,,,,,,,,,,,,,,,,,,,,,,,,,,,,,,,,,,,
2021,Dez Fitzpatrick,WR,Louisville,6-1,208.0,4.43,35.0,,,7.09,4.26,True,4.0,109.0,dez fitzpatrick,WR,2021,dez fitzpatrick,100.0,dez fitzpatrick,2020.0,WR,0.0,0.0,0.0,2.0,0.0,0.0,3.0,1.0,1.0,0.0,,,,,,,,,,,,,,,,,,,,,,,,,,,,,,,,,,,82.0,43.0,3.0,833.0,19.4,,,,,
2021,Thomas Fletcher,LS,Alabama,,,,,,,,,False,,,thomas fletcher,LS,2021,thomas fletcher,100.0,thomas fletcher,2020.0,LS,,,,,,,,0.0,0.0,1.0,,,,,,,,,,,,,,,,,,,,,,,,,,,,,,,,,,,,,,,,,,,,
2021,Paris Ford,DB,Pittsburgh,6-0,197.0,4.85,28.5,,110.0,7.44,4.45,False,,,paris ford,DB,2021,paris ford,100.0,paris ford,2020.0,DB,2.0,1.0,0.0,30.0,0.0,3.0,41.0,,,,11.7,3.0,0.0,35.0,,,,,,,,,,,,,,,,,,,,,,,,,,,,,,,,,,,,,,,,
2021,Darrick Forrest,S,Cincinnati,5-11,206.0,4.42,39.0,21.0,132.0,6.91,4.23,True,5.0,163.0,darrick forrest,S,2021,darrick forrest,100.0,darrick forrest,2020.0,S,1.0,1.0,0.0,31.0,0.0,1.0,40.0,,,,11.0,2.0,0.0,22.0,,,,,,,,,,,,,,,,,,,,,,,,,,,,,,,,,,,,,,,,
2021,Travis Etienne,RB,Clemson,5-10,215.0,4.45,33.5,18.0,128.0,,,True,1.0,25.0,travis etienne,RB,2021,travis etienne,100.0,travis etienne,2020.0,RB,,,,,,,,4.0,3.0,0.0,,,,,23.6,40.0,8.0,0.0,189.0,,,,,,,,,,,,,,,44.0,44.0,1.0,0.0,44.0,,,,,,,46.0,48.0,2.0,588.0,12.3,168.0,72.0,14.0,914.0,5.4
2021,Dorian Etheridge,LB,Louisville,6-1,233.0,4.87,35.0,,121.0,7.25,4.47,False,,,dorian etheridge,LB,2021,dorian etheridge,100.0,dorian etheridge,2020.0,LB,2.0,1.0,3.0,32.0,0.0,9.5,50.0,,,,,,,,,,,,,,,,,,,,,,,,,,,,,,,,,,,,,,,,,,,,,,,
2021,Max Duffy,P,Kentucky,6-0,196.0,,,,,,,False,,,max duffy,P,2021,max duffy,100.0,max duffy,2020.0,P,,,,,,,,,,,,,,,,,,,,,,,,,,,,,,,,,,,,,,,16.0,75.0,42.0,1.0,1895.0,45.1,,,,,,1.0,0.0,0.0,,
2021,Shawn Davis,DB,Florida,5-10,202.0,,39.5,17.0,128.0,,,True,5.0,165.0,shawn davis,DB,2021,shawn davis,100.0,shawn davis,2020.0,DB,1.0,0.0,0.0,25.0,0.0,2.0,42.0,,,,22.5,2.0,0.0,45.0,,,,,,,,,,,,,,,,,,,,,,,,,,,,,,,,,,,,,,,,
2021,Wyatt Davis,OL,Ohio St.,6-3,315.0,,,25.0,,,,True,3.0,86.0,wyatt davis,OL,2021,wyatt davis,100.0,wyatt davis,2020.0,OL,,,,,,,,,,,,,,,,,,,,,,,,,,,,,,,,,,,,,,,,,,,,,0.0,1.0,0.0,,,,,,,
2021,Divine Deablo,DB,Virginia Tech,6-3,226.0,4.42,34.0,19.0,126.0,7.12,4.4,True,3.0,80.0,divine deablo,DB,2021,divine deablo,100.0,divine deablo,2020.0,DB,4.0,1.0,0.0,32.0,0.0,2.0,55.0,,,,1.3,4.0,0.0,5.0,,,,,,,,,,,,,,,,,,,,,,,,,,,,,,,,,,,,,,,,
2021,Bryson Denley,RB,Bowling Green,5-7,189.0,4.56,27.5,13.0,110.0,7.25,4.57,False,,,bryson denley,RB,2021,bryson denley,100.0,bryson denley,2020.0,RB,,,,,,,,1.0,1.0,0.0,,,,,27.5,81.0,15.0,0.0,412.0,,,,,,,,,,,,,,,,,,,,,,,,,,,,,,,39.0,12.0,0.0,146.0,3.7
2021,Victor Dimukeje,DE,Duke,6-1,262.0,4.87,34.5,28.0,115.0,7.25,4.35,True,6.0,210.0,victor dimukeje,DE,2021,victor dimukeje,100.0,victor dimukeje,2020.0,DE,1.0,2.0,7.5,22.0,0.0,8.0,39.0,0.0,0.0,1.0,,,,,,,,,,,,,,,,,,,,,,,,,,,,,,,,,,,,,,,,,,,,
2021,Gerrid Doaks,RB,Cincinnati,5-11,228.0,4.58,39.5,19.0,120.0,7.2,4.27,False,,,gerrid doaks,RB,2021,gerrid doaks,100.0,gerrid doaks,2020.0,RB,,,,,,,,2.0,2.0,0.0,,,,,,,,,,,,,,,,,,,,,,,,,,,,,,,,,,,60.0,14.0,2.0,202.0,14.4,144.0,72.0,7.0,673.0,4.7
2021,Keith Duncan,K,Iowa,,176.0,,,,,,,False,,,keith duncan,K,2021,keith duncan,100.0,keith duncan,2020.0,PK,,,,,,,,,,,,,,,,,,,,18.0,14.0,48.0,0.778,68.0,27.0,26.0,,,,,,,,,,,,,,,,,,,,,,,,,,,,
2021,D'Wayne Eskridge,WR,West. Michigan,5-8,190.0,4.38,35.0,,124.0,6.93,4.22,True,2.0,56.0,dwayne eskridge,WR,2021,dwayne eskridge,100.0,dwayne eskridge,2020.0,WR,0.0,0.0,0.0,1.0,1.0,0.0,1.0,1.0,0.0,0.0,,,,,27.5,100.0,17.0,1.0,467.0,,,,,,,,,,,,,,,,,,,,,,,,,,85.0,33.0,8.0,768.0,23.3,2.0,27.0,0.0,43.0,21.5
2021,Isaiah Dunn,DB,Oregon St.,5-11,189.0,4.39,35.5,13.0,127.0,6.93,4.21,False,,,isaiah dunn,DB,2021,isaiah dunn,100.0,isaiah dunn,2020.0,DB,3.0,0.0,0.0,8.0,0.0,0.0,13.0,,,,,,,,,,,,,,,,,,,,,,,,,,,,,,,,,,,,,,,,,,,,,,,
2021,Wes Dvorak,DB,Iowa,5-11,198.0,4.52,41.5,,132.0,6.94,4.33,False,,,wes dvorak,DB,2021,wes dvorak,100.0,wes dvorak,2019.0,DB,0.0,0.0,0.0,0.0,0.0,0.0,3.0,,,,,,,,,,,,,,,,,,,,,,,,,,,,,,,,,,,,,,,,,,,,,,,
2021,Brennan Eagles,WR,Texas,6-3,225.0,4.55,36.5,,125.0,6.93,4.42,False,,,brennan eagles,WR,2021,brennan eagles,100.0,brennan eagles,2020.0,WR,,,,,,,,,,,,,,,,,,,,,,,,,,,,,,,,,,,,,,,,,,,,,59.0,28.0,5.0,469.0,16.8,,,,,
2021,Brandin Echols,DB,Kentucky,5-10,179.0,4.34,42.5,13.0,136.0,6.84,4.12,False,,,brandin echols,DB,2021,brandin echols,100.0,brandin echols,2020.0,DB,2.0,0.0,0.0,39.0,0.0,2.0,54.0,,,,7.0,1.0,0.0,7.0,,,,,,,,,,,,,,,,,,,,,,,,,,,,,,,,,,,,,,,,
2021,Sam Ehlinger,QB,Texas,6-1,220.0,4.84,36.5,,114.0,7.15,4.44,True,6.0,218.0,sam ehlinger,QB,2021,sam ehlinger,100.0,sam ehlinger,2020.0,QB,0.0,0.0,0.0,1.0,0.0,0.0,1.0,,,,,,,,,,,,,,,,,,,,322.0,194.0,5.0,0.602,26.0,2566.0,8.0,,,,,,,,,,,,,,,,,113.0,36.0,8.0,378.0,3.3
2021,Milo Eifler,LB,Illinois,6-2,228.0,4.58,37.5,14.0,126.0,7.15,4.35,False,,,milo eifler,LB,2021,milo eifler,100.0,milo eifler,2020.0,LB,1.0,0.0,1.0,19.0,0.0,3.5,27.0,,,,,,,,,,,,,,,,,,,,,,,,,,,,,,,,,,,,,,,,,,,,,,,
2021,Miller Forristall,TE,Alabama,,,,,,,,,False,,,miller forristall,TE,2021,miller forristall,100.0,miller forristall,2020.0,TE,,,,,,,,,,,,,,,,,,,,,,,,,,,,,,,,,,,,,,,,,,,,,34.0,23.0,1.0,253.0,11.0,1.0,1.0,0.0,1.0,1.0
2021,Feleipe Franks,QB,Arkansas,6-6,234.0,4.61,32.5,,117.0,7.16,4.22,False,,,feleipe franks,QB,2021,feleipe franks,100.0,feleipe franks,2020.0,QB,,,,,,,,5.0,2.0,0.0,,,,,,,,,,,,,,,,,237.0,162.0,4.0,0.684,17.0,2091.0,8.8,,,,,,,,,,,,,,,,,105.0,28.0,1.0,204.0,1.9
2021,Brady Davis,QB,Memphis,,,4.65,31.0,,114.0,7.06,4.2,False,,,brady davis,QB,2021,brady davis,100.0,brady davis,2019.0,QB,,,,,,,,,,,,,,,,,,,,,,,,,,,32.0,14.0,1.0,0.438,1.0,187.0,5.8,,,,,,,,,,,,,,,,,8.0,6.0,0.0,17.0,2.1
2021,Pat Freiermuth,TE,Penn St.,6-5,251.0,,,26.0,,,,True,2.0,55.0,pat freiermuth,TE,2021,pat freiermuth,100.0,pat freiermuth,2020.0,TE,,,,,,,,,,,,,,,,,,,,,,,,,,,,,,,,,,,,,,,,,,,,,74.0,23.0,1.0,310.0,13.5,,,,,
2021,Noah Hannon,OL,Appalachian St.,6-0,238.0,5.15,29.5,15.0,108.0,7.37,4.68,False,,,noah hannon,OL,2021,noah hannon,100.0,noah hannon,2019.0,OL,0.0,0.0,0.0,0.0,0.0,0.0,1.0,,,,,,,,,,,,,,,,,,,,,,,,,,,,,,,,,,,,,,,,,,,,,,,
2021,Adrian Hardy,WR,Louisiana Tech,6-1,205.0,4.61,37.5,12.0,124.0,6.96,4.5,False,,,adrian hardy,WR,2021,adrian hardy,100.0,adrian hardy,2020.0,WR,0.0,0.0,0.0,1.0,0.0,0.0,1.0,,,,,,,,,,,,,,,,,,,,1.0,0.0,0.0,0.0,0.0,0.0,0.0,,,,,,,,,,,,32.0,33.0,4.0,440.0,13.3,,,,,
2021,Scooter Harrington,TE,Stanford,6-4,250.0,5.19,29.0,,105.0,7.2,4.53,False,,,scooter harrington,TE,2021,scooter harrington,100.0,scooter harrington,2020.0,TE,,,,,,,,,,,,,,,,,,,,,,,,,,,,,,,,,,,,,,,,,,,,,17.0,7.0,2.0,51.0,7.3,,,,,
2021,Jaylen Harris,WR,Ohio St.,5-8,170.0,4.77,30.5,8.0,109.0,7.37,4.5,False,,,jaylen harris,WR,2021,jaylen harris,100.0,jaylen harris,2020.0,WR,0.0,0.0,0.0,1.0,0.0,0.0,1.0,,,,,,,,,,,,,,,,,,,,,,,,,,,,,,,,,,,,,,,,,,,,,,,
2021,Pressley Harvin,P,Georgia Tech,5-11,263.0,,,14.0,,,,False,,,pressley harvin,P,2021,pressley harvin,100.0,pressley harvin,2020.0,P,,,,,,,,,,,,,,,,,,,,,,,,,,,1.0,0.0,0.0,0.0,0.0,0.0,0.0,,,,,,18.0,70.0,45.0,3.0,2159.0,48.0,6.0,1.0,0.0,6.0,6.0,,,,,
2021,Blake Haubeil,K,Ohio St.,6-3,233.0,,,,,,,False,,,blake haubeil,K,2021,blake haubeil,100.0,blake haubeil,2020.0,PK,,,,,,,,,,,,,,,,,,,,7.0,5.0,43.0,0.714,39.0,24.0,24.0,,,,,,,,,,,,,,,,,,,,,,,,,,,,
2021,Jake Hausmann,TE,Ohio St.,6-4,242.0,4.98,29.5,16.0,112.0,7.65,4.44,False,,,jake hausmann,TE,2021,jake hausmann,100.0,jake hausmann,2020.0,TE,,,,,,,,,,,,,,,,,,,,,,,,,,,,,,,,,,,,,,,,,,,,,13.0,1.0,0.0,13.0,13.0,,,,,
2021,Javian Hawkins,RB,Louisville,5-8,183.0,4.46,36.0,,116.0,6.98,4.23,False,,,javian hawkins,RB,2021,javian hawkins,100.0,javian hawkins,2020.0,RB,0.0,0.0,0.0,1.0,0.0,0.0,2.0,3.0,1.0,0.0,,,,,,,,,,,,,,,,,,,,,,,,,,,,,,,,,,,29.0,16.0,1.0,127.0,7.9,133.0,90.0,7.0,822.0,6.2
2021,Daelin Hayes,DL,Notre Dame,6-3,253.0,4.71,32.5,26.0,119.0,7.17,4.29,True,5.0,171.0,daelin hayes,DL,2021,daelin hayes,100.0,daelin hayes,2020.0,DL,1.0,2.0,3.0,9.0,0.0,5.0,14.0,0.0,0.0,1.0,13.0,1.0,0.0,13.0,,,,,,,,,,,,,,,,,,,,,,,,,,,,,,,,,,,,,,,,
2021,Damon Hazelton,WR,Missouri,,,4.6,37.5,,,,,False,,,damon hazelton,WR,2021,damon hazelton,100.0,damon hazelton,2020.0,WR,,,,,,,,,,,,,,,,,,,,,,,,,,,,,,,,,,,,,,,,,,,,,33.0,30.0,1.0,397.0,13.2,2.0,3.0,0.0,3.0,1.5
2021,Jack Heflin,DL,Iowa,,304.0,5.3,29.0,,104.0,7.61,,False,,,jack heflin,DL,2021,jack heflin,100.0,jack heflin,2020.0,DL,0.0,1.0,1.0,13.0,0.0,3.5,21.0,,,,,,,,,,,,,,,,,,,,,,,,,,,,,,,,,,,,,,,,,,,,,,,
2021,Justin Henderson,RB,Louisiana Tech,5-7,220.0,4.65,32.0,26.0,118.0,7.22,4.59,False,,,justin henderson,RB,2021,justin henderson,100.0,justin henderson,2020.0,RB,0.0,0.0,0.0,1.0,0.0,0.0,1.0,1.0,0.0,0.0,,,,,,,,,,,,,,,,,,,,,,,,,,,,,,,,,,,8.0,9.0,0.0,37.0,4.1,75.0,34.0,2.0,252.0,3.4
2021,Khalil Herbert,RB,Virginia Tech,5-8,210.0,4.46,33.0,22.0,115.0,6.96,4.31,True,6.0,217.0,khalil herbert,RB,2021,khalil herbert,100.0,khalil herbert,2020.0,RB,,,,,,,,,,,,,,,26.9,83.0,16.0,0.0,430.0,,,,,,,,,,,,,,,,,,,,,,,,,,46.0,10.0,1.0,179.0,17.9,155.0,76.0,8.0,1183.0,7.6
2021,Grant Hermanns,OL,Purdue,6-7,300.0,,27.0,29.0,107.0,7.76,4.81,False,,,grant hermanns,OL,2021,grant hermanns,100.0,grant hermanns,2020.0,OL,0.0,0.0,0.0,1.0,0.0,0.0,1.0,,,,,,,,,,,,,,,,,,,,,,,,,,,,,,,,,,,,,,,,,,,,,,,
2021,Malik Herring,DL,Georgia,6-3,283.0,,,,,,,False,,,malik herring,DL,2021,malik herring,100.0,malik herring,2020.0,DL,2.0,3.0,2.0,12.0,0.0,4.5,20.0,,,,,,,,,,,,,,,,,,,,,,,,,,,,,,,,,,,,,,,,,,,,,,,
2021,Mike Hampton,DB,South Florida,5-11,186.0,,,22.0,,,,False,,,mike hampton,DB,2021,mike hampton,100.0,mike hampton,2020.0,DB,4.0,0.0,0.0,22.0,0.0,0.0,32.0,0.0,0.0,1.0,,,,,,,,,,,,,,,,,,,,,,,,,,,,,,,,,,,,,,,,,,,,
2021,Damar Hamlin,DB,Pittsburgh,6-0,200.0,4.6,35.0,18.0,118.0,6.93,4.4,True,6.0,212.0,damar hamlin,DB,2021,damar hamlin,100.0,damar hamlin,2020.0,DB,7.0,0.0,0.0,38.0,0.0,3.5,66.0,,,,2.0,2.0,0.0,4.0,,,,,,,,,,,,,,,,,,,,,,,,,,,,,,,,,,,,,,,,
2021,Darren Hall,CB,San Diego St.,5-11,188.0,4.47,38.5,16.0,132.0,7.07,4.28,True,4.0,108.0,darren hall,CB,2021,darren hall,100.0,darren hall,2020.0,CB,6.0,0.0,0.0,30.0,1.0,2.0,37.0,,,,24.0,3.0,1.0,72.0,,,,,,,,,,,,,,,,,,,,,,,,,,,,,,,,,,,,,,,,
2021,Tyree Gillespie,S,Missouri,,,4.38,,15.0,,7.06,,True,4.0,143.0,tyree gillespie,S,2021,tyree gillespie,100.0,tyree gillespie,2020.0,S,4.0,1.0,0.0,29.0,0.0,0.5,46.0,,,,,,,,,,,,,,,,,,,,,,,,,,,,,,,,,,,,,,,,,,,,,,,
2021,Will Fries,OL,Penn St.,6-6,309.0,5.37,31.0,24.0,115.0,7.77,4.53,True,7.0,248.0,will fries,OL,2021,will fries,100.0,will fries,2020.0,OL,0.0,0.0,0.0,1.0,0.0,0.0,1.0,,,,,,,,,,,,,,,,,,,,,,,,,,,,,,,,,,,,,,,,,,,,,,,
2021,Jake Funk,RB,Maryland,5-10,204.0,4.49,38.0,22.0,122.0,6.71,4.12,True,7.0,233.0,jake funk,RB,2021,jake funk,100.0,jake funk,2020.0,RB,0.0,0.0,0.0,3.0,0.0,0.0,3.0,,,,,,,,,,,,,,,,,,,,,,,,,,,,,,,,,,,,,,20.0,10.0,1.0,68.0,6.8,60.0,52.0,3.0,511.0,8.5
2021,Kenneth Gainwell,RB,Memphis,,201.0,4.42,,21.0,,,,True,5.0,150.0,kenneth gainwell,RB,2021,kenneth gainwell,100.0,kenneth gainwell,2019.0,RB,0.0,0.0,0.0,1.0,0.0,0.0,1.0,3.0,1.0,0.0,,,,,,,,,,,,,,,,,,,,,,,,,,,,,,,,,,,68.0,51.0,3.0,610.0,12.0,231.0,75.0,13.0,1459.0,6.3
2021,Bailey Gaither,WR,San Jose St.,6-0,188.0,4.45,31.0,9.0,121.0,7.07,4.39,False,,,bailey gaither,WR,2021,bailey gaither,100.0,bailey gaither,2020.0,WR,0.0,0.0,0.0,2.0,0.0,0.0,2.0,,,,,,,,,,,,,,,,,,,,,,,,,,,7.4,19.0,5.0,0.0,37.0,,,,,,,69.0,41.0,4.0,725.0,17.7,,,,,
2021,Blake Gallagher,LB,Northwestern,5-11,228.0,4.83,31.5,27.0,107.0,7.23,4.4,False,,,blake gallagher,LB,2021,blake gallagher,100.0,blake gallagher,2020.0,LB,2.0,1.0,2.0,44.0,0.0,9.5,84.0,0.0,0.0,1.0,,1.0,0.0,,,,,,,,,,,,,,,,,,,,,,,,,,,,,,,,,,,,,,,,,
2021,Mark Gilbert,CB,Duke,6-0,186.0,4.47,36.0,13.0,130.0,7.05,4.37,False,,,mark gilbert,CB,2021,mark gilbert,100.0,mark gilbert,2020.0,CB,0.0,0.0,0.0,7.0,0.0,0.0,8.0,,,,0.0,1.0,0.0,0.0,,,,,,,,,,,,,,,,,,,,,,,,,,,,,,,,,,,,,,,,
2021,Chauncey Golston,DL,Iowa,6-4,269.0,4.79,36.0,,119.0,7.52,4.65,True,3.0,84.0,chauncey golston,DL,2021,chauncey golston,100.0,chauncey golston,2020.0,DL,1.0,3.0,5.5,24.0,0.0,8.5,45.0,,,,,1.0,0.0,,,,,,,,,,,,,,,,,,,,,,,,,,,,,,,,,,,,,,,,,
2021,Garrett Groshek,RB,Wisconsin,5-11,217.0,4.64,33.5,17.0,115.0,7.08,4.32,False,,,garrett groshek,RB,2021,garrett groshek,100.0,garrett groshek,2020.0,RB,0.0,0.0,0.0,1.0,0.0,0.0,1.0,2.0,1.0,0.0,,,,,,,,,,,,,,,,,,,,,,,,,,,,,,,,,,,15.0,22.0,0.0,119.0,5.4,67.0,39.0,2.0,300.0,4.5
2021,Tay Gowan,DB,Central Florida,6-0,186.0,4.44,35.5,13.0,118.0,6.88,4.25,True,6.0,223.0,tay gowan,DB,2021,tay gowan,100.0,tay gowan,2019.0,DB,7.0,0.0,0.0,21.0,0.0,1.0,29.0,0.0,0.0,1.0,9.0,2.0,0.0,18.0,,,,,,,,,,,,,,,,,,,,,,,,,,,,,,,,,,,,,,,,
2021,Ta'Quon Graham,DL,Texas,6-3,292.0,4.89,32.5,32.0,113.0,7.31,4.68,True,5.0,148.0,taquon graham,DL,2021,taquon graham,100.0,taquon graham,2020.0,DL,0.0,2.0,1.0,12.0,0.0,7.0,23.0,0.0,0.0,2.0,,,,,,,,,,,,,,,,,,,,,,,,,,,,,,,,,,,,,,,,,,,,
2021,Richie Grant,DB,Central Florida,5-11,197.0,4.49,34.5,12.0,129.0,6.78,4.27,True,2.0,40.0,richie grant,DB,2021,richie grant,100.0,richie grant,2020.0,DB,5.0,1.0,1.0,49.0,0.0,3.5,72.0,0.0,0.0,2.0,8.3,3.0,0.0,25.0,,,,,,,,,,,,,,,,,,,,,,,,,,,,,,,,,,,,,,,,
2021,Noah Gray,TE,Duke,6-3,240.0,4.55,35.0,15.0,115.0,6.83,4.37,True,5.0,162.0,noah gray,TE,2021,noah gray,100.0,noah gray,2020.0,TE,0.0,0.0,0.0,1.0,0.0,0.0,1.0,,,,,,,,,,,,,,,,,,,,1.0,1.0,0.0,1.0,0.0,11.0,11.0,,,,,,,,,,,,24.0,28.0,2.0,278.0,9.9,2.0,2.0,0.0,3.0,1.5
2021,Kendrick Green,OL,Illinois,6-1,305.0,4.89,35.5,25.0,119.0,7.79,4.67,True,3.0,87.0,kendrick green,OL,2021,kendrick green,100.0,kendrick green,2019.0,OL,0.0,0.0,0.0,1.0,0.0,0.0,1.0,,,,,,,,,,,,,,,,,,,,,,,,,,,,,,,,,,,,,,,,,,,,,,,
2021,Trevon Grimes,WR,Florida,6-4,220.0,4.49,35.0,15.0,118.0,6.98,4.28,False,,,trevon grimes,WR,2021,trevon grimes,100.0,trevon grimes,2020.0,WR,0.0,0.0,0.0,1.0,0.0,0.0,2.0,,,,,,,,,,,,,,,,,,,,,,,,,,,,,,,,,,,,,,50.0,38.0,9.0,589.0,15.5,1.0,4.0,0.0,4.0,4.0
2021,Jamin Davis,LB,Kentucky,6-3,234.0,4.47,42.0,,132.0,,,True,1.0,19.0,jamin davis,LB,2021,jamin davis,100.0,jamin davis,2020.0,LB,2.0,1.0,1.5,48.0,1.0,4.0,102.0,0.0,0.0,1.0,30.0,3.0,1.0,90.0,,,,,,,,,,,,,,,,,,,,,,,,,,,,,,,,,,,,,,,,
2021,Corey Dauphine,RB,Tulane,5-11,198.0,4.71,30.0,14.0,117.0,7.4,4.53,False,,,corey dauphine,RB,2021,corey dauphine,100.0,corey dauphine,2019.0,RB,0.0,0.0,0.0,4.0,0.0,0.0,4.0,2.0,1.0,0.0,,,,,,,,,,,,,,,,,,,,,,,,,,,,,,,,,,,6.0,1.0,0.0,6.0,6.0,72.0,57.0,7.0,575.0,8.0
2020,David Woodward,LB,Utah State,6-2,230.0,4.79,33.5,16.0,114.0,7.34,4.37,False,,,david woodward,LB,2020,david woodward,100.0,david woodward,2019.0,LB,2.0,0.0,2.0,53.0,1.0,5.0,93.0,0.0,0.0,1.0,,,,,,,,,,,,,,,,,,,,,,,,,,,,,,,,,,,,,,,,,,,,
2021,Amon-Ra St. Brown,WR,USC,5-11,197.0,4.51,38.5,20.0,127.0,6.88,4.17,True,4.0,112.0,amonra st brown,WR,2021,amonra st brown,100.0,amonra st brown,2020.0,WR,0.0,0.0,0.0,0.0,0.0,0.0,1.0,,,,,,,,21.5,23.0,2.0,0.0,43.0,,,,,,,,,,,,,,,5.3,11.0,6.0,0.0,32.0,,,,,,,48.0,41.0,7.0,478.0,11.7,,,,,
2021,Josh Blancato,WR,Georgia Tech,5-9,182.0,4.55,32.0,17.0,124.0,6.9,4.31,False,,,josh blancato,WR,2021,josh blancato,100.0,josh blancato,2020.0,WR,0.0,0.0,0.0,4.0,0.0,0.0,6.0,,,,,,,,,,,,,,,,,,,,,,,,,,,3.5,7.0,2.0,0.0,7.0,,,,,,,,,,,,,,,,
2021,Joshuah Bledsoe,S,Missouri,,,,,,,,,True,6.0,188.0,joshuah bledsoe,S,2021,joshuah bledsoe,100.0,joshuah bledsoe,2020.0,S,6.0,0.0,0.0,24.0,0.0,2.5,41.0,0.0,0.0,2.0,,,,,,,,,,,,,,,,,,,,,,,,,,,,,,,,,,,,,,,,,,,,
2021,Nick Bolton,LB,Missouri,5-11,237.0,4.6,32.0,24.0,,7.4,4.5,True,2.0,58.0,nick bolton,LB,2021,nick bolton,100.0,nick bolton,2020.0,LB,5.0,1.0,2.0,53.0,0.0,8.0,95.0,0.0,0.0,1.0,,,,,,,,,,,,,,,,,,,,,,,,,,,,,,,,,,,,,,,,,,,,
2021,Ian Book,QB,Notre Dame,6-0,211.0,4.65,32.5,,115.0,6.99,4.19,True,4.0,133.0,ian book,QB,2021,ian book,100.0,ian book,2020.0,QB,,,,,,,,4.0,2.0,0.0,,,,,,,,,,,,,,,,,353.0,228.0,3.0,0.646,15.0,2830.0,8.0,,,,,,,,,,,,,,,,,117.0,33.0,9.0,486.0,4.2
2021,Dicaprio Bootle,CB,Nebraska,5-9,180.0,4.38,36.5,16.0,126.0,6.77,4.03,False,,,dicaprio bootle,CB,2021,dicaprio bootle,100.0,dicaprio bootle,2020.0,CB,5.0,1.0,0.0,16.0,0.0,0.5,25.0,,,,2.0,1.0,0.0,2.0,,,,,,,,,,,,,,,,,,,,,,,,,,,,,,,,,,,,,,,,
2021,Tuf Borland,LB,Ohio St.,6-0,229.0,4.98,32.5,15.0,109.0,7.17,4.29,False,,,tuf borland,LB,2021,tuf borland,100.0,tuf borland,2020.0,LB,0.0,0.0,1.5,22.0,0.0,3.5,48.0,,,,,,,,,,,,,,,,,,,,,,,,,,,,,,,,,,,,,,,,,,,,,,,
2021,Rakeem Boyd,RB,Arkansas,5-11,213.0,4.7,32.5,6.0,98.0,7.22,4.38,False,,,rakeem boyd,RB,2021,rakeem boyd,100.0,rakeem boyd,2020.0,RB,,,,,,,,1.0,1.0,0.0,,,,,,,,,,,,,,,,,,,,,,,,,,,,,,,,,,,15.0,10.0,0.0,33.0,3.3,82.0,16.0,3.0,309.0,3.8
2021,Michael Boykin,DL,Louisville,6-5,291.0,4.88,32.0,24.0,110.0,7.69,4.58,False,,,michael boykin,DL,2021,michael boykin,100.0,michael boykin,2020.0,DL,0.0,1.0,1.0,2.0,0.0,2.0,6.0,,,,,,,,,,,,,,,,,,,,,,,,,,,,,,,,,,,,,,,,,,,,,,,
2021,Brady Breeze,S,Oregon,5-11,197.0,4.55,38.0,20.0,120.0,7.05,4.22,True,6.0,215.0,brady breeze,S,2021,brady breeze,100.0,brady breeze,2019.0,S,3.0,0.0,0.0,43.0,3.0,0.0,62.0,0.0,0.0,5.0,16.0,2.0,1.0,32.0,,,,,,,,,,,,,,,,,,,,,,,,,,,,,,,,,,,,,,,,
2021,Gary Brightwell,RB,Arizona,5-10,218.0,4.62,34.5,17.0,118.0,7.51,4.48,True,6.0,196.0,gary brightwell,RB,2021,gary brightwell,100.0,gary brightwell,2020.0,RB,0.0,0.0,0.0,1.0,0.0,0.0,1.0,5.0,3.0,0.0,,,,,,,,,,,,,,,,,,,,,,,,,,,,,,,,,,,15.0,13.0,0.0,58.0,4.5,86.0,34.0,1.0,386.0,4.5
2021,K.J. Britt,LB,Auburn,6-0,235.0,4.76,32.5,24.0,118.0,7.38,4.4,True,5.0,176.0,kj britt,LB,2021,kj britt,100.0,kj britt,2020.0,LB,0.0,0.0,0.0,9.0,0.0,1.0,23.0,,,,,,,,,,,,,,,,,,,,,,,,,,,,,,,,,,,,,,,,,,,,,,,
2021,Chris Brown,DB,Texas,5-10,191.0,4.55,36.0,15.0,118.0,6.85,4.18,False,,,chris brown,DB,2021,chris brown,100.0,chris brown,2020.0,DB,7.0,0.0,0.0,42.0,0.0,2.0,46.0,0.0,0.0,1.0,22.0,1.0,0.0,22.0,,,,,,,,,,,,,,,,,,,,,,,,,,,,,,,,,,,,,,,,
2021,Kimere Brown,CB,Temple,5-11,175.0,4.57,32.5,,124.0,7.37,4.32,False,,,kimere brown,CB,2021,kimere brown,100.0,kimere brown,2020.0,CB,2.0,0.0,0.0,2.0,0.0,0.0,2.0,,,,,,,,,,,,,,,,,,,,,,,,,,,,,,,,,,,,,,,,,,,,,,,
2021,Dyami Brown,WR,North Carolina,6-0,189.0,4.46,35.0,18.0,128.0,6.87,4.35,True,3.0,82.0,dyami brown,WR,2021,dyami brown,100.0,dyami brown,2020.0,WR,0.0,0.0,0.0,1.0,0.0,0.0,1.0,,,,,,,,,,,,,,,,,,,,,,,,,,,,,,,,,,,,,,87.0,54.0,8.0,1084.0,20.1,,,,,
2021,Shakur Brown,CB,Michigan St.,5-9,185.0,4.61,35.5,17.0,116.0,7.08,4.23,False,,,shakur brown,CB,2021,shakur brown,100.0,shakur brown,2020.0,CB,4.0,1.0,0.0,19.0,0.0,0.0,25.0,,,,21.4,5.0,0.0,107.0,,,,,,,,,,,,,,,,,,,,,,,,,,,,,,,,,,,,,,,,
2021,Tarik Black,WR,Texas,6-2,213.0,4.54,40.0,15.0,132.0,6.91,4.26,False,,,tarik black,WR,2021,tarik black,100.0,tarik black,2020.0,WR,,,,,,,,2.0,1.0,0.0,,,,,,,,,,,,,,,,,,,,,,,,,,,,,,,,,,,72.0,10.0,1.0,240.0,24.0,,,,,
2021,Shaun Beyer,TE,Iowa,6-4,250.0,4.78,31.5,,119.0,,4.2,False,,,shaun beyer,TE,2021,shaun beyer,100.0,shaun beyer,2020.0,TE,,,,,,,,,,,,,,,,,,,,,,,,,,,,,,,,,,,,,,,,,,,,,28.0,11.0,1.0,158.0,14.4,,,,,
2021,Tavante Beckett,LB,Marshall,5-10,220.0,4.78,31.0,18.0,106.0,7.34,4.58,False,,,tavante beckett,LB,2021,tavante beckett,100.0,tavante beckett,2020.0,LB,1.0,6.0,1.5,27.0,1.0,5.5,82.0,0.0,0.0,6.0,,,,,,,,,,,,,,,,,,,,,,,,,,,,,,,,,,,,,,,,,,,,
2021,Dan Archibong,DT,Temple,6-5,295.0,5.35,28.5,28.0,100.0,8.16,4.68,False,,,dan archibong,DT,2021,dan archibong,100.0,dan archibong,2020.0,DT,0.0,1.0,2.0,12.0,0.0,3.5,21.0,0.0,0.0,1.0,,,,,,,,,,,,,,,,,,,,,,,,,,,,,,,,,,,,,,,,,,,,
2020,Jabari Zuniga,DL,Florida,6-3,264.0,4.64,33.0,29.0,127.0,,,True,3.0,79.0,jabari zuniga,DL,2020,jabari zuniga,100.0,jabari zuniga,2019.0,DL,0.0,1.0,3.0,7.0,0.0,7.0,14.0,,,,,,,,,,,,,,,,,,,,,,,,,,,,,,,,,,,,,,,,,,,,,,,
2021,Jonathan Adams,WR,Arkansas St.,6-2,210.0,4.59,39.0,,132.0,7.04,4.38,False,,,jonathan adams,WR,2021,jonathan adams,100.0,jonathan adams,2020.0,WR,0.0,0.0,0.0,1.0,0.0,0.0,1.0,,,,,,,,,,,,,,,,,,,,,,,,,,,,,,,,,,,,,,52.0,79.0,12.0,1111.0,14.1,,,,,
2021,Paulson Adebo,CB,Stanford,6-1,198.0,4.45,36.5,18.0,121.0,6.69,4.13,True,3.0,76.0,paulson adebo,CB,2021,paulson adebo,100.0,paulson adebo,2019.0,CB,10.0,0.0,0.0,23.0,0.0,0.0,33.0,,,,1.0,4.0,0.0,4.0,,,,,,,,,,,,,,,,,,,,,,,,,,,,,,,,,,,,,,,,
2021,Giles Amos,TE,Arkansas St.,6-3,250.0,5.14,28.5,,111.0,7.65,5.13,False,,,giles amos,TE,2021,giles amos,100.0,giles amos,2020.0,TE,0.0,0.0,0.0,0.0,0.0,0.0,1.0,,,,,,,,,,,,,,,,,,,,,,,,,,,,,,,,,,,,,,65.0,15.0,2.0,196.0,13.1,,,,,
2021,Zayne Anderson,LB,BYU,,,4.46,34.0,11.0,120.0,6.78,4.22,False,,,zayne anderson,LB,2021,zayne anderson,100.0,zayne anderson,2020.0,LB,2.0,0.0,0.0,24.0,0.0,0.0,41.0,,,,,,,,,,,,,,,,,,,,,,,,,,,,,,,,,,,,,,,,,,,,,,,
2021,Otis Anderson,RB,Central Florida,5-7,179.0,4.63,36.0,11.0,113.0,7.04,4.38,False,,,otis anderson,RB,2021,otis anderson,100.0,otis anderson,2020.0,RB,0.0,0.0,0.0,1.0,0.0,0.0,1.0,2.0,2.0,0.0,,,,,,,,,,,,,,,,,,,,,,,,7.7,14.0,3.0,0.0,23.0,,,,,,,12.0,14.0,0.0,79.0,5.6,125.0,49.0,4.0,687.0,5.5
2021,Jaytlin Askew,DB,Georgia Tech,5-8,180.0,4.51,35.5,18.0,125.0,7.1,4.31,False,,,jaytlin askew,DB,2021,jaytlin askew,100.0,jaytlin askew,2020.0,DB,0.0,0.0,0.0,1.0,0.0,1.0,1.0,,,,,,,,,,,,,,,,,,,,,,,,,,,,,,,,,,,,,,,,,,,,,,,
2021,Adam Bay,LS,Wisconsin,5-11,240.0,5.27,26.0,14.0,100.0,7.65,4.56,False,,,adam bay,LS,2021,adam bay,100.0,adam bay,2020.0,LS,0.0,0.0,0.0,1.0,0.0,0.0,1.0,0.0,0.0,1.0,,,,,,,,,,,,,,,,,,,,,,,,,,,,,,,,,,,,,,,,,,,,
2021,Kayode Awosika,OL,Buffalo,6-3,307.0,5.19,30.0,28.0,100.0,8.15,4.91,False,,,kayode awosika,OL,2021,kayode awosika,100.0,kayode awosika,2019.0,OL,0.0,0.0,0.0,1.0,0.0,0.0,1.0,,,,,,,,,,,,,,,,,,,,,,,,,,,,,,,,,,,,,,,,,,,,,,,
2021,Kawaan Baker,WR,South Alabama,6-0,210.0,4.44,39.5,21.0,129.0,7.42,4.41,False,,,kawaan baker,WR,2021,kawaan baker,100.0,kawaan baker,2020.0,WR,0.0,0.0,0.0,2.0,0.0,0.0,2.0,1.0,0.0,0.0,,,,,16.5,25.0,16.0,0.0,264.0,,,,,,,,,,,,,,,,,,,,,,,,,,80.0,50.0,8.0,656.0,13.1,13.0,12.0,0.0,42.0,3.2
2021,Christian Barmore,DL,Alabama,6-4,310.0,4.93,,,,,,True,2.0,38.0,christian barmore,DL,2021,christian barmore,100.0,christian barmore,2020.0,DL,3.0,5.0,6.0,20.0,0.0,7.5,34.0,,,,,,,,,,,,,,,,,,,,,,,,,,,,,,,,,,,,,,,,,,,,,,,
2021,Carlos Basham,DL,Wake Forest,6-3,274.0,4.64,34.0,20.0,122.0,7.13,4.25,True,2.0,61.0,carlos basham,DL,2021,carlos basham,100.0,carlos basham,2020.0,DL,1.0,2.0,5.0,20.0,0.0,5.5,28.0,,,,,,,,,,,,,,,,,,,,,,,,,,,,,,,,,,,,,,,,,,,,,,,
2021,Rashod Bateman,WR,Minnesota,6-0,190.0,4.39,36.0,,123.0,,,True,1.0,27.0,rashod bateman,WR,2021,rashod bateman,100.0,rashod bateman,2020.0,WR,,,,,,,,,,,,,,,,,,,,,,,,,,,,,,,,,,,,,,,,,,,,,39.0,36.0,2.0,472.0,13.1,,,,,
2021,John Bates,TE,Boise St.,6-5,250.0,4.84,31.5,19.0,120.0,6.85,4.35,False,,,john bates,TE,2021,john bates,100.0,john bates,2020.0,TE,,,,,,,,,,,,,,,,,,,,,,,,,,,,,,,,,,,,,,,,,,,,,28.0,12.0,0.0,117.0,9.8,,,,,
2021,Tre Brown,CB,Oklahoma,5-9,185.0,4.42,38.0,13.0,123.0,7.11,4.27,True,4.0,137.0,tre brown,CB,2021,tre brown,100.0,tre brown,2020.0,CB,6.0,0.0,0.0,25.0,0.0,1.0,31.0,,,,0.0,3.0,0.0,0.0,43.0,43.0,2.0,0.0,86.0,,,,,,,,,,,,,,,,,,,,,,,,,,,,,,,,,,,
2021,Baron Browning,LB,Ohio St.,6-2,245.0,4.58,40.0,23.0,130.0,6.78,4.23,True,3.0,105.0,baron browning,LB,2021,baron browning,100.0,baron browning,2020.0,LB,2.0,0.0,1.0,20.0,0.0,3.0,29.0,0.0,0.0,2.0,,,,,,,,,,,,,,,,,,,,,,,,,,,,,,,,,,,,,,,,,,,,
2021,Jaelon Darden,WR,North Texas,5-7,174.0,4.47,35.5,,122.0,6.66,3.98,True,4.0,129.0,jaelon darden,WR,2021,jaelon darden,100.0,jaelon darden,2020.0,WR,0.0,0.0,0.0,0.0,0.0,0.0,1.0,,,,,,,,,,,,,,,,,,,,,,,,,,,5.3,15.0,4.0,0.0,21.0,,,,,,,75.0,74.0,19.0,1190.0,16.1,1.0,0.0,0.0,,
2021,Calvin Bundage,LB,Oklahoma St.,6-1,221.0,4.81,31.5,14.0,116.0,7.31,4.43,False,,,calvin bundage,LB,2021,calvin bundage,100.0,calvin bundage,2020.0,LB,0.0,6.0,7.0,12.0,0.0,9.0,20.0,,,,,,,,,,,,,,,,,,,,,,,,,,,,,,,,,,,,,,,,,,,,,,,
2021,Riley Cole,LB,South Alabama,6-2,240.0,4.72,,26.0,,7.46,4.35,False,,,riley cole,LB,2021,riley cole,100.0,riley cole,2020.0,LB,0.0,2.0,2.0,54.0,0.0,6.5,96.0,0.0,0.0,2.0,,,,,,,,,,,,,,,,,,,,,,,,,,,,,,,,,,,,,,,,,,,,
2021,Nico Collins,WR,Michigan,6-4,215.0,4.43,37.5,14.0,125.0,6.78,4.29,True,3.0,89.0,nico collins,WR,2021,nico collins,100.0,nico collins,2019.0,WR,0.0,0.0,0.0,1.0,0.0,0.0,2.0,,,,,,,,,,,,,,,,,,,,,,,,,,,,,,,,,,,,,,76.0,37.0,7.0,729.0,19.7,,,,,
2021,Zaven Collins,LB,Tulsa,6-4,259.0,4.67,35.0,19.0,122.0,,4.36,True,1.0,16.0,zaven collins,LB,2021,zaven collins,100.0,zaven collins,2020.0,LB,2.0,2.0,4.0,36.0,2.0,11.5,54.0,0.0,0.0,1.0,37.5,4.0,2.0,150.0,,,,,,,,,,,,,,,,,,,,,,,,,,,,,,,,,,,,,,,,
2021,Jonathon Cooper,DE,Ohio St.,6-2,253.0,4.69,33.0,28.0,108.0,6.99,4.31,True,7.0,239.0,jonathon cooper,DE,2021,jonathon cooper,100.0,jonathon cooper,2020.0,DE,1.0,2.0,3.5,12.0,0.0,3.5,24.0,,,,,,,,,,,,,,,,,,,,,,,,,,,,,,,,,,,,,,,,,,,,,,,
2021,Samuel Cosmi,OL,Texas,6-5,314.0,4.87,30.0,36.0,117.0,7.35,4.39,True,2.0,51.0,samuel cosmi,OL,2021,samuel cosmi,100.0,samuel cosmi,2019.0,OL,0.0,0.0,0.0,1.0,0.0,0.0,1.0,,,,,,,,,,,,,,,,,,,,,,,,,,,,,,,,,,,,,,,,,,,1.0,12.0,1.0,12.0,12.0
2021,Jabril Cox,LB,LSU,6-3,232.0,,,,,,,True,4.0,115.0,jabril cox,LB,2021,jabril cox,100.0,jabril cox,2020.0,LB,5.0,4.0,1.0,37.0,1.0,6.5,58.0,0.0,0.0,1.0,21.3,3.0,1.0,64.0,,,,,,,,,,,,,,,,,,,,,,,,,,,,,,,,,,,,,,,,
2021,Damonte Coxie,WR,Memphis,6-2,198.0,4.77,30.5,4.0,122.0,6.92,4.45,False,,,damonte coxie,WR,2021,damonte coxie,100.0,damonte coxie,2020.0,WR,,,,,,,,1.0,1.0,0.0,,,,,,,,,,,,,,,,,,,,,,,,,,,,,,,,,,,26.0,16.0,1.0,187.0,11.7,,,,,
2021,Tyler Coyle,LB,Purdue,6-1,209.0,4.38,39.0,24.0,133.0,7.14,4.0,False,,,tyler coyle,LB,2021,tyler coyle,100.0,tyler coyle,2020.0,LB,1.0,0.0,0.0,10.0,0.0,0.0,13.0,,,,,,,,,,,,,,,,,,,,,,,,,,,,,,,,,,,,,,,,,,,,,,,
2021,Jack Crane,K,Wake Forest,6-1,193.0,,,,,,,False,,,jack crane,K,2021,jack crane,100.0,jack crane,2020.0,PK,0.0,0.0,0.0,0.0,0.0,0.0,1.0,,,,,,,,,,,,,0.0,0.0,0.0,0.0,7.0,7.0,7.0,,,,,,,,,,,,,,,,,,,,,,,,,,,,
2021,Daniel Crawford,TE,Northern Illinois,6-1,245.0,4.7,32.5,14.0,113.0,7.19,4.45,False,,,daniel crawford,TE,2021,daniel crawford,100.0,daniel crawford,2020.0,TE,,,,,,,,,,,,,,,,,,,,,,,,,,,,,,,,,,,,,,,,,,,,,21.0,21.0,1.0,183.0,8.7,,,,,
2021,Harry Crider,OL,Indiana,6-2,307.0,5.25,27.0,31.0,102.0,7.63,4.68,False,,,harry crider,OL,2021,harry crider,100.0,harry crider,2019.0,OL,0.0,0.0,0.0,1.0,0.0,0.0,1.0,,,,,,,,,,,,,,,,,,,,,,,,,,,,,,,,,,,,,,,,,,,,,,,
2021,Jake Curhan,OL,California,6-5,316.0,5.45,24.0,15.0,102.0,8.07,4.84,False,,,jake curhan,OL,2021,jake curhan,100.0,jake curhan,2019.0,OL,0.0,0.0,0.0,1.0,0.0,0.0,1.0,,,,,,,,,,,,,,,,,,,,,,,,,,,,,,,,,,,,,,,,,,,,,,,
2021,David Curry,LB,Georgia Tech,6-1,227.0,,,,,,,False,,,david curry,LB,2021,david curry,100.0,david curry,2020.0,LB,2.0,1.0,1.5,41.0,0.0,9.0,84.0,0.0,0.0,1.0,,,,,,,,,,,,,,,,,,,,,,,,,,,,,,,,,,,,,,,,,,,,
2021,DJ Daniel,DB,Georgia,5-11,195.0,4.62,31.0,11.0,119.0,7.02,4.12,False,,,dj daniel,DB,2021,dj daniel,100.0,dj daniel,2020.0,DB,1.0,0.0,0.0,8.0,0.0,1.0,9.0,,,,,,,,,,,,,,,,,,,,,,,,,,,,,,,,,,,,,,,,,,,,,,,
2021,Frank Darby,WR,Arizona St.,6-0,201.0,4.56,34.5,19.0,117.0,7.05,4.25,True,6.0,187.0,frank darby,WR,2021,frank darby,100.0,frank darby,2020.0,WR,,,,,,,,,,,,,,,,,,,,,,,,,,,,,,,,,,,,,,,,,,,,,15.0,6.0,1.0,46.0,7.7,,,,,
2021,Mallory Claybourne,CB,Coastal Carolina,5-9,191.0,4.57,33.0,12.0,116.0,7.37,4.32,False,,,mallory claybourne,CB,2021,mallory claybourne,100.0,mallory claybourne,2019.0,CB,2.0,0.0,0.0,31.0,0.0,2.0,45.0,,,,35.0,1.0,0.0,35.0,,,,,,,,,,,,,,,,,,,,,,,,,,,,,,,,,,,,,,,,
2021,Andre Cisco,DB,Syracuse,,,,,17.0,,,,True,3.0,65.0,andre cisco,DB,2021,andre cisco,100.0,andre cisco,2020.0,DB,0.0,0.0,0.0,7.0,0.0,0.5,11.0,,,,29.0,1.0,0.0,29.0,,,,,,,,,,,,,,,,,,,,,,,,,,,,,,,,,,,,,,,,
2021,Brady Christensen,OL,BYU,,,,34.0,30.0,124.0,,,True,3.0,70.0,brady christensen,OL,2021,brady christensen,100.0,brady christensen,2020.0,OL,0.0,0.0,0.0,0.0,0.0,0.0,1.0,,,,,,,,,,,,,,,,,,,,,,,,,,,,,,,,,,,,,,,,,,,,,,,
2021,Tyson Campbell,DB,Georgia,6-1,193.0,4.4,34.5,12.0,124.0,7.15,4.45,True,2.0,33.0,tyson campbell,DB,2021,tyson campbell,100.0,tyson campbell,2020.0,DB,5.0,0.0,0.0,20.0,0.0,2.5,29.0,,,,40.0,1.0,0.0,40.0,,,,,,,,,,,,,,,,,,,,,,,,,,,,,,,,,,,,,,,,
2021,Eric Burrell,S,Wisconsin,5-11,197.0,4.73,35.5,8.0,124.0,7.21,4.26,False,,,eric burrell,S,2021,eric burrell,100.0,eric burrell,2020.0,S,2.0,0.0,0.0,18.0,0.0,2.0,23.0,,,,0.0,1.0,0.0,0.0,,,,,,,,,,,,,,,,,,,,,,,,,,,,,,,,,,,,,,,,
2021,Jake Burton,OL,Baylor,6-5,303.0,5.49,26.0,22.0,100.0,8.22,4.97,False,,,jake burton,OL,2021,jake burton,100.0,jake burton,2019.0,OL,0.0,0.0,0.0,1.0,0.0,0.0,1.0,,,,,,,,,,,,,,,,,,,,,,,,,,,,,,,,,,,,,,,,,,,,,,,
2021,Camryn Bynum,CB,California,6-0,196.0,4.58,34.0,,129.0,6.99,4.1,True,4.0,125.0,camryn bynum,CB,2021,camryn bynum,100.0,camryn bynum,2020.0,CB,2.0,0.0,0.0,14.0,0.0,2.0,19.0,,,,20.0,1.0,0.0,20.0,,,,,,,,,,,,,,,,,,,,,,,,,,,,,,,,,,,,,,,,
2021,Jalen Camp,WR,Georgia Tech,6-1,226.0,4.48,39.5,29.0,125.0,7.0,4.14,False,,,jalen camp,WR,2021,jalen camp,100.0,jalen camp,2020.0,WR,,,,,,,,,,,,,,,,,,,,,,,,,,,,,,,,,,,,,,,,,,,,,59.0,25.0,4.0,392.0,15.7,,,,,
2021,Donavaughn Campbell,OL,Louisiana Tech,6-4,336.0,5.62,22.0,,93.0,8.34,5.15,False,,,donavaughn campbell,OL,2021,donavaughn campbell,100.0,donavaughn campbell,2020.0,OL,0.0,0.0,0.0,0.0,0.0,0.0,1.0,,,,,,,,,,,,,,,,,,,,,,,,,,,,,,,,,,,,,,,,,,,,,,,
2021,Kyree Campbell,DL,Florida,6-2,287.0,5.46,25.0,,98.0,7.96,5.02,False,,,kyree campbell,DL,2021,kyree campbell,100.0,kyree campbell,2020.0,DL,0.0,1.0,1.5,3.0,0.0,2.5,24.0,,,,,,,,,,,,,,,,,,,,,,,,,,,,,,,,,,,,,,,,,,,,,,,
2021,Jackson Carman,OT,Clemson,6-4,317.0,,,,,,,True,2.0,46.0,jackson carman,OT,2021,jackson carman,100.0,jackson carman,2019.0,OT,0.0,0.0,0.0,0.0,0.0,0.0,1.0,,,,,,,,,,,,,,,,,,,,,,,,,,,,,,,,,,,,,,,,,,,,,,,
2021,Drue Chrisman,P,Ohio St.,6-2,209.0,,,,,,,False,,,drue chrisman,P,2021,drue chrisman,100.0,drue chrisman,2020.0,P,,,,,,,,,,,,,,,,,,,,,,,,,,,,,,,,,,,,,,,11.0,74.0,27.0,2.0,1216.0,45.0,,,,,,,,,,
2021,Tory Carter,FB,LSU,6-0,229.0,4.86,35.5,24.0,112.0,7.21,4.38,False,,,tory carter,FB,2021,tory carter,100.0,tory carter,2020.0,FB,0.0,0.0,0.0,0.0,0.0,0.0,2.0,,,,,,,,,,,,,,,,,,,,,,,,,,,,,,,,,,,,,,15.0,4.0,0.0,42.0,10.5,,,,,
2021,Michael Carter,RB,North Carolina,5-7,201.0,4.5,34.0,16.0,119.0,6.81,3.98,True,4.0,107.0,michael carter,RB,2021,michael carter,100.0,michael carter,2020.0,RB,,,,,,,,,,,,,,,19.5,28.0,8.0,0.0,156.0,,,,,,,,,,,,,,,,,,,,,,,,,,46.0,25.0,2.0,267.0,10.7,156.0,65.0,9.0,1245.0,8.0
2021,J.C. Chalk,TE,Clemson,6-2,250.0,5.18,28.5,15.0,106.0,7.83,4.72,False,,,jc chalk,TE,2021,jc chalk,100.0,jc chalk,2020.0,TE,,,,,,,,,,,,,,,,,,,,,,,,,,,,,,,,,,,,,,,,,,,,,12.0,6.0,1.0,43.0,7.2,,,,,
2021,Ja'Marr Chase,WR,LSU,6-0,201.0,4.34,41.0,,132.0,6.96,3.99,True,1.0,5.0,jamarr chase,WR,2021,jamarr chase,100.0,jamarr chase,2019.0,WR,0.0,0.0,0.0,1.0,0.0,0.0,1.0,1.0,1.0,0.0,,,,,,,,,,,,,,,,,,,,,,,,,,,,,,,,,,,78.0,84.0,20.0,1780.0,21.2,1.0,5.0,0.0,5.0,5.0
2021,Ramaud Chiaokhiao-Bowman,WR,Northwestern,6-1,204.0,4.78,34.5,11.0,119.0,6.78,4.2,False,,,ramaud chiaokhiaobowman,WR,2021,ramaud chiaokhiaobowman,100.0,ramaud chiaokhiaobowman,2020.0,WR,0.0,0.0,0.0,1.0,0.0,0.0,1.0,1.0,1.0,0.0,,,,,,,,,,,,,,,,,,,,,,,,,,,,,,,,,,,36.0,41.0,5.0,520.0,12.7,1.0,0.0,0.0,0.0,0.0
2020,Cale Garrett,LB,Missouri,6-2,234.0,4.92,32.0,,124.0,6.91,4.13,False,,,cale garrett,LB,2020,cale garrett,100.0,cale garrett,2019.0,LB,2.0,2.0,1.0,30.0,2.0,4.0,39.0,0.0,0.0,1.0,28.7,3.0,2.0,86.0,,,,,,,,,,,,,,,,,,,,,,,,,,,,,,,,,,,,,,,,
2020,Neville Gallimore,DL,Oklahoma,6-2,304.0,4.79,,23.0,,7.97,5.01,True,3.0,82.0,neville gallimore,DL,2020,neville gallimore,100.0,neville gallimore,2019.0,DL,1.0,7.0,4.0,18.0,0.0,7.5,30.0,,,,,,,,,,,,,,,,,,,,,,,,,,,,,,,,,,,,,,,,,,,,,,,
2018,Dalton Schultz,TE,Stanford,6-5,244.0,4.75,32.0,15.0,120.0,7.0,4.4,True,4.0,137.0,dalton schultz,TE,2018,dalton schultz,100.0,dalton schultz,2017.0,TE,,,,,,,,1.0,1.0,0.0,,,,,,,,,,,,,,,,,,,,,,,,,,,,,,,,,,,36.0,22.0,3.0,212.0,9.6,,,,,
2019,Montre Hartage,CB,Northwestern,5-11,190.0,4.68,34.5,9.0,123.0,6.95,4.08,False,,,montre hartage,CB,2019,montre hartage,100.0,montre hartage,2018.0,CB,13.0,0.0,0.0,40.0,0.0,2.0,51.0,0.0,0.0,1.0,8.5,2.0,0.0,17.0,,,,,,,,,,,,,,,,,,,,,,,,,,,,,,,,,,,,,,,,
2019,Zach Gentry,TE,Michigan,6-8,265.0,4.9,29.5,12.0,110.0,7.4,4.53,True,5.0,141.0,zach gentry,TE,2019,zach gentry,100.0,zach gentry,2018.0,TE,,,,,,,,,,,,,,,,,,,,,,,,,,,,,,,,,,,,,,,,,,,,,42.0,32.0,2.0,514.0,16.1,,,,,
2019,Joe Giles-Harris,LB,Duke,6-2,234.0,4.75,29.5,17.0,111.0,,,False,,,joe gilesharris,LB,2019,joe gilesharris,100.0,joe gilesharris,2018.0,LB,2.0,2.0,1.0,34.0,0.0,7.0,81.0,,,,,,,,,,,,,,,,,,,,,,,,,,,,,,,,,,,,,,,,,,,,,,,
2019,Andrew Van ginkel,LB,Wisconsin,6-3,241.0,,38.0,17.0,123.0,6.89,4.14,True,5.0,151.0,andrew van ginkel,LB,2019,andrew van ginkel,100.0,andrew van ginkel,2018.0,LB,3.0,7.0,4.5,35.0,0.0,7.5,51.0,,,,,,,,,,,,,,,,,,,,,,,,,,,,,,,,,,,,,,,,,,,,,,,
2019,Dan Godsil,LS,Indiana,6-4,241.0,5.0,34.5,16.0,118.0,7.56,4.55,False,,,dan godsil,LS,2019,dan godsil,100.0,dan godsil,2017.0,LS,0.0,0.0,0.0,2.0,0.0,0.0,2.0,,,,,,,,,,,,,,,,,,,,,,,,,,,,,,,,,,,,,,,,,,,,,,,
2019,Terry Godwin,WR,Georgia,5-11,184.0,4.55,36.5,,117.0,6.96,,True,7.0,237.0,terry godwin,WR,2019,terry godwin,100.0,terry godwin,2018.0,WR,,,,,,,,1.0,1.0,0.0,,,,,,,,,,,,,,,,,,,,,,,,0.0,0.0,1.0,0.0,0.0,,,,,,,75.0,22.0,3.0,373.0,17.0,,,,,
2019,Dre Greenlaw,LB,Arkansas,5-11,237.0,,33.0,24.0,117.0,,,True,5.0,148.0,dre greenlaw,LB,2019,dre greenlaw,100.0,dre greenlaw,2018.0,LB,0.0,1.0,2.0,38.0,0.0,6.5,80.0,0.0,0.0,1.0,2.5,2.0,0.0,5.0,,,,,,,,,,,,,,,,,,,,,,,,,,,,,,,,,,,,1.0,14.0,0.0,14.0,14.0
2019,Will Grier,QB,West Virginia,6-2,217.0,4.84,34.0,,112.0,7.09,4.28,True,3.0,100.0,will grier,QB,2019,will grier,100.0,will grier,2018.0,QB,0.0,0.0,0.0,1.0,0.0,0.0,1.0,5.0,4.0,0.0,,,,,,,,,,,,,,,,,397.0,266.0,8.0,0.67,37.0,3864.0,9.7,,,,,,,,,,,,,,,,,49.0,15.0,3.0,,
2019,Emanuel Hall,WR,Missouri,6-2,201.0,4.39,43.5,15.0,141.0,,,False,,,emanuel hall,WR,2019,emanuel hall,100.0,emanuel hall,2018.0,WR,,,,,,,,,,,,,,,,,,,,,,,,,,,,,,,,,,,,,,,,,,,,,67.0,37.0,6.0,828.0,22.4,,,,,
2019,Nate Hall,LB,Northwestern,6-2,225.0,,,,,,,False,,,nate hall,LB,2019,nate hall,100.0,nate hall,2018.0,LB,0.0,2.0,0.0,32.0,0.0,5.5,51.0,0.0,0.0,1.0,0.0,3.0,0.0,0.0,,,,,,,,,,,,,,,,,,,,,,,,,,,,,,,,,,,,,,,,
2019,Terez Hall,LB,Missouri,6-1,230.0,,,20.0,,,,False,,,terez hall,LB,2019,terez hall,100.0,terez hall,2018.0,LB,1.0,8.0,5.0,45.0,0.0,9.0,70.0,,,,0.0,1.0,0.0,0.0,,,,,,,,,,,,,,,,,,,,,,,,,,,,,,,,,,,,,,,,
2019,Terrill Hanks,LB,New Mexico State,6-2,242.0,4.98,35.5,21.0,118.0,,,False,,,terrill hanks,LB,2019,terrill hanks,100.0,terrill hanks,2018.0,LB,2.0,3.0,1.0,33.0,1.0,8.5,101.0,,,,28.0,1.0,1.0,28.0,,,,,,,,,,,,,,,,,,,,,,,,,,,,,,,,,,,,,,,,
2019,Chase Hansen,LB,Utah,6-3,222.0,,,,,,,False,,,chase hansen,LB,2019,chase hansen,100.0,chase hansen,2018.0,LB,4.0,1.0,5.0,70.0,1.0,22.0,114.0,0.0,0.0,1.0,20.0,2.0,1.0,40.0,,,,,,,,,,,,,,,,,,,,,,,,,,,,,,,,,,,,,,,,
2019,Mecole Hardman,WR,Georgia,5-10,187.0,4.33,36.5,17.0,119.0,,,True,2.0,56.0,mecole hardman,WR,2019,mecole hardman,100.0,mecole hardman,2018.0,WR,0.0,0.0,0.0,0.0,1.0,0.0,0.0,3.0,1.0,0.0,,,,,25.2,41.0,14.0,0.0,353.0,,,,,,,,,,,,,,,20.1,70.0,16.0,1.0,321.0,,,,,,,59.0,34.0,7.0,532.0,15.6,5.0,30.0,0.0,36.0,7.2
2019,Kelvin Harmon,WR,North Carolina State,6-2,221.0,4.6,32.5,18.0,117.0,7.15,4.32,True,6.0,206.0,kelvin harmon,WR,2019,kelvin harmon,100.0,kelvin harmon,2018.0,WR,0.0,0.0,0.0,0.0,0.0,0.0,1.0,,,,,,,,,,,,,,,,,,,,,,,,,,,,,,,,,,,,,,74.0,74.0,6.0,1086.0,14.7,,,,,
2019,Damien Harris,RB,Alabama,5-10,216.0,4.57,37.0,16.0,121.0,,,True,3.0,87.0,damien harris,RB,2019,damien harris,100.0,damien harris,2018.0,RB,,,,,,,,,,,,,,,,,,,,,,,,,,,,,,,,,,,,,,,,,,,,,52.0,22.0,0.0,204.0,9.3,150.0,73.0,9.0,876.0,5.8
2019,Matt Gay,K,Utah,6-0,232.0,,,,,,,True,5.0,145.0,matt gay,K,2019,matt gay,100.0,matt gay,2018.0,PK,0.0,0.0,0.0,1.0,0.0,0.0,1.0,,,,,,,,,,,,,30.0,25.0,55.0,0.833,123.0,45.0,45.0,,,,,,,,,,,,,,,,,,,,,,,,,,,,
2019,Rashan Gary,DL,Michigan,6-4,277.0,4.58,38.0,26.0,120.0,7.26,4.29,True,1.0,12.0,rashan gary,DL,2019,rashan gary,100.0,rashan gary,2018.0,DL,0.0,5.0,3.5,20.0,0.0,6.5,38.0,,,,,,,,,,,,,,,,,,,,,,,,,,,,,,,,,,,,,,,,,,,,,,,
2019,Malik Gant,S,Marshall,6-0,209.0,4.63,34.5,17.0,114.0,7.45,4.3,False,,,malik gant,S,2019,malik gant,100.0,malik gant,2018.0,S,8.0,3.0,1.0,40.0,0.0,9.0,90.0,,,,0.5,2.0,0.0,1.0,,,,,,,,,,,,,,,,,,,,,,,,,,,,,,,,,,,,,,,,
2019,Jovon Durante,WR,Florida Atlantic,5-11,160.0,4.55,31.5,,120.0,7.0,4.31,False,,,jovon durante,WR,2019,jovon durante,100.0,jovon durante,2018.0,WR,0.0,0.0,0.0,2.0,0.0,0.0,2.0,,,,,,,,,,,,,,,,,,,,1.0,0.0,0.0,0.0,0.0,0.0,0.0,,,,,,,,,,,,55.0,65.0,5.0,873.0,13.4,8.0,13.0,0.0,39.0,4.9
2019,Michael Deiter,OL,Wisconsin,6-5,309.0,5.23,28.0,21.0,105.0,7.88,4.81,True,3.0,78.0,michael deiter,OL,2019,michael deiter,100.0,michael deiter,2018.0,OL,0.0,0.0,0.0,1.0,0.0,0.0,1.0,,,,,,,,,,,,,,,,,,,,,,,,,,,,,,,,,,,,,,,,,,,,,,,
2019,D'Cota Dixon,S,Wisconsin,5-10,204.0,4.81,33.5,20.0,119.0,,,False,,,dcota dixon,S,2019,dcota dixon,100.0,dcota dixon,2018.0,S,3.0,0.0,0.0,28.0,0.0,2.5,43.0,0.0,0.0,1.0,,,,,,,,,,,,,,,,,,,,,,,,,,,,,,,,,,,,,,,,,,,,
2019,Johnnie Dixon,WR,Ohio State,5-10,201.0,4.41,37.5,16.0,120.0,,4.43,False,,,johnnie dixon,WR,2019,johnnie dixon,100.0,johnnie dixon,2018.0,WR,0.0,0.0,0.0,4.0,0.0,0.0,5.0,1.0,0.0,0.0,,,,,18.5,38.0,13.0,0.0,240.0,,,,,,,,,,,,,,,,,,,,,,,,,,63.0,42.0,8.0,669.0,15.9,,,,,
2019,Tyrel Dodson,LB,Texas A&M,6-0,237.0,4.6,,24.0,118.0,,,False,,,tyrel dodson,LB,2019,tyrel dodson,100.0,tyrel dodson,2018.0,LB,3.0,2.0,1.0,38.0,0.0,6.5,61.0,0.0,0.0,1.0,78.0,1.0,1.0,78.0,,,,,,,,,,,,,,,,,,,,,,,,,,,,,,,,,,,,,,,,
2019,Greg Dortch,WR,Wake Forest,5-7,173.0,,,,,,,False,,,greg dortch,WR,2019,greg dortch,100.0,greg dortch,2018.0,WR,0.0,0.0,0.0,0.0,2.0,0.0,0.0,2.0,1.0,0.0,,,,,20.9,38.0,18.0,0.0,376.0,,,,,,,,,,,,,,,11.0,70.0,25.0,2.0,276.0,,,,,,,54.0,89.0,8.0,1078.0,12.1,5.0,11.0,0.0,20.0,4.0
2019,Keelan Doss,WR,UC Davis,6-2,211.0,,,8.0,,,,False,,,keelan doss,WR,2019,keelan doss,100.0,keelan doss,2018.0,WR,,,,,,,,,,,,,,,,,,,,,,,,,,,,,,,,,,,,,,,,,,,,,22.0,24.0,0.0,191.0,8.0,,,,,
2019,Emeke Egbule,LB,Houston,6-2,245.0,4.65,33.0,20.0,119.0,7.38,4.38,True,6.0,200.0,emeke egbule,LB,2019,emeke egbule,100.0,emeke egbule,2018.0,LB,5.0,9.0,2.0,39.0,1.0,5.5,69.0,0.0,0.0,4.0,0.0,2.0,0.0,0.0,,,,,,,,,,,,,,,,,,,,32.0,32.0,1.0,0.0,32.0,,,,,,,,,,,,,,,,
2019,Travis Fulgham,WR,Old Dominion,6-2,215.0,4.58,36.5,15.0,126.0,,,True,6.0,184.0,travis fulgham,WR,2019,travis fulgham,100.0,travis fulgham,2018.0,WR,,,,,,,,,,,,,,,,,,,,,,,,,,,,,,,,,,,,,,,,,,,,,62.0,63.0,9.0,1083.0,17.2,,,,,
2019,Noah Fant,TE,Iowa,6-4,249.0,4.5,39.5,20.0,127.0,6.81,4.22,True,1.0,20.0,noah fant,TE,2019,noah fant,100.0,noah fant,2018.0,TE,,,,,,,,,,,,,,,,,,,,,,,,,,,,,,,,,,,,,,,,,,,,,65.0,39.0,7.0,518.0,13.3,2.0,3.0,0.0,1.0,0.5
2019,Jazz Ferguson,WR,Northwestern St. (LA),6-5,227.0,4.45,37.0,8.0,123.0,7.25,4.59,False,,,jazz ferguson,WR,2019,jazz ferguson,100.0,jazz ferguson,2018.0,WR,,,,,,,,,,,,,,,,,,,,,,,,,,,,,,,,,,,,,,,,,,,,,71.0,4.0,1.0,129.0,32.3,,,,,
2019,Mark Fields,CB,Clemson,5-10,192.0,4.37,,18.0,,,,False,,,mark fields,CB,2019,mark fields,100.0,mark fields,2018.0,CB,3.0,0.0,0.0,6.0,0.0,0.0,7.0,,,,,,,,,,,,,,,,,,,,,,,,,,,,,,,,,,,,,,,,,,,,,,,
2019,Ryan Finley,QB,North Carolina State,6-4,213.0,4.73,30.5,,116.0,7.2,4.2,True,4.0,104.0,ryan finley,QB,2019,ryan finley,100.0,ryan finley,2018.0,QB,,,,,,,,3.0,0.0,0.0,,,,,,,,,,,,,,,,,447.0,300.0,10.0,0.671,21.0,3612.0,8.1,,,,,,,,,,,,,,,,,40.0,9.0,1.0,20.0,0.5
2019,Nick Fitzgerald,QB,Mississippi State,6-5,226.0,4.64,29.5,,115.0,,,False,,,nick fitzgerald,QB,2019,nick fitzgerald,100.0,nick fitzgerald,2018.0,QB,0.0,0.0,0.0,1.0,0.0,0.0,1.0,,,,,,,,,,,,,,,,,,,,281.0,145.0,9.0,0.516,16.0,1772.0,6.3,,,,,,,,,,,,,,,,,221.0,76.0,13.0,1121.0,5.1
2019,Hjalte Froholdt,OL,Arkansas,6-5,306.0,5.2,27.5,31.0,105.0,7.51,4.54,True,4.0,118.0,hjalte froholdt,OL,2019,hjalte froholdt,100.0,hjalte froholdt,2017.0,OL,0.0,0.0,0.0,1.0,0.0,0.0,1.0,,,,,,,,,,,,,,,,,,,,,,,,,,,,,,,,,,,,,,,,,,,,,,,
2019,N'Keal Harry,WR,Arizona State,6-2,228.0,4.53,38.5,27.0,122.0,,,True,1.0,32.0,nkeal harry,WR,2019,nkeal harry,100.0,nkeal harry,2018.0,WR,0.0,0.0,0.0,0.0,1.0,0.0,0.0,1.0,0.0,0.0,,,,,,,,,,,,,,,,,1.0,0.0,1.0,0.0,0.0,0.0,0.0,16.9,92.0,9.0,1.0,152.0,,,,,,,61.0,73.0,9.0,1088.0,14.9,7.0,6.0,1.0,10.0,1.4
2019,Dwayne Haskins,QB,Ohio State,6-3,231.0,5.04,28.5,,,,,True,1.0,15.0,dwayne haskins,QB,2019,dwayne haskins,100.0,dwayne haskins,2018.0,QB,0.0,0.0,0.0,2.0,0.0,0.0,2.0,4.0,2.0,0.0,,,,,,,,,,,,,,,,,531.0,371.0,8.0,0.699,49.0,4751.0,8.9,,,,,,,,,,,,,,,,,79.0,17.0,4.0,108.0,1.4
2019,Felton Davis,WR,Michigan State,6-3,211.0,,,21.0,,,,False,,,felton davis,WR,2019,felton davis,100.0,felton davis,2018.0,WR,,,,,,,,,,,,,,,,,,,,,,,,,,,,,,,,,,,,,,,,,,,,,37.0,31.0,4.0,474.0,15.3,2.0,48.0,1.0,50.0,25.0
2019,Phil Haynes,OL,Wake Forest,6-4,322.0,5.2,31.0,33.0,108.0,7.76,4.95,True,4.0,124.0,phil haynes,OL,2019,phil haynes,100.0,phil haynes,2018.0,OL,0.0,0.0,0.0,1.0,0.0,0.0,1.0,,,,,,,,,,,,,,,,,,,,,,,,,,,,,,,,,,,,,,,,,,,,,,,
2019,Vosean Joseph,LB,Florida,6-1,230.0,,,,,,,True,5.0,147.0,vosean joseph,LB,2019,vosean joseph,100.0,vosean joseph,2018.0,LB,5.0,1.0,4.0,40.0,0.0,9.0,93.0,0.0,0.0,1.0,,,,,,,,,,,,,,,,,,,,,,,,,,,,,,,,,,,,,,,,,,,,
2019,Kingsley Keke,DL,Texas A&M,6-3,288.0,4.95,31.5,,111.0,7.55,4.46,True,5.0,150.0,kingsley keke,DL,2019,kingsley keke,100.0,kingsley keke,2018.0,DL,1.0,4.0,7.5,18.0,0.0,11.0,51.0,0.0,0.0,1.0,,,,,,,,,,,,,,,,,,,,,,,,,,,,,,,,,,,,,,,,,,,,
2019,Dawson Knox,TE,Mississippi,6-4,254.0,,34.5,16.0,,7.12,4.27,True,3.0,96.0,dawson knox,TE,2019,dawson knox,100.0,dawson knox,2018.0,TE,0.0,0.0,0.0,0.0,0.0,0.0,1.0,,,,,,,,,,,,,,,,,,,,,,,,,,,,,,,,,,,,,,48.0,14.0,0.0,278.0,19.9,,,,,
2019,Tre Lamar,LB,Clemson,6-3,253.0,,,,,,,False,,,tre lamar,LB,2019,tre lamar,100.0,tre lamar,2018.0,LB,1.0,5.0,3.0,37.0,0.0,5.5,73.0,,,,43.0,1.0,0.0,43.0,,,,,,,,,,,,,,,,,,,,,,,,,,,,,,,,,,,,,,,,
2019,Justin Layne,CB,Michigan State,6-2,192.0,4.5,37.5,,134.0,6.9,4.09,True,3.0,83.0,justin layne,CB,2019,justin layne,100.0,justin layne,2018.0,CB,11.0,1.0,0.0,38.0,0.0,1.0,62.0,,,,6.0,1.0,0.0,6.0,,,,,,,,,,,,,,,,,,,,,,,,,,,,,,,11.0,1.0,0.0,11.0,11.0,,,,,
2019,Chris Lindstrom,OL,Boston Col.,6-4,308.0,4.91,30.5,25.0,117.0,7.61,4.54,True,1.0,14.0,chris lindstrom,OL,2019,chris lindstrom,100.0,chris lindstrom,2018.0,OL,0.0,0.0,0.0,1.0,0.0,0.0,1.0,,,,,,,,,,,,,,,,,,,,,,,,,,,,,,,,,,,,,,,,,,,,,,,
2019,Drew Lock,QB,Missouri,6-4,228.0,4.69,31.0,,112.0,7.03,4.12,True,2.0,42.0,drew lock,QB,2019,drew lock,100.0,drew lock,2018.0,QB,0.0,0.0,0.0,1.0,0.0,0.0,1.0,6.0,2.0,0.0,,,,,,,,,,,,,,,,,437.0,275.0,8.0,0.629,28.0,3498.0,8.0,,,,,,,,,,,,,,,,,55.0,27.0,6.0,175.0,3.2
2019,Damarkus Lodge,WR,Mississippi,6-2,202.0,4.55,33.5,11.0,119.0,7.06,4.53,False,,,damarkus lodge,WR,2019,damarkus lodge,100.0,damarkus lodge,2018.0,WR,0.0,0.0,0.0,1.0,0.0,0.0,1.0,1.0,1.0,0.0,,,,,,,,,,,,,,,,,,,,,,,,,,,,,,,,,,,51.0,64.0,4.0,867.0,13.5,,,,,
2019,Bryce Love,RB,Stanford,5-9,200.0,,,18.0,,,,True,4.0,112.0,bryce love,RB,2019,bryce love,100.0,bryce love,2018.0,RB,,,,,,,,1.0,1.0,0.0,,,,,18.7,24.0,3.0,0.0,56.0,,,,,,,,,,,,,,,,,,,,,,,,,,15.0,20.0,0.0,99.0,5.0,165.0,59.0,6.0,736.0,4.5
2019,Julian Love,CB,Notre Dame,5-11,195.0,4.54,36.0,14.0,121.0,6.72,4.1,True,4.0,108.0,julian love,CB,2019,julian love,100.0,julian love,2018.0,CB,16.0,0.0,0.0,44.0,1.0,1.0,58.0,0.0,0.0,3.0,4.0,1.0,0.0,4.0,,,,,,,,,,,,,,,,,,,,,,,,,,,,,,,,,,,,,,,,
2019,Alize Mack,TE,Notre Dame,6-4,249.0,4.7,36.0,22.0,120.0,7.27,4.34,True,7.0,231.0,alize mack,TE,2019,alize mack,100.0,alize mack,2018.0,TE,,,,,,,,,,,,,,,,,,,,,,,,,,,,,,,,,,,,,,,,,,,,,47.0,36.0,3.0,360.0,10.0,,,,,
2019,Daylon Mack,DL,Texas A&M,6-1,336.0,5.1,27.0,30.0,102.0,8.02,4.95,True,5.0,160.0,daylon mack,DL,2019,daylon mack,100.0,daylon mack,2018.0,DL,1.0,3.0,5.5,17.0,0.0,10.0,32.0,,,,,,,,,,,,,,,,,,,,,,,,,,,,,,,,,,,,,,,,,,,,,,,
2019,Alexander Mattison,RB,Boise State,5-11,221.0,4.67,35.0,22.0,127.0,7.13,4.29,True,3.0,102.0,alexander mattison,RB,2019,alexander mattison,100.0,alexander mattison,2018.0,RB,0.0,0.0,0.0,1.0,0.0,0.0,1.0,,,,,,,,21.8,25.0,4.0,0.0,87.0,,,,,,,,,,,,,,,,,,,,,,,,,,23.0,27.0,0.0,173.0,6.4,302.0,59.0,17.0,1412.0,4.7
2019,Erik McCoy,OL,Texas A&M,6-4,303.0,4.89,31.0,29.0,107.0,8.28,4.62,True,2.0,48.0,erik mccoy,OL,2019,erik mccoy,100.0,erik mccoy,2018.0,OL,,,,,,,,1.0,0.0,0.0,,,,,,,,,,,,,,,,,,,,,,,,,,,,,,,,,,,,,,,,,,,,
2019,Connor McGovern,OL,Penn State,6-5,308.0,,,28.0,112.0,7.66,4.57,True,3.0,90.0,connor mcgovern,OL,2019,connor mcgovern,100.0,connor mcgovern,2018.0,OL,0.0,0.0,0.0,1.0,0.0,0.0,1.0,,,,,,,,,,,,,,,,,,,,,,,,,,,,,,,,,,,,,,,,,,,,,,,
2019,Kendall Joseph,LB,Clemson,6-0,233.0,,,25.0,,,,False,,,kendall joseph,LB,2019,kendall joseph,100.0,kendall joseph,2018.0,LB,1.0,7.0,3.5,37.0,0.0,5.5,76.0,,,,,,,,,,,,,,,,,,,,,,,,,,,,,,,,,,,,,,,,,,,,,,,
2019,Lonnie Johnson,CB,Kentucky,6-2,213.0,4.52,38.0,15.0,129.0,7.01,4.1,True,2.0,54.0,lonnie johnson,CB,2019,lonnie johnson,100.0,lonnie johnson,2018.0,CB,3.0,0.0,0.0,14.0,0.0,0.0,19.0,,,,24.0,1.0,0.0,24.0,,,,,,,,,,,,,,,,,,,,,,,,,,,,,,,,,,,,,,,,
2019,Keesean Johnson,WR,Fresno State,6-1,201.0,4.6,30.0,14.0,117.0,7.28,4.23,True,6.0,174.0,keesean johnson,WR,2019,keesean johnson,100.0,keesean johnson,2018.0,WR,,,,,,,,2.0,1.0,0.0,,,,,,,,,,,,,,,,,,,,,,,,0.0,2.0,4.0,0.0,0.0,,,,,,,45.0,95.0,8.0,1340.0,14.1,4.0,7.0,0.0,14.0,3.5
2019,Travis Homer,RB,Miami (FL),5-10,201.0,4.48,39.5,17.0,130.0,7.07,4.31,True,6.0,204.0,travis homer,RB,2019,travis homer,100.0,travis homer,2018.0,RB,0.0,0.0,0.0,5.0,0.0,0.0,7.0,3.0,2.0,0.0,,,,,,,,,,,,,,,,,,,,,,,,,,,,,,,,,,,24.0,19.0,0.0,186.0,9.8,164.0,70.0,4.0,985.0,6.0
2019,Daniel Helm,TE,Duke,6-4,249.0,4.89,,14.0,,,,False,,,daniel helm,TE,2019,daniel helm,100.0,daniel helm,2018.0,TE,0.0,0.0,0.0,4.0,0.0,0.0,5.0,,,,,,,,9.0,9.0,2.0,0.0,18.0,,,,,,,,,,,,,,,,,,,,,,,,,,37.0,26.0,2.0,271.0,10.4,,,,,
2019,Karan Higdon,RB,Michigan,5-9,206.0,4.49,34.0,21.0,123.0,,,False,,,karan higdon,RB,2019,karan higdon,100.0,karan higdon,2018.0,RB,0.0,0.0,0.0,1.0,0.0,0.0,1.0,1.0,0.0,0.0,,,,,,,,,,,,,,,,,,,,,,,,,,,,,,,,,,,15.0,7.0,0.0,43.0,6.1,225.0,67.0,10.0,1180.0,5.2
2019,Justice Hill,RB,Oklahoma State,5-10,198.0,4.4,40.0,21.0,130.0,,,True,4.0,113.0,justice hill,RB,2019,justice hill,100.0,justice hill,2018.0,RB,1.0,0.0,0.0,0.0,0.0,0.0,0.0,,,,,,,,,,,,,,,,,,,,,,,,,,,,,,,,,,,,,,22.0,13.0,0.0,68.0,5.2,158.0,92.0,9.0,930.0,5.9
2019,Trysten Hill,DL,Central Florida,6-3,308.0,5.04,35.0,28.0,115.0,7.7,4.38,True,2.0,58.0,trysten hill,DL,2019,trysten hill,100.0,trysten hill,2018.0,DL,0.0,4.0,3.0,20.0,0.0,10.5,36.0,,,,,,,,,,,,,,,,,,,,,,,,,,,,,,,,,,,,,,3.0,1.0,0.0,3.0,3.0,3.0,5.0,1.0,6.0,2.0
2019,T.J. Hockenson,TE,Iowa,6-5,251.0,4.7,37.5,17.0,123.0,7.02,4.18,True,1.0,8.0,tj hockenson,TE,2019,tj hockenson,100.0,tj hockenson,2018.0,TE,0.0,0.0,0.0,1.0,0.0,0.0,1.0,1.0,0.0,0.0,,,,,,,,,,,,,,,,,,,,,,,,,,,,,,,,,,,54.0,49.0,6.0,750.0,15.3,1.0,4.0,1.0,4.0,4.0
2019,Alijah Holder,CB,Stanford,6-1,191.0,4.6,36.0,9.0,121.0,6.7,4.15,False,,,alijah holder,CB,2019,alijah holder,100.0,alijah holder,2018.0,CB,9.0,0.0,0.0,37.0,0.0,2.5,58.0,,,,,,,,,,,,,,,,,,,,,,,,,,,,,,,,,,,,,,,,,,,,,,,
2019,Lil'Jordan Humphrey,WR,Texas,6-4,210.0,4.75,33.5,13.0,119.0,7.09,4.29,False,,,liljordan humphrey,WR,2019,liljordan humphrey,100.0,liljordan humphrey,2018.0,WR,0.0,0.0,0.0,2.0,0.0,0.0,2.0,1.0,0.0,0.0,,,,,21.5,29.0,10.0,0.0,215.0,,,,,,,,4.0,3.0,0.0,0.75,1.0,18.0,4.5,,,,,,,,,,,,47.0,86.0,9.0,1176.0,13.7,6.0,11.0,1.0,25.0,4.2
2019,Gary Johnson,LB,Texas,6-0,226.0,4.43,33.5,16.0,121.0,7.15,4.57,False,,,gary johnson,LB,2019,gary johnson,100.0,gary johnson,2018.0,LB,1.0,8.0,7.0,61.0,0.0,17.0,90.0,0.0,0.0,1.0,,,,,,,,,,,,,,,,,,,,,,,,,,,,,,,,,,,,,,,,,,,,
2019,Mitch Hyatt,OT,Clemson,6-5,303.0,,25.5,28.0,102.0,7.72,4.52,False,,,mitch hyatt,OT,2019,mitch hyatt,100.0,mitch hyatt,2018.0,OT,,,,,,,,,,,,,,,,,,,,,,,,,,,,,,,,,,,,,,,,,,,,,,,,,,1.0,0.0,0.0,,
2019,Alec Ingold,FB,Wisconsin,6-1,242.0,4.89,34.0,16.0,116.0,7.35,4.32,False,,,alec ingold,FB,2019,alec ingold,100.0,alec ingold,2018.0,FB,0.0,0.0,0.0,1.0,0.0,0.0,1.0,,,,,,,,,,,,,,,,,,,,,,,,,,,,,,,,,,,,,,33.0,5.0,1.0,93.0,18.6,26.0,39.0,6.0,143.0,5.5
2019,Andy Isabella,WR,Massachusetts,5-9,188.0,4.31,36.5,15.0,121.0,6.95,4.15,True,2.0,62.0,andy isabella,WR,2019,andy isabella,100.0,andy isabella,2018.0,WR,,,,,,,,2.0,2.0,0.0,,,,,,,,,,,,,,,,,,,,,,,,7.9,25.0,7.0,0.0,55.0,,,,,,,89.0,101.0,13.0,1697.0,16.8,11.0,17.0,1.0,79.0,7.2
2019,Josh Jacobs,RB,Alabama,5-10,220.0,,,,,,,True,1.0,24.0,josh jacobs,RB,2019,josh jacobs,100.0,josh jacobs,2018.0,RB,0.0,0.0,0.0,0.0,1.0,0.0,1.0,1.0,0.0,0.0,,,,,30.6,77.0,14.0,1.0,428.0,,,,,,,,,,,,,,,,,,,,,,,,,,33.0,20.0,3.0,247.0,12.4,120.0,59.0,11.0,640.0,5.3
2019,Gary Jennings,WR,West Virginia,6-1,214.0,4.42,37.0,20.0,127.0,7.32,4.15,True,4.0,120.0,gary jennings,WR,2019,gary jennings,100.0,gary jennings,2018.0,WR,,,,,,,,,,,,,,,,,,,,,,,,,,,,,,,,,,,,,,,,,,,,,75.0,54.0,13.0,917.0,17.0,,,,,
2019,Diontae Johnson,WR,Toledo,5-10,183.0,4.53,33.5,15.0,123.0,7.09,4.45,True,3.0,66.0,diontae johnson,WR,2019,diontae johnson,100.0,diontae johnson,2018.0,WR,0.0,0.0,0.0,0.0,2.0,0.0,0.0,1.0,0.0,0.0,,,,,25.8,98.0,16.0,1.0,412.0,,,,,,,,,,,,,,,18.5,83.0,13.0,1.0,241.0,,,,,,,80.0,49.0,8.0,761.0,15.5,2.0,11.0,0.0,17.0,8.5
2019,Nate Davis,OL,Charlotte,6-3,316.0,5.23,26.0,23.0,107.0,7.94,4.83,True,3.0,82.0,nate davis,OL,2019,nate davis,100.0,nate davis,2017.0,OL,0.0,0.0,0.0,1.0,0.0,0.0,1.0,,,,,,,,,,,,,,,,,,,,,,,,,,,,,,,,,,,,,,,,,,,,,,,
2019,Deshaun Davis,LB,Auburn,5-11,234.0,,31.0,25.0,111.0,,4.38,True,6.0,210.0,deshaun davis,LB,2019,deshaun davis,100.0,deshaun davis,2018.0,LB,2.0,4.0,3.5,57.0,0.0,14.5,112.0,,,,,,,,,,,,,,,,,,,,,,,,,,,,,,,,,,,,,,,,,,,,,,,
2019,Terry McLaurin,WR,Ohio State,6-0,208.0,4.35,37.5,18.0,125.0,7.01,4.15,True,3.0,76.0,terry mclaurin,WR,2019,terry mclaurin,100.0,terry mclaurin,2018.0,WR,,,,,,,,,,,,,,,,,,,,,,,,,,,,,,,,,,,,,,,,,,,,,75.0,35.0,11.0,701.0,20.0,,,,,
2018,Cedrick Wilson,WR,Boise State,6-2,197.0,4.55,37.0,9.0,121.0,6.89,4.23,True,6.0,208.0,cedrick wilson,WR,2018,cedrick wilson,100.0,cedrick wilson,2017.0,WR,0.0,0.0,0.0,1.0,0.0,0.0,2.0,,,,,,,,25.8,55.0,18.0,0.0,465.0,,,,,,,,3.0,2.0,0.0,0.667,0.0,46.0,15.3,,,,,,,,,,,,65.0,83.0,7.0,1511.0,18.2,9.0,9.0,0.0,13.0,1.4
2018,Salesi Uhatafe,OG,Utah,6-5,310.0,5.4,28.0,,109.0,7.7,4.9,False,,,salesi uhatafe,OG,2018,salesi uhatafe,100.0,salesi uhatafe,2016.0,OL,0.0,0.0,0.0,2.0,0.0,0.0,2.0,,,,,,,,,,,,,,,,,,,,,,,,,,,,,,,,,,,,,,,,,,,,,,,
2018,Marquez Valdes-Scantling,WR,South Florida,6-4,206.0,4.37,30.5,15.0,124.0,,,True,5.0,174.0,marquez valdesscantling,WR,2018,marquez valdesscantling,100.0,marquez valdesscantling,2017.0,WR,,,,,,,,,,,,,,,19.5,27.0,2.0,0.0,39.0,,,,,,,,,,,,,,,,,,,,,,,,,,95.0,53.0,6.0,879.0,16.6,8.0,75.0,1.0,108.0,13.5
2018,Akrum Wadley,RB,Iowa,5-10,194.0,4.54,32.0,12.0,,,,False,,,akrum wadley,RB,2018,akrum wadley,100.0,akrum wadley,2017.0,RB,0.0,0.0,0.0,1.0,0.0,0.0,1.0,2.0,1.0,0.0,,,,,30.1,72.0,9.0,0.0,271.0,,,,,,,,,,,,,,,,,,,,,,,,,,70.0,28.0,3.0,353.0,12.6,252.0,35.0,10.0,1109.0,4.4
2018,Mark Walton,RB,Miami (FL),5-10,202.0,4.6,31.5,18.0,118.0,,,True,4.0,112.0,mark walton,RB,2018,mark walton,100.0,mark walton,2017.0,RB,0.0,0.0,0.0,1.0,0.0,0.0,2.0,,,,,,,,4.0,4.0,1.0,0.0,4.0,,,,,,,,,,,,,,,,,,,,,,,,,,39.0,7.0,0.0,91.0,13.0,56.0,82.0,3.0,428.0,7.6
2018,Denzel Ward,CB,Ohio State,5-10,183.0,4.32,39.0,16.0,136.0,,,True,1.0,4.0,denzel ward,CB,2018,denzel ward,100.0,denzel ward,2017.0,CB,15.0,0.0,0.0,30.0,0.0,2.0,37.0,,,,0.0,1.0,0.0,0.0,,,,,,,,,,,,,,,,,,,,10.0,10.0,1.0,0.0,10.0,,,,,,,,,,,,,,,,
2018,Chris Warren,RB,Texas,6-2,247.0,4.69,33.0,25.0,121.0,6.98,4.18,False,,,chris warren,RB,2018,chris warren,100.0,chris warren,2017.0,RB,,,,,,,,2.0,1.0,0.0,,,,,,,,,,,,,,,,,1.0,0.0,0.0,0.0,0.0,0.0,0.0,,,,,,,,,,,,33.0,18.0,2.0,229.0,12.7,71.0,41.0,6.0,314.0,4.4
2018,James Washington,WR,Oklahoma State,5-11,213.0,4.54,34.5,14.0,120.0,7.11,4.32,True,2.0,60.0,james washington,WR,2018,james washington,100.0,james washington,2017.0,WR,,,,,,,,1.0,1.0,0.0,,,,,,,,,,,,,,,,,,,,,,,,,,,,,,,,,,,86.0,74.0,13.0,1549.0,20.9,3.0,11.0,1.0,12.0,4.0
2018,Jester Weah,WR,Pittsburgh,6-2,211.0,4.43,38.0,15.0,129.0,7.24,4.41,False,,,jester weah,WR,2018,jester weah,100.0,jester weah,2017.0,WR,0.0,0.0,0.0,1.0,0.0,0.0,1.0,1.0,0.0,0.0,,,,,,,,,,,,,,,,,,,,,,,,,,,,,,,,,,,74.0,41.0,4.0,698.0,17.0,0.0,2.0,0.0,2.0,0.0
2018,Damon Webb,S,Ohio State,5-11,195.0,4.62,,17.0,,,,False,,,damon webb,S,2018,damon webb,100.0,damon webb,2017.0,S,3.0,0.0,0.0,44.0,1.0,2.0,61.0,0.0,0.0,2.0,14.8,5.0,1.0,74.0,,,,,,,,,,,,,,,,,,,,,,,,,,,,,,,,,,,,,,,,
2018,Karaun White,WR,West Virginia,6-1,206.0,4.52,33.5,24.0,118.0,7.16,4.57,False,,,karaun white,WR,2018,karaun white,100.0,karaun white,2017.0,WR,1.0,0.0,0.0,3.0,0.0,0.0,6.0,,,,,,,,,,,,,,,,,,,,,,,,,,,,,,,,,,,,,,76.0,61.0,12.0,1004.0,16.5,,,,,
2018,Kyzir White,S,West Virginia,6-2,216.0,,35.5,21.0,113.0,,,True,4.0,119.0,kyzir white,S,2018,kyzir white,100.0,kyzir white,2017.0,S,4.0,4.0,1.0,66.0,0.0,7.5,94.0,0.0,0.0,1.0,0.7,3.0,0.0,2.0,,,,,,,,,,,,,,,,,,,,,,,,,,,,,,,,,,,,,,,,
2018,Mike White,QB,Western Kentucky,6-5,224.0,5.09,27.0,,96.0,7.4,4.4,True,5.0,171.0,mike white,QB,2018,mike white,100.0,mike white,2017.0,QB,0.0,0.0,0.0,0.0,0.0,0.0,1.0,12.0,6.0,0.0,,,,,,,,,,,,,,,,,560.0,368.0,8.0,0.657,26.0,4177.0,7.5,,,,,,,,,,,,,,,,,64.0,10.0,6.0,,
2018,Jake Wieneke,WR,South Dakota State,6-4,221.0,4.67,34.0,9.0,114.0,7.24,4.37,False,,,jake wieneke,WR,2018,jake wieneke,100.0,jake wieneke,2016.0,WR,,,,,,,,,,,,,,,,,,,,,,,,,,,,,,,,,,,,,,,,,,,,,52.0,8.0,2.0,196.0,24.5,,,,,
2018,Jordan Wilkins,RB,Mississippi,6-1,216.0,,36.0,16.0,117.0,,4.27,True,5.0,169.0,jordan wilkins,RB,2018,jordan wilkins,100.0,jordan wilkins,2017.0,RB,0.0,0.0,0.0,1.0,0.0,0.0,1.0,1.0,1.0,0.0,,,,,,,1.0,0.0,,,,,,,,,,,,,,,,,,,,,,,,,,,25.0,26.0,1.0,241.0,9.3,155.0,64.0,9.0,1011.0,6.5
2018,Darrel Williams,RB,LSU,6-0,225.0,4.72,32.0,22.0,109.0,,4.21,False,,,darrel williams,RB,2018,darrel williams,100.0,darrel williams,2017.0,RB,0.0,0.0,0.0,0.0,0.0,0.0,2.0,,,,,,,,21.0,21.0,1.0,0.0,21.0,,,,,,,,,,,,,,,,,,,,,,,,,,63.0,23.0,0.0,331.0,14.4,145.0,77.0,9.0,820.0,5.7
2018,Shane Tripucka,P,Texas A&M,6-3,211.0,,,,,,,False,,,shane tripucka,P,2018,shane tripucka,100.0,shane tripucka,2017.0,P,,,,,,,,,,,,,,,,,,,,,,,,,,,,,,,,,,,,,,,0.0,64.0,83.0,0.0,3776.0,45.5,,,,,,1.0,0.0,0.0,,
2018,Johnny Townsend,P,Florida,6-1,210.0,,,,,,,True,5.0,173.0,johnny townsend,P,2018,johnny townsend,100.0,johnny townsend,2017.0,P,0.0,0.0,0.0,1.0,0.0,0.0,2.0,,,,,,,,,,,,,,,,,,,,,,,,,,,,,,,,0.0,70.0,64.0,0.0,3043.0,47.5,,,,,,,,,,
2018,Kevin Toliver,CB,LSU,6-3,204.0,,33.0,10.0,120.0,,,False,,,kevin toliver,CB,2018,kevin toliver,100.0,kevin toliver,2017.0,CB,10.0,0.0,1.0,14.0,0.0,2.0,27.0,,,,0.0,1.0,0.0,0.0,,,,,,,,,,,,,,,,,,,,,,,,,,,,,,,,,,,,,,,,
2018,M.J. Stewart,CB,North Carolina,5-11,200.0,4.54,35.0,18.0,118.0,6.9,4.28,True,2.0,53.0,mj stewart,CB,2018,mj stewart,100.0,mj stewart,2017.0,CB,12.0,2.0,2.0,33.0,0.0,5.0,45.0,,,,,,,,18.0,23.0,2.0,0.0,36.0,,,,,,,,,,,,,,,11.3,41.0,15.0,0.0,170.0,,,,,,,,,,,,,,,,
2018,Jk Scott,P,Alabama,6-6,208.0,4.83,30.5,,114.0,7.28,4.41,True,5.0,172.0,jk scott,P,2018,jk scott,100.0,jk scott,2017.0,P,,,,,,,,,,,,,,,,,,,,3.0,1.0,48.0,0.333,11.0,8.0,8.0,1.0,1.0,0.0,1.0,0.0,,,,,,,,0.0,64.0,54.0,0.0,2320.0,43.0,,,,,,,,,,
2018,Deadrin Senat,DT,South Florida,6-0,314.0,5.16,26.0,35.0,100.0,7.77,4.79,True,3.0,90.0,deadrin senat,DT,2018,deadrin senat,100.0,deadrin senat,2017.0,DT,0.0,1.0,6.0,35.0,0.0,10.5,66.0,,,,,,,,,,,,,,,,,,,,,,,,,,,,,,,,,,,,,,,,,,,,,,,
2018,Tim Settle,DT,Virginia Tech,6-3,329.0,5.37,23.5,,96.0,7.95,4.83,True,5.0,163.0,tim settle,DT,2018,tim settle,100.0,tim settle,2017.0,DT,1.0,2.0,4.0,21.0,0.0,12.5,36.0,,,,,,,,,,,,,,,,,,,,,,,,,,,,,,,,,,,,,,,,,,,,,,,
2018,Nic Shimonek,QB,Texas Tech,6-3,220.0,4.88,28.5,,101.0,7.28,4.32,False,,,nic shimonek,QB,2018,nic shimonek,100.0,nic shimonek,2017.0,QB,,,,,,,,3.0,1.0,0.0,,,,,,,,,,,,,,,,,493.0,328.0,10.0,0.665,33.0,3963.0,8.0,,,,,,,,,,,,,,,,,59.0,16.0,1.0,,
2010,Danario Alexander,WR,Missouri,6-5,215.0,4.62,,,,,,False,,,danario alexander,WR,2010,danario alexander,100.0,danario alexander,2009.0,WR,,,,,,,,,,,,,,,,,,,,,,,,,,,2.0,1.0,0.0,0.5,1.0,40.0,20.0,,,,,,,,,,,,84.0,113.0,14.0,1781.0,15.8,1.0,10.0,0.0,10.0,10.0
2018,Durham Smythe,TE,Notre Dame,6-5,253.0,4.81,31.0,18.0,110.0,7.17,4.23,True,4.0,123.0,durham smythe,TE,2018,durham smythe,100.0,durham smythe,2017.0,TE,0.0,0.0,0.0,3.0,0.0,0.0,3.0,,,,,,,,0.0,0.0,1.0,0.0,0.0,,,,,,,,,,,,,,,,,,,,,,,,,,33.0,15.0,1.0,244.0,16.3,,,,,
2018,Kentavius Street,DE,North Carolina State,6-2,280.0,4.87,,28.0,,,,True,4.0,128.0,kentavius street,DE,2018,kentavius street,100.0,kentavius street,2017.0,DE,2.0,4.0,3.5,16.0,0.0,6.5,38.0,0.0,0.0,2.0,,,,,,,,,,,,,,,,,,,,,,,,,,,,,,,,,,,,,,,,,,,,
2018,Roc Thomas,RB,Jacksonville State,5-10,198.0,4.56,35.5,16.0,125.0,,,False,,,roc thomas,RB,2018,roc thomas,100.0,roc thomas,2017.0,RB,,,,,,,,,,,,,,,,,,,,,,,,,,,,,,,,,,,,,,,,,,,,,19.0,1.0,0.0,19.0,19.0,18.0,12.0,0.0,86.0,4.8
2018,Greg Stroman,CB,Virginia Tech,6-0,180.0,4.48,33.5,16.0,113.0,,4.45,True,7.0,241.0,greg stroman,CB,2018,greg stroman,100.0,greg stroman,2017.0,CB,11.0,0.0,0.0,14.0,3.0,0.0,20.0,2.0,0.0,0.0,11.8,4.0,1.0,47.0,,,,,,,,,,,,,,,,,,,,11.3,91.0,35.0,2.0,397.0,,,,,,,,,,,,,,,,
2018,Chandon Sullivan,CB,Georgia State,5-11,195.0,4.6,40.5,15.0,134.0,,4.36,False,,,chandon sullivan,CB,2018,chandon sullivan,100.0,chandon sullivan,2017.0,CB,5.0,0.0,0.0,41.0,0.0,1.0,46.0,0.0,0.0,1.0,0.0,1.0,0.0,0.0,,,,,,,,,,,,,,,,,,,,28.0,28.0,1.0,0.0,28.0,,,,,,,,,,,,,,,,
2018,Courtland Sutton,WR,SMU,6-3,218.0,4.54,35.5,18.0,124.0,6.57,4.11,True,2.0,40.0,courtland sutton,WR,2018,courtland sutton,100.0,courtland sutton,2017.0,WR,0.0,0.0,0.0,2.0,0.0,0.0,2.0,,,,,,,,,,,,,,,,,,,,,,,,,,,,,,,,,,,,,,62.0,68.0,12.0,1085.0,16.0,1.0,2.0,1.0,2.0,2.0
2018,Auden Tate,WR,Florida State,6-5,228.0,4.68,31.0,,112.0,,,True,7.0,253.0,auden tate,WR,2018,auden tate,100.0,auden tate,2017.0,WR,0.0,0.0,0.0,1.0,0.0,0.0,1.0,,,,,,,,,,,,,,,,,,,,,,,,,,,,,,,,,,,,,,51.0,40.0,10.0,548.0,13.7,,,,,
2018,Wyatt Teller,OG,Virginia Tech,6-4,314.0,5.24,29.0,30.0,114.0,7.45,4.84,True,5.0,166.0,wyatt teller,OG,2018,wyatt teller,100.0,wyatt teller,2017.0,G,0.0,0.0,0.0,1.0,0.0,0.0,1.0,,,,,,,,,,,,,,,,,,,,,,,,,,,,,,,,,,,,,,,,,,,,,,,
2018,Ian Thomas,TE,Indiana,6-4,259.0,4.74,36.0,,123.0,7.15,4.2,True,4.0,101.0,ian thomas,TE,2018,ian thomas,100.0,ian thomas,2017.0,TE,,,,,,,,,,,,,,,,,,,,,,,,,,,,,,,,,,,,,,,,,,,,,71.0,25.0,5.0,376.0,15.0,,,,,
2018,Eddy Wilson,DT,Purdue,6-4,301.0,5.37,,26.0,96.0,,,False,,,eddy wilson,DT,2018,eddy wilson,100.0,eddy wilson,2017.0,DT,2.0,3.0,1.0,14.0,0.0,2.5,27.0,,,,,,,,,,,,,,,,,,,,,,,,,,,,,,,,,,,,,,,,,,,,,,,
2018,Javon Wims,WR,Georgia,6-3,215.0,4.53,33.5,,113.0,7.0,,True,7.0,224.0,javon wims,WR,2018,javon wims,100.0,javon wims,2017.0,WR,0.0,0.0,0.0,1.0,0.0,0.0,1.0,,,,,,,,,,,,,,,,,,,,,,,,,,,,,,,,,,,,,,38.0,46.0,7.0,724.0,15.7,,,,,
2019,Jamal Custis,WR,Syracuse,6-4,214.0,4.5,34.5,,124.0,,,False,,,jamal custis,WR,2019,jamal custis,100.0,jamal custis,2018.0,WR,0.0,0.0,0.0,3.0,0.0,0.0,3.0,0.0,0.0,1.0,,,,,,,,,,,,,,,,,,,,,,,,,,,,,,,,,,,68.0,51.0,6.0,906.0,17.8,1.0,0.0,0.0,,
2018,Ryan Winslow,P,Pittsburgh,6-5,217.0,,,,,,,False,,,ryan winslow,P,2018,ryan winslow,100.0,ryan winslow,2017.0,P,,,,,,,,,,,,,,,,,,,,,,,,,,,1.0,1.0,0.0,1.0,1.0,15.0,15.0,,,,,,0.0,63.0,57.0,0.0,2536.0,44.5,,,,,,,,,,
2019,Blace Brown,CB,Troy,6-0,194.0,4.75,,14.0,126.0,7.33,4.22,False,,,blace brown,CB,2019,blace brown,100.0,blace brown,2018.0,CB,6.0,0.0,0.0,21.0,0.0,1.5,35.0,,,,0.0,1.0,0.0,0.0,,,,,,,,,,,,,,,,,,,,,,,,,,,,,,,9.0,1.0,0.0,10.0,10.0,,,,,
2019,Keenen Brown,TE,Texas State,6-2,250.0,4.75,33.0,17.0,117.0,7.27,4.51,False,,,keenen brown,TE,2019,keenen brown,100.0,keenen brown,2018.0,TE,,,,,,,,1.0,1.0,0.0,,,,,,,,,,,,,,,,,,,,,,,,,,,,,,,,,,,46.0,50.0,5.0,577.0,11.5,8.0,61.0,2.0,75.0,9.4
2019,Marquise Brown,WR,Oklahoma,5-9,166.0,,,,,,,True,1.0,25.0,marquise brown,WR,2019,marquise brown,100.0,marquise brown,2018.0,WR,,,,,,,,,,,,,,,,,,,,,,,,,,,,,,,,,,,,,,,,,,,,,77.0,75.0,10.0,1318.0,17.6,2.0,0.0,0.0,0.0,0.0
2019,Jake Browning,QB,Washington,6-2,211.0,4.74,29.0,,112.0,7.19,4.44,False,,,jake browning,QB,2019,jake browning,100.0,jake browning,2018.0,QB,0.0,0.0,0.0,1.0,0.0,0.0,1.0,2.0,1.0,0.0,,,,,,,,,,,,,,,,,386.0,251.0,10.0,0.65,16.0,3173.0,8.2,,,,,,1.0,35.0,2.0,1.0,69.0,34.5,,,,,,83.0,25.0,4.0,127.0,1.5
2019,Isaiah Buggs,DL,Alabama,6-3,306.0,5.15,24.5,20.0,96.0,8.01,4.83,True,6.0,192.0,isaiah buggs,DL,2019,isaiah buggs,100.0,isaiah buggs,2018.0,DL,3.0,6.0,10.0,24.0,0.0,14.0,52.0,0.0,0.0,1.0,,,,,,,,,,,,,,,,,,,,,,,,,,,,,,,,,,,,,,,,,,,,
2019,Ben Burr-Kirven,LB,Washington,6-0,230.0,4.56,34.5,21.0,121.0,6.85,4.09,True,5.0,142.0,ben burrkirven,LB,2019,ben burrkirven,100.0,ben burrkirven,2018.0,LB,6.0,0.0,2.0,89.0,0.0,4.5,165.0,0.0,0.0,3.0,11.0,2.0,0.0,22.0,,,,,,,,,,,,,,,,,,,,,,,,,,,,,,,,,,,,1.0,0.0,0.0,,
2019,Emmanuel Butler,WR,Northern Arizona,6-3,217.0,,36.0,11.0,115.0,,4.22,False,,,emmanuel butler,WR,2019,emmanuel butler,100.0,emmanuel butler,2018.0,WR,,,,,,,,,,,,,,,,,,,,,,,,,,,,,,,,,,,,,,,,,,,,,84.0,6.0,2.0,138.0,23.0,,,,,
2019,Hakeem Butler,WR,Iowa State,6-5,227.0,4.48,36.0,18.0,128.0,,,True,4.0,103.0,hakeem butler,WR,2019,hakeem butler,100.0,hakeem butler,2018.0,WR,0.0,0.0,0.0,1.0,0.0,0.0,1.0,,,,,,,,0.0,0.0,1.0,0.0,0.0,,,,,,,,,,,,,,,,,,,,,,,,,,83.0,60.0,9.0,1318.0,22.0,,,,,
2019,Parris Campbell,WR,Ohio State,6-0,205.0,4.31,40.0,11.0,135.0,,4.03,True,2.0,59.0,parris campbell,WR,2019,parris campbell,100.0,parris campbell,2018.0,WR,0.0,0.0,0.0,1.0,0.0,0.0,2.0,,,,,,,,,,,,,,,,,,,,,,,,,,,,,,,,,,,,,,71.0,88.0,11.0,983.0,11.2,10.0,78.0,1.0,102.0,10.2
2019,Blake Cashman,LB,Minnesota,6-1,237.0,4.5,37.5,18.0,124.0,6.95,4.12,True,5.0,157.0,blake cashman,LB,2019,blake cashman,100.0,blake cashman,2018.0,LB,5.0,0.0,2.5,62.0,1.0,15.0,104.0,0.0,0.0,1.0,,,,,,,,,,,,,,,,,,,,,,,,,,,,,,,,,,,,,,,,,,,,
2019,Te'von Coney,LB,Notre Dame,6-1,234.0,,,,,,,False,,,tevon coney,LB,2019,tevon coney,100.0,tevon coney,2018.0,LB,4.0,6.0,3.5,60.0,0.0,9.0,111.0,0.0,0.0,1.0,7.0,1.0,0.0,7.0,,,,,,,,,,,,,,,,,,,,,,,,,,,,,,,,,,,,,,,,
2019,C.J. Conrad,TE,Kentucky,6-4,249.0,,,,,,,False,,,cj conrad,TE,2019,cj conrad,100.0,cj conrad,2018.0,TE,0.0,0.0,0.0,1.0,0.0,0.0,3.0,1.0,1.0,0.0,,,,,,,,,,,,,,,,,,,,,,,,,,,,,,,,,,,32.0,29.0,2.0,316.0,10.9,,,,,
2019,Byron Cowart,DL,Maryland,6-3,298.0,5.16,30.0,26.0,111.0,,,True,5.0,159.0,byron cowart,DL,2019,byron cowart,100.0,byron cowart,2018.0,DL,0.0,0.0,3.0,18.0,0.0,5.0,38.0,1.0,1.0,0.0,6.0,2.0,0.0,12.0,,,,,,,,,,,,,,,,,,,,,,,,,,,,,,,,,,,,,,,,
2019,Xavier Crawford,CB,Central Michigan,5-11,187.0,4.48,37.5,11.0,,,,True,6.0,195.0,xavier crawford,CB,2019,xavier crawford,100.0,xavier crawford,2018.0,CB,12.0,0.0,0.0,18.0,0.0,3.0,24.0,,,,0.0,1.0,0.0,0.0,,,,,,,,,,,,,,,,,,,,0.0,0.0,1.0,0.0,0.0,,,,,,,,,,,,,,,,
2019,Maxx Crosby,DL,East. Michigan,6-5,255.0,4.66,36.0,,122.0,6.89,4.13,True,4.0,106.0,maxx crosby,DL,2019,maxx crosby,100.0,maxx crosby,2018.0,DL,3.0,6.0,7.5,26.0,1.0,18.5,64.0,,,,2.0,1.0,1.0,2.0,,,,,,,,,,,,,,,,,,,,,,,,,,,,,,,,,,,,,,,,
2019,Nick Brossette,RB,LSU,5-11,209.0,4.72,35.5,15.0,118.0,7.38,4.44,False,,,nick brossette,RB,2019,nick brossette,100.0,nick brossette,2018.0,RB,,,,,,,,1.0,1.0,0.0,,,,,28.0,28.0,1.0,0.0,28.0,,,,,,,,,,,,,,,,,,,,,,,,,,15.0,14.0,0.0,78.0,5.6,240.0,50.0,14.0,1039.0,4.3
2019,Tyre Brady,WR,Marshall,6-3,211.0,,32.0,12.0,117.0,,4.25,False,,,tyre brady,WR,2019,tyre brady,100.0,tyre brady,2018.0,WR,0.0,0.0,0.0,1.0,0.0,0.0,1.0,1.0,1.0,0.0,,,,,,,,,,,,,,,,,1.0,0.0,0.0,0.0,0.0,0.0,0.0,,,,,,,,,,,,50.0,71.0,9.0,1002.0,14.1,1.0,14.0,0.0,14.0,14.0
2019,Miles Boykin,WR,Notre Dame,6-4,220.0,4.42,43.5,12.0,140.0,6.77,4.07,True,3.0,93.0,miles boykin,WR,2019,miles boykin,100.0,miles boykin,2018.0,WR,0.0,0.0,0.0,2.0,0.0,0.0,2.0,1.0,1.0,0.0,,,,,,,,,,,,,,,,,,,,,,,,,,,,,,,,,,,40.0,59.0,8.0,872.0,14.8,,,,,
2019,Rodney Anderson,RB,Oklahoma,6-0,224.0,,,25.0,,,,True,6.0,211.0,rodney anderson,RB,2019,rodney anderson,100.0,rodney anderson,2018.0,RB,,,,,,,,,,,,,,,,,,,,,,,,,,,,,,,,,,,,,,,,,,,,,,,,,,11.0,65.0,3.0,119.0,10.8
2018,Logan Woodside,QB,Toledo,6-1,213.0,4.79,31.5,,103.0,6.94,4.15,True,7.0,249.0,logan woodside,QB,2018,logan woodside,100.0,logan woodside,2017.0,QB,0.0,0.0,0.0,2.0,0.0,0.0,3.0,3.0,2.0,0.0,,,,,,,,,,,,,,,,,411.0,264.0,8.0,0.642,28.0,3882.0,9.4,,,,,,,,,,,,,,,,,51.0,18.0,1.0,34.0,0.7
2018,Isaiah Wynn,OG,Georgia,6-3,313.0,,,,,,,True,1.0,23.0,isaiah wynn,OG,2018,isaiah wynn,100.0,isaiah wynn,2016.0,OT,0.0,0.0,0.0,2.0,0.0,0.0,2.0,,,,,,,,,,,,,,,,,,,,,,,,,,,,,,,,,,,,,,,,,,,,,,,
2019,Johnathan Abram,S,Mississippi State,5-11,205.0,4.45,,,116.0,,,True,1.0,27.0,johnathan abram,S,2019,johnathan abram,100.0,johnathan abram,2018.0,S,3.0,5.0,3.0,51.0,0.0,8.0,95.0,1.0,1.0,1.0,4.5,2.0,0.0,9.0,,,,,,,,,,,,,,,,,,,,,,,,,,,,,,,,,,,,,,,,
2019,Azeez Al-Shaair,LB,Florida Atlantic,6-1,234.0,,,16.0,,,,False,,,azeez alshaair,LB,2019,azeez alshaair,100.0,azeez alshaair,2018.0,LB,0.0,3.0,2.0,24.0,0.0,3.0,43.0,,,,,,,,,,,,,,,,,,,,,,,,,,,,,,,,,,,,,,,,,,,,,,,
2019,Otaro Alaka,LB,Texas A&M,6-3,239.0,4.82,36.0,20.0,131.0,,,False,,,otaro alaka,LB,2019,otaro alaka,100.0,otaro alaka,2018.0,LB,1.0,4.0,4.0,39.0,0.0,14.5,79.0,,,,,,,,,,,,,1.0,1.0,52.0,1.0,3.0,0.0,0.0,,,,,,,,,,,,,,,,,,,,,,,,,,,,
2019,Bryson Allen-Williams,LB,South Carolina,6-1,236.0,4.88,,14.0,,7.4,,False,,,bryson allenwilliams,LB,2019,bryson allenwilliams,100.0,bryson allenwilliams,2018.0,LB,0.0,4.0,2.0,28.0,0.0,9.5,39.0,,,,,,,,,,,,,,,,,,,,,,,,,,,,,,,,,,,,,,,,,,,,,,,
2019,J.J. Arcega-Whiteside,WR,Stanford,6-2,225.0,,,,,,,True,2.0,57.0,jj arcegawhiteside,WR,2019,jj arcegawhiteside,100.0,jj arcegawhiteside,2018.0,WR,,,,,,,,,,,,,,,,,,,,,,,,,,,,,,,,,,,,,,,,,,,,,80.0,62.0,14.0,1040.0,16.8,,,,,
2019,Kendall Blanton,TE,Missouri,6-6,262.0,4.95,31.0,22.0,113.0,7.37,4.42,False,,,kendall blanton,TE,2019,kendall blanton,100.0,kendall blanton,2018.0,TE,,,,,,,,1.0,1.0,0.0,,,,,,,,,,,,,,,,,,,,,,,,16.0,0.0,1.0,0.0,16.0,,,,,,,18.0,22.0,2.0,177.0,8.0,,,,,
2019,Ryquell Armstead,RB,Temple,5-11,220.0,4.45,30.0,22.0,114.0,7.02,4.29,True,5.0,140.0,ryquell armstead,RB,2019,ryquell armstead,100.0,ryquell armstead,2018.0,RB,0.0,0.0,1.0,1.0,0.0,1.0,1.0,1.0,0.0,0.0,,,,,,,,,,,,,,,,,,,,,,,,,,,,,,,,,,,15.0,8.0,0.0,52.0,6.5,210.0,75.0,13.0,1098.0,5.2
2019,Derrick Baity,CB,Kentucky,6-2,197.0,,38.5,10.0,127.0,7.06,4.31,False,,,derrick baity,CB,2019,derrick baity,100.0,derrick baity,2018.0,CB,7.0,1.0,0.0,27.0,0.0,2.5,38.0,,,,,1.0,0.0,,,,,,,,,,,,,,,,,,,,,,,,,,,,,,,,,,,,,,,,,
2019,Alex Barnes,RB,Kansas State,6-0,226.0,4.59,38.5,34.0,126.0,6.95,4.1,False,,,alex barnes,RB,2019,alex barnes,100.0,alex barnes,2018.0,RB,0.0,0.0,0.0,1.0,0.0,0.0,1.0,4.0,2.0,1.0,,,,,,,,,,,,,,,,,,,,,,,,,,,,,,,,,,,30.0,20.0,0.0,194.0,9.7,256.0,55.0,12.0,1355.0,5.3
2019,Cody Barton,LB,Utah,6-2,237.0,4.64,32.5,30.0,116.0,6.9,4.03,True,3.0,88.0,cody barton,LB,2019,cody barton,100.0,cody barton,2018.0,LB,6.0,3.0,4.0,69.0,0.0,11.5,117.0,,,,7.0,1.0,0.0,7.0,,,,,,,,,,,,,,,,,,,,,,,,,,,,,,,,,,,,,,,,
2019,John Battle,S,LSU,6-0,201.0,4.67,29.5,,120.0,7.09,4.33,False,,,john battle,S,2019,john battle,100.0,john battle,2018.0,S,2.0,0.0,0.0,13.0,0.0,0.0,39.0,,,,9.7,3.0,0.0,29.0,,,,,,,,,,,,,,,,,,,,,,,,,,,,,,,,,,,,,,,,
2019,Terry Beckner,DL,Missouri,6-4,296.0,5.19,24.5,28.0,98.0,7.97,4.82,True,7.0,215.0,terry beckner,DL,2019,terry beckner,100.0,terry beckner,2018.0,DL,1.0,5.0,3.5,24.0,0.0,11.5,34.0,,,,,,,,,,,,,,,,,,,,,,,,,,,,,,,,,,,,,,,,,,,,,,,
2019,Mark McLaurin,S,Mississippi State,6-1,212.0,4.77,36.0,12.0,,,4.46,False,,,mark mclaurin,S,2019,mark mclaurin,100.0,mark mclaurin,2018.0,S,4.0,2.0,0.0,33.0,0.0,3.5,64.0,0.0,0.0,1.0,,,,,,,,,,,,,,,,,,,,,,,,,,,,,,,,,,,,,,,,,,,,
2019,Trace McSorley,QB,Penn State,6-0,202.0,4.57,33.0,,115.0,7.09,4.12,True,6.0,197.0,trace mcsorley,QB,2019,trace mcsorley,100.0,trace mcsorley,2018.0,QB,0.0,0.0,0.0,1.0,0.0,0.0,3.0,3.0,2.0,0.0,,,,,,,,,,,,,,,,,361.0,192.0,7.0,0.532,18.0,2513.0,7.0,,,,,,,,,,,,,,,,,169.0,51.0,12.0,799.0,4.7
2020,Kristian Fulton,CB,LSU,6-0,197.0,4.46,35.5,,123.0,6.94,4.36,True,2.0,61.0,kristian fulton,CB,2020,kristian fulton,100.0,kristian fulton,2019.0,CB,14.0,0.0,0.0,28.0,0.0,1.0,38.0,,,,0.0,1.0,0.0,0.0,,,,,,,,,,,,,,,,,,,,,,,,,,,,,,,,,,,,,,,,
2020,Joseph Charlton,P,South Carolina,6-4,195.0,,,,,,,False,,,joseph charlton,P,2020,joseph charlton,100.0,joseph charlton,2019.0,P,,,,,,,,,,,,,,,,,,,,,,,,,,,,,,,,,,,,,,,7.0,66.0,68.0,1.0,3244.0,47.7,,,,,,1.0,10.0,0.0,10.0,10.0
2020,Tyler Biadasz,OL,Wisconsin,6-4,314.0,,,,,,,True,4.0,146.0,tyler biadasz,OL,2020,tyler biadasz,100.0,tyler biadasz,2019.0,OL,0.0,0.0,0.0,2.0,0.0,0.0,2.0,,,,,,,,,,,,,,,,,,,,,,,,,,,,,,,,,,,,,,,,,,,,,,,
2020,Daniel Bituli,LB,Tennessee,6-2,246.0,4.84,32.0,16.0,121.0,,,False,,,daniel bituli,LB,2020,daniel bituli,100.0,daniel bituli,2019.0,LB,2.0,3.0,3.0,50.0,1.0,3.0,86.0,,,,,,,,,,,,,,,,,,,,,,,,,,,29.0,29.0,1.0,1.0,29.0,,,,,,,,,,,,,,,,
2020,Rodrigo Blankenship,K,Georgia,6-1,190.0,,,,,,,False,,,rodrigo blankenship,K,2020,rodrigo blankenship,100.0,rodrigo blankenship,2019.0,PK,0.0,0.0,0.0,1.0,0.0,0.0,1.0,,,,,,,,,,,,,33.0,27.0,50.0,0.818,127.0,46.0,46.0,,,,,,,,,,,,,,,,,,,,,,,,,,,,
2020,Lynn Bowden,WR,Kentucky,5-11,204.0,,,13.0,,,,True,3.0,80.0,lynn bowden,WR,2020,lynn bowden,100.0,lynn bowden,2019.0,WR,,,,,,,,9.0,5.0,0.0,,,,,24.4,37.0,9.0,0.0,220.0,,,,,,,,74.0,35.0,3.0,0.473,3.0,403.0,5.4,13.3,29.0,4.0,0.0,53.0,,,,,,,39.0,30.0,1.0,348.0,11.6,185.0,61.0,13.0,1468.0,7.9
2020,Shaun Bradley,LB,Temple,6-1,235.0,4.51,32.5,14.0,121.0,7.07,4.24,True,6.0,196.0,shaun bradley,LB,2020,shaun bradley,100.0,shaun bradley,2019.0,LB,3.0,1.0,0.0,62.0,0.0,8.0,87.0,0.0,0.0,1.0,,,,,,,,,,,,,,,,,,,,,,,,,,,,,,,,,,,,,,,,4.0,7.0,0.0,12.0,3.0
2020,Jacob Breeland,TE,Oregon,6-5,252.0,,,,,,,False,,,jacob breeland,TE,2020,jacob breeland,100.0,jacob breeland,2019.0,TE,0.0,0.0,0.0,1.0,0.0,0.0,1.0,,,,,,,,,,,,,,,,,,,,,,,,,,,,,,,,,,,,,,66.0,26.0,6.0,405.0,15.6,,,,,
2020,Jordyn Brooks,LB,Texas Tech,6-0,240.0,4.54,,,,,,True,1.0,27.0,jordyn brooks,LB,2020,jordyn brooks,100.0,jordyn brooks,2019.0,LB,0.0,12.0,3.0,66.0,0.0,20.0,108.0,0.0,0.0,2.0,,,,,,,,,,,,,,,,,,,,,,,,,,,,,,,,,,,,,,,,,,,,
2020,Harrison Bryant,TE,Florida Atlantic,6-5,243.0,4.73,32.5,13.0,110.0,7.41,4.37,True,4.0,115.0,harrison bryant,TE,2020,harrison bryant,100.0,harrison bryant,2019.0,TE,,,,,,,,1.0,0.0,0.0,,,,,,,,,,,,,,,,,,,,,,,,,,,,,,,,,,,57.0,65.0,7.0,1004.0,15.4,,,,,
2020,Hunter Bryant,TE,Washington,6-2,248.0,4.74,32.5,23.0,115.0,7.08,4.46,False,,,hunter bryant,TE,2020,hunter bryant,100.0,hunter bryant,2019.0,TE,0.0,0.0,0.0,1.0,0.0,0.0,1.0,1.0,1.0,0.0,,,,,,,,,,,,,,,,,,,,,,,,,,,,,,,,,,,50.0,52.0,3.0,825.0,15.9,2.0,4.0,0.0,,
2020,Kelly Bryant,QB,Missouri,6-3,229.0,4.69,35.0,,125.0,7.33,4.51,False,,,kelly bryant,QB,2020,kelly bryant,100.0,kelly bryant,2019.0,QB,0.0,0.0,0.0,2.0,0.0,0.0,2.0,4.0,2.0,0.0,,,,,,,,,,,,,,,,,292.0,181.0,6.0,0.62,15.0,2215.0,7.6,,,,,,,,,,,,,,,,,106.0,26.0,1.0,242.0,2.3
2020,Joe Burrow,QB,LSU,6-3,221.0,,,,,,,True,1.0,1.0,joe burrow,QB,2020,joe burrow,100.0,joe burrow,2019.0,QB,0.0,0.0,0.0,1.0,0.0,0.0,1.0,4.0,1.0,0.0,,,,,,,,,,,,,,,,,527.0,402.0,6.0,0.763,60.0,5671.0,10.8,,,,,,,,,,,,16.0,1.0,0.0,16.0,16.0,115.0,29.0,5.0,369.0,3.2
2020,Lawrence Cager,WR,Georgia,6-5,220.0,,,,,,,False,,,lawrence cager,WR,2020,lawrence cager,100.0,lawrence cager,2019.0,WR,,,,,,,,,,,,,,,,,,,,,,,,,,,,,,,,,,,,,,,,,,,,,52.0,33.0,4.0,476.0,14.4,,,,,
2020,Raymond Calais,RB,Louisiana-Lafayette,5-8,188.0,4.42,37.5,20.0,120.0,,,True,7.0,245.0,raymond calais,RB,2020,raymond calais,100.0,raymond calais,2019.0,RB,,,,,,,,2.0,1.0,0.0,,,,,28.5,60.0,19.0,0.0,541.0,,,,,,,,,,,,,,,,,,,,,,,,,,34.0,10.0,1.0,67.0,6.7,117.0,83.0,6.0,886.0,7.6
2020,Marquez Callaway,WR,Tennessee,6-1,205.0,4.55,38.0,,126.0,,,False,,,marquez callaway,WR,2020,marquez callaway,100.0,marquez callaway,2019.0,WR,0.0,0.0,0.0,0.0,1.0,0.0,0.0,1.0,0.0,0.0,,,,,12.3,21.0,3.0,0.0,37.0,,,,,,,,,,,,,,,12.8,65.0,12.0,1.0,154.0,,,,,,,73.0,30.0,6.0,635.0,21.2,,,,,
2020,Quintez Cephus,WR,Wisconsin,6-1,202.0,4.73,38.5,23.0,124.0,7.2,4.33,True,5.0,166.0,quintez cephus,WR,2020,quintez cephus,100.0,quintez cephus,2019.0,WR,,,,,,,,,,,,,,,,,,,,,,,,,,,,,,,,,,,,,,,,,,,,,52.0,59.0,7.0,901.0,15.3,,,,,
2020,Francis Bernard,LB,Utah,6-0,234.0,4.81,32.5,19.0,120.0,,,False,,,francis bernard,LB,2020,francis bernard,100.0,francis bernard,2019.0,LB,1.0,1.0,0.0,45.0,1.0,7.5,85.0,1.0,0.0,0.0,40.0,2.0,1.0,80.0,,,,,,,,,,,,,,,,,,,,,,,,,,,,,,,,,,,,,,,,
2020,Eno Benjamin,RB,Arizona State,5-9,207.0,4.57,39.0,12.0,122.0,6.97,4.25,True,7.0,222.0,eno benjamin,RB,2020,eno benjamin,100.0,eno benjamin,2019.0,RB,,,,,,,,5.0,4.0,0.0,,,,,,,,,,,,,,,,,,,,,,,,,,,,,,,,,,,72.0,42.0,2.0,347.0,8.3,253.0,33.0,10.0,1083.0,4.3
2020,LeVante Bellamy,RB,Western Michigan,5-9,192.0,4.5,39.5,16.0,125.0,,,False,,,levante bellamy,RB,2020,levante bellamy,100.0,levante bellamy,2019.0,RB,,,,,,,,1.0,1.0,0.0,,,,,,,,,,,,,,,,,,,,,,,,,,,,,,,,,,,11.0,15.0,0.0,55.0,3.7,266.0,75.0,23.0,1472.0,5.5
2020,Damon Arnette,CB,Ohio State,6-0,195.0,4.56,,,,,,True,1.0,19.0,damon arnette,CB,2020,damon arnette,100.0,damon arnette,2019.0,CB,8.0,0.0,0.0,27.0,1.0,1.0,35.0,1.0,0.0,0.0,96.0,1.0,1.0,96.0,,,,,,,,,,,,,,,,,,,,,,,,,,,,,,,,,,,,,,,,
2019,Renell Wren,DL,Arizona State,6-5,318.0,5.01,32.0,30.0,118.0,7.65,4.53,True,4.0,125.0,renell wren,DL,2019,renell wren,100.0,renell wren,2018.0,DL,2.0,0.0,1.0,20.0,0.0,4.5,36.0,,,,,,,,,,,,,,,,,,,,,,,,,,,,,,,,,,,,,,,,,,,,,,,
2019,Rock Ya-Sin,CB,Temple,6-0,192.0,4.51,39.5,18.0,120.0,7.31,4.31,True,2.0,34.0,rock yasin,CB,2019,rock yasin,100.0,rock yasin,2018.0,CB,12.0,0.0,0.0,36.0,0.0,2.0,47.0,,,,,2.0,0.0,,,,,,,,,,,,,,,,,,,,,,,,,,,,,,,,,,,,,,,,,
2020,McTelvin Agim,DL,Arkansas,6-3,309.0,4.98,,27.0,,,,True,3.0,95.0,mctelvin agim,DL,2020,mctelvin agim,100.0,mctelvin agim,2019.0,DL,0.0,3.0,5.0,20.0,0.0,8.5,39.0,0.0,0.0,1.0,,,,,,,,,,,,,,,,,,,,,,,,,,,,,,,,,,,,,,,,,,,,
2020,Salvon Ahmed,RB,Washington,5-11,197.0,4.62,34.5,,120.0,,,False,,,salvon ahmed,RB,2020,salvon ahmed,100.0,salvon ahmed,2019.0,RB,,,,,,,,1.0,0.0,0.0,,,,,23.2,35.0,5.0,0.0,116.0,,,,,,,,,,,,,,,,,,,,,,,,,,23.0,16.0,0.0,84.0,5.3,188.0,89.0,11.0,1020.0,5.4
2020,Brandon Aiyuk,WR,Arizona State,6-0,205.0,4.5,40.0,11.0,128.0,,,True,1.0,25.0,brandon aiyuk,WR,2020,brandon aiyuk,100.0,brandon aiyuk,2019.0,WR,0.0,0.0,0.0,1.0,1.0,0.0,1.0,1.0,0.0,0.0,,,,,31.9,97.0,14.0,0.0,446.0,,,,,,,,,,,,,,,16.1,63.0,14.0,1.0,226.0,,,,,,,86.0,65.0,8.0,1192.0,18.3,1.0,6.0,0.0,6.0,6.0
2020,Cam Akers,RB,Florida State,5-10,217.0,4.47,35.5,20.0,122.0,,4.42,True,2.0,52.0,cam akers,RB,2020,cam akers,100.0,cam akers,2019.0,RB,,,,,,,,3.0,3.0,0.0,,,,,,,,,,,,,,,,,6.0,4.0,0.0,0.667,0.0,50.0,8.3,,,,,,,,,,,,44.0,30.0,4.0,225.0,7.5,231.0,50.0,14.0,1144.0,5.0
2020,Grayland Arnold,CB,Baylor,5-9,186.0,4.59,33.0,12.0,120.0,7.01,4.3,False,,,grayland arnold,CB,2020,grayland arnold,100.0,grayland arnold,2019.0,CB,2.0,0.0,1.0,33.0,1.0,2.5,46.0,3.0,0.0,0.0,23.6,5.0,0.0,118.0,,,,,,,,,,,,,,,,,,,,12.4,73.0,12.0,1.0,149.0,,,,,,,,,,,,,,,,
2020,Mekhi Becton,OL,Louisville,6-7,364.0,5.1,,23.0,,,,True,1.0,11.0,mekhi becton,OL,2020,mekhi becton,100.0,mekhi becton,2019.0,OL,0.0,0.0,0.0,1.0,0.0,0.0,1.0,,,,,,,,,,,,,,,,,,,,,,,,,,,,,,,,,,,,,,,,,,,,,,,
2020,Devin Asiasi,TE,UCLA,6-3,257.0,4.73,30.5,16.0,115.0,,,True,3.0,91.0,devin asiasi,TE,2020,devin asiasi,100.0,devin asiasi,2019.0,TE,0.0,0.0,0.0,2.0,0.0,0.0,2.0,,,,,,,,,,,,,,,,,,,,,,,,,,,,,,,,,,,,,,53.0,44.0,4.0,641.0,14.6,,,,,
2020,Joe Bachie,LB,Michigan State,6-1,230.0,4.67,33.5,26.0,119.0,6.93,4.34,False,,,joe bachie,LB,2020,joe bachie,100.0,joe bachie,2019.0,LB,4.0,3.0,3.5,37.0,0.0,9.5,72.0,,,,19.0,1.0,0.0,19.0,,,,,,,,,,,,,,,,,,,,,,,,,,,,,,,,,,,,,,,,
2020,Markus Bailey,LB,Purdue,6-0,235.0,,,15.0,,,,True,7.0,215.0,markus bailey,LB,2020,markus bailey,100.0,markus bailey,2019.0,LB,0.0,1.0,1.0,10.0,0.0,2.0,14.0,,,,,,,,,,,,,,,,,,,,,,,,,,,,,,,,,,,,,,,,,,,,,,,
2020,Tyler Bass,K,Georgia Southern,5-10,185.0,,,,,,,True,6.0,188.0,tyler bass,K,2020,tyler bass,100.0,tyler bass,2019.0,PK,0.0,0.0,0.0,0.0,0.0,0.0,2.0,,,,,,,,,,,,,28.0,20.0,49.0,0.714,96.0,36.0,36.0,1.0,1.0,0.0,1.0,0.0,7.0,7.0,,,,,,,,,,,,,,,,,,,,,
2020,Zack Baun,LB,Wisconsin,6-2,238.0,4.65,32.5,24.0,115.0,7.0,4.31,True,3.0,74.0,zack baun,LB,2020,zack baun,100.0,zack baun,2019.0,LB,2.0,10.0,12.5,53.0,1.0,19.5,76.0,,,,34.0,1.0,1.0,34.0,,,,,,,,,,,,,,,,,,,,,,,,,,,,,,,,,,,,,,,,
2020,Omar Bayless,WR,Arkansas State,6-1,212.0,4.62,36.0,11.0,123.0,7.35,4.5,False,,,omar bayless,WR,2020,omar bayless,100.0,omar bayless,2019.0,WR,0.0,0.0,0.0,1.0,0.0,0.0,3.0,1.0,1.0,0.0,,,,,,,,,,,,,,,,,3.0,1.0,0.0,0.333,0.0,37.0,12.3,,,,,,,,,,,,92.0,93.0,17.0,1661.0,17.9,,,,,
2020,K'Lavon Chaisson,LB,LSU,6-3,254.0,,,,,,,True,1.0,20.0,klavon chaisson,LB,2020,klavon chaisson,100.0,klavon chaisson,2019.0,LB,2.0,6.0,6.5,34.0,0.0,13.5,60.0,,,,,,,,,,,,,,,,,,,,,,,,,,,,,,,,,,,,,,,,,,,,,,,
2020,Jeremy Chinn,S,Southern Illinois,6-3,221.0,4.45,41.0,20.0,138.0,,,True,2.0,64.0,jeremy chinn,S,2020,jeremy chinn,100.0,jeremy chinn,2019.0,S,0.0,0.0,0.0,7.0,0.0,0.0,8.0,,,,33.0,1.0,0.0,33.0,,,,,,,,,,,,,,,,,,,,,,,,,,,,,,,,,,,,,,,,
2019,Mack Wilson,LB,Alabama,6-1,240.0,,32.0,,117.0,,,True,5.0,155.0,mack wilson,LB,2019,mack wilson,100.0,mack wilson,2018.0,LB,5.0,7.0,1.0,36.0,0.0,5.0,71.0,,,,0.0,2.0,0.0,0.0,,,,,,,,,,,,,,,,,,,,,,,,,,,,,,,,,,,,,,,,
2020,Cameron Clark,OL,Charlotte,6-4,308.0,5.29,25.0,26.0,101.0,,,True,4.0,129.0,cameron clark,OL,2020,cameron clark,100.0,cameron clark,2019.0,OL,0.0,0.0,0.0,0.0,0.0,0.0,2.0,,,,,,,,,,,,,,,,,,,,,,,,,,,,,,,,,,,,,,,,,,,,,,,
2020,J.K. Dobbins,RB,Ohio State,5-9,209.0,,,23.0,,,,True,2.0,55.0,jk dobbins,RB,2020,jk dobbins,100.0,jk dobbins,2019.0,RB,,,,,,,,3.0,2.0,0.0,,,,,,,,,,,,,,,,,,,,,,,,,,,,,,,,,,,28.0,23.0,2.0,247.0,10.7,301.0,68.0,21.0,2003.0,6.7
2020,Rico Dowdle,RB,South Carolina,5-11,213.0,4.54,38.0,,127.0,,,False,,,rico dowdle,RB,2020,rico dowdle,100.0,rico dowdle,2019.0,RB,,,,,,,,2.0,1.0,0.0,,,,,,,,,,,,,,,,,,,,,,,,,,,,,,,,,,,26.0,22.0,0.0,167.0,7.6,106.0,35.0,4.0,498.0,4.7
2020,Yasir Durant,OL,Missouri,6-6,331.0,5.52,25.0,21.0,,,,False,,,yasir durant,OL,2020,yasir durant,100.0,yasir durant,2018.0,OL,0.0,0.0,0.0,1.0,0.0,0.0,1.0,,,,,,,,,,,,,,,,,,,,,,,,,,,,,,,,,,,,,,,,,,,,,,,
2020,Devin Duvernay,WR,Texas,5-10,200.0,4.39,35.5,,123.0,7.13,4.2,True,3.0,92.0,devin duvernay,WR,2020,devin duvernay,100.0,devin duvernay,2019.0,WR,0.0,0.0,0.0,1.0,0.0,0.0,2.0,,,,,,,,18.6,36.0,11.0,0.0,205.0,,,,,,,,2.0,2.0,0.0,1.0,0.0,14.0,7.0,,,,,,,,,,,,75.0,106.0,9.0,1386.0,13.1,10.0,13.0,1.0,24.0,2.4
2020,Troy Dye,LB,Oregon,6-3,231.0,,,,,,,True,4.0,132.0,troy dye,LB,2020,troy dye,100.0,troy dye,2019.0,LB,4.0,4.0,2.5,52.0,0.0,9.5,84.0,,,,2.0,2.0,0.0,4.0,,,,,,,,,,,,,,,,,,,,,,,,,,,,,,,,,,,,,,,,
2020,Jacob Eason,QB,Washington,6-6,231.0,4.89,27.5,,110.0,7.5,4.75,True,4.0,122.0,jacob eason,QB,2020,jacob eason,100.0,jacob eason,2019.0,QB,0.0,0.0,0.0,1.0,0.0,0.0,1.0,3.0,2.0,0.0,,,,,,,,,,,,,,,,,405.0,260.0,8.0,0.642,23.0,3132.0,7.7,,,,,,0.0,42.0,2.0,0.0,74.0,37.0,5.0,0.0,0.0,5.0,0.0,46.0,19.0,1.0,,
2020,Bryan Edwards,WR,South Carolina,6-3,212.0,,,,,,,True,3.0,81.0,bryan edwards,WR,2020,bryan edwards,100.0,bryan edwards,2019.0,WR,,,,,,,,,,,,,,,,,,,,,,,,,,,,,,,,,,17.9,38.0,7.0,0.0,125.0,,,,,,,75.0,71.0,6.0,816.0,11.5,2.0,15.0,0.0,22.0,11.0
2020,Clyde Edwards-Helaire,RB,LSU,5-7,207.0,4.6,39.5,15.0,123.0,,,True,1.0,32.0,clyde edwardshelaire,RB,2020,clyde edwardshelaire,100.0,clyde edwardshelaire,2019.0,RB,,,,,,,,2.0,1.0,0.0,,,,,13.4,38.0,16.0,0.0,214.0,,,,,,,,,,,,,,,,,,,,,,,,,,26.0,55.0,1.0,453.0,8.2,215.0,89.0,16.0,1414.0,6.6
2020,Jalen Elliott,S,Notre Dame,6-0,205.0,4.8,34.0,15.0,125.0,6.87,4.3,False,,,jalen elliott,S,2020,jalen elliott,100.0,jalen elliott,2019.0,S,2.0,0.0,0.0,29.0,0.0,0.0,49.0,,,,1.0,2.0,0.0,2.0,,,,,,,,,,,,,,,,,,,,,,,,,,,,,,,,,,,,,,,,
2020,Jordan Elliott,DL,Missouri,6-4,302.0,5.02,27.5,24.0,,,4.73,True,3.0,88.0,jordan elliott,DL,2020,jordan elliott,100.0,jordan elliott,2019.0,DL,3.0,6.0,2.5,31.0,0.0,8.5,44.0,,,,,,,,,,,,,,,,,,,,,,,,,,,,,,,,,,,,,,,,,,,,,,,
2020,Darrynton Evans,RB,Appalachian State,5-10,203.0,4.41,37.0,20.0,125.0,,,True,3.0,93.0,darrynton evans,RB,2020,darrynton evans,100.0,darrynton evans,2019.0,RB,0.0,0.0,0.0,0.0,1.0,0.0,1.0,1.0,0.0,0.0,,,,,22.7,45.0,17.0,1.0,386.0,,,,,,,,1.0,1.0,0.0,1.0,0.0,14.0,14.0,,,,,,,,,,,,58.0,21.0,5.0,198.0,9.4,255.0,87.0,18.0,1479.0,5.8
2020,Blake Ferguson,LS,LSU,6-3,229.0,5.07,31.0,,112.0,7.43,4.52,True,6.0,185.0,blake ferguson,LS,2020,blake ferguson,100.0,blake ferguson,2018.0,LS,0.0,0.0,0.0,0.0,0.0,0.0,2.0,,,,,,,,,,,,,,,,,,,,,,,,,,,,,,,,,,,,,,,,,,,,,,,
2020,Chris Finke,WR,Notre Dame,5-9,186.0,4.57,40.0,7.0,,,,False,,,chris finke,WR,2020,chris finke,100.0,chris finke,2019.0,WR,,,,,,,,1.0,1.0,0.0,,,,,0.0,0.0,3.0,0.0,0.0,,,,,,,,,,,,,,,9.0,46.0,20.0,0.0,180.0,,,,,,,54.0,41.0,4.0,456.0,11.1,2.0,7.0,0.0,2.0,1.0
2020,Jake Fromm,QB,Georgia,6-2,219.0,5.01,30.0,,111.0,7.27,4.51,True,5.0,167.0,jake fromm,QB,2020,jake fromm,100.0,jake fromm,2019.0,QB,,,,,,,,3.0,1.0,0.0,,,,,,,,,,,,,,,,,385.0,234.0,5.0,0.608,24.0,2860.0,7.4,,,,,,,,,,,,,,,,,38.0,15.0,0.0,,
2020,Aaron Fuller,WR,Washington,5-11,188.0,4.59,34.0,,118.0,7.14,,False,,,aaron fuller,WR,2020,aaron fuller,100.0,aaron fuller,2019.0,WR,0.0,0.0,0.0,0.0,1.0,0.5,1.0,2.0,2.0,0.0,,,,,,,,,,,,,,,,,1.0,0.0,0.0,0.0,0.0,0.0,0.0,11.4,88.0,22.0,1.0,250.0,,,,,,,37.0,59.0,6.0,702.0,11.9,,,,,
2020,Michael Divinity,LB,LSU,6-2,242.0,4.85,31.0,14.0,115.0,,,False,,,michael divinity,LB,2020,michael divinity,100.0,michael divinity,2019.0,LB,0.0,3.0,3.0,17.0,0.0,4.0,22.0,,,,,,,,,,,,,,,,,,,,,,,,,,,,,,,,,,,,,,,,,,,,,,,
2020,AJ Dillon,RB,Boston College,6-0,247.0,4.53,41.0,23.0,131.0,7.19,,True,2.0,62.0,aj dillon,RB,2020,aj dillon,100.0,aj dillon,2019.0,RB,,,,,,,,3.0,1.0,0.0,,,,,,,,,,,,,,,,,,,,,,,,,,,,,,,,,,,42.0,13.0,1.0,195.0,15.0,318.0,61.0,14.0,1685.0,5.3
2020,Grant Delpit,S,LSU,6-2,213.0,,,,,,,True,2.0,44.0,grant delpit,S,2020,grant delpit,100.0,grant delpit,2019.0,S,7.0,1.0,2.0,38.0,0.0,4.5,65.0,,,,0.0,2.0,0.0,0.0,,,,,,,,,,,,,,,,,,,,,,,,,,,,,,,,,,,,,,,,
2020,Isaiah Coulter,WR,Rhode Island,6-2,198.0,4.45,36.0,,121.0,7.28,4.62,True,5.0,171.0,isaiah coulter,WR,2020,isaiah coulter,100.0,isaiah coulter,2019.0,WR,,,,,,,,,,,,,,,,,,,,,,,,,,,,,,,,,,,,,,,,,,,,,51.0,11.0,1.0,205.0,18.6,,,,,
2020,Chase Claypool,WR,Notre Dame,6-4,238.0,4.42,40.5,19.0,126.0,,,True,2.0,49.0,chase claypool,WR,2020,chase claypool,100.0,chase claypool,2019.0,WR,0.0,0.0,0.0,3.0,0.0,0.0,5.0,0.0,0.0,2.0,,,,,,,,,,,,,,,,,,,,,,,,,,,,,,,,,,,47.0,66.0,13.0,1037.0,15.7,,,,,
2020,Rodney Clemons,S,SMU,6-0,209.0,4.71,33.5,21.0,118.0,,,False,,,rodney clemons,S,2020,rodney clemons,100.0,rodney clemons,2019.0,S,9.0,0.0,0.0,48.0,0.0,3.0,77.0,0.0,0.0,1.0,1.0,4.0,0.0,4.0,,,,,,,,,,,,,,,,,,,,,,,,,,,,,,,,,,,,,,,,
2020,Ezra Cleveland,OL,Boise State,6-6,311.0,4.93,30.0,30.0,111.0,7.26,4.46,True,2.0,58.0,ezra cleveland,OL,2020,ezra cleveland,100.0,ezra cleveland,2019.0,OL,0.0,0.0,0.0,1.0,0.0,0.0,1.0,,,,,,,,,,,,,,,,,,,,,,,,,,,,,,,,,,,,,,,,,,,1.0,3.0,0.0,3.0,3.0
2020,Tyrie Cleveland,WR,Florida,6-2,209.0,4.46,39.5,13.0,126.0,,,True,7.0,252.0,tyrie cleveland,WR,2020,tyrie cleveland,100.0,tyrie cleveland,2019.0,WR,0.0,0.0,0.0,3.0,0.0,0.0,3.0,,,,,,,,20.7,40.0,6.0,0.0,124.0,,,,,,,,,,,,,,,,,,,,,,,,,,36.0,25.0,1.0,351.0,14.0,,,,,
2020,Kendall Coleman,DL,Syracuse,6-3,257.0,4.95,32.0,,114.0,7.5,4.62,False,,,kendall coleman,DL,2020,kendall coleman,100.0,kendall coleman,2019.0,DL,2.0,6.0,4.0,20.0,0.0,10.5,48.0,,,,,,,,,,,,,,,,,,,,,,,,,,,,,,,,,,,,,,,,,,,,,,,
2020,Carter Coughlin,LB,Minnesota,6-3,236.0,4.57,36.0,,126.0,,,True,7.0,218.0,carter coughlin,LB,2020,carter coughlin,100.0,carter coughlin,2019.0,LB,4.0,2.0,4.5,29.0,0.0,9.5,49.0,0.0,0.0,1.0,,,,,,,,,,,,,,,,,,,,,,,,,,,,,,,,,,,,,,,,,,,,
2020,DeeJay Dallas,RB,Miami,5-10,217.0,4.58,33.5,,119.0,7.18,4.32,True,4.0,144.0,deejay dallas,RB,2020,deejay dallas,100.0,deejay dallas,2019.0,RB,,,,,,,,,,,,,,,13.0,13.0,1.0,0.0,13.0,,,,,,,,,,,,,,,,,,,,,,,,,,42.0,14.0,2.0,140.0,10.0,114.0,62.0,8.0,693.0,6.1
2020,Josiah Deguara,TE,Cincinnati,6-2,242.0,4.72,35.5,25.0,115.0,7.15,4.35,True,3.0,94.0,josiah deguara,TE,2020,josiah deguara,100.0,josiah deguara,2019.0,TE,0.0,0.0,0.0,3.0,0.0,0.0,3.0,1.0,0.0,0.0,,,,,,,,,,,,,,,,,,,,,,,,,,,,,,,,,,,73.0,39.0,7.0,504.0,12.9,0.0,2.0,1.0,2.0,0.0
2020,Cameron Dantzler,CB,Mississippi State,6-2,188.0,4.64,34.5,,,,,True,3.0,89.0,cameron dantzler,CB,2020,cameron dantzler,100.0,cameron dantzler,2019.0,CB,8.0,0.0,0.5,31.0,0.0,2.0,40.0,,,,0.0,2.0,0.0,0.0,,,,,,,,,,,,,,,,,,,,,,,,,,,,,,,,,,,,,,,,
2020,Ashtyn Davis,S,California,6-1,202.0,,,14.0,,,,True,3.0,68.0,ashtyn davis,S,2020,ashtyn davis,100.0,ashtyn davis,2019.0,S,4.0,0.0,0.0,32.0,0.0,1.0,55.0,1.0,1.0,2.0,15.5,2.0,0.0,31.0,12.4,28.0,12.0,0.0,149.0,,,,,,,,,,,,,,,16.5,19.0,2.0,0.0,33.0,1.0,32.0,1.0,0.0,32.0,32.0,,,,,,,,,,
2020,Gabriel Davis,WR,UCF,6-2,216.0,4.54,35.0,14.0,124.0,7.08,4.59,True,4.0,128.0,gabriel davis,WR,2020,gabriel davis,100.0,gabriel davis,2019.0,WR,0.0,0.0,0.0,1.0,0.0,0.0,1.0,,,,,,,,,,,,,,,,,,,,,,,,,,,,,,,,,,,,,,73.0,72.0,12.0,1241.0,17.2,,,,,
2020,Khalil Davis,DL,Nebraska,6-1,308.0,4.75,,32.0,,,,True,6.0,194.0,khalil davis,DL,2020,khalil davis,100.0,khalil davis,2019.0,DL,1.0,0.0,8.0,28.0,0.0,12.0,44.0,,,,,,,,,,,,,,,,,,,,,,,,,,,,,,,,,,,,,,,,,,,,,,,
2020,Quartney Davis,WR,Texas A&M,6-1,201.0,4.54,35.5,,,,,False,,,quartney davis,WR,2020,quartney davis,100.0,quartney davis,2019.0,WR,,,,,,,,,,,,,,,,,,,,,,,,,,,,,,,,,,20.0,20.0,1.0,0.0,20.0,,,,,,,29.0,54.0,4.0,616.0,11.4,5.0,18.0,0.0,32.0,6.4
2020,Raekwon Davis,DL,Alabama,6-6,311.0,5.12,28.0,24.0,111.0,7.95,4.86,True,2.0,56.0,raekwon davis,DL,2020,raekwon davis,100.0,raekwon davis,2019.0,DL,0.0,5.0,0.5,18.0,0.0,3.0,47.0,,,,,,,,,,,,,,,,,,,,,,,,,,,,,,,,,,,,,,,,,,,,,,,
2019,Mitch Wishnowsky,P,Utah,6-2,218.0,4.63,32.5,,117.0,,,True,4.0,110.0,mitch wishnowsky,P,2019,mitch wishnowsky,100.0,mitch wishnowsky,2018.0,P,,,,,,,,,,,,,,,,,,,,,,,,,,,,,,,,,,,,,,,24.0,68.0,59.0,4.0,2669.0,45.2,,,,,,2.0,28.0,0.0,39.0,19.5
2019,Caleb Wilson,TE,UCLA,6-4,240.0,4.56,29.0,,113.0,7.2,4.4,True,7.0,254.0,caleb wilson,TE,2019,caleb wilson,100.0,caleb wilson,2018.0,TE,0.0,0.0,0.0,1.0,0.0,0.0,1.0,,,,,,,,,,,,,,,,,,,,,,,,,,,,,,,,,,,,,,66.0,60.0,4.0,965.0,16.1,1.0,4.0,0.0,4.0,4.0
2019,D.K. Metcalf,WR,Mississippi,6-3,228.0,4.33,40.5,27.0,134.0,7.38,4.5,True,2.0,64.0,dk metcalf,WR,2019,dk metcalf,100.0,dk metcalf,2018.0,WR,,,,,,,,,,,,,,,,,,,,,,,,,,,,,,,,,,,,,,,,,,,,,75.0,26.0,5.0,569.0,21.9,,,,,
2019,David Sills,WR,West Virginia,6-3,211.0,4.57,37.5,14.0,117.0,6.97,4.28,False,,,david sills,WR,2019,david sills,100.0,david sills,2018.0,WR,,,,,,,,1.0,0.0,0.0,,,,,,,,,,,,,,,,,,,,,,,,0.0,1.0,3.0,0.0,0.0,,,,,,,103.0,65.0,15.0,986.0,34.6,0.0,14.0,0.0,14.0,0.0
2019,Germaine Pratt,LB,North Carolina State,6-2,240.0,4.57,32.5,24.0,116.0,,,True,3.0,72.0,germaine pratt,LB,2019,germaine pratt,100.0,germaine pratt,2018.0,LB,3.0,7.0,6.0,54.0,0.0,10.0,104.0,0.0,0.0,1.0,,,,,,,,,,,,,,,,,,,,,,,,,,,,,,,,,,,,,,,,,,,,
2019,Dax Raymond,TE,Utah State,6-5,255.0,4.73,32.0,15.0,109.0,7.15,4.39,False,,,dax raymond,TE,2019,dax raymond,100.0,dax raymond,2018.0,TE,0.0,0.0,0.0,0.0,0.0,0.0,1.0,1.0,1.0,0.0,,,,,,,,,,,,,,,,,,,,,,,,,,,,,,,,,,,31.0,26.0,2.0,330.0,12.7,1.0,0.0,0.0,0.0,0.0
2019,Hunter Renfrow,WR,Clemson,5-10,184.0,4.59,35.0,7.0,116.0,6.8,4.19,True,5.0,149.0,hunter renfrow,WR,2019,hunter renfrow,100.0,hunter renfrow,2018.0,WR,0.0,0.0,0.0,1.0,0.0,0.0,1.0,0.0,0.0,1.0,,,,,,,,,,,,,,,,,2.0,1.0,0.0,0.5,0.0,2.0,1.0,,,,,,0.0,42.0,1.0,0.0,42.0,42.0,40.0,49.0,1.0,544.0,11.1,,,,,
2019,Riley Ridley,WR,Georgia,6-1,199.0,4.58,30.5,13.0,124.0,7.22,4.28,True,4.0,126.0,riley ridley,WR,2019,riley ridley,100.0,riley ridley,2018.0,WR,,,,,,,,,,,,,,,,,,,,,,,,,,,,,,,,,,,,,,,,,,,,,35.0,44.0,9.0,570.0,13.0,,,,,
2019,Dontavius Russell,DL,Auburn,6-3,319.0,5.15,,24.0,,7.81,4.77,True,7.0,235.0,dontavius russell,DL,2019,dontavius russell,100.0,dontavius russell,2018.0,DL,0.0,2.0,1.5,13.0,0.0,6.0,36.0,,,,,,,,,,,,,,,,,,,,,,,,,,,,,,,,,,,,,,,,,,,,,,,
2019,Brett Rypien,QB,Boise State,6-2,210.0,4.91,33.0,,116.0,7.1,4.29,False,,,brett rypien,QB,2019,brett rypien,100.0,brett rypien,2018.0,QB,0.0,0.0,0.0,1.0,0.0,0.0,1.0,7.0,3.0,0.0,,,,,,,,,,,,,,,,,447.0,301.0,7.0,0.673,30.0,3705.0,8.3,,,,,,,,,,,,,,,,,83.0,15.0,0.0,23.0,0.3
2019,Drew Sample,TE,Washington,6-5,255.0,4.71,33.5,,115.0,7.15,4.31,True,2.0,52.0,drew sample,TE,2019,drew sample,100.0,drew sample,2018.0,TE,0.0,0.0,0.0,1.0,0.0,0.0,2.0,,,,,,,,,,,,,,,,,,,,,,,,,,,,,,,,,,,,,,33.0,24.0,3.0,245.0,10.2,,,,,
2019,Deebo Samuel,WR,South Carolina,5-11,214.0,4.48,39.0,15.0,122.0,7.03,4.14,True,2.0,36.0,deebo samuel,WR,2019,deebo samuel,100.0,deebo samuel,2018.0,WR,,,,,,,,0.0,0.0,2.0,,,,,24.5,90.0,24.0,1.0,587.0,,,,,,,,1.0,1.0,0.0,1.0,1.0,13.0,13.0,,,,,,,,,,,,89.0,62.0,11.0,882.0,14.2,8.0,11.0,0.0,26.0,3.3
2019,Miles Sanders,RB,Penn State,5-11,211.0,4.49,36.0,20.0,124.0,6.89,4.19,True,2.0,53.0,miles sanders,RB,2019,miles sanders,100.0,miles sanders,2018.0,RB,,,,,,,,5.0,4.0,0.0,,,,,,,,,,,,,,,,,,,,,,,,,,,,,,,,,,,29.0,24.0,0.0,139.0,5.8,219.0,78.0,9.0,1271.0,5.8
2019,Khalen Saunders,DL,Western Illinois,6-0,324.0,5.01,30.5,27.0,101.0,7.57,4.62,True,3.0,84.0,khalen saunders,DL,2019,khalen saunders,100.0,khalen saunders,2018.0,DL,0.0,0.0,0.0,5.0,0.0,1.0,7.0,,,,,,,,,,,,,,,,,,,,,,,,,,,,,,,,,,,,,,,,,,,,,,,
2019,Jordan Scarlett,RB,Florida,5-11,208.0,4.47,30.0,21.0,116.0,7.37,4.63,True,5.0,154.0,jordan scarlett,RB,2019,jordan scarlett,100.0,jordan scarlett,2018.0,RB,,,,,,,,1.0,1.0,0.0,,,,,,,,,,,,,,,,,,,,,,,,,,,,,,,,,,,30.0,10.0,0.0,84.0,8.4,131.0,48.0,5.0,776.0,5.9
2019,Max Scharping,OT,Northern Illinois,6-6,327.0,,28.0,27.0,108.0,7.77,4.69,True,2.0,55.0,max scharping,OT,2019,max scharping,100.0,max scharping,2017.0,OT,0.0,0.0,0.0,0.0,0.0,0.0,1.0,,,,,,,,,,,,,,,,,,,,,,,,,,,,,,,,,,,,,,,,,,,,,,,
2019,Lj Scott,RB,Michigan State,6-0,227.0,,33.0,21.0,120.0,7.27,4.34,False,,,lj scott,RB,2019,lj scott,100.0,lj scott,2018.0,RB,,,,,,,,2.0,2.0,0.0,,,,,27.6,46.0,7.0,0.0,193.0,,,,,,,,,,,,,,,,,,,,,,,,,,32.0,9.0,0.0,97.0,10.8,96.0,43.0,1.0,370.0,9.8
2019,Austin Seibert,K,Oklahoma,5-9,213.0,,,,,,,True,5.0,170.0,austin seibert,K,2019,austin seibert,100.0,austin seibert,2018.0,PK,,,,,,,,,,,,,,,,,,,,16.0,14.0,42.0,0.875,138.0,88.0,87.0,,,,,,,,,,,,,9.0,54.0,31.0,2.0,1267.0,40.9,,,,,,,,,,
2019,Kendall Sheffield,CB,Ohio State,5-11,193.0,,,,,,,True,4.0,111.0,kendall sheffield,CB,2019,kendall sheffield,100.0,kendall sheffield,2018.0,CB,8.0,0.0,0.0,27.0,0.0,2.0,35.0,,,,0.0,2.0,0.0,0.0,,,,,,,,,,,,,,,,,,,,,,,,,,,,,,,,,,,,,,,,
2019,Ben Powers,OL,Oklahoma,6-4,307.0,,,21.0,,,,True,4.0,123.0,ben powers,OL,2019,ben powers,100.0,ben powers,2018.0,OL,0.0,0.0,0.0,1.0,0.0,0.0,1.0,,,,,,,,,,,,,,,,,,,,,,,,,,,,,,,,,,,,,,,,,,,,,,,
2019,Tony Pollard,RB,Memphis,6-0,210.0,4.52,35.0,13.0,121.0,,,True,4.0,128.0,tony pollard,RB,2019,tony pollard,100.0,tony pollard,2018.0,RB,0.0,0.0,0.0,2.0,0.0,0.0,2.0,,,,,,,,24.7,97.0,27.0,1.0,667.0,,,,,,,,,,,,,,,,,,,,,,,,,,44.0,38.0,3.0,444.0,11.7,79.0,41.0,6.0,553.0,7.0
2019,Jamal Peters,CB,Mississippi State,6-2,218.0,4.63,,,,,,False,,,jamal peters,CB,2019,jamal peters,100.0,jamal peters,2018.0,CB,4.0,0.0,0.0,24.0,0.0,1.0,33.0,,,,,,,,16.0,19.0,2.0,0.0,32.0,,,,,,,,,,,,,,,,,,,,,,,,,,44.0,1.0,0.0,44.0,44.0,,,,,
2019,Stanley Morgan,WR,Nebraska,6-0,202.0,4.53,38.5,14.0,125.0,6.78,4.13,False,,,stanley morgan,WR,2019,stanley morgan,100.0,stanley morgan,2018.0,WR,,,,,,,,1.0,0.0,0.0,,,,,,,,,,,,,,,,,,,,,,,,4.8,18.0,4.0,0.0,19.0,,,,,,,67.0,70.0,7.0,1004.0,14.3,1.0,4.0,0.0,4.0,4.0
2019,Jakobi Meyers,WR,North Carolina State,6-2,203.0,4.63,37.0,13.0,118.0,7.07,4.23,False,,,jakobi meyers,WR,2019,jakobi meyers,100.0,jakobi meyers,2018.0,WR,,,,,,,,,,,,,,,,,,,,,,,,,,,2.0,0.0,0.0,0.0,0.0,0.0,0.0,,,,,,,,,,,,39.0,85.0,3.0,951.0,11.2,3.0,3.0,0.0,,
2019,Gardner Minshew,QB,Washington State,6-1,225.0,4.97,33.5,,116.0,7.14,4.45,True,6.0,178.0,gardner minshew,QB,2019,gardner minshew,100.0,gardner minshew,2018.0,QB,,,,,,,,1.0,0.0,0.0,,,,,,,,,,,,,,,,,662.0,468.0,9.0,0.707,38.0,4776.0,7.2,,,,,,,,,,,,,,,,,58.0,12.0,4.0,119.0,2.1
2019,Dillon Mitchell,WR,Oregon,6-1,197.0,4.46,36.5,12.0,122.0,,4.29,True,7.0,239.0,dillon mitchell,WR,2019,dillon mitchell,100.0,dillon mitchell,2018.0,WR,,,,,,,,1.0,0.0,0.0,,,,,,,,,,,,,,,,,,,,,,,,3.3,9.0,3.0,0.0,10.0,,,,,,,67.0,75.0,10.0,1184.0,15.8,1.0,5.0,0.0,5.0,5.0
2019,David Montgomery,RB,Iowa State,5-10,222.0,4.63,28.5,15.0,121.0,,,True,3.0,73.0,david montgomery,RB,2019,david montgomery,100.0,david montgomery,2018.0,RB,,,,,,,,1.0,1.0,0.0,,,,,,,,,,,,,,,,,,,,,,,,,,,,,,,,,,,53.0,22.0,0.0,157.0,7.1,255.0,39.0,13.0,1185.0,4.6
2019,Jalin Moore,RB,Appalachian State,5-10,212.0,,,27.0,,,,False,,,jalin moore,RB,2019,jalin moore,100.0,jalin moore,2018.0,RB,,,,,,,,,,,,,,,,,,,,,,,,,,,,,,,,,,,,,,,,,,,,,14.0,6.0,0.0,40.0,6.7,63.0,81.0,6.0,400.0,6.3
2019,Foster Moreau,TE,LSU,6-4,253.0,4.66,36.5,22.0,121.0,7.16,4.11,True,4.0,137.0,foster moreau,TE,2019,foster moreau,100.0,foster moreau,2018.0,TE,0.0,0.0,0.0,2.0,0.0,0.0,2.0,,,,,,,,,,,,,,,,,,,,,,,,,,,,,,,,,,,,,,24.0,22.0,2.0,272.0,12.4,,,,,
2019,Trayvon Mullen,CB,Clemson,6-1,199.0,4.46,34.5,,123.0,,,True,2.0,40.0,trayvon mullen,CB,2019,trayvon mullen,100.0,trayvon mullen,2018.0,CB,3.0,0.0,1.0,24.0,0.0,3.0,30.0,,,,46.0,1.0,0.0,46.0,,,,,,,,,,,,,,,,,,,,,,,,,,,,,,,17.0,1.0,0.0,17.0,17.0,,,,,
2019,Amani Oruwariye,CB,Penn State,6-2,205.0,4.47,36.5,17.0,120.0,6.82,4.16,True,5.0,146.0,amani oruwariye,CB,2019,amani oruwariye,100.0,amani oruwariye,2018.0,CB,11.0,0.0,0.0,39.0,0.0,1.0,50.0,,,,,3.0,0.0,,,,,,,,,,,,,,,,,,,,,,,,,,,,,,,,,,,,,,,,,
2019,Kyler Murray,QB,Oklahoma,5-10,207.0,,,,,,,True,1.0,1.0,kyler murray,QB,2019,kyler murray,100.0,kyler murray,2018.0,QB,,,,,,,,3.0,2.0,0.0,,,,,,,,,,,,,,,,,376.0,259.0,7.0,0.689,42.0,4364.0,11.6,,,,,,,,,,,,,,,,,140.0,75.0,12.0,1001.0,7.2
2019,Nyqwan Murray,WR,Florida State,5-10,191.0,4.63,34.0,8.0,113.0,7.2,4.4,False,,,nyqwan murray,WR,2019,nyqwan murray,100.0,nyqwan murray,2018.0,WR,,,,,,,,1.0,1.0,0.0,,,,,,,,,,,,,,,,,1.0,0.0,0.0,0.0,0.0,0.0,0.0,,,,,,,,,,,,58.0,54.0,3.0,744.0,13.8,5.0,14.0,0.0,4.0,0.8
2019,Isaac Nauta,TE,Georgia,6-3,244.0,4.91,28.0,19.0,,7.45,4.43,True,7.0,224.0,isaac nauta,TE,2019,isaac nauta,100.0,isaac nauta,2018.0,TE,1.0,0.0,0.0,0.0,0.0,0.0,0.0,0.0,0.0,1.0,,,,,,,,,,,,,,,,,,,,,,,,,,,,,,,,,,,55.0,30.0,3.0,430.0,14.3,0.0,31.0,1.0,31.0,0.0
2019,Josh Oliver,TE,San Jose State,6-5,249.0,4.63,34.0,22.0,117.0,7.21,4.47,True,3.0,69.0,josh oliver,TE,2019,josh oliver,100.0,josh oliver,2018.0,TE,0.0,0.0,0.0,1.0,0.0,0.0,1.0,,,,,,,,,,,,,,,,,,,,,,,,,,,,,,,,,,,,,,70.0,56.0,4.0,709.0,12.7,,,,,
2019,Qadree Ollison,RB,Pittsburgh,6-1,228.0,4.58,29.5,19.0,114.0,7.53,4.31,True,5.0,152.0,qadree ollison,RB,2019,qadree ollison,100.0,qadree ollison,2018.0,RB,0.0,0.0,0.0,3.0,0.0,0.0,5.0,,,,,,,,,,,,,,,,,,,,1.0,0.0,0.0,0.0,0.0,0.0,0.0,,,,,,,,,,,,16.0,11.0,0.0,66.0,6.0,194.0,97.0,11.0,1213.0,6.3
2019,Charles Omenihu,DL,Texas,6-5,280.0,4.92,36.5,,115.0,7.48,4.36,True,5.0,161.0,charles omenihu,DL,2019,charles omenihu,100.0,charles omenihu,2018.0,DL,1.0,5.0,9.5,33.0,0.0,17.5,45.0,0.0,0.0,1.0,,,,,,,,,,,,,,,,,,,,,,,,,,,,,,,,,,,,,,,,,,,,
2019,Kyle Shurmur,QB,Vanderbilt,6-4,230.0,4.91,29.5,,106.0,7.51,4.53,False,,,kyle shurmur,QB,2019,kyle shurmur,100.0,kyle shurmur,2018.0,QB,,,,,,,,5.0,2.0,0.0,,,,,,,,,,,,,,,,,406.0,254.0,6.0,0.626,24.0,3130.0,7.7,,,,,,,,,,,,,,,,,39.0,9.0,0.0,,
2019,Devin Singletary,RB,Florida Atlantic,5-7,203.0,4.66,35.0,15.0,117.0,7.32,4.4,True,3.0,74.0,devin singletary,RB,2019,devin singletary,100.0,devin singletary,2018.0,RB,0.0,0.0,0.0,2.0,0.0,0.0,3.0,,,,,,,,,,,,,,,,,,,,1.0,1.0,0.0,1.0,0.0,3.0,3.0,,,,,,,,,,,,13.0,6.0,0.0,36.0,6.0,261.0,44.0,22.0,1348.0,5.2
2019,Khari Willis,S,Michigan State,5-11,213.0,4.52,34.5,22.0,118.0,,,True,4.0,109.0,khari willis,S,2019,khari willis,100.0,khari willis,2018.0,S,10.0,1.0,0.0,41.0,0.0,1.5,84.0,,,,15.0,2.0,0.0,30.0,,,,,,,,,,,,,,,,,,,,,,,,,,,,,,,,,,,,,,,,
2019,Chris Slayton,DL,Syracuse,6-4,307.0,5.13,29.0,28.0,101.0,,4.73,True,7.0,245.0,chris slayton,DL,2019,chris slayton,100.0,chris slayton,2018.0,DL,0.0,6.0,3.5,16.0,0.0,8.0,24.0,,,,,,,,,,,,,,,,,,,,,,,,,,,,,,,,,,,,,,,,,,,,,,,
2019,Cole Tracy,K,LSU,5-10,184.0,,,,,,,False,,,cole tracy,K,2019,cole tracy,100.0,cole tracy,2018.0,PK,,,,,,,,,,,,,,,,,,,,33.0,29.0,54.0,0.879,129.0,42.0,42.0,,,,,,,,,,,,,,,,,,,,,,,,,,,,
2019,Drue Tranquill,LB,Notre Dame,6-2,234.0,4.57,37.5,31.0,122.0,6.94,4.14,True,4.0,130.0,drue tranquill,LB,2019,drue tranquill,100.0,drue tranquill,2018.0,LB,4.0,3.0,1.5,59.0,0.0,6.5,79.0,0.0,0.0,1.0,,,,,,,,,,,,,,,,,,,,,,,,12.0,19.0,2.0,0.0,24.0,,,,,,,,,,,,,,,,
2019,Kahale Warring,TE,San Diego State,6-5,252.0,4.67,36.5,19.0,122.0,7.21,4.25,True,3.0,86.0,kahale warring,TE,2019,kahale warring,100.0,kahale warring,2018.0,TE,0.0,0.0,0.0,1.0,0.0,0.0,1.0,,,,,,,,,,,,,,,,,,,,,,,,,,,,,,,,,,,,,,30.0,31.0,3.0,372.0,12.0,,,,,
2019,Armon Watts,DL,Arkansas,6-5,300.0,5.23,,,,,,True,6.0,190.0,armon watts,DL,2019,armon watts,100.0,armon watts,2018.0,DL,2.0,3.0,7.0,25.0,0.0,8.5,49.0,,,,,,,,,,,,,,,,,,,,,,,,,,,,,,,,,,,,,,,,,,,,,,,
2019,Jamarius Way,WR,South Alabama,6-3,215.0,4.63,32.5,16.0,119.0,,4.66,False,,,jamarius way,WR,2019,jamarius way,100.0,jamarius way,2018.0,WR,,,,,,,,1.0,0.0,0.0,,,,,,,,,,,,,,,,,,,,,,,,,,,,,,,,,,,73.0,61.0,8.0,855.0,14.0,1.0,1.0,0.0,1.0,1.0
2019,Mike Weber,RB,Ohio State,5-10,211.0,4.47,33.5,22.0,,,,True,7.0,218.0,mike weber,RB,2019,mike weber,100.0,mike weber,2018.0,RB,,,,,,,,4.0,2.0,0.0,,,,,,,,,,,,,,,,,,,,,,,,,,,,,,,,,,,15.0,21.0,1.0,112.0,5.3,171.0,49.0,5.0,954.0,5.6
2019,Trevon Wesco,TE,West Virginia,6-3,267.0,4.89,31.0,24.0,117.0,7.18,4.38,True,4.0,121.0,trevon wesco,TE,2019,trevon wesco,100.0,trevon wesco,2018.0,TE,,,,,,,,,,,,,,,,,,,,,,,,,,,1.0,0.0,0.0,0.0,0.0,0.0,0.0,,,,,,,,,,,,43.0,26.0,1.0,366.0,14.1,1.0,3.0,0.0,3.0,3.0
2019,Alex Wesley,WR,Northern Colorado,6-0,190.0,4.45,38.5,13.0,125.0,7.4,4.44,False,,,alex wesley,WR,2019,alex wesley,100.0,alex wesley,2017.0,WR,,,,,,,,,,,,,,,,,,,,,,,,,,,,,,,,,,,,,,,,,,,,,52.0,5.0,2.0,102.0,20.4,,,,,
2019,Antoine Wesley,WR,Texas Tech,6-4,206.0,,37.0,6.0,117.0,7.07,4.26,False,,,antoine wesley,WR,2019,antoine wesley,100.0,antoine wesley,2018.0,WR,0.0,0.0,0.0,1.0,0.0,0.0,1.0,,,,,,,,,,,,,,,,,,,,,,,,,,,,,,,,,,,,,,66.0,88.0,9.0,1410.0,16.0,1.0,0.0,0.0,,
2019,Darius West,S,Kentucky,5-11,208.0,4.39,33.5,19.0,113.0,,,False,,,darius west,S,2019,darius west,100.0,darius west,2018.0,S,6.0,0.0,0.0,47.0,1.0,1.0,86.0,0.0,0.0,1.0,17.0,3.0,0.0,51.0,,,,,,,,,,,,,,,,,,,,,,,,,,,,,,,,,,,,,,,,
2019,Devin White,LB,LSU,6-0,237.0,4.42,39.5,22.0,118.0,7.07,4.17,True,1.0,5.0,devin white,LB,2019,devin white,100.0,devin white,2018.0,LB,6.0,8.0,3.0,62.0,0.0,12.0,123.0,0.0,0.0,2.0,,,,,,,,,,,,,,,,,,,,,,,,,,,,,,,,,,,,,,,,,,,,
2019,Joejuan Williams,CB,Vanderbilt,6-4,211.0,4.64,,17.0,,,,True,2.0,45.0,joejuan williams,CB,2019,joejuan williams,100.0,joejuan williams,2018.0,CB,13.0,0.0,0.0,48.0,0.0,2.0,61.0,,,,2.0,4.0,0.0,8.0,,,,,,,,,,,,,,,,,,,,,,,,,,,,,,,,,,,,,,,,
2019,Quinnen Williams,DL,Alabama,6-3,303.0,4.83,30.5,,112.0,,,True,1.0,3.0,quinnen williams,DL,2019,quinnen williams,100.0,quinnen williams,2018.0,DL,1.0,12.0,8.0,45.0,0.0,19.5,71.0,,,,,,,,,,,,,,,,,,,,,,,,,,,,,,,,,,,,,,,,,,,,,,,
2019,Trayveon Williams,RB,Texas A&M,5-8,206.0,4.51,33.0,19.0,121.0,7.44,4.44,True,6.0,182.0,trayveon williams,RB,2019,trayveon williams,100.0,trayveon williams,2018.0,RB,,,,,,,,3.0,1.0,0.0,,,,,,,,,,,,,,,,,,,,,,,,,,,,,,,,,,,38.0,27.0,1.0,277.0,10.3,271.0,93.0,18.0,1760.0,6.5
2019,Gerald Willis,DL,Miami (FL),6-2,302.0,,,,,,,False,,,gerald willis,DL,2019,gerald willis,100.0,gerald willis,2018.0,DL,2.0,5.0,4.0,34.0,0.0,18.0,59.0,0.0,0.0,1.0,,,,,,,,,,,,,,,,,,,,,,,,,,,,,,,,,,,,,,,,,,,,
2019,Jerry Tillery,DL,Notre Dame,6-6,295.0,4.93,32.0,23.0,115.0,7.45,4.33,True,1.0,28.0,jerry tillery,DL,2019,jerry tillery,100.0,jerry tillery,2018.0,DL,0.0,5.0,8.0,18.0,0.0,9.5,29.0,,,,,,,,,,,,,,,,,,,,,,,,,,,,,,,,,,,,,,,,,,,,,,,
2019,Clayton Thorson,QB,Northwestern,6-4,222.0,,,,,,,True,5.0,167.0,clayton thorson,QB,2019,clayton thorson,100.0,clayton thorson,2018.0,QB,0.0,0.0,0.0,1.0,0.0,0.0,2.0,4.0,3.0,0.0,,,,,,,,,,,,,,,,,490.0,298.0,15.0,0.608,17.0,3181.0,6.5,,,,,,,,,,,,,,,,,78.0,27.0,9.0,,
2019,Cody Thompson,WR,Toledo,6-1,205.0,4.57,38.5,19.0,119.0,6.87,4.03,False,,,cody thompson,WR,2019,cody thompson,100.0,cody thompson,2018.0,WR,0.0,0.0,0.0,2.0,1.0,0.0,3.0,1.0,1.0,0.0,,,,,,,,,,,,,,,,,,,,,,,,11.0,32.0,9.0,1.0,99.0,,,,,,,38.0,48.0,10.0,647.0,13.5,,,,,
2019,Jarrett Stidham,QB,Auburn,6-2,218.0,4.81,31.0,,110.0,7.28,4.33,True,4.0,133.0,jarrett stidham,QB,2019,jarrett stidham,100.0,jarrett stidham,2018.0,QB,,,,,,,,4.0,2.0,0.0,,,,,,,,,,,,,,,,,369.0,224.0,5.0,0.607,18.0,2795.0,7.6,,,,,,,,,,,,,,,,,71.0,18.0,3.0,,
2019,Darius Slayton,WR,Auburn,6-1,190.0,4.39,40.5,11.0,135.0,7.0,4.15,True,5.0,171.0,darius slayton,WR,2019,darius slayton,100.0,darius slayton,2018.0,WR,,,,,,,,1.0,0.0,0.0,,,,,,0.0,1.0,0.0,,,,,,,,,,,,,,,,,,,,,,,,,,,74.0,35.0,5.0,670.0,19.1,,,,,
2019,Irv Smith,TE,Alabama,6-2,242.0,4.63,32.5,19.0,110.0,7.32,4.33,True,2.0,50.0,irv smith,TE,2019,irv smith,100.0,irv smith,2018.0,TE,0.0,0.0,0.0,0.0,0.0,0.0,1.0,1.0,0.0,0.0,,,,,6.0,6.0,1.0,0.0,6.0,,,,,,,,,,,,,,,,,,,,,,,,,,76.0,44.0,7.0,710.0,16.1,,,,,
2019,Kaden Smith,TE,Stanford,6-5,255.0,4.92,32.0,15.0,108.0,7.08,4.47,True,6.0,176.0,kaden smith,TE,2019,kaden smith,100.0,kaden smith,2018.0,TE,0.0,0.0,0.0,0.0,0.0,0.0,1.0,,,,,,,,,,,,,,,,,,,,,,,,,,,,,,,,,,,,,,36.0,47.0,2.0,635.0,13.5,,,,,
2019,Saivion Smith,CB,Alabama,6-1,199.0,,33.0,11.0,121.0,7.09,4.37,False,,,saivion smith,CB,2019,saivion smith,100.0,saivion smith,2018.0,CB,3.0,0.0,0.0,32.0,1.0,0.5,54.0,,,,23.7,3.0,1.0,71.0,,,,,,,,,,,,,,,,,,,,,,,,,,,,,,,14.0,2.0,0.0,10.0,5.0,,,,,
2019,Benny Snell,RB,Kentucky,5-10,224.0,4.66,29.5,16.0,119.0,7.07,4.33,True,4.0,122.0,benny snell,RB,2019,benny snell,100.0,benny snell,2018.0,RB,,,,,,,,2.0,0.0,0.0,,,,,,,,,,,,,,,,,1.0,1.0,0.0,1.0,1.0,43.0,43.0,,,,,,,,,,,,28.0,17.0,0.0,105.0,6.2,288.0,52.0,16.0,1434.0,5.0
2019,Jace Sternberger,TE,Texas A&M,6-4,251.0,4.75,31.5,17.0,113.0,7.19,4.31,True,3.0,75.0,jace sternberger,TE,2019,jace sternberger,100.0,jace sternberger,2018.0,TE,,,,,,,,,,,,,,,,,,,,,,,,,,,,,,,,,,,,,,,,,,,,,53.0,48.0,10.0,832.0,17.3,1.0,4.0,0.0,4.0,4.0
2019,Ty Summers,LB,TCU,6-1,241.0,4.51,36.0,27.0,123.0,,,True,7.0,226.0,ty summers,LB,2019,ty summers,100.0,ty summers,2018.0,LB,0.0,3.0,4.0,29.0,0.0,5.5,46.0,,,,,,,,,,,,,,,,,,,,,,,,,,,,,,,,,,,,,,,,,,,,,,,
2019,Marvell Tell,S,USC,6-2,198.0,,42.0,,136.0,6.63,4.01,True,5.0,144.0,marvell tell,S,2019,marvell tell,100.0,marvell tell,2018.0,S,4.0,0.0,0.0,29.0,0.0,1.0,41.0,,,,,1.0,0.0,,,,,,,,,,,,,,,,,,,,,,,,,,,,,,,,,,,,,,,,,
2019,Tommy Sweeney,TE,Boston Col.,6-4,251.0,4.83,,17.0,,,,True,7.0,228.0,tommy sweeney,TE,2019,tommy sweeney,100.0,tommy sweeney,2018.0,TE,,,,,,,,,,,,,,,,,,,,,,,,,,,,,,,,,,,,,,,,,,,,,37.0,32.0,3.0,348.0,10.9,,,,,
2019,William Sweet,OT,North Carolina,6-6,313.0,5.27,30.5,23.0,111.0,8.01,5.0,False,,,william sweet,OT,2019,william sweet,100.0,william sweet,2018.0,OT,0.0,0.0,0.0,0.0,0.0,0.0,1.0,,,,,,,,,,,,,,,,,,,,,,,,,,,,,,,,,,,,,,,,,,,,,,,
2019,Jordan Ta'amu,QB,Mississippi,6-3,221.0,4.77,27.5,,109.0,7.06,4.36,False,,,jordan taamu,QB,2019,jordan taamu,100.0,jordan taamu,2018.0,QB,,,,,,,,3.0,2.0,0.0,,,,,,,,,,,,,,,,,411.0,262.0,8.0,1.267,19.0,3885.0,20.0,,,,,,,,,,,,,,,,,115.0,45.0,6.0,348.0,3.3
2019,Sione Takitaki,LB,BYU,6-1,238.0,4.63,37.0,24.0,125.0,7.21,4.28,True,3.0,80.0,sione takitaki,LB,2019,sione takitaki,100.0,sione takitaki,2018.0,LB,3.0,3.0,2.0,61.0,0.0,7.0,101.0,,,,,,,,,,,,,,,,,,,,,,,,,,,,,,,,,,,,,,,,,,,,,,,
2019,Trevon Tate,OL,Memphis,6-2,293.0,,,22.0,,,,False,,,trevon tate,OL,2019,trevon tate,100.0,trevon tate,2017.0,OL,0.0,0.0,0.0,1.0,0.0,0.0,1.0,,,,,,,,,,,,,,,,,,,,,,,,,,,,,,,,,,,,,,,,,,,,,,,
2019,Jahlani Tavai,LB,Hawaii,6-2,250.0,,,,,,,True,2.0,43.0,jahlani tavai,LB,2019,jahlani tavai,100.0,jahlani tavai,2018.0,LB,2.0,1.0,2.0,42.0,0.0,5.5,82.0,,,,,,,,,,,,,,,,,,,,,,,,,,,,,,,,,,,,,,,,,,,,,,,
2021,Kylin Hill,RB,Mississippi St.,5-10,214.0,4.51,36.0,22.0,122.0,7.13,4.35,True,7.0,256.0,kylin hill,RB,2021,kylin hill,100.0,kylin hill,2020.0,RB,0.0,0.0,0.0,1.0,0.0,0.0,1.0,,,,,,,,,,,,,,,,,,,,,,,,,,,,,,,,,,,,,,75.0,23.0,1.0,237.0,10.3,15.0,12.0,0.0,58.0,3.9
2021,Trey Hill,OL,Georgia,6-3,319.0,5.5,,,,,,True,6.0,190.0,trey hill,OL,2021,trey hill,100.0,trey hill,2020.0,OL,,,,,,,,,,,,,,,,,,,,,,,,,,,,,,,,,,,,,,,,,,,,,3.0,0.0,0.0,3.0,0.0,,,,,
2021,Justin Hilliard,LB,Ohio St.,6-0,229.0,4.81,34.5,27.0,114.0,7.2,4.34,False,,,justin hilliard,LB,2021,justin hilliard,100.0,justin hilliard,2020.0,LB,1.0,0.0,0.0,20.0,0.0,5.0,33.0,0.0,0.0,3.0,0.0,1.0,0.0,0.0,,,,,,,,,,,,,,,,,,,,,,,,,,,,,,,,,,,,,,,,
2022,Jalen Wydermyer,TE,Texas A&M,6-4,255.0,,,,,,,False,,,jalen wydermyer,TE,2022,jalen wydermyer,100.0,jalen wydermyer,2021.0,TE,0.0,0.0,0.0,2.0,0.0,0.0,2.0,,,,,,,,,,,,,,,,,,,,,,,,,,,,,,,,,,,,,,34.0,40.0,4.0,515.0,12.9,,,,,
2022,Kenneth Walker,RB,Michigan St.,5-9,211.0,4.38,34.0,,122.0,,,True,2.0,41.0,kenneth walker,RB,2022,kenneth walker,100.0,kenneth walker,2021.0,RB,,,,,,,,1.0,1.0,0.0,,,,,,,,,,,,,,,,,,,,,,,,,,,,,,,,,,,17.0,13.0,1.0,89.0,6.8,263.0,94.0,18.0,1636.0,6.2
2022,Quay Walker,LB,Georgia,6-4,241.0,4.52,32.0,,122.0,,,True,1.0,22.0,quay walker,LB,2022,quay walker,100.0,quay walker,2021.0,LB,2.0,3.0,1.5,39.0,0.0,5.5,63.0,0.0,0.0,1.0,,,,,,,,,,,,,,,,,,,,,,,,,,,,,,,,,,,,,,,,,,,,
2022,Jaylen Warren,RB,Oklahoma St.,5-8,204.0,4.55,31.5,,119.0,,,False,,,jaylen warren,RB,2022,jaylen warren,100.0,jaylen warren,2021.0,RB,0.0,0.0,0.0,1.0,0.0,0.0,1.0,2.0,1.0,0.0,,,,,,,,,,,,,,,,,,,,,,,,,,,,,,,,,,,52.0,25.0,0.0,225.0,9.0,256.0,75.0,11.0,1216.0,4.8
2022,Isaiah Weston,WR,Northern Iowa,6-4,214.0,4.42,40.0,20.0,135.0,,,False,,,isaiah weston,WR,2022,isaiah weston,100.0,isaiah weston,2021.0,WR,,,,,,,,,,,,,,,,,,,,,,,,,,,,,,,,,,,,,,,,,,,,,11.0,1.0,0.0,11.0,11.0,,,,,
2022,Rachaad White,RB,Arizona St.,6-0,214.0,4.48,38.0,,125.0,,,True,3.0,91.0,rachaad white,RB,2022,rachaad white,100.0,rachaad white,2021.0,RB,,,,,,,,1.0,0.0,0.0,,,,,25.0,25.0,1.0,0.0,25.0,,,,,,,,,,,,,,,36.0,36.0,1.0,0.0,36.0,,,,,,,34.0,43.0,1.0,456.0,10.6,182.0,50.0,15.0,1006.0,5.5
2022,ZaQuandre White,RB,South Carolina,6-0,206.0,,,,,,,False,,,zaquandre white,RB,2022,zaquandre white,100.0,zaquandre white,2021.0,RB,0.0,0.0,0.0,1.0,0.0,0.0,1.0,,,,,,,,,,,,,,,,,,,,1.0,0.0,0.0,0.0,0.0,0.0,0.0,,,,,,,,,,,,40.0,19.0,3.0,202.0,10.6,88.0,63.0,2.0,583.0,6.6
2022,Zamir White,RB,Georgia,6-0,214.0,4.4,33.5,,128.0,,,True,4.0,122.0,zamir white,RB,2022,zamir white,100.0,zamir white,2021.0,RB,0.0,0.0,0.0,0.0,1.0,0.0,0.0,1.0,0.0,0.0,,,,,18.5,20.0,2.0,0.0,37.0,,,,,,,,,,,,,,,0.0,0.0,1.0,1.0,0.0,,,,,,,15.0,9.0,0.0,75.0,8.3,160.0,42.0,11.0,856.0,5.4
2022,Damarion Williams,CB,Houston,5-10,182.0,,34.5,17.0,118.0,,,True,4.0,141.0,damarion williams,CB,2022,damarion williams,100.0,damarion williams,2021.0,CB,9.0,1.0,0.0,53.0,0.0,3.0,63.0,,,,0.0,1.0,0.0,0.0,,,,,,,,,,,,,,,,,,,,,,,,,,,,,,,,,,,,,,,,
2022,Jameson Williams,WR,Alabama,6-2,179.0,,,,,,,True,1.0,12.0,jameson williams,WR,2022,jameson williams,100.0,jameson williams,2021.0,WR,0.0,0.0,0.0,2.0,2.0,0.0,3.0,2.0,1.0,0.0,,,,,35.2,100.0,10.0,2.0,352.0,,,,,,,,,,,,,,,,,,,,,,,,,,94.0,79.0,15.0,1572.0,19.9,3.0,18.0,0.0,23.0,7.7
2022,Kyren Williams,RB,Notre Dame,5-9,194.0,4.65,32.0,,116.0,,,True,5.0,164.0,kyren williams,RB,2022,kyren williams,100.0,kyren williams,2021.0,RB,0.0,0.0,0.0,1.0,0.0,0.0,1.0,3.0,1.0,0.0,,,,,29.0,29.0,1.0,0.0,29.0,,,,,,,,,,,,,,,10.8,47.0,14.0,0.0,151.0,,,,,,,55.0,42.0,3.0,359.0,8.5,204.0,91.0,14.0,1002.0,4.9
2022,Malik Willis,QB,Liberty,6-1,219.0,,,,,,,True,3.0,86.0,malik willis,QB,2022,malik willis,100.0,malik willis,2021.0,QB,0.0,0.0,0.0,2.0,0.0,0.0,2.0,3.0,1.0,0.0,,,,,,,,,,,,,,,,,339.0,207.0,12.0,0.611,27.0,2857.0,8.4,,,,,,,,,,,,13.0,1.0,0.0,13.0,13.0,197.0,56.0,13.0,878.0,4.5
2022,Garrett Wilson,WR,Ohio St.,6-0,183.0,4.38,36.0,,123.0,,4.36,True,1.0,10.0,garrett wilson,WR,2022,garrett wilson,100.0,garrett wilson,2021.0,WR,1.0,0.0,0.0,0.0,0.0,0.0,2.0,,,,,,,,,,,,,,,,,,,,,,,,,,,5.2,23.0,13.0,0.0,68.0,,,,,,,77.0,70.0,12.0,1058.0,15.1,4.0,51.0,1.0,76.0,19.0
2022,Jelani Woods,TE,Virginia,6-7,259.0,4.61,,24.0,,,,True,3.0,73.0,jelani woods,TE,2022,jelani woods,100.0,jelani woods,2021.0,TE,,,,,,,,1.0,0.0,0.0,,,,,,,,,,,,,,,,,,,,,,,,,,,,,,,,,,,40.0,44.0,8.0,598.0,13.6,1.0,1.0,0.0,1.0,1.0
2022,JT Woods,S,Baylor,6-2,195.0,4.36,39.5,,128.0,,,True,3.0,79.0,jt woods,S,2022,jt woods,100.0,jt woods,2021.0,S,2.0,0.0,0.0,44.0,1.0,4.5,57.0,0.0,0.0,1.0,18.2,6.0,1.0,109.0,,,,,,,,,,,,,,,,,,,,,,,,,,,,,,,,,,,,,,,,
2022,Tariq Woolen,CB,Texas-San Antonio,6-4,205.0,4.26,42.0,,,,,True,5.0,153.0,tariq woolen,CB,2022,tariq woolen,100.0,tariq woolen,2021.0,CB,5.0,1.0,0.0,17.0,0.0,2.5,25.0,,,,0.0,1.0,0.0,0.0,,,,,,,,,,,,,,,,,,,,,,,,,,,,,,,,,,,,,,,,
2022,CJ Verdell,RB,Oregon,5-8,194.0,,29.5,,118.0,,,False,,,cj verdell,RB,2022,cj verdell,100.0,cj verdell,2021.0,RB,,,,,,,,,,,,,,,,,,,,,,,,,,,,,,,,,,,,,,,,,,,,,20.0,8.0,1.0,74.0,9.3,78.0,77.0,6.0,406.0,5.2
2022,Delarrin Turner-Yell,S,Oklahoma,5-10,197.0,4.47,,,122.0,,,True,5.0,152.0,delarrin turneryell,S,2022,delarrin turneryell,100.0,delarrin turneryell,2021.0,S,1.0,0.0,0.0,36.0,0.0,2.5,53.0,,,,0.0,3.0,0.0,0.0,,,,,,,,,,,,,,,,,,,,,,,,,,,,,,,,,,,,,,,,
2022,Jalen Tolbert,WR,South Alabama,6-1,194.0,4.49,36.0,,123.0,7.08,,True,3.0,88.0,jalen tolbert,WR,2022,jalen tolbert,100.0,jalen tolbert,2021.0,WR,,,,,,,,1.0,1.0,0.0,,,,,,,,,,,,,,,,,,,,,,,,,,,,,,,,,,,68.0,82.0,8.0,1474.0,18.0,,,,,
2022,Baylon Spector,LB,Clemson,6-0,233.0,4.6,36.0,,122.0,,,True,7.0,231.0,baylon spector,LB,2022,baylon spector,100.0,baylon spector,2021.0,LB,1.0,3.0,2.5,36.0,0.0,4.5,74.0,0.0,0.0,1.0,3.0,1.0,0.0,3.0,,,,,,,,,,,,,,,,,,,,,,,,,,,,,,,,,,,,,,,,
2022,Braylon Sanders,WR,Mississippi,6-0,194.0,4.48,34.5,,121.0,,,False,,,braylon sanders,WR,2022,braylon sanders,100.0,braylon sanders,2021.0,WR,,,,,,,,,,,,,,,,,,,,,,,,,,,,,,,,,,15.5,30.0,2.0,0.0,31.0,,,,,,,68.0,24.0,4.0,549.0,22.9,1.0,6.0,0.0,6.0,6.0
2022,Nephi Sewell,LB,Utah,6-0,226.0,4.67,32.0,,120.0,7.01,4.33,False,,,nephi sewell,LB,2022,nephi sewell,100.0,nephi sewell,2021.0,LB,0.0,0.0,0.0,54.0,0.0,7.5,89.0,,,,13.0,1.0,0.0,13.0,14.0,14.0,1.0,0.0,14.0,,,,,,,,,,,,,,,,,,,,,,,,,,,,,,,,,,,
2022,Justin Shaffer,OG,Georgia,6-4,314.0,5.14,25.5,,107.0,,,True,6.0,190.0,justin shaffer,OG,2022,justin shaffer,100.0,justin shaffer,2021.0,OL,0.0,0.0,0.0,1.0,0.0,0.0,1.0,,,,,,,,,,,,,,,,,,,,,,,,,,,,,,,,,,,,,,,,,,,,,,,
2022,Khalil Shakir,WR,Boise St.,6-0,196.0,4.43,34.5,,124.0,7.28,4.21,True,5.0,148.0,khalil shakir,WR,2022,khalil shakir,100.0,khalil shakir,2021.0,WR,,,,,,,,,,,,,,,26.7,35.0,3.0,0.0,80.0,,,,,,,,1.0,0.0,1.0,0.0,0.0,0.0,0.0,12.8,40.0,9.0,0.0,115.0,,,,,,,69.0,77.0,7.0,1117.0,14.5,21.0,33.0,0.0,130.0,6.2
2022,Abram Smith,RB,Baylor,6-0,213.0,,,,,,,False,,,abram smith,RB,2022,abram smith,100.0,abram smith,2021.0,RB,,,,,,,,2.0,1.0,0.0,,,,,13.0,13.0,1.0,0.0,13.0,,,,,,,,,,,,,,,,,,,,,,,,,,14.0,13.0,0.0,75.0,5.8,257.0,75.0,12.0,1601.0,6.2
2022,Brandon Smith,LB,Penn St.,6-4,250.0,4.52,37.5,,128.0,,,True,4.0,120.0,brandon smith,LB,2022,brandon smith,100.0,brandon smith,2021.0,LB,5.0,3.0,2.0,45.0,0.0,9.0,81.0,,,,,,,,,,,,,,,,,,,,,,,,,,,,,,,,,,,,,,,,,,,,,,,
2022,Isaiah Spiller,RB,Texas A&M,6-0,217.0,,30.0,,114.0,,,True,4.0,123.0,isaiah spiller,RB,2022,isaiah spiller,100.0,isaiah spiller,2021.0,RB,,,,,,,,2.0,0.0,0.0,,,,,,,,,,,,,,,,,,,,,,,,,,,,,,,,,,,19.0,25.0,1.0,189.0,7.6,179.0,67.0,6.0,1011.0,5.6
2022,Channing Tindall,LB,Georgia,6-2,230.0,4.47,42.0,,129.0,,,True,3.0,102.0,channing tindall,LB,2022,channing tindall,100.0,channing tindall,2021.0,LB,0.0,2.0,5.5,35.0,0.0,7.5,67.0,,,,,,,,,,,,,,,,,,,,,,,,,,,,,,,,,,,,,,,,,,,,,,,
2022,Chris Steele,CB,USC,6-0,187.0,4.48,37.5,,126.0,,,False,,,chris steele,CB,2022,chris steele,100.0,chris steele,2021.0,CB,3.0,0.0,1.0,19.0,0.0,2.0,33.0,,,,0.0,2.0,0.0,0.0,,,,,,,,,,,,,,,,,,,,,,,,,,,,,,,,,,,,,,,,
2022,Derek Stingley,CB,LSU,6-0,190.0,,,,,,,True,1.0,3.0,derek stingley,CB,2022,derek stingley,100.0,derek stingley,2021.0,CB,0.0,0.0,0.0,6.0,0.0,3.5,8.0,,,,,,,,,,,,,,,,,,,,,,,,,,,,,,,,,,,,,,,,,,,,,,,
2022,Carson Strong,QB,Nevada,6-3,226.0,,,,,,,False,,,carson strong,QB,2022,carson strong,100.0,carson strong,2021.0,QB,0.0,0.0,0.0,0.0,0.0,0.0,1.0,3.0,1.0,0.0,,,,,,,,,,,,,,,,,524.0,367.0,8.0,0.7,36.0,4186.0,8.0,,,,,,1.0,38.0,3.0,1.0,104.0,34.7,,,,,,51.0,13.0,0.0,,
2022,Pierre Strong,RB,South Dakota St.,5-11,207.0,4.37,36.0,,124.0,,,True,4.0,127.0,pierre strong,RB,2022,pierre strong,100.0,pierre strong,2021.0,RB,,,,,,,,5.0,0.0,0.0,,,,,,,,,,,,,,,,,,,,,,,,,,,,,,,,,,,4.0,3.0,0.0,8.0,2.7,13.0,48.0,2.0,138.0,10.6
2022,Isaac Taylor-Stuart,CB,USC,6-2,201.0,4.42,,,123.0,,,False,,,isaac taylorstuart,CB,2022,isaac taylorstuart,100.0,isaac taylorstuart,2021.0,CB,3.0,0.0,0.0,25.0,0.0,0.0,39.0,,,,0.0,1.0,0.0,0.0,,,,,,,,,,,,,,,,,,,,,,,,,,,,,,,,,,,,,,,,
2022,Tyquan Thornton,WR,Baylor,6-2,181.0,4.28,36.5,,130.0,,,True,2.0,50.0,tyquan thornton,WR,2022,tyquan thornton,100.0,tyquan thornton,2021.0,WR,0.0,0.0,0.0,2.0,0.0,0.0,2.0,,,,,,,,22.5,27.0,2.0,0.0,45.0,,,,,,,,1.0,1.0,0.0,1.0,1.0,6.0,6.0,,,,,,,,,,,,75.0,62.0,10.0,948.0,15.3,1.0,0.0,0.0,,
2022,Mykael Wright,CB,Oregon,5-11,173.0,4.57,,,,,,False,,,mykael wright,CB,2022,mykael wright,100.0,mykael wright,2021.0,CB,4.0,0.0,0.0,46.0,0.0,4.0,65.0,,,,0.0,1.0,0.0,0.0,25.5,56.0,13.0,0.0,332.0,,,,,,,,,,,,,,,,,,,,,,,,,,,,,,,,,,,
2022,Cade York,K,LSU,6-1,206.0,,,12.0,,,,True,4.0,124.0,cade york,K,2022,cade york,100.0,cade york,2021.0,PK,,,,,,,,,,,,,,,,,,,,18.0,15.0,56.0,0.833,84.0,39.0,39.0,,,,,,,,,,,,,,,,,,,,,,,,,,,,
2022,Jeremy Ruckert,TE,Ohio St.,6-5,250.0,,,19.0,,,,True,3.0,101.0,jeremy ruckert,TE,2022,jeremy ruckert,100.0,jeremy ruckert,2021.0,TE,,,,,,,,1.0,1.0,0.0,,,,,,,,,,,,,,,,,,,,,,,,,,,,,,,,,,,30.0,26.0,3.0,309.0,11.9,,,,,
2022,Bailey Zappe,QB,Western Kentucky,6-1,215.0,4.88,30.0,,109.0,7.19,4.4,True,4.0,137.0,bailey zappe,QB,2022,bailey zappe,100.0,bailey zappe,2021.0,QB,,,,,,,,2.0,1.0,0.0,,,,,,,,,,,,,,,,,686.0,475.0,11.0,0.692,62.0,5967.0,8.7,,,,,,,,,,,,,,,,,51.0,21.0,3.0,17.0,0.3
2023,Cameron Brown,CB,Ohio St.,6-0,199.0,,,,,,,False,,,cameron brown,CB,2023,cameron brown,100.0,cameron brown,2022.0,CB,4.0,0.0,0.0,9.0,0.0,0.5,11.0,,,,,,,,,,,,,,,,,,,,,,,,,,,,,,,,,,,,,,,,,,,,,,,
2023,Chase Brown,RB,Illinois,5-10,209.0,4.43,40.0,,127.0,,,True,5.0,163.0,chase brown,RB,2023,chase brown,100.0,chase brown,2022.0,DB,0.0,0.0,0.0,3.0,0.0,0.0,9.0,,,,5.0,1.0,0.0,5.0,,,,,,,,,,,,,,,,,,,,,,,,,,,,,,,,,,,,1.0,5.0,0.0,5.0,5.0
2023,Sydney Brown,DB,Illinois,5-10,211.0,4.47,40.5,23.0,130.0,,,True,3.0,66.0,sydney brown,DB,2023,sydney brown,100.0,sydney brown,2022.0,DB,7.0,1.0,1.0,40.0,1.0,3.5,59.0,0.0,0.0,1.0,14.3,6.0,1.0,86.0,,,,,,,,,,,,,,,,,,,,,,,,,,,,,,,,,,,,,,,,
2023,Jason Brownlee,WR,Southern Mississippi,6-2,198.0,4.59,39.5,16.0,131.0,,,False,,,jason brownlee,WR,2023,jason brownlee,100.0,jason brownlee,2022.0,WR,,,,,,,,,,,,,,,,,,,,,,,,,,,,,,,,,,,,,,,,,,,,,76.0,55.0,8.0,891.0,16.2,,,,,
2023,Arquon Bush,CB,Cincinnati,6-0,187.0,4.54,33.5,,115.0,,,False,,,arquon bush,CB,2023,arquon bush,100.0,arquon bush,2022.0,CB,5.0,0.0,0.0,27.0,0.0,0.0,34.0,,,,7.5,2.0,0.0,15.0,,,,,,,,,,,,,,,,,,,,,,,,,,,,,,,,,,,,,,,,
2023,Jack Campbell,LB,Iowa,6-5,249.0,4.65,37.5,,128.0,6.74,4.24,True,1.0,18.0,jack campbell,LB,2023,jack campbell,100.0,jack campbell,2022.0,LB,1.0,4.0,1.0,52.0,0.0,3.5,116.0,0.0,0.0,1.0,15.0,2.0,0.0,30.0,,,,,,,,,,,,,,,,,,,,,,,,,,,,,,,,,,,,,,,,
2023,Anders Carlson,K,Auburn,6-5,218.0,,,,,,,False,,,anders carlson,K,2023,anders carlson,100.0,anders carlson,2022.0,PK,0.0,0.0,0.0,1.0,0.0,0.0,1.0,,,,,,,,,,,,,17.0,12.0,46.0,0.706,58.0,22.0,22.0,,,,,,,,,,,,,,,,,,,,,,,,,,,,
2023,Zach Charbonnet,RB,UCLA,6-0,214.0,4.53,37.0,,122.0,,,True,2.0,52.0,zach charbonnet,RB,2023,zach charbonnet,100.0,zach charbonnet,2022.0,RB,,,,,,,,2.0,1.0,0.0,,,,,,,,,,,,,,,,,,,,,,,,,,,,,,,,,,,44.0,37.0,0.0,321.0,8.7,195.0,49.0,14.0,1359.0,7.0
2023,Chamarri Conner,DB,Virginia Tech,6-0,202.0,4.51,40.5,20.0,125.0,,,True,4.0,119.0,chamarri conner,DB,2023,chamarri conner,100.0,chamarri conner,2022.0,DB,2.0,0.0,0.0,37.0,0.0,2.0,66.0,,,,,,,,,,,,,,,,,,,,,,,,,,,,,,,,,,,,,,,,,,,,,,,
2023,Jacob Copeland,WR,Maryland,5-11,201.0,4.42,33.0,20.0,127.0,7.01,4.47,False,,,jacob copeland,WR,2023,jacob copeland,100.0,jacob copeland,2022.0,WR,0.0,0.0,0.0,1.0,0.0,0.0,1.0,,,,,,,,16.0,29.0,8.0,0.0,128.0,,,,,,,,,,,,,,,,,,,,,,,,,,45.0,26.0,2.0,376.0,14.5,1.0,0.0,0.0,,
2023,Malik Cunningham,QB,Louisville,6-0,192.0,4.53,,,,,,False,,,malik cunningham,QB,2023,malik cunningham,100.0,malik cunningham,2022.0,QB,0.0,0.0,0.0,1.0,0.0,0.0,1.0,3.0,2.0,0.0,,,,,,,,,,,,,,,,,218.0,136.0,5.0,0.624,8.0,1568.0,7.2,,,,,,,,,,,,33.0,1.0,0.0,33.0,33.0,114.0,43.0,12.0,565.0,5.0
2023,McClendon Curtis,OG,Tennessee-Chattanooga,6-6,324.0,5.24,26.5,,105.0,7.7,4.97,False,,,mcclendon curtis,OG,2023,mcclendon curtis,100.0,mcclendon curtis,2022.0,OL,,,,,,,,0.0,0.0,1.0,,,,,,,,,,,,,,,,,,,,,,,,,,,,,,,,,,,,,,,,,,,,
2023,Derius Davis,WR,TCU,5-8,165.0,4.36,,,,,4.38,True,4.0,125.0,derius davis,WR,2023,derius davis,100.0,derius davis,2022.0,WR,0.0,0.0,0.0,0.0,2.0,0.0,0.0,2.0,2.0,0.0,,,,,19.7,57.0,29.0,0.0,572.0,,,,,,,,,,,,,,,14.9,82.0,18.0,2.0,268.0,,,,,,,80.0,42.0,5.0,531.0,12.6,3.0,27.0,1.0,30.0,10.0
2023,Nathaniel Dell,WR,Houston,5-8,165.0,4.49,,,121.0,,,True,3.0,69.0,nathaniel dell,WR,2023,nathaniel dell,100.0,nathaniel dell,2022.0,WR,0.0,0.0,0.0,0.0,1.0,0.0,0.0,2.0,1.0,0.0,,,,,,,,,,,,,,,,,,,,,,,,17.0,68.0,9.0,1.0,153.0,,,,,,,63.0,109.0,17.0,1398.0,12.8,4.0,3.0,0.0,9.0,2.3
2023,Bryan Bresee,DT,Clemson,6-6,298.0,4.86,29.0,22.0,,,,True,1.0,29.0,bryan bresee,DT,2023,bryan bresee,100.0,bryan bresee,2022.0,DT,1.0,1.0,3.5,8.0,0.0,5.5,13.0,,,,,,,,,,,,,,,,,,,,,,,,,,,,,,,,,,,,,,,,,,,,,,,
2023,Julius Brents,CB,Kansas St.,6-3,198.0,4.53,41.5,,138.0,6.63,4.05,True,2.0,44.0,julius brents,CB,2023,julius brents,100.0,julius brents,2022.0,CB,5.0,0.0,0.0,23.0,0.0,3.5,40.0,,,,0.0,4.0,0.0,0.0,,,,,,,,,,,,,,,,,,,,,,,,,,,,,,,,,,,,,,,,
2023,Lance Boykin,CB,Coastal Carolina,6-2,200.0,,,13.0,124.0,,,False,,,lance boykin,CB,2023,lance boykin,100.0,lance boykin,2022.0,CB,7.0,0.0,1.0,31.0,0.0,1.5,46.0,,,,0.0,2.0,0.0,0.0,,,,,,,,,,,,,,,,,,,,,,,,,,,,,,,,,,,,,,,,
2023,Bryce Baringer,P,Michigan St.,6-2,216.0,,,,,,,True,6.0,192.0,bryce baringer,P,2023,bryce baringer,100.0,bryce baringer,2022.0,P,,,,,,,,,,,,,,,,,,,,,,,,,,,1.0,0.0,1.0,0.0,0.0,0.0,0.0,,,,,,23.0,72.0,51.0,4.0,2491.0,48.8,,,,,,,,,,
2023,Israel Abanikanda,RB,Pittsburgh,5-10,216.0,,,,,,,True,5.0,143.0,israel abanikanda,RB,2023,israel abanikanda,100.0,israel abanikanda,2022.0,RB,,,,,,,,3.0,1.0,0.0,,,,,19.0,24.0,12.0,0.0,228.0,,,,,,,,,,,,,,,,,,,,,,,,,,37.0,12.0,1.0,146.0,12.2,239.0,80.0,20.0,1431.0,6.0
2023,Yasir Abdullah,LB,Louisville,6-1,237.0,4.47,36.5,,129.0,,,True,5.0,136.0,yasir abdullah,LB,2023,yasir abdullah,100.0,yasir abdullah,2022.0,LB,4.0,7.0,9.5,32.0,0.0,14.5,59.0,0.0,0.0,1.0,10.0,2.0,0.0,20.0,,,,,,,,,,,,,,,,,,,,,,,,,,,,,,,,,,,,,,,,
2023,Devon Achane,RB,Texas A&M,5-9,188.0,4.32,33.0,,,,,True,3.0,84.0,devon achane,RB,2023,devon achane,100.0,devon achane,2022.0,RB,0.0,0.0,0.0,2.0,1.0,0.0,2.0,1.0,1.0,0.0,,,,,28.4,95.0,11.0,1.0,312.0,,,,,,,,,,,,,,,,,,,,,,,,,,25.0,36.0,3.0,196.0,5.4,196.0,65.0,8.0,1102.0,5.6
2023,Jordan Addison,WR,USC,5-11,173.0,4.49,34.0,,122.0,,,True,1.0,23.0,jordan addison,WR,2023,jordan addison,100.0,jordan addison,2022.0,WR,,,,,,,,3.0,0.0,0.0,,,,,,,,,,,,,,,,,,,,,,,,4.8,15.0,4.0,0.0,19.0,,,,,,,75.0,59.0,8.0,875.0,14.8,4.0,17.0,0.0,33.0,8.3
2023,Davis Allen,TE,Clemson,6-6,245.0,,38.5,,125.0,,,True,5.0,175.0,davis allen,TE,2023,davis allen,100.0,davis allen,2022.0,TE,0.0,0.0,0.0,1.0,0.0,0.0,2.0,1.0,1.0,0.0,,,,,,,,,,,,,,,,,1.0,0.0,0.0,0.0,0.0,0.0,0.0,,,,,,,,,,,,41.0,39.0,5.0,443.0,11.4,,,,,
2023,Jeremy Banks,LB,Tennessee,6-1,232.0,4.53,37.5,25.0,127.0,7.27,4.38,False,,,jeremy banks,LB,2023,jeremy banks,100.0,jeremy banks,2022.0,LB,4.0,8.0,0.0,33.0,0.0,4.5,53.0,0.0,0.0,1.0,,,,,,,,,,,,,,,,,,,,,,,,,,,,,,,,,,,,,,,,,,,,
2023,Micah Baskerville,LB,LSU,6-1,221.0,,31.0,,115.0,,,False,,,micah baskerville,LB,2023,micah baskerville,100.0,micah baskerville,2022.0,LB,6.0,3.0,1.0,39.0,1.0,4.5,82.0,,,,29.0,1.0,1.0,29.0,,,,,,,,,,,,,,,,,,,,34.0,34.0,1.0,0.0,34.0,,,,,,,,,,,,,,,,
2023,Kayshon Boutte,WR,LSU,5-11,195.0,4.5,29.0,,118.0,,4.25,True,6.0,187.0,kayshon boutte,WR,2023,kayshon boutte,100.0,kayshon boutte,2022.0,WR,,,,,,,,,,,,,,,,,,,,,,,,,,,,,,,,,,,,,,,,,,,,,53.0,48.0,2.0,538.0,11.2,1.0,41.0,0.0,41.0,41.0
2023,TJ Bass,OG,Oregon,6-4,317.0,5.48,28.5,,109.0,,,False,,,tj bass,OG,2023,tj bass,100.0,tj bass,2021.0,OL,0.0,0.0,0.0,5.0,0.0,0.0,9.0,,,,,,,,,,,,,,,,,,,,,,,,,,,,,,,,,,,,,,,,,,,,,,,
2023,Jordan Battle,DB,Alabama,6-1,209.0,4.55,,17.0,,,,True,3.0,95.0,jordan battle,DB,2023,jordan battle,100.0,jordan battle,2022.0,DB,3.0,0.0,0.0,30.0,0.0,0.0,62.0,,,,0.0,1.0,0.0,0.0,,,,,,,,,,,,,,,,,,,,,,,,,,,,,,,,,,,,,,,,
2023,Ronnie Bell,WR,Michigan,6-0,191.0,4.54,38.5,14.0,120.0,6.98,4.15,True,7.0,253.0,ronnie bell,WR,2023,ronnie bell,100.0,ronnie bell,2022.0,WR,,,,,,,,2.0,0.0,0.0,,,,,,,,,,,,,,,,,1.0,0.0,0.0,0.0,0.0,0.0,0.0,22.5,40.0,2.0,0.0,45.0,,,,,,,49.0,62.0,4.0,889.0,14.3,3.0,16.0,1.0,23.0,7.7
2023,Stetson Bennett,QB,Georgia,5-11,192.0,4.67,33.5,,118.0,,4.2,True,4.0,128.0,stetson bennett,QB,2023,stetson bennett,100.0,stetson bennett,2022.0,QB,0.0,0.0,0.0,1.0,0.0,0.0,1.0,6.0,3.0,0.0,,,,,,,,,,,,,,,,,455.0,310.0,7.0,0.681,27.0,4127.0,9.1,,,,,,,,,,,,,,,,,57.0,64.0,10.0,205.0,3.6
2023,Tank Bigsby,RB,Auburn,6-0,210.0,4.56,32.5,,119.0,,,True,3.0,88.0,tank bigsby,RB,2023,tank bigsby,100.0,tank bigsby,2022.0,RB,,,,,,,,2.0,1.0,0.0,,,,,,,,,,,,,,,,,,,,,,,,,,,,,,,,,,,37.0,30.0,0.0,180.0,6.0,179.0,50.0,10.0,970.0,5.4
2023,Jake Bobo,WR,UCLA,6-4,206.0,,,,,,,False,,,jake bobo,WR,2023,jake bobo,100.0,jake bobo,2022.0,WR,,,,,,,,1.0,1.0,0.0,,,,,,,,,,,,,,,,,,,,,,,,5.0,13.0,3.0,0.0,15.0,,,,,,,40.0,57.0,7.0,817.0,14.3,,,,,
2022,Jack Sanborn,LB,Wisconsin,6-2,234.0,4.73,34.5,20.0,114.0,,,False,,,jack sanborn,LB,2022,jack sanborn,100.0,jack sanborn,2021.0,LB,0.0,4.0,5.0,40.0,0.0,16.0,77.0,0.0,0.0,1.0,,,,,,,,,,,,,,,,,,,,,,,,,,,,,,,,,,,,,,,,1.0,8.0,0.0,8.0,8.0
2022,Justyn Ross,WR,Clemson,6-4,205.0,,,11.0,,,,False,,,justyn ross,WR,2022,justyn ross,100.0,justyn ross,2021.0,WR,,,,,,,,,,,,,,,,,,,,,,,,,,,,,,,,,,,,,,,,,,,,,36.0,46.0,3.0,514.0,11.2,,,,,
2023,Demario Douglas,WR,Liberty,5-8,179.0,4.44,39.5,,134.0,,4.29,False,,,demario douglas,WR,2023,demario douglas,100.0,demario douglas,2022.0,WR,0.0,0.0,0.0,2.0,0.0,0.0,2.0,3.0,0.0,0.0,,,,,21.0,37.0,14.0,0.0,294.0,,,,,,,,,,,,,,,4.1,32.0,18.0,0.0,74.0,,,,,,,51.0,78.0,6.0,993.0,12.7,5.0,75.0,1.0,105.0,21.0
2022,Cade Mays,OG,Tennessee,6-5,311.0,5.24,26.0,,102.0,7.57,4.71,True,6.0,199.0,cade mays,OG,2022,cade mays,100.0,cade mays,2021.0,OL,0.0,0.0,0.0,1.0,0.0,0.0,1.0,,,,,,,,,,,,,,,,,,,,,,,,,,,,,,,,,,,,,,,,,,,,,,,
2022,Keaontay Ingram,RB,USC,6-0,221.0,4.53,34.5,,122.0,,,True,6.0,201.0,keaontay ingram,RB,2022,keaontay ingram,100.0,keaontay ingram,2021.0,RB,,,,,,,,1.0,1.0,0.0,,,,,,,,,,,,,,,,,,,,,,,,,,,,,,,,,,,32.0,22.0,0.0,156.0,7.1,156.0,53.0,5.0,911.0,5.8
2022,D'Marco Jackson,LB,Appalachian St.,6-1,233.0,4.55,33.0,,125.0,,,True,5.0,161.0,dmarco jackson,LB,2022,dmarco jackson,100.0,dmarco jackson,2021.0,LB,5.0,12.0,6.0,56.0,0.0,18.5,119.0,1.0,1.0,0.0,6.0,1.0,0.0,6.0,,,,,,,,,,,,,,,,,,,,,,,,,,,,,,,,,,,,,,,,
2022,Marcus Jones,CB,Houston,5-8,174.0,,,,,,,True,3.0,85.0,marcus jones,CB,2022,marcus jones,100.0,marcus jones,2021.0,CB,13.0,0.0,0.0,36.0,4.0,1.0,47.0,2.0,0.0,0.0,0.4,5.0,0.0,2.0,34.0,100.0,15.0,2.0,510.0,,,,,,,,,,,,,,,14.4,73.0,26.0,2.0,374.0,,,,,,,47.0,10.0,1.0,109.0,10.9,2.0,4.0,0.0,4.0,2.0
2022,Velus Jones,WR,Tennessee,6-0,204.0,4.31,33.0,,121.0,,,True,3.0,71.0,velus jones,WR,2022,velus jones,100.0,velus jones,2021.0,WR,0.0,0.0,0.0,1.0,1.0,0.0,1.0,2.0,1.0,0.0,,,,,26.2,96.0,24.0,1.0,628.0,,,,,,,,,,,,,,,15.1,50.0,18.0,0.0,272.0,,,,,,,72.0,62.0,7.0,807.0,13.0,1.0,15.0,0.0,15.0,15.0
2022,Kevin Austin Jr.,WR,Notre Dame,6-2,200.0,4.43,39.0,,132.0,6.71,4.15,False,,,kevin austin,WR,2022,kevin austin,100.0,kevin austin,2021.0,WR,0.0,0.0,0.0,1.0,0.0,0.0,1.0,,,,,,,,,,,,,,,,,,,,,,,,,,,,,,,,,,,,,,70.0,48.0,7.0,888.0,18.5,1.0,8.0,0.0,8.0,8.0
2022,Reggie Roberson Jr.,WR,SMU,5-11,192.0,,29.0,,114.0,,,False,,,reggie roberson,WR,2022,reggie roberson,100.0,reggie roberson,2021.0,WR,0.0,0.0,0.0,4.0,0.0,0.0,7.0,1.0,0.0,0.0,,,,,,,,,,,,,,,,,,,,,,,,2.3,4.0,3.0,0.0,7.0,,,,,,,66.0,51.0,6.0,625.0,12.3,,,,,
2022,Cole Kelley,QB,Southeastern Louisiana,6-7,249.0,,,,,,,False,,,cole kelley,QB,2022,cole kelley,100.0,cole kelley,2021.0,QB,,,,,,,,11.0,7.0,0.0,,,,,,,,,,,,,,,,,59.0,44.0,2.0,0.746,3.0,495.0,8.4,,,,,,,,,,,,,,,,,14.0,16.0,2.0,42.0,3.0
2022,D'Eriq King,QB,Miami,5-9,196.0,,,,,,,False,,,deriq king,QB,2022,deriq king,100.0,deriq king,2021.0,QB,,,,,,,,3.0,3.0,0.0,,,,,,,,,,,,,,,,,122.0,81.0,4.0,0.664,3.0,767.0,6.3,,,,,,,,,,,,,,,,,40.0,29.0,0.0,96.0,2.4
2022,Darian Kinnard,OG,Kentucky,6-5,322.0,5.31,25.0,,99.0,8.11,4.96,True,5.0,145.0,darian kinnard,OG,2022,darian kinnard,100.0,darian kinnard,2021.0,OT,0.0,0.0,0.0,0.0,0.0,0.0,1.0,,,,,,,,,,,,,,,,,,,,,,,,,,,,,,,,,,,,,,,,,,,,,,,
2022,Zonovan Knight,RB,North Carolina St.,5-11,209.0,4.58,31.0,,114.0,,,False,,,zonovan knight,RB,2022,zonovan knight,100.0,zonovan knight,2021.0,RB,0.0,0.0,0.0,0.0,2.0,0.0,0.0,3.0,2.0,0.0,,,,,34.4,100.0,16.0,2.0,550.0,,,,,,,,,,,,,,,,,,,,,,,,,,38.0,21.0,0.0,156.0,7.4,140.0,46.0,3.0,753.0,5.4
2022,Charlie Kolar,TE,Iowa St.,6-7,252.0,,,,,,,True,4.0,128.0,charlie kolar,TE,2022,charlie kolar,100.0,charlie kolar,2021.0,TE,0.0,0.0,0.0,0.0,0.0,0.0,1.0,2.0,0.0,0.0,,,,,,,,,,,,,,,,,,,,,,,,,,,,,,,,,,,34.0,62.0,6.0,756.0,12.2,,,,,
2022,Nate Landman,LB,Colorado,6-3,238.0,4.86,36.5,,119.0,,,False,,,nate landman,LB,2022,nate landman,100.0,nate landman,2021.0,LB,4.0,1.0,0.0,45.0,0.0,6.0,63.0,,,,,,,,,,,,,,,,,,,,,,,,,,,,,,,,,,,,,,,,,,,,,,,
2022,Isaiah Likely,TE,Coastal Carolina,6-5,245.0,,36.0,,,,4.57,True,4.0,139.0,isaiah likely,TE,2022,isaiah likely,100.0,isaiah likely,2021.0,TE,,,,,,,,1.0,0.0,0.0,,,,,,,,,,,,,,,,,,,,,,,,,,,,,,,,,,,99.0,59.0,12.0,912.0,15.5,3.0,12.0,0.0,10.0,3.3
2022,Devin Lloyd,LB,Utah,6-3,237.0,4.66,35.0,25.0,126.0,,,True,1.0,27.0,devin lloyd,LB,2022,devin lloyd,100.0,devin lloyd,2021.0,LB,6.0,2.0,8.0,66.0,2.0,22.0,111.0,0.0,0.0,2.0,9.0,4.0,2.0,36.0,,,,,,,,,,,,,,,,,,,,,,,,,,,,,,,,,,,,,,,,
2022,Drake London,WR,USC,6-4,219.0,,,,,,,True,1.0,8.0,drake london,WR,2022,drake london,100.0,drake london,2021.0,WR,0.0,0.0,0.0,1.0,0.0,0.0,1.0,,,,,,,,,,,,,,,,,,,,,,,,,,,,,,,,,,,,,,44.0,88.0,7.0,1084.0,12.3,1.0,2.0,0.0,2.0,2.0
2022,Verone McKinley III,S,Oregon,5-10,198.0,,35.0,16.0,120.0,,,False,,,verone mckinley,S,2022,verone mckinley,100.0,verone mckinley,2021.0,S,6.0,0.0,0.0,44.0,0.0,1.0,77.0,,,,,6.0,0.0,,0.0,0.0,1.0,0.0,0.0,,,,,,,,,,,,,,,,,,,,,,,,,,,,,,,,,,,
2022,Sam Howell,QB,North Carolina,6-1,218.0,,,,,,,True,5.0,144.0,sam howell,QB,2022,sam howell,100.0,sam howell,2021.0,QB,,,,,,,,7.0,4.0,0.0,,,,,,,,,,,,,,,,,347.0,217.0,9.0,0.625,24.0,3056.0,8.8,,,,,,1.0,35.0,1.0,0.0,35.0,35.0,,,,,,183.0,62.0,11.0,828.0,4.5
2022,Curtis Hodges,TE,Arizona St.,6-8,257.0,4.85,34.5,,117.0,7.14,4.28,False,,,curtis hodges,TE,2022,curtis hodges,100.0,curtis hodges,2021.0,TE,,,,,,,,1.0,1.0,0.0,,,,,,,,,,,,,,,,,,,,,,,,,,,,,,,,,,,48.0,20.0,2.0,373.0,18.7,,,,,
2022,Breece Hall,RB,Iowa St.,5-11,217.0,4.39,40.0,,126.0,,,True,2.0,36.0,breece hall,RB,2022,breece hall,100.0,breece hall,2021.0,RB,,,,,,,,2.0,2.0,0.0,,,,,,,,,,,,,,,,,,,,,,,,,,,,,,,,,,,30.0,36.0,3.0,302.0,8.4,253.0,80.0,20.0,1472.0,5.8
2022,Jeremiah Gemmel,LB,North Carolina,6-1,226.0,,,,,,,False,,,jeremiah gemmel,LB,2022,jeremiah gemmel,100.0,jeremiah gemmel,2021.0,LB,3.0,7.0,1.5,44.0,0.0,6.5,74.0,,,,0.0,1.0,0.0,0.0,,,,,,,,,,,,,,,,,,,,,,,,,,,,,,,,,,,,,,,,
2022,Trenton Gill,P,North Carolina St.,6-4,220.0,,,,,,,True,7.0,255.0,trenton gill,P,2022,trenton gill,100.0,trenton gill,2021.0,P,0.0,0.0,0.0,1.0,0.0,0.0,1.0,,,,,,,,,,,,,,,,,,,,,,,,,,,,,,,,31.0,65.0,65.0,5.0,2887.0,44.4,,,,,,,,,,
2022,Mario Goodrich,CB,Clemson,6-0,176.0,4.52,,,,,,False,,,mario goodrich,CB,2022,mario goodrich,100.0,mario goodrich,2021.0,CB,9.0,1.0,0.0,26.0,1.0,0.0,42.0,,,,10.0,2.0,1.0,20.0,,,,,,,,,,,,,,,,,,,,,,,,,,,,,,,,,,,,,,,,
2022,Tyler Goodson,RB,Iowa,5-9,197.0,4.42,36.5,,123.0,,,False,,,tyler goodson,RB,2022,tyler goodson,100.0,tyler goodson,2021.0,RB,0.0,0.0,0.0,1.0,0.0,0.0,1.0,2.0,2.0,0.0,,,,,5.0,5.0,1.0,0.0,5.0,,,,,,,,,,,,,,,,,,,,,,,,,,67.0,31.0,1.0,247.0,8.0,256.0,56.0,6.0,1151.0,4.5
2022,Isaiah Graham-Mobley,LB,Boston Col.,6-1,230.0,4.63,34.5,,124.0,,,False,,,isaiah grahammobley,LB,2022,isaiah grahammobley,100.0,isaiah grahammobley,2021.0,LB,0.0,1.0,0.0,34.0,0.0,2.5,52.0,,,,,,,,,,,,,,,,,,,,,,,,,,,,,,,,,,,,,,,,,,,,,,,
2022,Danny Gray,WR,SMU,6-0,186.0,4.33,34.0,,126.0,,,True,3.0,105.0,danny gray,WR,2022,danny gray,100.0,danny gray,2021.0,WR,,,,,,,,,,,,,,,,,,,,,,,,,,,,,,,,,,,,,,,,,,,,,68.0,49.0,9.0,803.0,16.4,3.0,27.0,0.0,40.0,13.3
2022,Jeremiah Hall,TE,Oklahoma,6-2,239.0,4.96,29.0,19.0,111.0,7.43,4.62,False,,,jeremiah hall,TE,2022,jeremiah hall,100.0,jeremiah hall,2021.0,TE,,,,,,,,1.0,0.0,0.0,,,,,,,,,,,,,,,,,,,,,,,,,,,,,,,,,,,50.0,32.0,4.0,334.0,10.4,6.0,6.0,1.0,25.0,4.2
2022,Peyton Hendershot,TE,Indiana,6-4,250.0,4.8,32.5,,117.0,,4.25,False,,,peyton hendershot,TE,2022,peyton hendershot,100.0,peyton hendershot,2021.0,TE,0.0,0.0,0.0,3.0,0.0,0.0,3.0,,,,,,,,,,,,,,,,,,,,,,,,,,,,,,,,,,,,,,35.0,46.0,4.0,543.0,11.8,2.0,4.0,0.0,8.0,4.0
2022,Kyle Hamilton,S,Notre Dame,6-4,220.0,4.59,38.0,,131.0,6.9,4.32,True,1.0,14.0,kyle hamilton,S,2022,kyle hamilton,100.0,kyle hamilton,2021.0,S,4.0,0.0,0.0,19.0,0.0,2.0,34.0,,,,0.0,3.0,0.0,0.0,,,,,,,,,,,,,,,,,,,,,,,,,,,,,,,,,,,,,,,,
2022,Jake Hansen,LB,Illinois,6-1,238.0,,,21.0,,,,False,,,jake hansen,LB,2022,jake hansen,100.0,jake hansen,2021.0,LB,0.0,1.0,1.0,18.0,0.0,2.5,32.0,0.0,0.0,1.0,,,,,,,,,,,,,,,,,,,,,,,,,,,,,,,,,,,,,,,,,,,,
2022,Aaron Hansford,LB,Texas A&M,6-2,239.0,,,24.0,,,,False,,,aaron hansford,LB,2022,aaron hansford,100.0,aaron hansford,2021.0,LB,4.0,2.0,2.0,45.0,0.0,8.5,89.0,0.0,0.0,2.0,,,,,,,,,,,,,,,,,,,,,,,,,,,,,,,,,,,,,,,,,,,,
2022,Hassan Haskins,RB,Michigan,6-2,228.0,,,27.0,,,,True,4.0,131.0,hassan haskins,RB,2022,hassan haskins,100.0,hassan haskins,2021.0,RB,0.0,0.0,0.0,2.0,0.0,0.0,2.0,,,,,,,,,,,,,,,,,,,,,,,,,,,,,,,,,,,,,,20.0,18.0,0.0,131.0,7.3,270.0,62.0,20.0,1327.0,4.9
2022,Blake Hayes,P,Illinois,6-4,226.0,,,,,,,False,,,blake hayes,P,2022,blake hayes,100.0,blake hayes,2021.0,P,,,,,,,,,,,,,,,,,,,,,,,,,,,,,,,,,,,,,,,34.0,80.0,68.0,2.0,3068.0,45.1,,,,,,,,,,
2022,Marquis Hayes,OG,Oklahoma,6-5,318.0,5.3,23.5,,102.0,,,True,7.0,257.0,marquis hayes,OG,2022,marquis hayes,100.0,marquis hayes,2020.0,OL,0.0,0.0,0.0,0.0,0.0,0.0,1.0,,,,,,,,,,,,,,,,,,,,,,,,,,,,,,,,,,,,,,,,,,,,,,,
2022,Jesse Luketa,LB,Penn St.,6-3,253.0,4.89,37.5,,114.0,,,True,7.0,256.0,jesse luketa,LB,2022,jesse luketa,100.0,jesse luketa,2021.0,LB,0.0,5.0,0.5,34.0,1.0,8.5,61.0,,,,16.0,1.0,1.0,16.0,,,,,,,,,,,,,,,,,,,,,,,,,,,,,,,,,,,,,,,,
2022,Trey McBride,TE,Colorado St.,6-4,246.0,,33.0,18.0,117.0,,,True,2.0,55.0,trey mcbride,TE,2022,trey mcbride,100.0,trey mcbride,2021.0,TE,,,,,,,,1.0,1.0,0.0,,,,,,,,,,,,,,,,,,,,,,,,,,,,,,,,,,,50.0,90.0,1.0,1121.0,12.5,1.0,69.0,1.0,69.0,69.0
2022,Josh Ross,LB,Michigan,6-0,227.0,4.79,31.0,,109.0,,,False,,,josh ross,LB,2022,josh ross,100.0,josh ross,2021.0,LB,2.0,8.0,0.5,54.0,0.0,9.0,106.0,,,,,,,,,,,,,,,,,,,,,,,,,,,,,,,,,,,,,,,,,,,,,,,
2022,Zakoby McClain,LB,Auburn,5-11,228.0,4.69,33.0,,117.0,,,False,,,zakoby mcclain,LB,2022,zakoby mcclain,100.0,zakoby mcclain,2021.0,LB,6.0,2.0,2.0,55.0,0.0,8.0,95.0,,,,,,,,,,,,,,,,,,,,,,,,,,,,,,,,,,,,,,,,,,,,,,,
2022,Kenny Pickett,QB,Pittsburgh,6-3,217.0,4.73,33.5,,121.0,,4.29,True,1.0,20.0,kenny pickett,QB,2022,kenny pickett,100.0,kenny pickett,2021.0,QB,0.0,0.0,0.0,1.0,0.0,0.0,1.0,4.0,3.0,0.0,,,,,,,,,,,,,,,,,497.0,334.0,7.0,0.672,42.0,4319.0,8.7,,,,,,,,,,,,,,,,,97.0,58.0,5.0,241.0,2.5
2022,Alec Pierce,WR,Cincinnati,6-3,211.0,4.41,40.5,,129.0,7.13,4.28,True,2.0,53.0,alec pierce,WR,2022,alec pierce,100.0,alec pierce,2021.0,WR,,,,,,,,,,,,,,,,,,,,,,,,,,,,,,,,,,,,,,,,,,,,,53.0,52.0,8.0,884.0,17.0,,,,,
2022,Dameon Pierce,RB,Florida,5-10,218.0,4.59,34.5,21.0,119.0,,,True,4.0,107.0,dameon pierce,RB,2022,dameon pierce,100.0,dameon pierce,2021.0,RB,0.0,0.0,0.0,1.0,0.0,0.0,1.0,,,,,,,,,,,,,,,,,,,,,,,,,,,,,,,,,,,,,,61.0,19.0,3.0,216.0,11.4,100.0,27.0,13.0,574.0,5.7
2022,Jalen Pitre,S,Baylor,5-11,198.0,,35.0,16.0,,6.74,4.18,True,2.0,37.0,jalen pitre,S,2022,jalen pitre,100.0,jalen pitre,2021.0,S,7.0,3.0,3.5,56.0,0.0,18.5,75.0,0.0,0.0,2.0,10.0,2.0,0.0,20.0,,,,,,,,,,,,,,,,,,,,,,,,,,,,,,,,,,,,,,,,
2022,Makai Polk,WR,Mississippi St.,6-3,195.0,4.59,31.0,,119.0,,4.36,False,,,makai polk,WR,2022,makai polk,100.0,makai polk,2021.0,WR,0.0,0.0,0.0,2.0,0.0,0.0,2.0,1.0,1.0,0.0,,,,,,,,,,,,,,,,,,,,,,,,,,,,,,,,,,,50.0,105.0,9.0,1046.0,10.0,,,,,
2022,D'vonte Price,RB,Florida International,6-1,210.0,4.38,34.0,,119.0,,,False,,,dvonte price,RB,2022,dvonte price,100.0,dvonte price,2021.0,RB,0.0,0.0,0.0,1.0,0.0,0.0,1.0,2.0,2.0,0.0,,,,,,,,,,,,,,,,,,,,,,,,,,,,,,,,,,,20.0,10.0,0.0,83.0,8.3,129.0,68.0,6.0,682.0,5.3
2022,Brock Purdy,QB,Iowa St.,6-1,212.0,4.84,27.0,,,7.21,4.45,True,7.0,262.0,brock purdy,QB,2022,brock purdy,100.0,brock purdy,2021.0,QB,0.0,0.0,0.0,0.0,0.0,0.0,1.0,6.0,2.0,0.0,,,,,,,,,,,,,,,,,407.0,292.0,8.0,0.717,19.0,3188.0,7.8,,,,,,,,,,,,,,,,,85.0,23.0,1.0,238.0,2.8
2022,Teagan Quitoriano,TE,Oregon St.,6-6,258.0,,,22.0,,,,True,5.0,170.0,teagan quitoriano,TE,2022,teagan quitoriano,100.0,teagan quitoriano,2021.0,TE,0.0,0.0,0.0,1.0,0.0,0.0,1.0,1.0,0.0,0.0,,,,,,,,,,,,,,,,,,,,,,,,,,,,,,,,,,,34.0,19.0,3.0,214.0,11.3,,,,,
2022,Charleston Rambo,WR,Miami,6-1,177.0,4.57,33.5,,118.0,,,False,,,charleston rambo,WR,2022,charleston rambo,100.0,charleston rambo,2021.0,WR,,,,,,,,1.0,1.0,0.0,,,,,,,,,,,,,,,,,,,,,,,,,,,,,,,,,,,60.0,79.0,7.0,1172.0,14.8,,,,,
2022,Desmond Ridder,QB,Cincinnati,6-3,211.0,4.52,36.0,,127.0,7.15,4.29,True,3.0,74.0,desmond ridder,QB,2022,desmond ridder,100.0,desmond ridder,2021.0,QB,0.0,0.0,0.0,3.0,0.0,0.0,3.0,3.0,2.0,0.0,,,,,,,,,,,,,,,,,387.0,251.0,8.0,0.649,30.0,3334.0,8.6,,,,,,,,,,,,5.0,2.0,1.0,8.0,4.0,110.0,40.0,6.0,355.0,3.2
2022,Ronnie Rivers,RB,Fresno St.,5-8,195.0,4.6,36.5,,119.0,,,False,,,ronnie rivers,RB,2022,ronnie rivers,100.0,ronnie rivers,2021.0,RB,0.0,0.0,0.0,1.0,0.0,0.0,1.0,4.0,3.0,0.0,,,,,13.0,13.0,1.0,0.0,13.0,,,,,,,,,,,,,,,2.4,17.0,9.0,0.0,22.0,,,,,,,61.0,34.0,2.0,364.0,10.7,161.0,64.0,5.0,788.0,4.9
2022,Brian Robinson,RB,Alabama,6-2,225.0,4.53,30.0,,119.0,,,True,3.0,98.0,brian robinson,RB,2022,brian robinson,100.0,brian robinson,2021.0,RB,,,,,,,,1.0,1.0,0.0,,,,,,,,,,,,,,,,,,,,,,,,,,,,,,,,,,,51.0,35.0,2.0,296.0,8.5,271.0,63.0,14.0,1343.0,5.0
2022,Wan'Dale Robinson,WR,Kentucky,5-8,178.0,4.44,34.5,,118.0,,,True,2.0,43.0,wandale robinson,WR,2022,wandale robinson,100.0,wandale robinson,2021.0,WR,0.0,0.0,0.0,1.0,0.0,0.0,1.0,1.0,0.0,0.0,,,,,,,,,,,,,,,,,,,,,,,,3.3,5.0,6.0,0.0,20.0,,,,,,,79.0,104.0,7.0,1334.0,12.8,7.0,64.0,0.0,111.0,15.9
2022,Malcolm Rodriguez,LB,Oklahoma St.,5-11,232.0,4.52,39.5,,120.0,,,True,6.0,188.0,malcolm rodriguez,LB,2022,malcolm rodriguez,100.0,malcolm rodriguez,2021.0,LB,4.0,10.0,3.0,76.0,0.0,16.0,129.0,0.0,0.0,3.0,11.0,1.0,0.0,11.0,,,,,,,,,,,,,,,,,,,,,,,,,,,,,,,,,,,,,,,,
2022,Mike Rose,LB,Iowa St.,6-4,245.0,,34.0,,121.0,,,False,,,mike rose,LB,2022,mike rose,100.0,mike rose,2021.0,LB,1.0,4.0,3.0,36.0,0.0,12.0,73.0,,,,,,,,,,,,,,,,,,,,,,,,,,,,,,,,,,,,,,,,,,,,,,,
2022,George Pickens,WR,Georgia,6-3,195.0,4.47,33.0,,125.0,,,True,2.0,52.0,george pickens,WR,2022,george pickens,100.0,george pickens,2021.0,WR,,,,,,,,,,,,,,,,,,,,,,,,,,,,,,,,,,,,,,,,,,,,,52.0,5.0,0.0,107.0,21.4,,,,,
2022,Kyle Philips,WR,UCLA,5-11,189.0,4.58,33.5,,124.0,,,True,5.0,163.0,kyle philips,WR,2022,kyle philips,100.0,kyle philips,2021.0,WR,0.0,0.0,0.0,0.0,1.0,0.0,0.0,1.0,0.0,0.0,,,,,,,,,,,,,,,,,,,,,,,,22.6,82.0,9.0,1.0,203.0,,,,,,,75.0,59.0,10.0,739.0,12.5,,,,,
2022,EJ Perry,QB,Brown,6-2,211.0,4.65,34.5,,123.0,6.85,4.18,False,,,ej perry,QB,2022,ej perry,100.0,ej perry,2021.0,QB,,,,,,,,12.0,5.0,0.0,,,,,,,,,,,,,,,,,,,,,,,,,,,,,,,,,,,,,,,,,,,,
2022,Jeremiah Moon,LB,Florida,6-5,249.0,4.76,40.5,,133.0,7.09,4.55,False,,,jeremiah moon,LB,2022,jeremiah moon,100.0,jeremiah moon,2021.0,LB,1.0,6.0,2.0,20.0,0.0,3.5,49.0,,,,,,,,,,,,,,,,,,,,,,,,,,,,,,,,,,,,,,,,,,,,,,,
2022,Sincere McCormick,RB,Texas-San Antonio,5-9,205.0,4.6,33.5,,116.0,,,False,,,sincere mccormick,RB,2022,sincere mccormick,100.0,sincere mccormick,2021.0,RB,0.0,0.0,0.0,1.0,0.0,0.0,1.0,,,,,,,,,,,,,,,,,,,,,,,,,,,,,,,,,,,,,,21.0,22.0,0.0,184.0,8.4,298.0,81.0,15.0,1479.0,5.0
2022,Roger McCreary,CB,Auburn,5-11,190.0,4.5,,,,,,True,2.0,35.0,roger mccreary,CB,2022,roger mccreary,100.0,roger mccreary,2021.0,CB,14.0,0.0,1.0,41.0,1.0,2.0,49.0,0.0,0.0,1.0,17.5,2.0,1.0,35.0,,,,,,,,,,,,,,,,,,,,,,,,,,,,,,,,,,,,,,,,
2022,Micah McFadden,LB,Indiana,6-1,240.0,,,21.0,,,,True,5.0,146.0,micah mcfadden,LB,2022,micah mcfadden,100.0,micah mcfadden,2021.0,LB,3.0,5.0,6.5,49.0,0.0,15.5,77.0,0.0,0.0,1.0,,,,,,,,,,,,,,,,,,,,,,,,,,,,,,,,,,,,,,,,,,,,
2022,Bo Melton,WR,Rutgers,5-11,189.0,4.34,38.0,,121.0,6.98,,True,7.0,229.0,bo melton,WR,2022,bo melton,100.0,bo melton,2021.0,WR,,,,,,,,1.0,0.0,0.0,,,,,23.2,53.0,5.0,0.0,116.0,,,,,,,,,,,,,,,7.6,13.0,5.0,0.0,38.0,,,,,,,57.0,55.0,3.0,618.0,11.2,9.0,13.0,0.0,51.0,5.7
2022,John Metchie,WR,Alabama,5-11,187.0,,,,,,,True,2.0,44.0,john metchie,WR,2022,john metchie,100.0,john metchie,2021.0,WR,,,,,,,,1.0,0.0,0.0,,,,,13.0,13.0,1.0,0.0,13.0,,,,,,,,,,,,,,,,,,,,,,,,,,46.0,96.0,8.0,1142.0,11.9,1.0,8.0,0.0,8.0,8.0
2022,Smoke Monday,S,Auburn,6-2,207.0,4.52,,,124.0,7.0,,False,,,smoke monday,S,2022,smoke monday,100.0,smoke monday,2021.0,S,5.0,2.0,2.0,44.0,1.0,9.0,63.0,,,,36.0,1.0,1.0,36.0,,,,,,,,,,,,,,,,,,,,,,,,,,,,,,,,,,,,,,,,
2022,Skyy Moore,WR,Western Michigan,5-10,195.0,4.41,34.5,,125.0,7.13,4.32,True,2.0,54.0,skyy moore,WR,2022,skyy moore,100.0,skyy moore,2021.0,WR,0.0,0.0,0.0,1.0,0.0,0.0,1.0,,,,,,,,4.0,9.0,2.0,0.0,8.0,,,,,,,,,,,,,,,,,,,,,,,,,,74.0,95.0,10.0,1292.0,13.6,1.0,10.0,0.0,10.0,10.0
2022,Joshua Paschal,DE,Kentucky,6-3,268.0,4.77,37.5,,123.0,,,True,2.0,46.0,joshua paschal,DE,2022,joshua paschal,100.0,joshua paschal,2021.0,DE,0.0,8.0,5.0,24.0,0.0,15.0,52.0,,,,,,,,,,,,,,,,,,,,,,,,,,,,,,,,,,,,,,,,,,,,,,,
2022,Chad Muma,LB,Wyoming,6-3,239.0,4.63,40.0,27.0,129.0,7.06,4.28,True,3.0,70.0,chad muma,LB,2022,chad muma,100.0,chad muma,2021.0,LB,1.0,2.0,1.5,85.0,2.0,8.0,142.0,0.0,0.0,1.0,22.7,3.0,2.0,68.0,,,,,,,,,,,,,,,,,,,,,,,,,,,,,,,,,,,,,,,,
2022,Jalen Nailor,WR,Michigan St.,5-11,186.0,4.5,38.0,,128.0,7.03,4.28,True,6.0,191.0,jalen nailor,WR,2022,jalen nailor,100.0,jalen nailor,2021.0,WR,0.0,0.0,0.0,4.0,0.0,0.0,4.0,,,,,,,,13.5,20.0,6.0,0.0,81.0,,,,,,,,,,,,,,,,,,,,,,,,,,65.0,37.0,6.0,695.0,18.8,1.0,0.0,0.0,,
2022,Chigoziem Okonkwo,TE,Maryland,6-3,238.0,4.52,35.5,,,,,True,4.0,143.0,chigoziem okonkwo,TE,2022,chigoziem okonkwo,100.0,chigoziem okonkwo,2021.0,TE,0.0,0.0,0.0,0.0,0.0,0.0,1.0,,,,,,,,,,,,,,,,,,,,,,,,,,,,,,,,,,,,,,32.0,52.0,5.0,447.0,8.6,,,,,
2022,Chris Olave,WR,Ohio St.,6-0,187.0,4.39,32.0,,124.0,,,True,1.0,11.0,chris olave,WR,2022,chris olave,100.0,chris olave,2021.0,WR,0.0,0.0,0.0,1.0,0.0,0.0,4.0,,,,,,,,,,,,,,,,,,,,,,,,,,,4.0,4.0,1.0,0.0,4.0,,,,,,,61.0,65.0,13.0,936.0,14.4,,,,,
2022,Cade Otton,TE,Washington,6-5,247.0,,,,,,,True,4.0,106.0,cade otton,TE,2022,cade otton,100.0,cade otton,2021.0,TE,0.0,0.0,0.0,3.0,0.0,0.0,3.0,1.0,0.0,0.0,,,,,,,,,,,,,,,,,,,,,,,,,,,,,,,,,,,25.0,28.0,1.0,250.0,8.9,,,,,
2022,Dylan Parham,OG,Memphis,6-3,311.0,4.93,26.5,,108.0,7.78,4.7,True,3.0,90.0,dylan parham,OG,2022,dylan parham,100.0,dylan parham,2021.0,TE,,,,,,,,,,,,,,,,,,,,,,,,,,,,,,,,,,,,,,,,,,,,,7.0,5.0,2.0,22.0,4.4,,,,,
2023,SirVocea Dennis,LB,Pittsburgh,6-1,226.0,,,19.0,,,,True,5.0,153.0,sirvocea dennis,LB,2023,sirvocea dennis,100.0,sirvocea dennis,2022.0,LB,3.0,6.0,6.5,45.0,0.0,11.5,89.0,,,,67.0,1.0,0.0,67.0,,,,,,,,,,,,,,,,,,,,,,,,,,,,,,,,,,,,,,,,
2023,Josh Downs,WR,North Carolina,5-9,171.0,4.48,38.5,,131.0,,,True,3.0,79.0,josh downs,WR,2023,josh downs,100.0,josh downs,2022.0,WR,,,,,,,,1.0,0.0,0.0,,,,,,,,,,,,,,,,,,,,,,,,13.3,38.0,10.0,0.0,133.0,,,,,,,43.0,94.0,11.0,1029.0,10.9,,,,,
2021,Nate Hobbs,DB,Illinois,5-11,196.0,4.48,40.5,17.0,135.0,6.85,4.17,False,,,nate hobbs,DB,2021,nate hobbs,100.0,nate hobbs,2020.0,DB,2.0,0.0,0.0,23.0,0.0,3.0,32.0,,,,26.0,1.0,0.0,26.0,,,,,,,,,,,,,,,,,,,,,,,,,,,,,,,,,,,,,,,,
2023,Trenton Simpson,LB,Clemson,6-2,235.0,4.43,,25.0,,,,True,3.0,86.0,trenton simpson,LB,2023,trenton simpson,100.0,trenton simpson,2022.0,LB,3.0,3.0,2.5,36.0,0.0,3.0,65.0,,,,,,,,,,,,,,,,,,,,,,,,,,,,,,,,,,,,,,,,,,,,,,,
2023,Jack Podlesny,K,Georgia,6-0,194.0,,,,,,,False,,,jack podlesny,K,2023,jack podlesny,100.0,jack podlesny,2022.0,PK,0.0,0.0,0.0,1.0,0.0,0.0,2.0,,,,,,,,,,,,,31.0,26.0,50.0,0.839,151.0,74.0,73.0,,,,,,,,,,,,,,,,,,,,,,,,,,,,
2023,B.T. Potter,K,Clemson,5-10,185.0,,,,,,,False,,,bt potter,K,2023,bt potter,100.0,bt potter,2022.0,PK,,,,,,,,,,,,,,,,,,,,26.0,20.0,52.0,0.769,108.0,48.0,48.0,,,,,,,,,,,,,,,,,,,,,,,,,,,,
2023,Deneric Prince,RB,Tulsa,6-0,216.0,4.41,35.5,,124.0,,,False,,,deneric prince,RB,2023,deneric prince,100.0,deneric prince,2022.0,RB,,,,,,,,2.0,2.0,0.0,,,,,,,,,,,,,,,,,,,,,,,,,,,,,,,,,,,19.0,9.0,1.0,84.0,9.3,126.0,84.0,5.0,729.0,5.8
2023,Jayden Reed,WR,Michigan St.,5-11,187.0,4.45,33.5,,121.0,,4.29,True,2.0,50.0,jayden reed,WR,2023,jayden reed,100.0,jayden reed,2022.0,WR,0.0,0.0,0.0,1.0,0.0,0.0,1.0,3.0,2.0,0.0,,,,,20.0,20.0,1.0,0.0,20.0,,,,,,,,1.0,1.0,0.0,1.0,1.0,25.0,25.0,8.8,19.0,13.0,0.0,114.0,,,,,,,35.0,55.0,5.0,636.0,11.6,4.0,17.0,0.0,11.0,2.8
2023,Rashee Rice,WR,SMU,6-1,204.0,4.51,41.0,,128.0,,,True,2.0,55.0,rashee rice,WR,2023,rashee rice,100.0,rashee rice,2022.0,WR,0.0,0.0,0.0,2.0,0.0,0.0,2.0,3.0,2.0,0.0,,,,,,,,,,,,,,,,,,,,,,,,,,,,,,,,,,,75.0,96.0,10.0,1355.0,14.1,,,,,
2023,Anthony Richardson,QB,Florida,6-4,244.0,4.43,40.5,,129.0,,,True,1.0,4.0,anthony richardson,QB,2023,anthony richardson,100.0,anthony richardson,2022.0,QB,0.0,0.0,0.0,3.0,0.0,0.0,3.0,3.0,2.0,0.0,,,,,,,,,,,,,,,,,327.0,176.0,9.0,0.538,17.0,2549.0,7.8,,,,,,,,,,,,,,,,,103.0,81.0,9.0,654.0,6.3
2023,Brad Robbins,P,Michigan,6-1,199.0,,,,,,,False,,,brad robbins,P,2023,brad robbins,100.0,brad robbins,2022.0,P,,,,,,,,,,,,,,,,,,,,,,,,,,,,,,,,,,,,,,,17.0,64.0,43.0,0.0,1818.0,42.3,,,,,,,,,,
2023,Bijan Robinson,RB,Texas,5-11,215.0,4.46,37.0,,124.0,,,True,1.0,8.0,bijan robinson,RB,2023,bijan robinson,100.0,bijan robinson,2022.0,RB,0.0,0.0,0.0,3.0,0.0,0.0,3.0,2.0,1.0,0.0,,,,,,,,,,,,,,,,,,,,,,,,,,,,,,,,,,,42.0,19.0,2.0,314.0,16.5,258.0,78.0,18.0,1578.0,6.1
2023,Jammie Robinson,DB,Florida St.,5-11,191.0,4.59,33.5,23.0,116.0,,,True,5.0,145.0,jammie robinson,DB,2023,jammie robinson,100.0,jammie robinson,2022.0,DB,4.0,5.0,1.0,37.0,0.0,5.0,87.0,0.0,0.0,1.0,0.0,1.0,0.0,0.0,,,,,,,,,,,,,,,,,,,,7.0,7.0,1.0,0.0,7.0,,,,,,,,,,,,,,,,
2023,Jaquelin Roy,DT,LSU,6-3,305.0,,,30.0,,8.01,5.0,True,5.0,141.0,jaquelin roy,DT,2023,jaquelin roy,100.0,jaquelin roy,2022.0,DT,0.0,1.0,0.5,27.0,0.0,3.0,51.0,0.0,0.0,1.0,,,,,,,,,,,,,,,,,,,,,,,,,,,,,,,,,,,,,,,,,,,,
2023,Chad Ryland,K,Maryland,6-0,190.0,,,,,,,True,4.0,112.0,chad ryland,K,2023,chad ryland,100.0,chad ryland,2022.0,PK,,,,,,,,,,,,,,,,,,,,23.0,19.0,53.0,0.826,96.0,39.0,39.0,,,,,,,,,,,,,,,,,,,,,,,,,,,,
2023,Nick Saldiveri,OG,Old Dominion,6-6,318.0,5.21,31.0,,111.0,,4.69,False,,,nick saldiveri,OG,2023,nick saldiveri,100.0,nick saldiveri,2021.0,OL,0.0,0.0,0.0,1.0,0.0,0.0,1.0,,,,,,,,,,,,,,,,,,,,,,,,,,,,,,,,,,,,,,,,,,,0.0,0.0,1.0,0.0,0.0
2023,Drew Sanders,LB,Arkansas,6-4,235.0,,,,,,,True,3.0,67.0,drew sanders,LB,2023,drew sanders,100.0,drew sanders,2022.0,LB,5.0,6.0,10.0,40.0,0.0,14.0,104.0,0.0,0.0,2.0,13.0,1.0,0.0,13.0,,,,,,,,,,,,,,,,,,,,,,,,,,,,,,,,,,,,,,,,
2023,Luke Schoonmaker,TE,Michigan,6-5,251.0,,33.5,,127.0,,4.27,True,2.0,58.0,luke schoonmaker,TE,2023,luke schoonmaker,100.0,luke schoonmaker,2022.0,TE,,,,,,,,,,,,,,,,,,,,,,,,,,,,,,,,,,,,,,,,,,,,,40.0,35.0,3.0,418.0,11.9,,,,,
2023,Noah Sewell,LB,Oregon,6-2,246.0,4.64,33.0,27.0,115.0,,,True,5.0,148.0,noah sewell,LB,2023,noah sewell,100.0,noah sewell,2022.0,LB,3.0,4.0,1.5,24.0,0.0,5.5,55.0,0.0,0.0,2.0,0.0,1.0,0.0,0.0,,,,,,,,,,,,,,,,,,,,,,,,,,,,,,,,,,,,1.0,1.0,1.0,1.0,1.0
2023,A.T. Perry,WR,Wake Forest,6-4,198.0,4.47,35.0,,133.0,,,True,6.0,195.0,at perry,WR,2023,at perry,100.0,at perry,2022.0,WR,0.0,0.0,0.0,1.0,0.0,0.0,1.0,,,,,,,,,,,,,,,,,,,,,,,,,,,,,,,,,,,,,,68.0,81.0,11.0,1096.0,13.5,,,,,
2023,Camerun Peoples,RB,Appalachian St.,6-1,217.0,4.61,37.0,,121.0,,,False,,,camerun peoples,RB,2023,camerun peoples,100.0,camerun peoples,2022.0,RB,,,,,,,,,,,,,,,,,,,,,,,,,,,,,,,,,,,,,,,,,,,,,12.0,6.0,0.0,43.0,7.2,101.0,73.0,5.0,599.0,5.9
2023,Kyle Patterson,TE,Air Force,6-5,260.0,,,,,,,False,,,kyle patterson,TE,2023,kyle patterson,100.0,kyle patterson,2022.0,TE,,,,,,,,,,,,,,,,,,,,,,,,,,,,,,,,,,,,,,,,,,,,,11.0,3.0,0.0,32.0,10.7,,,,,
2023,PJ Mustipher,DT,Penn St.,6-4,320.0,5.41,27.5,19.0,96.0,8.01,5.03,False,,,pj mustipher,DT,2023,pj mustipher,100.0,pj mustipher,2022.0,DT,0.0,1.0,0.0,17.0,0.0,0.5,33.0,,,,,,,,,,,,,,,,,,,,,,,,,,,,,,,,,,,,,,,,,,,,,,,
2023,Marvin Mims,WR,Oklahoma,5-11,183.0,4.38,39.5,,129.0,6.9,,True,2.0,63.0,marvin mims,WR,2023,marvin mims,100.0,marvin mims,2022.0,WR,0.0,0.0,0.0,1.0,0.0,0.0,1.0,1.0,1.0,0.0,,,,,38.0,38.0,1.0,0.0,38.0,,,,,,,,,,,,,,,14.5,41.0,11.0,0.0,160.0,,,,,,,77.0,54.0,6.0,1083.0,20.1,2.0,4.0,0.0,3.0,1.5
2023,Jonathan Mingo,WR,Mississippi,6-2,220.0,4.46,39.5,22.0,129.0,,,True,2.0,39.0,jonathan mingo,WR,2023,jonathan mingo,100.0,jonathan mingo,2022.0,WR,,,,,,,,1.0,1.0,0.0,,,,,,,,,,,,,,,,,,,,,,,,13.0,13.0,1.0,0.0,13.0,,,,,,,72.0,51.0,5.0,862.0,16.9,4.0,2.0,1.0,,
2023,Keaton Mitchell,RB,East Carolina,5-8,179.0,4.37,38.0,,126.0,,,False,,,keaton mitchell,RB,2023,keaton mitchell,100.0,keaton mitchell,2022.0,RB,,,,,,,,,,,,,,,26.6,57.0,5.0,0.0,133.0,,,,,,,,,,,,,,,,,,,,,,,,,,73.0,27.0,1.0,252.0,9.3,201.0,81.0,14.0,1452.0,7.2
2023,Jake Moody,K,Michigan,6-1,209.0,,,,,,,True,3.0,99.0,jake moody,K,2023,jake moody,100.0,jake moody,2022.0,PK,0.0,0.0,0.0,1.0,0.0,0.0,3.0,,,,,,,,,,,,,35.0,29.0,59.0,0.829,147.0,60.0,60.0,,,,,,,,,,,,,,,,,,,,,,,,,,,,
2023,Isaiah Moore,LB,North Carolina St.,6-2,233.0,,,26.0,,,,False,,,isaiah moore,LB,2023,isaiah moore,100.0,isaiah moore,2022.0,LB,3.0,6.0,3.0,37.0,0.0,13.5,71.0,,,,,,,,,,,,,,,,,,,,,,,,,,,,,,,,,,,,,,,,,,,,,,,
2023,Luke Musgrave,TE,Oregon St.,6-6,253.0,,36.0,,125.0,,,True,2.0,42.0,luke musgrave,TE,2023,luke musgrave,100.0,luke musgrave,2022.0,TE,,,,,,,,,,,,,,,,,,,,,,,,,,,,,,,,,,,,,,,,,,,,,30.0,11.0,1.0,169.0,15.4,,,,,
2023,Puka Nacua,WR,BYU,6-2,201.0,,,,,,,True,5.0,177.0,puka nacua,WR,2023,puka nacua,100.0,puka nacua,2022.0,WR,,,,,,,,1.0,1.0,0.0,,,,,,,,,,,,,,,,,,,,,,,,,,,,,,,,,,,46.0,48.0,5.0,625.0,13.0,25.0,75.0,5.0,209.0,8.4
2023,Owen Pappoe,LB,Auburn,6-0,225.0,4.39,35.5,29.0,126.0,,,True,5.0,168.0,owen pappoe,LB,2023,owen pappoe,100.0,owen pappoe,2022.0,LB,3.0,2.0,2.5,51.0,0.0,3.5,92.0,,,,0.0,1.0,0.0,0.0,,,,,,,,,,,,,,,,,,,,,,,,,,,,,,,,,,,,,,,,
2023,Joseph Ngata,WR,Clemson,6-3,217.0,4.54,34.5,,124.0,,,False,,,joseph ngata,WR,2023,joseph ngata,100.0,joseph ngata,2022.0,WR,,,,,,,,,,,,,,,,,,,,,,,,,,,,,,,,,,,,,,,,,,,,,46.0,41.0,2.0,526.0,12.8,,,,,
2023,Aidan O'Connell,QB,Purdue,6-3,213.0,,,,,,,True,4.0,135.0,aidan oconnell,QB,2023,aidan oconnell,100.0,aidan oconnell,2022.0,QB,,,,,,,,3.0,1.0,0.0,,,,,,,,,,,,,,,,,497.0,319.0,13.0,0.642,22.0,3481.0,7.0,,,,,,,,,,,,,,,,,43.0,24.0,1.0,,
2023,Anfernee Orji,LB,Vanderbilt,6-1,230.0,4.53,38.5,,122.0,7.0,4.43,False,,,anfernee orji,LB,2023,anfernee orji,100.0,anfernee orji,2022.0,LB,0.0,2.0,1.0,52.0,0.0,6.5,106.0,0.0,0.0,4.0,0.0,1.0,0.0,0.0,,,,,,,,,,,,,,,,,,,,,,,,,,,,,,,,,,,,,,,,
2023,DeMarvion Overshown,LB,Texas,6-3,229.0,4.56,,15.0,124.0,,,True,3.0,90.0,demarvion overshown,LB,2023,demarvion overshown,100.0,demarvion overshown,2022.0,LB,5.0,2.0,4.0,49.0,0.0,10.0,95.0,,,,,,,,,,,,,,,,,,,,,,,,,,,,,,,,,,,,,,,,,,,,,,,
2023,Gervarrius Owens,DB,Houston,6-0,195.0,,37.5,15.0,125.0,,,True,7.0,254.0,gervarrius owens,DB,2023,gervarrius owens,100.0,gervarrius owens,2022.0,DB,7.0,0.0,0.0,51.0,0.0,1.0,70.0,0.0,0.0,2.0,24.0,1.0,0.0,24.0,,,,,,,,,,,,,,,,,,,,,,,,,,,,,,,,,,,,,,,,
2023,Trey Palmer,WR,Nebraska,6-0,192.0,4.33,,,,,,True,6.0,191.0,trey palmer,WR,2023,trey palmer,100.0,trey palmer,2022.0,WR,0.0,0.0,0.0,3.0,0.0,0.0,3.0,1.0,1.0,0.0,,,,,22.5,25.0,2.0,0.0,45.0,,,,,,,,,,,,,,,9.0,22.0,4.0,0.0,36.0,,,,,,,87.0,71.0,9.0,1043.0,14.7,5.0,60.0,0.0,75.0,15.0
2023,Justin Shorter,WR,Florida,6-4,229.0,4.55,35.5,18.0,126.0,,,True,5.0,150.0,justin shorter,WR,2023,justin shorter,100.0,justin shorter,2023.0,WR,,,,,,,,,,,,,,,20.6,39.0,14.0,0.0,288.0,,,,,,,,,,,,,,,,,,,,,,,,,,67.0,34.0,3.0,443.0,13.0,1.0,0.0,0.0,0.0,0.0
2023,Cam Smith,CB,South Carolina,6-1,180.0,4.43,38.0,,134.0,,,True,2.0,51.0,cam smith,CB,2023,cam smith,100.0,cam smith,2023.0,CB,4.0,0.0,0.0,18.0,0.0,2.5,26.0,,,,6.0,1.0,0.0,6.0,,,,,,,,,,,,,,,,,,,,,,,,,,,,,,,,,,,,,,,,
2023,Kendre Miller,RB,TCU,5-11,215.0,,,,,,,True,3.0,71.0,kendre miller,RB,2023,kendre miller,100.0,kendre miller,2022.0,RB,,,,,,,,1.0,0.0,0.0,,,,,,,,,,,,,,,,,,,,,,,,,,,,,,,,,,,21.0,16.0,0.0,116.0,7.3,224.0,75.0,17.0,1399.0,6.2
2023,Michael Turk,P,Oklahoma,6-0,227.0,4.83,34.0,,109.0,,,False,,,michael turk,P,2023,michael turk,100.0,michael turk,2022.0,P,0.0,0.0,0.0,0.0,0.0,0.0,1.0,,,,,,,,,,,,,,,,,,,,3.0,2.0,0.0,0.667,1.0,5.0,1.7,,,,,,22.0,67.0,63.0,10.0,2948.0,46.8,,,,,,,,,,
2023,Deuce Vaughn,RB,Kansas St.,5-5,179.0,,35.5,,116.0,,,True,6.0,212.0,deuce vaughn,RB,2023,deuce vaughn,100.0,deuce vaughn,2022.0,RB,,,,,,,,1.0,1.0,0.0,,,,,,,,,,,,,,,,,,,,,,,,,,,,,,,,,,,80.0,42.0,3.0,378.0,9.0,293.0,88.0,9.0,1558.0,5.3
2023,Travis Vokolek,TE,Nebraska,6-6,259.0,,,20.0,115.0,,,False,,,travis vokolek,TE,2023,travis vokolek,100.0,travis vokolek,2022.0,TE,,,,,,,,,,,,,,,,,,,,,,,,,,,,,,,,,,,,,,,,,,,,,56.0,20.0,2.0,240.0,12.0,,,,,
2023,Alex Ward,LS,Central Florida,6-4,240.0,5.06,30.0,12.0,114.0,,4.46,False,,,alex ward,LS,2023,alex ward,100.0,alex ward,2022.0,LS,0.0,0.0,0.0,0.0,0.0,0.0,1.0,,,,,,,,,,,,,,,,,,,,,,,,,,,,,,,,,,,,,,,,,,,,,,,
2023,Darnell Washington,TE,Georgia,6-7,264.0,,31.0,21.0,122.0,,4.08,True,3.0,93.0,darnell washington,TE,2023,darnell washington,100.0,darnell washington,2022.0,TE,0.0,0.0,0.0,1.0,0.0,0.0,1.0,,,,,,,,,,,,,,,,,,,,,,,,,,,,,,,,,,,,,,34.0,28.0,2.0,454.0,16.2,,,,,
2023,Parker Washington,WR,Penn St.,5-10,204.0,,,16.0,,,,True,6.0,185.0,parker washington,WR,2023,parker washington,100.0,parker washington,2022.0,WR,,,,,,,,1.0,0.0,0.0,,,,,,,,,,,,,,,,,,,,,,,,5.5,30.0,18.0,0.0,99.0,,,,,,,58.0,46.0,2.0,611.0,13.3,2.0,4.0,0.0,8.0,4.0
2023,Jalen Wayne,WR,South Alabama,6-2,210.0,4.51,34.5,,124.0,,,False,,,jalen wayne,WR,2023,jalen wayne,100.0,jalen wayne,2022.0,WR,0.0,0.0,0.0,1.0,0.0,0.0,1.0,,,,,,,,,,,,,,,,,,,,,,,,,,,,,,,,,,,,,,64.0,58.0,9.0,819.0,14.1,,,,,
2023,Blake Whiteheart,TE,Wake Forest,6-4,247.0,,35.5,20.0,115.0,,,False,,,blake whiteheart,TE,2023,blake whiteheart,100.0,blake whiteheart,2022.0,TE,0.0,0.0,0.0,2.0,0.0,0.0,2.0,,,,,,,,,,,,,,,,,,,,,,,,,,,,,,,,,,,,,,30.0,24.0,3.0,295.0,12.3,,,,,
2023,Josh Whyle,TE,Cincinnati,6-7,248.0,,33.5,,115.0,,,True,5.0,147.0,josh whyle,TE,2023,josh whyle,100.0,josh whyle,2022.0,TE,0.0,0.0,0.0,1.0,0.0,0.0,1.0,,,,,,,,,,,,,,,,,,,,,,,,,,,,,,,,,,,,,,35.0,32.0,3.0,326.0,10.2,,,,,
2023,Dontayvion Wicks,WR,Virginia,6-1,206.0,4.62,39.0,,130.0,,,True,5.0,159.0,dontayvion wicks,WR,2023,dontayvion wicks,100.0,dontayvion wicks,2022.0,WR,,,,,,,,1.0,1.0,0.0,,,,,,,,,,,,,,,,,,,,,,,,,,,,,,,,,,,44.0,30.0,2.0,430.0,14.3,,,,,
2023,Dorian Williams,LB,Tulane,6-1,228.0,4.49,33.5,,120.0,,,True,3.0,91.0,dorian williams,LB,2023,dorian williams,100.0,dorian williams,2022.0,LB,6.0,3.0,5.0,65.0,0.0,7.5,105.0,,,,6.5,2.0,0.0,13.0,,,,,,,,,,,,,,,,,,,,,,,,,,,,,,,,,,,,,,,,
2023,Brayden Willis,TE,Oklahoma,6-4,241.0,,32.0,20.0,117.0,7.3,4.36,True,7.0,247.0,brayden willis,TE,2023,brayden willis,100.0,brayden willis,2022.0,TE,,,,,,,,1.0,1.0,0.0,,,,,,,,,,,,,,,,,1.0,1.0,0.0,1.0,1.0,24.0,24.0,,,,,,,,,,,,78.0,39.0,7.0,514.0,13.2,10.0,6.0,0.0,26.0,2.6
2023,Michael Wilson,WR,Stanford,6-2,213.0,4.58,37.5,23.0,125.0,,4.27,True,3.0,94.0,michael wilson,WR,2023,michael wilson,100.0,michael wilson,2022.0,WR,0.0,0.0,0.0,2.0,0.0,0.0,2.0,,,,,,,,,,,,,,,,,,,,,,,,,,,,,,,,,,,,,,78.0,26.0,4.0,418.0,16.1,4.0,18.0,0.0,47.0,11.8
2023,Dee Winters,LB,TCU,5-11,227.0,4.49,30.5,,117.0,,,True,6.0,216.0,dee winters,LB,2023,dee winters,100.0,dee winters,2022.0,LB,2.0,7.0,7.5,33.0,1.0,11.5,58.0,0.0,0.0,1.0,29.0,1.0,1.0,29.0,,,,,,,,,,,,,,,,,,,,,,,,,,,,,,,,,,,,,,,,
2023,Colby Wooden,DE,Auburn,6-4,273.0,4.79,,23.0,115.0,,4.52,True,4.0,116.0,colby wooden,DE,2023,colby wooden,100.0,colby wooden,2022.0,DE,3.0,10.0,6.0,36.0,0.0,11.5,45.0,0.0,0.0,3.0,,,,,,,,,,,,,,,,,,,,,,,,,,,,,,,,,,,,,,,,,,,,
2023,Clayton Tune,QB,Houston,6-3,220.0,4.64,37.5,,122.0,6.89,4.25,True,5.0,139.0,clayton tune,QB,2023,clayton tune,100.0,clayton tune,2022.0,QB,0.0,0.0,0.0,2.0,0.0,0.0,2.0,6.0,4.0,0.0,,,,,,,,,,,,,,,,,497.0,334.0,10.0,0.672,40.0,4074.0,8.2,,,,,,,,,,,,,,,,,128.0,55.0,5.0,547.0,4.3
2023,Tre Tucker,WR,Cincinnati,5-9,182.0,4.4,37.5,,124.0,,,True,3.0,100.0,tre tucker,WR,2023,tre tucker,100.0,tre tucker,2022.0,WR,0.0,0.0,0.0,1.0,0.0,0.0,4.0,1.0,0.0,0.0,,,,,21.3,29.0,9.0,0.0,192.0,,,,,,,,,,,,,,,15.3,30.0,3.0,0.0,46.0,,,,,,,55.0,52.0,3.0,672.0,12.9,1.0,8.0,0.0,8.0,8.0
2023,Sean Tucker,RB,Syracuse,5-9,207.0,,,,,,,False,,,sean tucker,RB,2023,sean tucker,100.0,sean tucker,2022.0,RB,,,,,,,,2.0,1.0,0.0,,,,,,,,,,,,,,,,,,,,,,,,,,,,,,,,,,,55.0,36.0,2.0,255.0,7.1,206.0,60.0,11.0,1058.0,5.1
2023,C.J. Stroud,QB,Ohio St.,6-3,214.0,,,,,,,True,1.0,2.0,cj stroud,QB,2023,cj stroud,100.0,cj stroud,2022.0,QB,,,,,,,,2.0,1.0,0.0,,,,,,,,,,,,,,,,,389.0,258.0,6.0,0.663,41.0,3688.0,9.5,,,,,,,,,,,,,,,,,47.0,44.0,0.0,108.0,2.3
2023,Christopher Smith,DB,Georgia,5-11,192.0,4.62,33.0,15.0,116.0,,,True,5.0,170.0,christopher smith,DB,2023,christopher smith,100.0,christopher smith,2022.0,DB,6.0,0.0,1.0,29.0,1.0,4.0,46.0,0.0,0.0,2.0,9.7,3.0,0.0,29.0,,,,,,,,,,,,,,,,,,,,,,,,,,,,,,,,,,,,,,,,
2023,Jaxon Smith-Njigba,WR,Ohio St.,6-1,196.0,,35.0,,125.0,6.57,3.93,True,1.0,20.0,jaxon smithnjigba,WR,2023,jaxon smithnjigba,100.0,jaxon smithnjigba,2022.0,WR,,,,,,,,,,,,,,,,,,,,,,,,,,,,,,,,,,,,,,,,,,,,,21.0,5.0,0.0,43.0,8.6,,,,,
2023,Tyjae Spears,RB,Tulane,5-10,201.0,,39.0,,125.0,,,True,3.0,81.0,tyjae spears,RB,2023,tyjae spears,100.0,tyjae spears,2022.0,RB,,,,,,,,3.0,3.0,0.0,,,,,,,,,,,,,,,,,,,,,,,,,,,,,,,,,,,30.0,22.0,2.0,256.0,11.6,229.0,75.0,19.0,1581.0,6.9
2023,Tyrique Stevenson,CB,Miami,6-0,198.0,4.45,38.5,,125.0,7.09,4.41,True,2.0,56.0,tyrique stevenson,CB,2023,tyrique stevenson,100.0,tyrique stevenson,2022.0,CB,7.0,0.0,0.0,18.0,0.0,1.5,25.0,1.0,1.0,0.0,0.0,1.0,0.0,0.0,,,,,,,,,,,,,,,,,,,,8.8,30.0,4.0,0.0,35.0,,,,,,,,,,,,,,,,
2023,Brenton Strange,TE,Penn St.,6-4,253.0,,36.0,23.0,124.0,7.25,4.46,True,2.0,61.0,brenton strange,TE,2023,brenton strange,100.0,brenton strange,2022.0,TE,0.0,0.0,0.0,2.0,0.0,0.0,2.0,,,,,,,,,,,,,,,,,,,,,,,,,,,,,,,,,,,,,,67.0,32.0,5.0,362.0,11.3,1.0,0.0,0.0,0.0,0.0
2023,Charlie Thomas,LB,Georgia Tech,6-3,216.0,4.52,32.5,18.0,124.0,7.09,4.34,False,,,charlie thomas,LB,2023,charlie thomas,100.0,charlie thomas,2022.0,LB,2.0,3.0,2.0,71.0,0.0,10.5,112.0,0.0,0.0,4.0,14.0,2.0,0.0,28.0,,,,,,,,,,,,,,,,,,,,,,,,,,,,,,,,,,,,,,,,
2023,Tavion Thomas,RB,Utah,6-0,237.0,4.74,30.0,,118.0,,,False,,,tavion thomas,RB,2023,tavion thomas,100.0,tavion thomas,2022.0,RB,0.0,0.0,0.0,1.0,0.0,0.0,1.0,2.0,1.0,0.0,,,,,,,,,,,,,,,,,,,,,,,,,,,,,,,,,,,18.0,6.0,0.0,43.0,7.2,142.0,36.0,7.0,687.0,4.8
2023,SaRodorick Thompson,RB,Texas Tech,6-0,207.0,4.67,32.5,,120.0,7.25,4.7,False,,,sarodorick thompson,RB,2023,sarodorick thompson,100.0,sarodorick thompson,2022.0,RB,,,,,,,,2.0,1.0,0.0,,,,,,,,,,,,,,,,,,,,,,,,,,,,,,,,,,,30.0,23.0,1.0,119.0,5.2,140.0,36.0,7.0,684.0,4.9
2023,Dorian Thompson-Robinson,QB,UCLA,6-2,203.0,4.56,32.5,,121.0,7.28,4.44,True,5.0,140.0,dorian thompsonrobinson,QB,2023,dorian thompsonrobinson,100.0,dorian thompsonrobinson,2022.0,QB,,,,,,,,7.0,3.0,0.0,,,,,,,,,,,,,,,,,381.0,265.0,10.0,0.696,27.0,3153.0,8.3,,,,,,,,,,,,,,,,,117.0,68.0,12.0,647.0,5.5
2023,Cedric Tillman,WR,Tennessee,6-3,213.0,4.54,37.0,,128.0,,,True,3.0,74.0,cedric tillman,WR,2023,cedric tillman,100.0,cedric tillman,2022.0,WR,,,,,,,,,,,,,,,,,,,,,,,,,,,,,,,,,,,,,,,,,,,,,61.0,37.0,3.0,417.0,11.3,,,,,
2023,Mitchell Tinsley,WR,Penn St.,6-0,199.0,4.6,35.5,14.0,120.0,,4.21,False,,,mitchell tinsley,WR,2023,mitchell tinsley,100.0,mitchell tinsley,2022.0,WR,,,,,,,,1.0,0.0,0.0,,,,,,,,,,,,,,,,,,,,,,,,1.0,4.0,4.0,0.0,4.0,,,,,,,34.0,51.0,5.0,577.0,11.3,,,,,
2023,Cory Trice,CB,Purdue,6-3,206.0,4.47,35.5,17.0,132.0,,,True,7.0,241.0,cory trice,CB,2023,cory trice,100.0,cory trice,2022.0,CB,9.0,0.0,0.0,27.0,1.0,2.0,31.0,,,,4.0,2.0,1.0,8.0,,,,,,,,,,,,,,,,,,,,,,,,,,,,,,,,,,,,,,,,
2023,Ventrell Miller,LB,Florida,6-0,232.0,,,,,,,True,4.0,121.0,ventrell miller,LB,2023,ventrell miller,100.0,ventrell miller,2022.0,LB,2.0,7.0,0.0,34.0,0.0,9.0,75.0,0.0,0.0,1.0,,,,,,,,,,,,,,,,,,,,,,,,,,,,,,,,,,,,,,,,,,,,
2023,Kaevon Merriweather,DB,Iowa,6-0,205.0,4.62,35.5,,118.0,,,False,,,kaevon merriweather,DB,2023,kaevon merriweather,100.0,kaevon merriweather,2022.0,DB,3.0,1.0,0.0,36.0,0.0,2.0,47.0,0.0,0.0,2.0,11.0,3.0,0.0,33.0,,,,,,,,,,,,,,,,,,,,,,,,,,,,,,,,,,,,,,,,
2023,Grant DuBose,WR,Charlotte,6-2,201.0,4.57,35.0,,125.0,6.89,4.32,False,,,grant dubose,WR,2023,grant dubose,100.0,grant dubose,2022.0,WR,0.0,0.0,0.0,0.0,1.0,0.0,0.0,1.0,0.0,0.0,,,,,,,,,,,,,,,,,1.0,0.0,0.0,0.0,0.0,0.0,0.0,8.4,16.0,9.0,0.0,76.0,,,,,,,52.0,64.0,9.0,792.0,12.4,,,,,
2023,Rakim Jarrett,WR,Maryland,6-0,192.0,4.44,35.5,13.0,123.0,,,False,,,rakim jarrett,WR,2023,rakim jarrett,100.0,rakim jarrett,2022.0,WR,0.0,0.0,0.0,1.0,0.0,0.0,2.0,,,,,,,,,,,,,,,,,,,,,,,,,,,,,,,,,,,,,,49.0,40.0,3.0,471.0,11.8,3.0,10.0,0.0,15.0,5.0
2023,Malik Heath,WR,Mississippi,6-2,213.0,4.64,34.0,,124.0,6.96,4.46,False,,,malik heath,WR,2023,malik heath,100.0,malik heath,2022.0,WR,0.0,0.0,0.0,1.0,0.0,0.0,1.0,,,,,,,,,,,,,,,,,,,,,,,,,,,,,,,,,,,,,,53.0,60.0,5.0,971.0,16.2,,,,,
2023,DeMarcco Hellams,DB,Alabama,6-1,203.0,4.57,31.0,,121.0,,,True,7.0,224.0,demarcco hellams,DB,2023,demarcco hellams,100.0,demarcco hellams,2022.0,DB,7.0,0.0,1.0,59.0,0.0,3.0,95.0,0.0,0.0,2.0,0.0,1.0,0.0,0.0,,,,,,,,,,,,,,,,,,,,,,,,,,,,,,,,,,,,,,,,
2023,Daiyan Henley,LB,Washington St.,6-1,225.0,4.54,35.0,,125.0,,,True,3.0,85.0,daiyan henley,LB,2023,daiyan henley,100.0,daiyan henley,2022.0,LB,1.0,3.0,4.0,54.0,0.0,12.0,106.0,0.0,0.0,4.0,11.0,1.0,0.0,11.0,,,,,,,,,,,,,,,,,,,,,,,,,,,,,,,36.0,1.0,0.0,36.0,36.0,,,,,
2023,Shaka Heyward,LB,Duke,6-3,235.0,4.53,31.0,22.0,116.0,7.32,4.4,False,,,shaka heyward,LB,2023,shaka heyward,100.0,shaka heyward,2022.0,LB,6.0,1.0,2.0,48.0,0.0,6.0,93.0,0.0,0.0,2.0,4.0,2.0,0.0,8.0,,,,,,,,,,,,,,,,,,,,,,,,,,,,,,,,,,,,,,,,
2023,Elijah Higgins,WR,Stanford,6-3,235.0,4.54,35.0,,126.0,7.01,,True,6.0,197.0,elijah higgins,WR,2023,elijah higgins,100.0,elijah higgins,2022.0,WR,,,,,,,,2.0,1.0,0.0,,,,,,,,,,,,,,,,,,,,,,,,,,,,,,,,,,,51.0,59.0,2.0,704.0,11.9,4.0,18.0,0.0,48.0,12.0
2023,Brandon Hill,DB,Pittsburgh,5-10,193.0,4.43,35.5,15.0,123.0,,,True,7.0,248.0,brandon hill,DB,2023,brandon hill,100.0,brandon hill,2022.0,DB,2.0,0.0,0.0,39.0,0.0,0.5,66.0,0.0,0.0,2.0,,,,,,,,,,,,,,,,,,,,,,,,,,,,,,,,,,,,,,,,,,,,
2023,Tre'Vius Hodges-Tomlinson,CB,TCU,5-8,178.0,4.41,39.0,12.0,132.0,,,True,6.0,182.0,trevius hodgestomlinson,CB,2023,trevius hodgestomlinson,100.0,trevius hodgestomlinson,2022.0,CB,11.0,0.0,0.0,33.0,0.0,2.0,40.0,,,,6.7,3.0,0.0,20.0,,,,,,,,,,,,,,,,,,,,,,,,,,,,,,,,,,,,,,,,
2023,Hendon Hooker,QB,Tennessee,6-3,217.0,,,,,,,True,3.0,68.0,hendon hooker,QB,2023,hendon hooker,100.0,hendon hooker,2022.0,QB,,,,,,,,6.0,3.0,0.0,,,,,,,,,,,,,,,,,329.0,229.0,2.0,0.696,27.0,3135.0,9.5,,,,,,,,,,,,,,,,,104.0,44.0,5.0,430.0,4.1
2023,Jordan Howden,DB,Minnesota,6-0,203.0,4.49,33.5,14.0,119.0,,,True,5.0,146.0,jordan howden,DB,2023,jordan howden,100.0,jordan howden,2022.0,DB,4.0,0.0,0.0,34.0,0.0,2.5,51.0,,,,0.0,2.0,0.0,0.0,,,,,,,,,,,,,,,,,,,,,,,,,,,,,,,,,,,,,,,,
2023,Evan Hull,RB,Northwestern,5-10,209.0,4.47,37.0,,123.0,6.9,4.38,False,,,evan hull,RB,2023,evan hull,100.0,evan hull,2022.0,RB,,,,,,,,3.0,2.0,0.0,,,,,20.1,25.0,9.0,0.0,181.0,,,,,,,,,,,,,,,,,,,,,,,,,,45.0,55.0,2.0,546.0,9.9,221.0,29.0,5.0,913.0,4.1
2023,Xavier Hutchinson,WR,Iowa St.,6-2,203.0,4.53,36.0,,116.0,6.91,4.35,True,6.0,205.0,xavier hutchinson,WR,2023,xavier hutchinson,100.0,xavier hutchinson,2022.0,WR,,,,,,,,,,,,,,,0.0,0.0,1.0,0.0,0.0,,,,,,,,1.0,0.0,0.0,0.0,0.0,0.0,0.0,,,,,,,,,,,,38.0,107.0,6.0,1171.0,10.9,,,,,
2023,Jalin Hyatt,WR,Tennessee,6-0,176.0,4.4,40.0,,135.0,,,True,3.0,73.0,jalin hyatt,WR,2023,jalin hyatt,100.0,jalin hyatt,2022.0,WR,,,,,,,,,,,,,,,,,,,,,,,,,,,,,,,,,,,,,,,,,,,,,78.0,67.0,15.0,1267.0,18.9,1.0,0.0,0.0,0.0,0.0
2023,Mohamed Ibrahim,RB,Minnesota,5-8,203.0,,,,,,,False,,,mohamed ibrahim,RB,2023,mohamed ibrahim,100.0,mohamed ibrahim,2022.0,RB,0.0,0.0,0.0,1.0,0.0,0.0,1.0,2.0,2.0,0.0,,,,,,,,,,,,,,,,,,,,,,,,,,,,,,,,,,,17.0,7.0,0.0,50.0,7.1,320.0,54.0,20.0,1665.0,5.2
2023,Clark Phillips III,CB,Utah,5-9,184.0,4.51,33.0,18.0,,,4.32,True,4.0,113.0,clark phillips,CB,2023,clark phillips,100.0,clark phillips,2022.0,CB,6.0,0.0,1.0,15.0,2.0,2.0,23.0,,,,23.7,6.0,2.0,142.0,,,,,,,,,,,,,,,,,,,,,,,,,,,,,,,,,,,,,,,,
2023,Andrei Iosivas,WR,Princeton,6-3,205.0,4.43,39.0,19.0,128.0,6.85,4.12,False,,,andrei iosivas,WR,2023,andrei iosivas,100.0,andrei iosivas,2022.0,WR,,,,,,,,1.0,0.0,0.0,,,,,,,,,,,,,,,,,,,,,,,,,,,,,,,,,,,65.0,66.0,7.0,943.0,14.3,4.0,12.0,0.0,10.0,2.5
2023,Jadon Haselwood,WR,Arkansas,6-2,215.0,4.66,37.0,,123.0,6.98,4.31,False,,,jadon haselwood,WR,2023,jadon haselwood,100.0,jadon haselwood,2022.0,WR,,,,,,,,2.0,1.0,0.0,,,,,,,,,,,,,,,,,,,,,,,,,,,,,,,,,,,68.0,59.0,3.0,702.0,11.9,8.0,8.0,0.0,7.0,0.9
2023,Jaren Hall,QB,BYU,6-0,207.0,,,,,,,True,5.0,164.0,jaren hall,QB,2023,jaren hall,100.0,jaren hall,2022.0,QB,,,,,,,,5.0,1.0,0.0,,,,,,,,,,,,,,,,,376.0,248.0,6.0,0.66,31.0,3171.0,8.4,,,,,,,,,,,,22.0,3.0,1.0,36.0,12.0,86.0,48.0,3.0,346.0,4.0
2023,Jake Haener,QB,Fresno St.,6-0,207.0,,35.0,,114.0,7.01,,True,4.0,127.0,jake haener,QB,2023,jake haener,100.0,jake haener,2022.0,QB,,,,,,,,2.0,2.0,0.0,,,,,,,,,,,,,,,,,349.0,251.0,3.0,0.719,20.0,2888.0,8.3,,,,,,,,,,,,,,,,,45.0,10.0,2.0,,
2023,Zach Evans,RB,Mississippi,5-11,202.0,,,,,,,True,6.0,215.0,zach evans,RB,2023,zach evans,100.0,zach evans,2023.0,RB,,,,,,,,,,,,,,,,,,,,,,,,,,,,,,,,,,,,,,,,,,,,,13.0,2.0,0.0,15.0,7.5,52.0,18.0,1.0,230.0,4.4
2023,Max Duggan,QB,TCU,6-2,207.0,4.52,30.5,,116.0,7.26,4.45,True,7.0,239.0,max duggan,QB,2023,max duggan,100.0,max duggan,2022.0,QB,,,,,,,,2.0,1.0,0.0,,,,,,,,,,,,,,,,,419.0,267.0,8.0,0.637,32.0,3698.0,8.8,,,,,,,,,,,,1.0,1.0,0.0,1.0,1.0,137.0,67.0,9.0,423.0,3.1
2023,Christopher Dunn,K,North Carolina St.,5-8,175.0,,,,,,,False,,,christopher dunn,K,2023,christopher dunn,100.0,christopher dunn,2022.0,PK,,,,,,,,,,,,,,,,,,,,29.0,28.0,53.0,0.966,114.0,30.0,30.0,,,,,,,,,,,,,,,,,,,,,,,,1.0,1.0,0.0,1.0,1.0
2023,Payne Durham,TE,Purdue,6-6,253.0,,34.5,,117.0,,,True,5.0,171.0,payne durham,TE,2023,payne durham,100.0,payne durham,2022.0,TE,,,,,,,,,,,,,,,,,,,,,,,,,,,,,,,,,,,,,,,,,,,,,56.0,56.0,8.0,560.0,10.0,1.0,4.0,0.0,4.0,4.0
2023,Travis Dye,RB,USC,5-10,201.0,,,,,,,False,,,travis dye,RB,2023,travis dye,100.0,travis dye,2022.0,RB,,,,,,,,1.0,0.0,0.0,,,,,,,,,,,,,,,,,,,,,,,,,,,,,,,,,,,19.0,20.0,0.0,194.0,9.7,145.0,36.0,9.0,884.0,6.1
2023,Ikenna Enechukwu,DE,Rice,6-4,264.0,4.7,31.5,,120.0,,,False,,,ikenna enechukwu,DE,2023,ikenna enechukwu,100.0,ikenna enechukwu,2022.0,DE,0.0,6.0,3.5,15.0,0.0,8.5,33.0,,,,,,,,,,,,,,,,,,,,,,,,,,,,,,,,,,,,,,,,,,,,,,,
2023,Tiyon Evans,RB,Louisville,5-10,225.0,4.52,30.5,,,,,False,,,tiyon evans,RB,2023,tiyon evans,100.0,tiyon evans,2022.0,RB,,,,,,,,3.0,3.0,0.0,,,,,,,,,,,,,,,,,,,,,,,,,,,,,,,,,,,8.0,7.0,0.0,18.0,2.6,83.0,71.0,6.0,525.0,6.3
2023,Zay Flowers,WR,Boston Col.,5-9,182.0,4.42,35.5,,127.0,,,True,1.0,22.0,zay flowers,WR,2023,zay flowers,100.0,zay flowers,2022.0,WR,0.0,0.0,0.0,1.0,0.0,0.0,1.0,4.0,1.0,0.0,,,,,,,,,,,,,,,,,,,,,,,,6.1,16.0,7.0,0.0,43.0,,,,,,,69.0,78.0,12.0,1077.0,13.8,12.0,22.0,0.0,40.0,3.3
2023,Antoine Green,WR,North Carolina,6-2,199.0,4.47,33.5,,123.0,6.99,4.27,True,7.0,219.0,antoine green,WR,2023,antoine green,100.0,antoine green,2022.0,WR,,,,,,,,,,,,,,,20.0,20.0,1.0,0.0,20.0,,,,,,,,,,,,,,,,,,,,,,,,,,80.0,43.0,7.0,798.0,18.6,,,,,
2023,Emmanuel Forbes,CB,Mississippi St.,6-1,166.0,4.35,37.5,,131.0,,,True,1.0,16.0,emmanuel forbes,CB,2023,emmanuel forbes,100.0,emmanuel forbes,2022.0,CB,10.0,0.0,0.0,20.0,3.0,1.0,39.0,,,,29.0,6.0,3.0,174.0,,,,,,,,,,,,,,,,,,,,,,,,,,,,,,,,,,,,,,,,
2023,Mekhi Garner,CB,LSU,6-2,212.0,4.55,38.0,,128.0,,,False,,,mekhi garner,CB,2023,mekhi garner,100.0,mekhi garner,2022.0,CB,4.0,1.0,0.0,26.0,0.0,1.5,42.0,,,,,,,,,,,,,,,,,,,,,,,,,,,,,,,,,,,,,,,,,,,,,,,
2023,Jahmyr Gibbs,RB,Alabama,5-9,199.0,4.36,33.5,,,,,True,1.0,12.0,jahmyr gibbs,RB,2023,jahmyr gibbs,100.0,jahmyr gibbs,2022.0,RB,,,,,,,,,,,,,,,21.2,57.0,12.0,0.0,254.0,,,,,,,,,,,,,,,,,,,,,,,,,,60.0,44.0,3.0,444.0,10.1,151.0,76.0,7.0,926.0,6.1
2023,Noah Gindorff,TE,North Dakota St.,6-6,263.0,,,16.0,,,,False,,,noah gindorff,TE,2023,noah gindorff,100.0,noah gindorff,2022.0,TE,,,,,,,,,,,,,,,,,,,,,,,,,,,,,,,,,,,,,,,,,,,,,24.0,6.0,1.0,74.0,12.3,,,,,
2023,Jalen Graham,LB,Purdue,6-2,220.0,4.64,30.5,,112.0,,,True,7.0,255.0,jalen graham,LB,2023,jalen graham,100.0,jalen graham,2022.0,LB,5.0,1.0,1.0,34.0,0.0,5.0,48.0,,,,29.0,1.0,0.0,29.0,,,,,,,,,,,,,,,,,,,,,,,,,,,,,,,,,,,,,,,,
2023,Eric Gray,RB,Oklahoma,5-10,207.0,,37.5,,118.0,,,True,5.0,172.0,eric gray,RB,2023,eric gray,100.0,eric gray,2022.0,RB,0.0,0.0,0.0,1.0,0.0,0.0,1.0,1.0,1.0,0.0,,,,,,,,,,,,,,,,,2.0,1.0,1.0,0.5,0.0,0.0,0.0,,,,,,,,,,,,24.0,33.0,0.0,229.0,6.9,213.0,54.0,11.0,1364.0,6.4
2023,Kearis Jackson,WR,Georgia,5-11,196.0,4.55,,,126.0,,,False,,,kearis jackson,WR,2023,kearis jackson,100.0,kearis jackson,2022.0,WR,,,,,,,,,,,,,,,22.0,36.0,17.0,0.0,374.0,,,,,,,,,,,,,,,17.0,28.0,3.0,0.0,51.0,,,,,,,35.0,21.0,0.0,320.0,15.2,1.0,0.0,0.0,,
2023,Michael Jefferson,WR,Louisiana,6-4,199.0,4.56,37.0,16.0,133.0,7.03,4.56,False,,,michael jefferson,WR,2023,michael jefferson,100.0,michael jefferson,2022.0,WR,0.0,0.0,0.0,3.0,0.0,0.0,5.0,1.0,1.0,2.0,,,,,,,,,,,,,,,,,,,,,,,,,,,,,,,,,,,63.0,51.0,7.0,810.0,15.9,,,,,
2023,Tanner McKee,QB,Stanford,6-6,231.0,,33.0,,114.0,7.22,4.41,True,6.0,188.0,tanner mckee,QB,2023,tanner mckee,100.0,tanner mckee,2022.0,QB,0.0,0.0,0.0,1.0,0.0,0.0,1.0,3.0,2.0,0.0,,,,,,,,,,,,,,,,,426.0,264.0,8.0,0.62,13.0,2947.0,6.9,,,,,,,,,,,,,,,,,74.0,19.0,2.0,,
2023,Jaray Jenkins,WR,LSU,6-2,204.0,4.6,29.5,20.0,,,,False,,,jaray jenkins,WR,2023,jaray jenkins,100.0,jaray jenkins,2022.0,WR,0.0,0.0,0.0,5.0,0.0,0.0,8.0,,,,,,,,,,,,,,,,,,,,,,,,,,,,,,,,,,,,,,54.0,27.0,6.0,404.0,15.0,,,,,
2023,Malik Knowles,WR,Kansas St.,6-2,196.0,,,,,,,False,,,malik knowles,WR,2023,malik knowles,100.0,malik knowles,2022.0,WR,,,,,,,,2.0,1.0,0.0,,,,,25.7,69.0,23.0,0.0,592.0,,,,,,,,1.0,1.0,0.0,1.0,0.0,11.0,11.0,,,,,,,,,,,,68.0,48.0,2.0,725.0,15.1,8.0,75.0,3.0,164.0,20.5
2023,Adam Korsak,P,Rutgers,6-1,187.0,,,,,,,False,,,adam korsak,P,2023,adam korsak,100.0,adam korsak,2022.0,P,,,,,,,,,,,,,,,,,,,,,,,,,,,,,,,,,,,,,,,33.0,77.0,75.0,2.0,3297.0,44.0,,,,,,,,,,
2023,Tucker Kraft,TE,South Dakota St.,6-5,254.0,,34.0,23.0,122.0,7.08,4.29,False,,,tucker kraft,TE,2023,tucker kraft,100.0,tucker kraft,2022.0,TE,,,,,,,,,,,,,,,30.0,30.0,1.0,0.0,30.0,,,,,,,,,,,,,,,,,,,,,,,,,,57.0,22.0,2.0,289.0,13.1,2.0,3.0,0.0,6.0,3.0
2023,Zack Kuntz,TE,Old Dominion,6-7,255.0,,40.0,23.0,128.0,6.87,4.12,False,,,zack kuntz,TE,2023,zack kuntz,100.0,zack kuntz,2022.0,TE,0.0,0.0,0.0,1.0,0.0,0.0,1.0,,,,,,,,,,,,,,,,,,,,,,,,,,,,,,,,,,,,,,34.0,12.0,2.0,144.0,12.0,,,,,
2023,Tyler Lacy,DE,Oklahoma St.,6-4,279.0,5.11,28.5,30.0,116.0,7.6,,True,4.0,130.0,tyler lacy,DE,2023,tyler lacy,100.0,tyler lacy,2022.0,DE,1.0,4.0,3.0,12.0,0.0,8.5,27.0,0.0,0.0,1.0,,,,,,,,,,,,,,,,,,,,,,,,,,,,,,,,,,,,,,,,,,,,
2023,Matt Landers,WR,Arkansas,6-4,200.0,4.37,37.0,,130.0,,,False,,,matt landers,WR,2023,matt landers,100.0,matt landers,2022.0,WR,,,,,,,,,,,,,,,,,,,,,,,,,,,,,,,,,,,,,,,,,,,,,59.0,47.0,8.0,901.0,19.2,2.0,15.0,0.0,21.0,10.5
2023,Sam LaPorta,TE,Iowa,6-3,245.0,,35.0,,123.0,6.91,4.25,True,2.0,34.0,sam laporta,TE,2023,sam laporta,100.0,sam laporta,2022.0,TE,0.0,0.0,0.0,2.0,0.0,0.0,2.0,,,,,,,,,,,,,,,,,,,,,,,,,,,,,,,,,,,,,,58.0,58.0,1.0,656.0,11.3,2.0,6.0,0.0,6.0,3.0
2023,Cameron Latu,TE,Alabama,6-4,242.0,,,,,,,True,3.0,101.0,cameron latu,TE,2023,cameron latu,100.0,cameron latu,2022.0,TE,,,,,,,,,,,,,,,,,,,,,,,,,,,,,,,,,,,,,,,,,,,,,38.0,30.0,4.0,377.0,12.6,,,,,
2023,Will Levis,QB,Kentucky,6-4,229.0,,34.0,,124.0,,,True,2.0,33.0,will levis,QB,2023,will levis,100.0,will levis,2022.0,QB,0.0,0.0,0.0,2.0,0.0,0.0,2.0,3.0,2.0,0.0,,,,,,,,,,,,,,,,,283.0,185.0,10.0,0.654,19.0,2406.0,8.5,,,,,,,,,,,,,,,,,73.0,24.0,2.0,,
2023,Hunter Luepke,FB,North Dakota St.,6-1,230.0,,,,,,,False,,,hunter luepke,FB,2023,hunter luepke,100.0,hunter luepke,2022.0,FB,,,,,,,,2.0,0.0,0.0,,,,,,,,,,,,,,,,,,,,,,,,,,,,,,,,,,,31.0,14.0,4.0,196.0,14.0,98.0,47.0,9.0,619.0,6.3
2023,Will Mallory,TE,Miami,6-5,239.0,,36.5,20.0,121.0,,,True,5.0,162.0,will mallory,TE,2023,will mallory,100.0,will mallory,2022.0,TE,0.0,0.0,0.0,1.0,0.0,0.0,1.0,1.0,1.0,0.0,,,,,,,,,,,,,,,,,,,,,,,,,,,,,,,,,,,39.0,42.0,3.0,538.0,12.8,,,,,
2023,Jartavius Martin,DB,Illinois,5-11,194.0,4.46,44.0,15.0,133.0,,,True,2.0,47.0,jartavius martin,DB,2023,jartavius martin,100.0,jartavius martin,2022.0,DB,11.0,1.0,1.0,47.0,0.0,3.0,59.0,,,,0.0,3.0,0.0,0.0,,,,,,,,,,,,,,,,,,,,,,,,,,,,,,,,,,,,,,,,
2023,Michael Mayer,TE,Notre Dame,6-5,249.0,,32.5,,118.0,,,True,2.0,35.0,michael mayer,TE,2023,michael mayer,100.0,michael mayer,2022.0,TE,0.0,0.0,0.0,1.0,0.0,0.0,1.0,1.0,0.0,0.0,,,,,,,,,,,,,,,,,,,,,,,,,,,,,,,,,,,37.0,67.0,9.0,809.0,12.1,,,,,
2023,DeWayne McBride,RB,Alabama-Birmingham,5-10,209.0,,,,,,,False,,,dewayne mcbride,RB,2023,dewayne mcbride,100.0,dewayne mcbride,2022.0,RB,,,,,,,,5.0,4.0,0.0,,,,,,,,,,,,,,,,,,,,,,,,,,,,,,,,,,,6.0,2.0,0.0,10.0,5.0,233.0,68.0,19.0,1710.0,7.3
2023,Kenny McIntosh,RB,Georgia,6-0,204.0,4.62,,,,,,True,7.0,237.0,kenny mcintosh,RB,2023,kenny mcintosh,100.0,kenny mcintosh,2022.0,RB,,,,,,,,2.0,1.0,0.0,,,,,,,,,,,,,,,,,,,,,,,,,,,,,,,,,,,83.0,43.0,2.0,504.0,11.7,150.0,52.0,10.0,829.0,5.5
2023,Dalton Kincaid,TE,Utah,6-4,246.0,,,,,,,True,1.0,25.0,dalton kincaid,TE,2023,dalton kincaid,100.0,dalton kincaid,2022.0,TE,0.0,0.0,0.0,1.0,0.0,0.0,1.0,,,,,,,,,,,,,,,,,,,,,,,,,,,,,,,,,,,,,,37.0,70.0,8.0,890.0,12.7,,,,,
2023,Kyu Blu Kelly,CB,Stanford,6-0,191.0,4.52,36.0,,131.0,,,False,,,kyu blu kelly,CB,2023,kyu blu kelly,100.0,kyu blu kelly,2022.0,CB,6.0,0.0,0.0,25.0,0.0,0.0,34.0,,,,,,,,,,,,,,,,,,,,,,,,,,,,,,,,,,,,,,,,,,,,,,,
2023,Joey Porter Jr.,CB,Penn St.,6-3,193.0,4.46,35.0,17.0,129.0,,,True,2.0,32.0,joey porter,CB,2023,joey porter,100.0,joey porter,2022.0,CB,8.0,1.0,0.0,21.0,0.0,0.0,27.0,0.0,0.0,2.0,,,,,,,,,,,,,,,,,,,,,,,,,,,,,,,,,,,,,,,,,,,,
2023,Jaylon Jones,CB,Texas A&M,6-2,200.0,4.57,38.0,14.0,122.0,6.88,4.3,True,7.0,221.0,jaylon jones,CB,2023,jaylon jones,100.0,jaylon jones,2022.0,DB,2.0,0.0,0.0,27.0,0.0,0.0,33.0,0.0,0.0,2.0,,,,,,,,,,,,,,,,,,,,,,,,,,,,,,,,,,,,,,,,,,,,
2023,CJ Johnson,WR,East Carolina,6-2,224.0,,,,,,,False,,,cj johnson,WR,2023,cj johnson,100.0,cj johnson,2023.0,WR,,,,,,,,,,,,,,,,,,,,,,,,,,,,,,,,,,,,,,,,,,,,,11.0,4.0,0.0,32.0,8.0,,,,,
2023,Roschon Johnson,RB,Texas,6-0,219.0,4.58,31.5,,122.0,,,True,4.0,115.0,roschon johnson,RB,2023,roschon johnson,100.0,roschon johnson,2022.0,RB,0.0,0.0,0.0,5.0,0.0,0.0,7.0,1.0,1.0,0.0,,,,,19.5,24.0,2.0,0.0,39.0,,,,,,,,,,,,,,,,,,,,,,,,,,38.0,14.0,1.0,128.0,9.1,93.0,52.0,5.0,554.0,6.0
2023,Quentin Johnston,WR,TCU,6-3,208.0,,40.5,,134.0,,,True,1.0,21.0,quentin johnston,WR,2023,quentin johnston,100.0,quentin johnston,2022.0,WR,,,,,,,,1.0,1.0,0.0,,,,,,,,,,,,,,,,,,,,,,,,,,,,,,,,,,,76.0,60.0,6.0,1069.0,17.8,3.0,2.0,0.0,,
2023,Cam Jones,LB,Indiana,6-1,226.0,4.69,33.0,17.0,,,,False,,,cam jones,LB,2023,cam jones,100.0,cam jones,2022.0,LB,1.0,2.0,1.0,24.0,0.0,3.0,54.0,0.0,0.0,1.0,,,,,,,,,,,,,,,,,,,,,,,,,,,,,,,,,,,,,,,,,,,,
2023,Charlie Jones,WR,Purdue,5-11,175.0,4.43,36.5,13.0,124.0,,,True,4.0,131.0,charlie jones,WR,2023,charlie jones,100.0,charlie jones,2022.0,WR,,,,,,,,1.0,1.0,0.0,,,,,15.6,19.0,5.0,0.0,78.0,,,,,,,,,,,,,,,6.3,40.0,18.0,0.0,114.0,,,,,,,60.0,110.0,12.0,1361.0,12.4,2.0,2.0,0.0,3.0,1.5
2023,Nic Jones,CB,Ball St.,6-0,189.0,4.51,34.5,,122.0,,4.34,True,7.0,250.0,nic jones,CB,2023,nic jones,100.0,nic jones,2022.0,CB,12.0,0.0,0.0,15.0,0.0,0.0,22.0,,,,6.0,2.0,0.0,12.0,13.5,18.0,2.0,0.0,27.0,,,,,,,,,,,,,,,,,,,,,,,,,,,,,,,,,,,
2023,Ivan Pace Jr.,LB,Cincinnati,5-11,231.0,,,,,,,False,,,ivan pace,LB,2023,ivan pace,100.0,ivan pace,2022.0,LB,4.0,7.0,10.0,49.0,0.0,20.5,121.0,,,,,,,,,,,,,,,,,,,,,,,,,,,,,,,,,,,,,,,,,,,,,,,
2023,Anthony Johnson Jr.,DB,Iowa St.,6-0,205.0,4.54,37.5,,125.0,,,False,,,anthony johnson,DB,2023,anthony johnson,100.0,anthony johnson,2023.0,DB,5.0,0.0,0.0,24.0,0.0,1.0,36.0,0.0,0.0,1.0,3.0,4.0,0.0,12.0,,,,,,,,,,,,,,,,,,,,,,,,,,,,,,,,,,,,,,,,
2023,Chris Rodriguez Jr.,RB,Kentucky,6-0,217.0,,,,,,,False,,,chris rodriguez,RB,2023,chris rodriguez,100.0,chris rodriguez,2022.0,RB,,,,,,,,1.0,1.0,0.0,,,,,,,,,,,,,,,,,,,,,,,,,,,,,,,,,,,17.0,5.0,0.0,41.0,8.2,174.0,72.0,6.0,903.0,5.2
2023,Dontay Demus Jr.,WR,Maryland,6-3,212.0,4.57,35.5,,123.0,,4.39,False,,,dontay demus,WR,2023,dontay demus,100.0,dontay demus,2022.0,WR,,,,,,,,,,,,,,,,,,,,,,,,,,,,,,,,,,,,,,,,,,,,,35.0,22.0,1.0,233.0,10.6,,,,,
2023,Darrell Luter Jr.,CB,South Alabama,6-0,189.0,4.46,40.5,,123.0,6.9,4.43,True,5.0,155.0,darrell luter,CB,2023,darrell luter,100.0,darrell luter,2022.0,CB,5.0,1.0,0.0,25.0,0.0,0.5,37.0,1.0,1.0,0.0,21.0,1.0,0.0,21.0,,,,,,,,,,,,,,,,,,,,,,,,,,,,,,,,,,,,,,,,
2022,Haskell Garrett,DT,Ohio St.,6-2,300.0,5.07,24.0,,,,,False,,,haskell garrett,DT,2022,haskell garrett,100.0,haskell garrett,2021.0,DT,1.0,0.0,5.5,12.0,1.0,7.0,22.0,0.0,0.0,3.0,,,,,,,,,,,,,,,,,,,,,,,,,,,,,,,,,,,,,,,,,,,,
2022,Ahmad Gardner,CB,Cincinnati,6-3,190.0,4.41,,,,,,True,1.0,4.0,ahmad gardner,CB,2022,ahmad gardner,100.0,ahmad gardner,2021.0,CB,4.0,1.0,3.0,28.0,1.0,5.0,40.0,,,,2.3,3.0,0.0,7.0,,,,,,,,,,,,,,,,,,,,,,,,,,,,,,,,,,,,,,,,
2022,Ty Fryfogle,WR,Indiana,6-1,204.0,4.53,39.0,,127.0,,,False,,,ty fryfogle,WR,2022,ty fryfogle,100.0,ty fryfogle,2021.0,WR,,,,,,,,1.0,1.0,0.0,,,,,,,,,,,,,,,,,,,,,,,,,0.0,3.0,0.0,,,,,,,,52.0,46.0,1.0,512.0,11.1,4.0,13.0,0.0,34.0,8.5
2021,JR Pace,DB,Northwestern,6-1,205.0,4.72,35.5,12.0,120.0,6.94,4.24,False,,,pace,DB,2021,pace,100.0,pace,2020.0,DB,3.0,1.0,0.0,25.0,0.0,1.5,41.0,,,,0.0,1.0,0.0,0.0,,,,,,,,,,,,,,,,,,,,,,,,,,,,,,,,,,,,,,,,
2021,Jamie Newman,QB,Georgia,6-2,234.0,,,,,,,False,,,jamie newman,QB,2021,jamie newman,100.0,jamie newman,2019.0,QB,,,,,,,,5.0,2.0,0.0,,,,,,,,,,,,,,,,,361.0,220.0,11.0,0.609,26.0,2868.0,7.9,,,,,,,,,,,,,,,,,180.0,50.0,6.0,574.0,3.2
2021,Dazz Newsome,WR,North Carolina,5-10,190.0,4.59,34.0,12.0,121.0,7.38,4.38,True,6.0,221.0,dazz newsome,WR,2021,dazz newsome,100.0,dazz newsome,2020.0,WR,0.0,0.0,0.0,1.0,0.0,0.0,1.0,1.0,1.0,0.0,,,,,19.0,19.0,1.0,0.0,19.0,,,,,,,,,,,,,,,9.9,38.0,17.0,0.0,168.0,,,,,,,75.0,54.0,6.0,684.0,12.7,2.0,15.0,1.0,21.0,10.5
2021,Greg Newsome,DB,Northwestern,6-0,192.0,4.39,40.0,18.0,123.0,6.9,4.26,True,1.0,26.0,greg newsome,DB,2021,greg newsome,100.0,greg newsome,2020.0,DB,9.0,0.0,0.0,8.0,0.0,0.0,12.0,,,,0.0,1.0,0.0,0.0,,,,,,,,,,,,,,,,,,,,,,,,,,,,,,,,,,,,,,,,
2021,Nick Niemann,LB,Iowa,6-3,234.0,4.45,33.5,,121.0,6.67,4.14,False,,,nick niemann,LB,2021,nick niemann,100.0,nick niemann,2020.0,LB,0.0,0.0,0.0,37.0,0.0,2.5,77.0,0.0,0.0,1.0,,,,,,,,,,,,,,,,,,,,,,,,,,,,,,,,,,,,,,,,,,,,
2021,Daviyon Nixon,DT,Iowa,6-3,313.0,4.9,28.5,,106.0,7.68,4.7,True,5.0,158.0,daviyon nixon,DT,2021,daviyon nixon,100.0,daviyon nixon,2020.0,DT,0.0,1.0,5.5,22.0,1.0,13.5,45.0,,,,71.0,1.0,1.0,71.0,,,,,,,,,,,,,,,,,,,,,,,,,,,,,,,,,,,,,,,,
2021,Tre Nixon,WR,Central Florida,6-0,187.0,4.44,35.5,18.0,125.0,6.81,4.27,True,7.0,242.0,tre nixon,WR,2021,tre nixon,100.0,tre nixon,2020.0,WR,,,,,,,,,,,,,,,,,,,,,,,,,,,,,,,,,,,,,,,,,,,,,51.0,18.0,2.0,258.0,14.3,,,,,
2021,Tre Norwood,DB,Oklahoma,5-11,192.0,4.58,33.5,12.0,123.0,7.65,4.45,True,7.0,245.0,tre norwood,DB,2021,tre norwood,100.0,tre norwood,2020.0,DB,2.0,0.0,0.0,13.0,1.0,0.0,23.0,,,,19.6,5.0,1.0,98.0,,,,,,,,,,,,,,,,,,,,,,,,,,,,,,,,,,,,,,,,
2021,Antonio Nunn,WR,Buffalo,5-11,204.0,4.5,33.5,15.0,120.0,7.12,4.32,False,,,antonio nunn,WR,2021,antonio nunn,100.0,antonio nunn,2020.0,WR,,,,,,,,,,,,,,,1.0,2.0,2.0,0.0,2.0,,,,,,,,,,,,,,,,,,,,,,,,,,82.0,36.0,2.0,579.0,16.1,,,,,
2021,Dayo Odeyingbo,DL,Vanderbilt,6-5,276.0,,,,,,,True,2.0,54.0,dayo odeyingbo,DL,2021,dayo odeyingbo,100.0,dayo odeyingbo,2020.0,DL,1.0,9.0,5.5,15.0,0.0,8.0,32.0,,,,,,,,,,,,,,,,,,,,,,,,,,,,,,,,,,,,,,,,,,,,,,,
2021,Nick Oelrich,DB,Florida,6-0,203.0,4.68,33.5,13.0,117.0,7.28,4.4,False,,,nick oelrich,DB,2021,nick oelrich,100.0,nick oelrich,2021.0,DB,0.0,0.0,0.0,3.0,0.0,0.0,3.0,,,,,,,,,,,,,,,,,,,,,,,,,,,,,,,,,,,,,,,,,,,,,,,
2021,Amen Ogbongbemiga,LB,Oklahoma St.,6-0,231.0,4.66,32.0,24.0,112.0,7.32,4.28,False,,,amen ogbongbemiga,LB,2021,amen ogbongbemiga,100.0,amen ogbongbemiga,2020.0,LB,0.0,3.0,2.0,50.0,0.0,5.0,80.0,0.0,0.0,3.0,,,,,,,,,,,,,,,,,,,,,,,,,,,,,,,,,,,,,,,,,,,,
2021,Adetokunbo Ogundeji,DL,Notre Dame,6-4,260.0,4.75,32.0,22.0,120.0,7.17,4.64,True,5.0,182.0,adetokunbo ogundeji,DL,2021,adetokunbo ogundeji,100.0,adetokunbo ogundeji,2020.0,DL,0.0,6.0,7.0,15.0,0.0,7.0,23.0,0.0,0.0,1.0,,,,,,,,,,,,,,,,,,,,,,,,,,,,,,,,,,,,,,,,,,,,
2021,Levi Onwuzurike,DL,Washington,6-2,290.0,4.89,30.0,29.0,109.0,,,True,2.0,41.0,levi onwuzurike,DL,2021,levi onwuzurike,100.0,levi onwuzurike,2019.0,DL,0.0,0.0,2.0,20.0,0.0,6.0,45.0,,,,,,,,,,,,,,,,,,,,,,,,,,,12.0,12.0,1.0,0.0,12.0,,,,,,,,,,,,,,,,
2021,Joseph Ossai,LB,Texas,6-3,256.0,4.63,41.5,19.0,131.0,,,True,3.0,69.0,joseph ossai,LB,2021,joseph ossai,100.0,joseph ossai,2020.0,LB,2.0,2.0,5.5,25.0,0.0,15.5,55.0,0.0,0.0,2.0,,,,,,,,,,,,,,,,,,,,,,,,,,,,,,,,,,,,,,,,,,,,
2021,Jayson Oweh,DE,Penn St.,6-5,257.0,4.36,39.5,21.0,134.0,6.83,4.21,True,1.0,31.0,jayson oweh,DE,2021,jayson oweh,100.0,jayson oweh,2020.0,DE,1.0,1.0,0.0,20.0,0.0,6.5,38.0,,,,,,,,,,,,,,,,,,,,,,,,,,,,,,,,,,,,,,,,,,,,,,,
2021,Royce Newman,OL,Mississippi,6-5,310.0,5.14,28.0,23.0,104.0,7.91,4.75,False,,,royce newman,OL,2021,royce newman,100.0,royce newman,2020.0,OL,0.0,0.0,0.0,0.0,0.0,0.0,1.0,,,,,,,,,,,,,,,,,,,,,,,,,,,,,,,,,,,,,,,,,,,,,,,
2021,Ryan Neuzil,OL,Appalachian St.,6-2,301.0,5.09,29.0,30.0,102.0,7.41,4.53,False,,,ryan neuzil,OL,2021,ryan neuzil,100.0,ryan neuzil,2020.0,OL,0.0,0.0,0.0,1.0,0.0,0.0,1.0,,,,,,,,,,,,,,,,,,,,,,,,,,,,,,,,,,,,,,,,,,,,,,,
2021,Lorenzo Neal,DT,Purdue,,318.0,5.59,,27.0,,,,False,,,lorenzo neal,DT,2021,lorenzo neal,100.0,lorenzo neal,2020.0,DT,2.0,0.0,0.0,6.0,0.0,1.5,10.0,,,,,,,,,,,,,,,,,,,,,,,,,,,,,,,,,,,,,,,,,,,,,,,
2021,David Moore,QB,Central Michigan,6-0,200.0,4.86,29.5,,112.0,7.62,4.75,False,,,david moore,QB,2021,david moore,100.0,david moore,2020.0,QB,1.0,0.0,0.0,0.0,0.0,0.0,0.0,,,,,,,,,,,,,,,,,,,,,,,,,,,,,,,,,,,,,,,,,,,,,,,
2021,Andre Mintze,LB,Vanderbilt,6-2,253.0,4.59,,18.0,119.0,,,False,,,andre mintze,LB,2021,andre mintze,100.0,andre mintze,2020.0,LB,1.0,2.0,3.0,11.0,0.0,5.5,21.0,0.0,0.0,1.0,,,,,,,,,,,,,,,,,,,,,,,,,,,,,,,,,,,,,,,,,,,,
2021,Elijah Mitchell,RB,Louisiana,5-10,201.0,4.38,37.5,17.0,128.0,6.94,4.19,True,6.0,194.0,elijah mitchell,RB,2021,elijah mitchell,100.0,elijah mitchell,2020.0,RB,,,,,,,,2.0,0.0,0.0,,,,,16.4,27.0,5.0,0.0,82.0,,,,,,,,,,,,,,,,,,,,,,,,,,36.0,16.0,0.0,153.0,9.6,141.0,59.0,8.0,878.0,6.2
2021,Elijah Molden,DB,Washington,5-9,192.0,4.62,36.5,13.0,125.0,,,True,3.0,100.0,elijah molden,DB,2021,elijah molden,100.0,elijah molden,2020.0,DB,1.0,0.0,0.0,21.0,0.0,1.0,26.0,,,,24.0,1.0,0.0,24.0,,,,,,,,,,,,,,,,,,,,,,,,,,,,,,,,,,,,,,,,
2021,Briley Moore,TE,Kansas St.,6-4,240.0,4.66,37.5,26.0,123.0,7.24,4.37,False,,,briley moore,TE,2021,briley moore,100.0,briley moore,2020.0,TE,0.0,0.0,0.0,1.0,0.0,0.0,1.0,,,,,,,,,,,,,,,,,,,,,,,,,,,,,,,,,,,,,,66.0,22.0,3.0,338.0,15.4,,,,,
2021,Jaylon Moore,OT,West. Michigan,6-4,311.0,5.25,30.0,27.0,106.0,7.77,4.67,False,,,jaylon moore,OT,2021,jaylon moore,100.0,jaylon moore,2019.0,OT,1.0,0.0,0.0,0.0,0.0,0.0,0.0,,,,,,,,,,,,,,,,,,,,,,,,,,,,,,,,,,,,,,,,,,,,,,,
2021,Elijah Moore,WR,Mississippi,,,4.35,36.0,17.0,121.0,6.63,4.07,True,2.0,34.0,elijah moore,WR,2021,elijah moore,100.0,elijah moore,2020.0,WR,0.0,0.0,0.0,2.0,0.0,0.0,2.0,1.0,0.0,0.0,,,,,,,,,,,,,,,,,1.0,1.0,0.0,1.0,0.0,2.0,2.0,3.7,10.0,3.0,0.0,11.0,,,,,,,91.0,86.0,8.0,1193.0,13.9,14.0,13.0,0.0,64.0,4.6
2021,Hamsah Nasirildeen,DB,Florida St.,6-3,215.0,,32.0,17.0,,7.05,4.31,True,6.0,186.0,hamsah nasirildeen,DB,2021,hamsah nasirildeen,100.0,hamsah nasirildeen,2020.0,DB,1.0,0.0,0.0,5.0,0.0,1.5,13.0,,,,25.0,1.0,0.0,25.0,,,,,,,,,,,,,,,,,,,,,,,,,,,,,,,,,,,,,,,,
2021,Rondale Moore,WR,Purdue,5-7,180.0,4.28,42.5,,,6.65,4.06,True,2.0,49.0,rondale moore,WR,2021,rondale moore,100.0,rondale moore,2020.0,WR,,,,,,,,,,,,,,,,,,,,,,,,,,,,,,,,,,,,,,,,,,,,,33.0,35.0,0.0,270.0,7.7,6.0,11.0,1.0,32.0,5.3
2021,Quintin Morris,TE,Bowling Green,6-2,243.0,4.6,34.0,22.0,119.0,7.12,4.55,False,,,quintin morris,TE,2021,quintin morris,100.0,quintin morris,2020.0,TE,,,,,,,,,,,,,,,,,,,,,,,,,,,,,,,,,,,,,,,,,,,,,53.0,20.0,0.0,248.0,12.4,,,,,
2021,Jimmy Morrissey,OL,Pittsburgh,6-3,303.0,5.31,31.0,26.0,105.0,7.39,4.47,True,7.0,230.0,jimmy morrissey,OL,2021,jimmy morrissey,100.0,jimmy morrissey,2019.0,OL,0.0,0.0,0.0,1.0,0.0,0.0,1.0,,,,,,,,,,,,,,,,,,,,,,,,,,,,,,,,,,,,,,,,,,,,,,,
2021,E.J. Muhammad,DB,Nevada,5-10,184.0,4.72,31.0,,116.0,7.35,4.4,False,,,ej muhammad,DB,2021,ej muhammad,100.0,ej muhammad,2020.0,DB,3.0,0.0,0.0,17.0,0.0,3.5,32.0,,,,32.0,1.0,0.0,32.0,,,,,,,,,,,,,,,,,,,,,,,,,,,,,,,,,,,,,,,,
2021,Israel Mukuamu,DB,South Carolina,,,,36.0,34.0,,,,True,6.0,227.0,israel mukuamu,DB,2021,israel mukuamu,100.0,israel mukuamu,2020.0,DB,0.0,0.0,0.0,6.0,0.0,0.0,10.0,,,,28.0,2.0,0.0,56.0,,,,,,,,,,,,,,,,,,,,,,,,,,,,,,,,,,,,,,,,
2021,Jonathan Nance,WR,Missouri,,,,,,,,,False,,,jonathan nance,WR,2021,jonathan nance,100.0,jonathan nance,2019.0,WR,0.0,0.0,0.0,1.0,0.0,0.0,1.0,,,,,,,,,,,,,,,,,,,,,,,,,,,,,,,,,,,,,,64.0,31.0,4.0,458.0,14.8,1.0,4.0,0.0,4.0,4.0
2021,Jeremiah Owusu-Koramoah,LB,Notre Dame,6-1,221.0,,36.5,,124.0,6.8,4.15,True,2.0,52.0,jeremiah owusukoramoah,LB,2021,jeremiah owusukoramoah,100.0,jeremiah owusukoramoah,2020.0,LB,3.0,1.0,1.5,41.0,0.0,11.0,61.0,0.0,0.0,2.0,0.0,1.0,0.0,0.0,,,,,,,,,,,,,,,,,,,,,,,,,,,,,,,,,,,,,,,,
2021,AJ Parker,DB,Kansas St.,5-11,182.0,4.53,33.5,10.0,117.0,7.02,4.37,False,,,aj parker,DB,2021,aj parker,100.0,aj parker,2020.0,DB,4.0,0.0,0.0,32.0,1.0,3.5,40.0,,,,37.0,1.0,1.0,37.0,,,,,,,,,,,,,,,,,,,,7.0,0.0,1.0,0.0,7.0,,,,,,,,,,,,,,,,
2021,Dedrick Mills,RB,Nebraska,5-9,217.0,4.65,32.5,13.0,117.0,7.06,4.35,False,,,dedrick mills,RB,2021,dedrick mills,100.0,dedrick mills,2020.0,RB,,,,,,,,3.0,0.0,0.0,,,,,,,,,,,,,,,,,,,,,,,,,,,,,,,,,,,15.0,13.0,0.0,84.0,6.5,84.0,50.0,3.0,396.0,4.7
2021,Micah Parsons,LB,Penn St.,6-3,246.0,4.39,34.0,19.0,126.0,6.89,4.4,True,1.0,12.0,micah parsons,LB,2021,micah parsons,100.0,micah parsons,2019.0,LB,5.0,4.0,5.0,52.0,0.0,14.0,109.0,0.0,0.0,1.0,,,,,,,,,,,,,,,,,,,,,,,,,,,,,,,,,,,,,,,,,,,,
2021,Monty Rice,LB,Georgia,6-0,233.0,4.58,32.0,,121.0,7.34,4.33,True,3.0,92.0,monty rice,LB,2021,monty rice,100.0,monty rice,2020.0,LB,1.0,2.0,1.0,30.0,1.0,4.0,49.0,0.0,0.0,2.0,,,,,,,,,,,,,,,,,,,,,,,,,,,,,,,,,,,,,,,,,,,,
2021,Curtis Robinson,LB,Stanford,6-3,236.0,4.6,37.5,22.0,117.0,7.0,4.26,False,,,curtis robinson,LB,2021,curtis robinson,100.0,curtis robinson,2020.0,LB,1.0,0.0,0.0,25.0,0.0,3.0,37.0,0.0,0.0,1.0,,,,,,,,,,,,,,,,,,,,,,,,,,,,,,,,,,,,,,,,,,,,
2021,Aaron Robinson,DB,Central Florida,5-11,186.0,4.39,37.0,15.0,123.0,6.89,4.29,True,3.0,71.0,aaron robinson,DB,2021,aaron robinson,100.0,aaron robinson,2020.0,DB,6.0,0.0,0.0,31.0,0.0,1.0,41.0,0.0,0.0,2.0,,,,,,,,,,,,,,,,,,,,,,,,,,,,,,,,,,,,,,,,,,,,
2021,Quincy Roche,DL,Miami (FL),,,,32.5,23.0,119.0,,,True,6.0,216.0,quincy roche,DL,2021,quincy roche,100.0,quincy roche,2020.0,DL,1.0,5.0,4.5,27.0,0.0,14.5,45.0,0.0,0.0,2.0,,,,,,,,,,,,,,,,,,,,,,,,,,,,,,,,,,,,,,,,,,,,
2021,Robert Rochell,DB,Central Arkansas,5-11,193.0,4.41,43.0,9.0,133.0,6.84,4.08,True,4.0,130.0,robert rochell,DB,2021,robert rochell,100.0,robert rochell,2020.0,DB,0.0,0.0,0.0,2.0,1.0,0.0,3.0,0.0,0.0,2.0,,,,,,,,,,,,,,,,,,,,,,,,,,,,,,,,,,,,,,,,,,,,
2021,Amari Rodgers,WR,Clemson,5-9,212.0,4.52,33.0,19.0,121.0,7.07,4.31,True,3.0,85.0,amari rodgers,WR,2021,amari rodgers,100.0,amari rodgers,2020.0,WR,0.0,0.0,0.0,1.0,0.0,0.0,2.0,2.0,1.0,0.0,,,,,,,,,,,,,,,,,1.0,1.0,0.0,1.0,0.0,8.0,8.0,7.1,21.0,9.0,0.0,64.0,,,,,,,83.0,77.0,7.0,1020.0,13.2,,,,,
2021,Asim Rose,RB,Kentucky,6-1,215.0,4.51,34.0,24.0,120.0,7.25,4.62,False,,,asim rose,RB,2021,asim rose,100.0,asim rose,2020.0,RB,,,,,,,,3.0,2.0,0.0,,,,,,,,,,,,,,,,,,,,,,,,,,,,,,,,,,,26.0,10.0,0.0,83.0,8.3,106.0,72.0,2.0,666.0,6.3
2021,Zach Von Rosenberg,P,LSU,6-4,235.0,,,,,,,False,,,zach von rosenberg,P,2021,zach von rosenberg,100.0,zach von rosenberg,2020.0,P,,,,,,,,,,,,,,,,,,,,,,,,,,,,,,,,,,,,,,,27.0,61.0,59.0,2.0,2593.0,43.9,,,,,,,,,,
2021,Larry Rountree,RB,Missouri,,,4.62,30.0,,,6.96,,True,6.0,198.0,larry rountree,RB,2021,larry rountree,100.0,larry rountree,2020.0,RB,0.0,0.0,0.0,0.0,0.0,0.0,1.0,1.0,1.0,0.0,,,,,,,,,,,,,,,,,,,,,,,,,,,,,,,,,,,23.0,15.0,0.0,100.0,6.7,209.0,46.0,14.0,972.0,4.7
2021,Gregory Rousseau,DL,Miami (FL),6-6,266.0,4.68,30.0,21.0,115.0,,,True,1.0,30.0,gregory rousseau,DL,2021,gregory rousseau,100.0,gregory rousseau,2019.0,DL,1.0,7.0,15.5,34.0,0.0,19.5,54.0,0.0,0.0,1.0,,,,,,,,,,,,,,,,,,,,,,,,,,,,,,,,,,,,,,,,,,,,
2021,Dionte Ruffin,DB,Western Kentucky,5-10,180.0,4.54,36.5,8.0,127.0,7.05,4.27,False,,,dionte ruffin,DB,2021,dionte ruffin,100.0,dionte ruffin,2020.0,DB,11.0,0.0,0.0,18.0,0.0,0.0,23.0,1.0,1.0,1.0,28.0,1.0,0.0,28.0,,,,,,,,,,,,,,,,,,,,,0.0,1.0,0.0,,,,,,,,,,,,,,,,,
2021,Chris Rumph,DE,Duke,6-2,244.0,,,18.0,,,,True,4.0,118.0,chris rumph,DE,2021,chris rumph,100.0,chris rumph,2020.0,DE,1.0,3.0,8.0,26.0,0.0,11.5,51.0,0.0,0.0,1.0,,,,,,,,,,,,,,,,,,,,,,,,,,,,,,,,,,,,,,,,,,,,
2021,K.J. Sails,DB,South Florida,5-10,177.0,4.67,32.5,9.0,114.0,7.08,4.44,False,,,kj sails,DB,2021,kj sails,100.0,kj sails,2020.0,DB,1.0,0.0,0.0,17.0,0.0,1.5,22.0,,,,,,,,,,,,,,,,,,,,,,,,,,,8.9,60.0,8.0,0.0,71.0,,,,,,,,,,,,,,,,
2021,Teton Saltes,OL,New Mexico,6-4,300.0,5.04,30.5,22.0,105.0,7.76,4.64,False,,,teton saltes,OL,2021,teton saltes,100.0,teton saltes,2019.0,OL,0.0,0.0,0.0,1.0,0.0,0.0,1.0,,,,,,,,,,,,,,,,,,,,,,,,,,,,,,,,,,,,,,,,,,,,,,,
2021,Cameron Sample,DE,Tulane,6-2,267.0,4.72,37.0,23.0,116.0,7.39,4.48,False,,,cameron sample,DE,2021,cameron sample,100.0,cameron sample,2020.0,DE,1.0,3.0,5.0,29.0,0.0,7.5,52.0,,,,,,,,,,,,,,,,,,,,,,,,,,,,,,,,,,,,,,,,,,,,,,,
2021,Jon Rhattigan,LB,Army,6-0,236.0,4.77,32.0,22.0,111.0,7.41,4.3,False,,,jon rhattigan,LB,2021,jon rhattigan,100.0,jon rhattigan,2020.0,LB,2.0,0.0,1.5,33.0,1.0,9.0,78.0,0.0,0.0,2.0,46.5,2.0,1.0,93.0,,,,,,,,,,,,,,,,,,,,,,,,,,,,,,,,,,,,,,,,
2021,Peyton Ramsey,QB,Northwestern,6-1,215.0,4.77,28.0,,108.0,7.28,4.41,False,,,peyton ramsey,QB,2021,peyton ramsey,100.0,peyton ramsey,2020.0,QB,0.0,0.0,0.0,2.0,0.0,0.0,2.0,4.0,1.0,0.0,,,,,,,,,,,,,,,,,281.0,171.0,8.0,0.609,12.0,1742.0,6.2,,,,,,,,,,,,,,,,,83.0,34.0,3.0,263.0,3.2
2021,John Raine,TE,Northwestern,6-1,231.0,5.05,31.0,15.0,107.0,7.32,4.54,False,,,john raine,TE,2021,john raine,100.0,john raine,2020.0,TE,,,,,,,,,,,,,,,,,,,,,,,,,,,,,,,,,,,,,,,,,,,,,30.0,24.0,2.0,233.0,9.7,,,,,
2021,Jaelan Phillips,DL,Miami (FL),6-5,260.0,4.56,36.0,21.0,125.0,,,True,1.0,18.0,jaelan phillips,DL,2021,jaelan phillips,100.0,jaelan phillips,2020.0,DL,3.0,5.0,7.0,21.0,0.0,15.5,45.0,,,,0.0,1.0,0.0,0.0,,,,,,,,,,,,,,,,,,,,,,,,,,,,,,,,,,,,,,,,
2021,Riley Patterson,K,Memphis,5-10,181.0,,,,,,,False,,,riley patterson,K,2021,riley patterson,100.0,riley patterson,2020.0,PK,0.0,0.0,0.0,1.0,0.0,0.0,1.0,,,,,,,,,,,,,22.0,15.0,56.0,0.682,81.0,37.0,36.0,,,,,,,,,,,,,,,,,,,,,,,,,,,,
2021,Jaret Patterson,RB,Buffalo,5-6,195.0,4.59,30.0,19.0,117.0,7.03,4.35,False,,,jaret patterson,RB,2021,jaret patterson,100.0,jaret patterson,2020.0,RB,,,,,,,,1.0,0.0,0.0,,,,,,,,,,,,,,,,,,,,,,,,,,,,,,,,,,,,,,,,141.0,67.0,19.0,1072.0,7.6
2021,Kwity Paye,DL,Michigan,6-2,261.0,4.52,35.3,36.0,118.0,,,True,1.0,21.0,kwity paye,DL,2021,kwity paye,100.0,kwity paye,2020.0,DL,0.0,2.0,2.0,11.0,0.0,4.0,13.0,,,,,,,,,,,,,,,,,,,,,,,,,,,,,,,,,,,,,,,,,,,,,,,
2021,Josh Pederson,TE,La-Monroe,6-4,234.0,4.81,28.5,19.0,110.0,7.31,4.43,False,,,josh pederson,TE,2021,josh pederson,100.0,josh pederson,2020.0,TE,,,,,,,,,,,,,,,,,,,,,,,,,,,1.0,0.0,0.0,0.0,0.0,0.0,0.0,,,,,,0.0,47.0,1.0,1.0,47.0,47.0,26.0,32.0,0.0,367.0,11.5,,,,,
2021,Ronnie Perkins,DE,Oklahoma,6-2,253.0,4.71,32.0,25.0,115.0,,4.69,True,3.0,96.0,ronnie perkins,DE,2021,ronnie perkins,100.0,ronnie perkins,2020.0,DE,0.0,8.0,5.5,16.0,0.0,10.5,23.0,,,,,,,,,,,,,,,,,,,,,,,,,,,,,,,,,,,,,,,,,,,,,,,
2021,Jordyn Peters,DB,Auburn,6-0,202.0,4.7,39.5,7.0,124.0,7.14,4.47,False,,,jordyn peters,DB,2021,jordyn peters,100.0,jordyn peters,2020.0,DB,4.0,0.0,0.0,26.0,0.0,1.0,42.0,,,,35.0,1.0,0.0,35.0,,,,,,,,,,,,,,,,,,,,,,,,,,,,,,,,,,,,,,,,
2021,Whop Philyor,WR,Indiana,5-9,184.0,4.57,31.0,14.0,120.0,7.2,4.34,False,,,whop philyor,WR,2021,whop philyor,100.0,whop philyor,2020.0,WR,0.0,0.0,0.0,1.0,0.0,0.0,1.0,1.0,1.0,0.0,,,,,,,,,,,,,,,,,,,,,,,,,,,,,,,,,,,63.0,54.0,3.0,495.0,9.2,1.0,8.0,0.0,8.0,8.0
2021,Trey Ragas,RB,Louisiana,5-10,214.0,4.6,33.5,23.0,117.0,7.19,4.5,False,,,trey ragas,RB,2021,trey ragas,100.0,trey ragas,2020.0,RB,0.0,0.0,0.0,1.0,0.0,0.0,1.0,1.0,1.0,0.0,,,,,11.5,20.0,4.0,0.0,46.0,,,,,,,,,,,,,,,,,,,,,,,,,,25.0,9.0,2.0,106.0,11.8,131.0,47.0,10.0,760.0,5.8
2021,Nick Pickett,S,Oregon,6-0,201.0,4.65,35.5,18.0,119.0,7.4,4.43,False,,,nick pickett,S,2021,nick pickett,100.0,nick pickett,2020.0,S,0.0,0.0,0.0,22.0,0.0,0.0,33.0,,,,,,,,,,,,,,,,,,,,,,,,,,,,,,,,,,,,,,,,,,,,,,,
2021,Jason Pinnock,DB,Pittsburgh,6-0,204.0,4.49,39.5,15.0,128.0,6.9,4.1,False,,,jason pinnock,DB,2021,jason pinnock,100.0,jason pinnock,2020.0,DB,5.0,0.0,0.0,17.0,0.0,1.0,20.0,,,,6.7,3.0,0.0,20.0,,,,,,,,,,,,,,,,,,,,,,,,,,,,,,,,,,,,,,,,
2021,Kyle Pitts,TE,Florida,6-5,245.0,4.44,33.5,22.0,129.0,7.12,4.3,True,1.0,4.0,kyle pitts,TE,2021,kyle pitts,100.0,kyle pitts,2020.0,TE,,,,,,,,,,,,,,,,,,,,,,,,,,,,,,,,,,,,,,,,,,,,,71.0,43.0,12.0,770.0,17.9,,,,,
2021,Kyle Poland,LS,West Virginia,6-1,237.0,4.97,32.5,12.0,111.0,7.47,4.5,False,,,kyle poland,LS,2021,kyle poland,100.0,kyle poland,2020.0,LS,0.0,0.0,0.0,1.0,0.0,0.0,1.0,,,,,,,,,,,,,,,,,,,,,,,,,,,,,,,,,,,,,,,,,,,,,,,
2021,Cornell Powell,WR,Clemson,6-0,204.0,4.53,36.5,16.0,128.0,7.03,4.21,True,5.0,181.0,cornell powell,WR,2021,cornell powell,100.0,cornell powell,2020.0,WR,0.0,0.0,0.0,3.0,0.0,0.0,3.0,,,,,,,,15.0,15.0,1.0,0.0,15.0,,,,,,,,,,,,,,,,,,,,,,,,,,70.0,53.0,7.0,882.0,16.6,,,,,
2021,Blake Proehl,WR,East Carolina,6-1,186.0,4.47,36.0,12.0,126.0,7.0,4.06,False,,,blake proehl,WR,2021,blake proehl,100.0,blake proehl,2020.0,WR,0.0,0.0,0.0,0.0,1.0,0.0,0.0,,,,,,,,,,,,,,,,,,,,,,,,,,,46.0,29.0,1.0,1.0,46.0,,,,,,,75.0,47.0,4.0,577.0,12.3,,,,,
2021,Dax Milne,WR,BYU,,,4.54,31.0,14.0,114.0,,4.19,True,7.0,258.0,dax milne,WR,2021,dax milne,100.0,dax milne,2020.0,WR,,,,,,,,2.0,1.0,0.0,,,,,,,,,,,,,,,,,,,,,,,,0.5,4.0,6.0,0.0,3.0,,,,,,,78.0,70.0,8.0,1189.0,17.0,11.0,15.0,0.0,67.0,6.1
2021,Davis Mills,QB,Stanford,6-3,217.0,4.82,32.0,,110.0,6.95,4.4,True,3.0,67.0,davis mills,QB,2021,davis mills,100.0,davis mills,2020.0,QB,0.0,0.0,0.0,1.0,0.0,0.0,1.0,3.0,0.0,0.0,,,,,,,,,,,,,,,,,193.0,127.0,3.0,0.658,7.0,1510.0,7.8,,,,,,,,,,,,,,,,,30.0,15.0,3.0,37.0,1.2
2022,Jerome Ford,RB,Cincinnati,5-11,210.0,4.46,31.0,,118.0,,,True,5.0,156.0,jerome ford,RB,2022,jerome ford,100.0,jerome ford,2021.0,RB,0.0,0.0,0.0,1.0,0.0,0.0,1.0,3.0,2.0,0.0,,,,,,,,,,,,,,,,,,,,,,,,,,,,,,,,,,,34.0,21.0,1.0,220.0,10.5,215.0,79.0,19.0,1319.0,6.1
2021,Alex Kessman,K,Pittsburgh,6-2,189.0,,,,,,,False,,,alex kessman,K,2021,alex kessman,100.0,alex kessman,2020.0,PK,,,,,,,,,,,,,,,,,,,,29.0,23.0,58.0,0.793,100.0,32.0,31.0,,,,,,,,,,,,,,,,,,,,,,,,,,,,
2021,Jamar Johnson,DB,Indiana,6-2,205.0,4.58,35.0,17.0,122.0,7.22,4.41,True,5.0,164.0,jamar johnson,DB,2021,jamar johnson,100.0,jamar johnson,2020.0,DB,4.0,0.0,1.0,32.0,0.0,3.5,42.0,1.0,1.0,0.0,23.5,4.0,0.0,94.0,,,,,,,,,,,,,,,,,,,,,,,,,,,,,,,,,,,,,,,,
2021,Johnathon Johnson,WR,Missouri,,,,,,,,,False,,,johnathon johnson,WR,2021,johnathon johnson,100.0,johnathon johnson,2019.0,WR,0.0,0.0,0.0,1.0,0.0,0.0,1.0,2.0,1.0,0.0,,,,,1.0,1.0,1.0,0.0,1.0,,,,,,,,,,,,,,,0.5,1.0,2.0,0.0,1.0,,,,,,,29.0,29.0,0.0,294.0,10.1,1.0,13.0,0.0,13.0,13.0
2021,Mustafa Johnson,DE,Colorado,6-0,280.0,,29.0,27.0,103.0,7.18,4.51,False,,,mustafa johnson,DE,2021,mustafa johnson,100.0,mustafa johnson,2021.0,DE,0.0,2.0,2.0,15.0,0.0,5.0,22.0,,,,,,,,,,,,,,,,,,,,,,,,,,,,,,,,,,,,,,,,,,,,,,,
2021,Patrick Johnson,DE,Tulane,6-6,240.0,4.59,35.0,16.0,119.0,6.97,4.41,True,7.0,234.0,patrick johnson,DE,2021,patrick johnson,100.0,patrick johnson,2020.0,DE,2.0,3.0,9.0,26.0,0.0,13.5,39.0,,,,,,,,,,,,,,,,,,,,,,,,,,,,,,,,,,,,,,,,,,,,,,,
2021,Zeandae Johnson,DE,California,6-3,270.0,4.89,27.5,22.0,108.0,,,False,,,zeandae johnson,DE,2021,zeandae johnson,100.0,zeandae johnson,2020.0,DE,0.0,1.0,0.0,3.0,0.0,0.5,8.0,,,,,,,,,,,,,,,,,,,,,,,,,,,,,,,,,,,,,,,,,,,,,,,
2021,Jamal Jones,RB,Arkansas St.,5-6,198.0,4.67,28.0,23.0,112.0,7.39,4.65,False,,,jamal jones,RB,2021,jamal jones,100.0,jamal jones,2020.0,RB,,,,,,,,2.0,2.0,0.0,,,,,,,,,,,,,,,,,,,,,,,,,,,,,,,,,,,14.0,17.0,0.0,89.0,5.2,130.0,25.0,3.0,576.0,4.4
2021,Ernest Jones,LB,South Carolina,6-1,230.0,4.65,38.5,,,,,True,3.0,103.0,ernest jones,LB,2021,ernest jones,100.0,ernest jones,2020.0,LB,0.0,3.0,1.0,42.0,0.0,5.0,86.0,0.0,0.0,1.0,,,,,,,,,,,,,,,,,,,,,,,,,,,,,,,,,,,,,,,,,,,,
2021,Mac Jones,QB,Alabama,6-2,217.0,4.72,32.0,,116.0,7.04,4.39,True,1.0,15.0,mac jones,QB,2021,mac jones,100.0,mac jones,2020.0,QB,,,,,,,,2.0,1.0,0.0,,,,,,,,,,,,,,,,,402.0,311.0,4.0,0.774,41.0,4500.0,11.2,,,,,,,,,,,,0.0,1.0,0.0,,,35.0,14.0,1.0,16.0,0.5
2021,Naquan Jones,DT,Michigan St.,6-3,313.0,5.42,25.0,20.0,100.0,,4.9,False,,,naquan jones,DT,2021,naquan jones,100.0,naquan jones,2020.0,DT,1.0,2.0,0.0,10.0,0.0,5.0,24.0,0.0,0.0,1.0,,,,,,,,,,,,,,,,,,,,,,,,,,,,,,,,,,,,,,,,,,,,
2021,Brevin Jordan,TE,Miami (FL),6-2,247.0,4.64,31.0,17.0,116.0,,,True,5.0,147.0,brevin jordan,TE,2021,brevin jordan,100.0,brevin jordan,2020.0,TE,,,,,,,,,,,,,,,,,,,,,,,,,,,1.0,1.0,0.0,1.0,0.0,15.0,15.0,,,,,,,,,,,,76.0,38.0,7.0,576.0,15.2,2.0,1.0,0.0,1.0,0.5
2021,Kelvin Joseph,DB,Kentucky,5-11,197.0,4.34,35.0,,128.0,7.21,4.22,True,2.0,44.0,kelvin joseph,DB,2021,kelvin joseph,100.0,kelvin joseph,2020.0,DB,1.0,0.0,0.0,14.0,1.0,0.5,25.0,,,,15.5,4.0,1.0,62.0,,,,,,,,,,,,,,,,,,,,,,,,,,,,,,,,,,,,,,,,
2021,Terrace Marshall Jr.,WR,LSU,6-2,205.0,4.4,39.0,19.0,125.0,,,False,,,terrace marshall,WR,2021,terrace marshall,100.0,terrace marshall,2020.0,WR,,,,,,,,1.0,1.0,0.0,,,,,,,,,,,,,,,,,,,,,,,,,,,,,,,,,,,75.0,48.0,10.0,731.0,15.2,,,,,
2021,Asante Samuel Jr.,DB,Florida St.,5-10,180.0,4.45,35.0,12.0,124.0,6.95,4.13,False,,,asante samuel,DB,2021,asante samuel,100.0,asante samuel,2020.0,DB,6.0,0.0,0.0,22.0,0.0,1.0,30.0,0.0,0.0,1.0,24.7,3.0,0.0,74.0,,,,,,,,,,,,,,,,,,,,,,,,,,,,,,,,,,,,,,,,
2021,Thomas Graham Jr.,CB,Oregon,5-10,192.0,4.49,34.5,13.0,121.0,7.08,4.21,False,,,thomas graham,CB,2021,thomas graham,100.0,thomas graham,2019.0,CB,10.0,0.0,0.0,47.0,0.0,5.0,64.0,,,,13.0,2.0,0.0,26.0,,,,,,,,,,,,,,,,,,,,,,,,,,,,,,,,,,,,,,,,
2021,Hunter Kampmoyer,TE,Oregon,6-4,243.0,4.83,31.0,21.0,113.0,7.28,4.54,False,,,hunter kampmoyer,TE,2021,hunter kampmoyer,100.0,hunter kampmoyer,2020.0,TE,,,,,,,,,,,,,,,,,,,,,,,,,,,,,,,,,,,,,,,,,,,,,26.0,14.0,3.0,161.0,11.5,,,,,
2021,Jerome Johnson,DL,Indiana,6-2,296.0,5.12,27.5,21.0,113.0,7.7,4.66,False,,,jerome johnson,DL,2021,jerome johnson,100.0,jerome johnson,2020.0,DL,0.0,1.0,4.0,12.0,0.0,4.5,18.0,0.0,0.0,1.0,0.0,1.0,0.0,0.0,,,,,,,,,,,,,,,,,,,,,,,,,,,,,,,,,,,,,,,,
2021,Teven Jenkins,OL,Oklahoma St.,6-5,317.0,5.01,32.5,36.0,106.0,7.72,4.66,True,2.0,39.0,teven jenkins,OL,2021,teven jenkins,100.0,teven jenkins,2019.0,OL,0.0,0.0,0.0,1.0,0.0,0.0,1.0,,,,,,,,,,,,,,,,,,,,,,,,,,,,,,,,,,,,,,,,,,,,,,,
2021,Jermar Jefferson,RB,Oregon St.,5-10,206.0,4.57,31.0,13.0,115.0,7.38,4.38,True,7.0,257.0,jermar jefferson,RB,2021,jermar jefferson,100.0,jermar jefferson,2020.0,RB,,,,,,,,2.0,1.0,0.0,,,,,16.0,18.0,2.0,0.0,32.0,,,,,,,,,,,,,,,,,,,,,,,,,,20.0,9.0,0.0,67.0,7.4,133.0,82.0,7.0,858.0,6.5
2021,Talanoa Hufanga,S,USC,,,4.65,,,,,,True,5.0,180.0,talanoa hufanga,S,2021,talanoa hufanga,100.0,talanoa hufanga,2020.0,S,1.0,0.0,3.0,40.0,0.0,5.5,62.0,,,,23.8,4.0,0.0,95.0,,,,,,,,,,,,,,,,,,,,,,,,,,,,,,,,,,,,,,,,
2021,Darius Hodge,DL,Marshall,6-0,248.0,4.73,38.5,26.0,127.0,7.16,4.67,False,,,darius hodge,DL,2021,darius hodge,100.0,darius hodge,2020.0,DL,1.0,10.0,6.5,19.0,0.0,9.0,63.0,0.0,0.0,2.0,,,,,,,,,,,,,,,,,,,,,,,,,,,,,,,,,,,,,,,,,,,,
2021,Jevon Holland,S,Oregon,6-0,207.0,4.48,35.5,19.0,126.0,,4.14,True,2.0,36.0,jevon holland,S,2021,jevon holland,100.0,jevon holland,2019.0,S,4.0,1.0,0.0,40.0,1.0,4.5,66.0,1.0,0.0,0.0,16.0,4.0,1.0,64.0,,,,,,,,,,,,,,,,,,,,15.3,81.0,16.0,0.0,244.0,,,,,,,,,,,,,,,,
2021,Jaycee Horn,DB,South Carolina,6-0,205.0,4.39,41.5,19.0,133.0,,,True,1.0,8.0,jaycee horn,DB,2021,jaycee horn,100.0,jaycee horn,2020.0,DB,6.0,0.0,0.0,10.0,0.0,1.0,16.0,,,,17.0,2.0,0.0,34.0,,,,,,,,,,,,,,,,,,,,,,,,,,,,,,,,,,,,,,,,
2021,Phil Hoskins,DT,Kentucky,6-4,313.0,5.23,30.5,20.0,103.0,7.87,4.85,False,,,phil hoskins,DT,2021,phil hoskins,100.0,phil hoskins,2020.0,DT,0.0,5.0,1.0,15.0,0.0,4.0,30.0,,,,4.0,1.0,0.0,4.0,,,,,,,,,,,,,,,,,,,,,,,,,,,,,,,,,,,,,,,,
2021,Chuba Hubbard,RB,Oklahoma St.,6-0,210.0,4.48,36.0,20.0,120.0,7.24,4.26,True,4.0,126.0,chuba hubbard,RB,2021,chuba hubbard,100.0,chuba hubbard,2020.0,RB,0.0,0.0,0.0,1.0,0.0,0.0,1.0,2.0,0.0,0.0,,,,,,,,,,,,,,,,,,,,,,,,,,,,,,,,,,,21.0,8.0,1.0,52.0,6.5,132.0,32.0,5.0,623.0,4.7
2021,Wyatt Hubert,DE,Kansas St.,6-2,258.0,4.93,32.5,,110.0,7.03,4.28,True,7.0,235.0,wyatt hubert,DE,2021,wyatt hubert,100.0,wyatt hubert,2020.0,DE,1.0,5.0,8.5,19.0,0.0,13.0,27.0,,,,,,,,,,,,,,,,,,,,,,,,,,,,,,,,,,,,,,,,,,,,,,,
2021,Justin Hughes,LB,Kansas St.,6-0,227.0,5.02,28.5,24.0,104.0,7.37,4.84,False,,,justin hughes,LB,2021,justin hughes,100.0,justin hughes,2020.0,LB,1.0,0.0,0.0,29.0,0.0,2.0,44.0,,,,,,,,,,,,,,,,,,,,,,,,,,,,,,,,,,,,,,,,,,,,,,,
2021,Shemar Jean-Charles,DB,Appalachian St.,5-10,184.0,4.47,35.0,19.0,124.0,7.19,4.27,False,,,shemar jeancharles,DB,2021,shemar jeancharles,100.0,shemar jeancharles,2020.0,DB,16.0,0.0,0.0,23.0,0.0,1.0,36.0,,,,0.0,1.0,0.0,0.0,,,,,,,,,,,,,,,,,,,,,,,,,,,,,,,,,,,,,,,,
2021,Creed Humphrey,OL,Oklahoma,6-4,302.0,5.11,33.0,29.0,112.0,7.5,4.49,True,2.0,63.0,creed humphrey,OL,2021,creed humphrey,100.0,creed humphrey,2020.0,OL,0.0,0.0,0.0,0.0,0.0,0.0,1.0,,,,,,,,,,,,,,,,,,,,,,,,,,,,,,,,,,,,,,,,,,,,,,,
2021,Josh Imatorbhebhe,WR,Illinois,6-0,218.0,4.53,46.5,24.0,134.0,7.1,4.38,False,,,josh imatorbhebhe,WR,2021,josh imatorbhebhe,100.0,josh imatorbhebhe,2020.0,WR,,,,,,,,,,,,,,,,,,,,,,,,,,,,,,,,,,,,,,,,,,,,,52.0,22.0,3.0,297.0,13.5,,,,,
2021,Deon Jackson,RB,Duke,5-11,218.0,4.41,36.0,18.0,123.0,7.15,4.37,False,,,deon jackson,RB,2021,deon jackson,100.0,deon jackson,2020.0,RB,0.0,0.0,0.0,2.0,0.0,0.0,3.0,5.0,5.0,0.0,,,,,,,,,,,,,,,,,1.0,1.0,0.0,1.0,1.0,29.0,29.0,,,,,,,,,,,,47.0,10.0,0.0,85.0,8.5,161.0,65.0,5.0,682.0,4.2
2021,Tarron Jackson,DE,Coastal Carolina,6-2,254.0,4.68,29.0,25.0,118.0,7.45,4.51,True,6.0,191.0,tarron jackson,DE,2021,tarron jackson,100.0,tarron jackson,2020.0,DE,0.0,14.0,8.5,25.0,0.0,14.0,54.0,0.0,0.0,1.0,,,,,,,,,,,,,,,,,,,,,,,,,,,,,,,,,,,,,,,,,,,,
2021,Warren Jackson,WR,Colorado St.,6-6,219.0,4.68,33.5,,123.0,7.81,4.53,False,,,warren jackson,WR,2021,warren jackson,100.0,warren jackson,2019.0,WR,0.0,0.0,0.0,1.0,0.0,0.0,1.0,1.0,1.0,0.0,,,,,,,,,,,,,,,,,,,,,,,,,,,,,,,,,,,87.0,77.0,8.0,1119.0,14.5,,,,,
2021,Jerry Jacobs,DB,Arkansas,5-10,208.0,4.53,34.5,20.0,120.0,6.95,4.33,False,,,jerry jacobs,DB,2021,jerry jacobs,100.0,jerry jacobs,2020.0,DB,0.0,0.0,0.0,17.0,0.0,1.0,17.0,,,,,,,,,,,,,,,,,,,,,,,,,,,,,,,,,,,,,,,,,,,,,,,
2021,Xavier Kelly,DL,Arkansas,6-4,306.0,5.17,27.0,27.0,99.0,,,False,,,xavier kelly,DL,2021,xavier kelly,100.0,xavier kelly,2020.0,DL,0.0,2.0,1.0,3.0,0.0,1.0,8.0,,,,,,,,,,,,,,,,,,,,,,,,,,,,,,,,,,,,,,,,,,,,,,,
2021,Devon Key,DB,Western Kentucky,5-11,208.0,4.56,38.0,20.0,123.0,7.13,4.15,False,,,devon key,DB,2021,devon key,100.0,devon key,2020.0,DB,2.0,0.0,0.0,45.0,0.0,0.0,78.0,,,,0.0,1.0,0.0,0.0,0.0,0.0,1.0,0.0,0.0,,,,,,,,,,,,,,,,,,,,,,,,,,,,,,,,,,,
2021,Scott Meyer,LS,Vanderbilt,6-1,237.0,,,,102.0,7.54,4.65,False,,,scott meyer,LS,2021,scott meyer,100.0,scott meyer,2020.0,LS,0.0,0.0,0.0,1.0,0.0,0.0,1.0,,,,,,,,,,,,,,,,,,,,,,,,,,,,,,,,,,,,,,,,,,,,,,,
2021,Cameron Kinley,CB,Navy,6-0,197.0,4.52,33.0,10.0,116.0,7.06,4.25,False,,,cameron kinley,CB,2021,cameron kinley,100.0,cameron kinley,2020.0,CB,5.0,0.0,0.0,19.0,0.0,1.0,26.0,,,,4.0,1.0,0.0,4.0,,,,,,,,,,,,,,,,,,,,,,,,,,,,,,,,,,,,,,,,
2021,Ben Mason,TE,Michigan,6-2,246.0,4.73,37.5,29.0,117.0,6.96,4.42,False,,,ben mason,TE,2021,ben mason,100.0,ben mason,2020.0,TE,,,,,,,,,,,,,,,0.0,0.0,1.0,0.0,0.0,,,,,,,,,,,,,,,,,,,,,,,,,,9.0,2.0,1.0,17.0,8.5,,,,,
2021,Khalil McClain,WR,Troy,6-2,214.0,4.7,32.0,15.0,114.0,7.72,4.5,False,,,khalil mcclain,WR,2021,khalil mcclain,100.0,khalil mcclain,2020.0,WR,0.0,0.0,0.0,0.0,0.0,0.0,1.0,,,,,,,,,,,,,,,,,,,,,,,,,,,,,,,,,,,,,,40.0,32.0,6.0,383.0,12.0,2.0,12.0,0.0,18.0,9.0
2021,Jaylon McClain-Sapp,DB,Marshall,5-9,183.0,4.49,41.0,14.0,125.0,7.21,4.46,False,,,jaylon mcclainsapp,DB,2021,jaylon mcclainsapp,100.0,jaylon mcclainsapp,2020.0,DB,6.0,0.0,0.0,23.0,0.0,0.5,31.0,,,,,,,,,,,,,,,,,,,,,,,,,,,,,,,,,,,,,,,,,,,,,,,
2021,Sandon McCoy,RB,Army,5-10,215.0,4.78,32.0,18.0,114.0,7.47,4.56,False,,,sandon mccoy,RB,2021,sandon mccoy,100.0,sandon mccoy,2020.0,RB,0.0,0.0,0.0,1.0,0.0,0.0,1.0,,,,,,,,,,,,,,,,,,,,,,,,,,,,,,,,,,,,,,0.0,1.0,0.0,,,86.0,16.0,10.0,268.0,3.1
2021,Greg McCrae,RB,Central Florida,5-9,182.0,4.57,37.5,,124.0,6.89,4.34,False,,,greg mccrae,RB,2021,greg mccrae,100.0,greg mccrae,2020.0,RB,0.0,0.0,0.0,1.0,0.0,0.0,1.0,2.0,0.0,0.0,,,,,,,,,,,,,,,,,,,,,,,,,,,,,,,,,,,15.0,14.0,0.0,98.0,7.0,149.0,54.0,10.0,758.0,5.1
2021,Tre' McKitty,TE,Georgia,6-4,247.0,,,,,,,True,3.0,97.0,tre mckitty,TE,2021,tre mckitty,100.0,tre mckitty,2020.0,TE,,,,,,,,,,,,,,,,,,,,,,,,,,,,,,,,,,,,,,,,,,,,,40.0,6.0,1.0,108.0,18.0,,,,,
2021,Romeo McKnight,DE,Charlotte,6-4,252.0,4.98,38.0,,118.0,7.06,4.2,False,,,romeo mcknight,DE,2021,romeo mcknight,100.0,romeo mcknight,2020.0,DE,0.0,3.0,1.0,11.0,0.0,4.5,23.0,,,,,,,,,,,,,,,,,,,,,,,,,,,,,,,,,,,,,,,,,,,,,,,
2021,Isaiah McKoy,WR,Kent St.,6-2,200.0,4.68,29.5,12.0,114.0,7.09,4.36,False,,,isaiah mckoy,WR,2021,isaiah mckoy,100.0,isaiah mckoy,2020.0,WR,,,,,,,,1.0,0.0,0.0,,,,,15.5,23.0,4.0,0.0,62.0,,,,,,,,,,,,,,,,,,,,,,,,,,75.0,25.0,5.0,455.0,18.2,,,,,
2021,Racey McMath,WR,LSU,6-2,217.0,4.36,34.0,,124.0,7.38,4.38,True,6.0,205.0,racey mcmath,WR,2021,racey mcmath,100.0,racey mcmath,2020.0,WR,0.0,0.0,0.0,2.0,0.0,0.0,2.0,,,,,,,,,,,,,,,,,,,,,,,,,,,,,,,,,,,,,,30.0,14.0,1.0,195.0,13.9,,,,,
2021,Joshua McMillon,LB,Alabama,,,,,,,,,False,,,joshua mcmillon,LB,2021,joshua mcmillon,100.0,joshua mcmillon,2020.0,LB,0.0,0.0,0.0,3.0,0.0,1.0,6.0,,,,,,,,,,,,,,,,,,,,,,,,,,,,,,,,,,,,,,,,,,,,,,,
2021,Zech McPhearson,DB,Texas Tech,5-10,191.0,4.48,40.5,14.0,130.0,6.88,4.0,False,,,zech mcphearson,DB,2021,zech mcphearson,100.0,zech mcphearson,2020.0,DB,6.0,0.0,0.0,47.0,2.0,1.0,53.0,0.0,0.0,4.0,5.3,4.0,0.0,21.0,,,,,,,,,,,,,,,,,,,,,,,,,,,,,,,,,,,,,,,,
2021,Evan McPherson,K,Florida,5-11,185.0,,,,,,,False,,,evan mcpherson,K,2021,evan mcpherson,100.0,evan mcpherson,2020.0,PK,,,,,,,,,,,,,,,,,,,,21.0,17.0,55.0,0.81,103.0,52.0,52.0,,,,,,,,,,,,,,,,,,,,,,,,,,,,
2021,Trae Meadows,DB,Western Kentucky,6-0,183.0,4.65,29.0,6.0,118.0,7.3,4.39,False,,,trae meadows,DB,2021,trae meadows,100.0,trae meadows,2020.0,DB,4.0,0.0,1.0,20.0,0.0,2.5,27.0,,,,,1.0,0.0,,,,,,,,,,,,,,,,,,,,,,,,,,,,,,,,,,,,,,,,,
2021,Ifeatu Melifonwu,DB,Syracuse,6-2,205.0,4.48,41.5,16.0,134.0,7.01,4.34,True,3.0,101.0,ifeatu melifonwu,DB,2021,ifeatu melifonwu,100.0,ifeatu melifonwu,2020.0,DB,8.0,0.0,1.0,43.0,0.0,3.0,54.0,,,,0.0,1.0,0.0,0.0,,,,,,,,,,,,,,,,,,,,,,,,,,,,,,,,,,,,,,,,
2021,Forrest Merrill,DL,Arkansas St.,6-0,322.0,5.27,26.5,36.0,101.0,8.24,4.81,False,,,forrest merrill,DL,2021,forrest merrill,100.0,forrest merrill,2020.0,DL,0.0,0.0,2.0,23.0,0.0,6.5,42.0,0.0,0.0,2.0,,,,,,,,,,,,,,,,,,,,,,,,,,,,,,,,,,,,,,,,,,,,
2021,Jonathan Marshall,DL,Arkansas,6-3,310.0,4.88,32.0,36.0,114.0,,,False,,,jonathan marshall,DL,2021,jonathan marshall,100.0,jonathan marshall,2020.0,DL,1.0,4.0,1.0,20.0,0.0,6.5,35.0,,,,,,,,,,,,,,,,,,,,,,,,,,,,,,,,,,,,,,,,,,,,,,,
2021,CJ Marable,RB,Coastal Carolina,5-6,195.0,4.59,36.0,17.0,116.0,7.25,4.39,False,,,cj marable,RB,2021,cj marable,100.0,cj marable,2020.0,RB,0.0,0.0,0.0,1.0,0.0,0.0,2.0,3.0,1.0,0.0,,,,,16.0,24.0,7.0,0.0,112.0,,,,,,,,,,,,,,,,,,,,,,,,,,26.0,31.0,7.0,228.0,7.4,169.0,59.0,12.0,889.0,5.3
2021,Branden Mack,WR,Temple,6-5,217.0,4.66,31.0,11.0,115.0,7.13,4.37,False,,,branden mack,WR,2021,branden mack,100.0,branden mack,2020.0,WR,0.0,0.0,0.0,1.0,0.0,0.0,1.0,,,,,,,,,,,,,,,,,,,,3.0,1.0,0.0,0.333,0.0,35.0,11.7,,,,,,,,,,,,41.0,26.0,3.0,291.0,11.2,4.0,10.0,0.0,19.0,4.8
2021,Trevor Lawrence,QB,Clemson,6-5,213.0,,,,,,,True,1.0,1.0,trevor lawrence,QB,2021,trevor lawrence,100.0,trevor lawrence,2020.0,QB,0.0,0.0,0.0,0.0,0.0,0.0,1.0,5.0,3.0,0.0,,,,,,,,,,,,,,,,,334.0,231.0,5.0,0.692,24.0,3153.0,9.4,,,,,,,,,,,,8.0,1.0,0.0,8.0,8.0,68.0,34.0,8.0,203.0,3.0
2021,Logan Klusman,LS,Kansas,6-0,235.0,5.16,31.5,,110.0,7.65,4.65,False,,,logan klusman,LS,2021,logan klusman,100.0,logan klusman,2019.0,LS,,,,,,,,0.0,0.0,1.0,,,,,,,,,,,,,,,,,,,,,,,,,,,,,,,,,,,,,,,,,,,,
2021,Brenden Knox,RB,Marshall,5-10,215.0,4.67,35.0,23.0,112.0,7.19,4.39,False,,,brenden knox,RB,2021,brenden knox,100.0,brenden knox,2020.0,RB,0.0,0.0,0.0,1.0,0.0,0.0,1.0,,,,,,,,13.0,17.0,2.0,0.0,26.0,,,,,,,,,,,,,,,,,,,,,,,,,,58.0,7.0,1.0,86.0,12.3,185.0,45.0,9.0,887.0,4.8
2021,Malcolm Koonce,DE,Buffalo,6-2,249.0,,,,,,,True,3.0,79.0,malcolm koonce,DE,2021,malcolm koonce,100.0,malcolm koonce,2020.0,DE,2.0,4.0,5.0,16.0,0.0,6.5,30.0,,,,,,,,,,,,,,,,,,,,,,,,,,,,,,,,,,,,,,,,,,,,,,,
2021,Adam Krumholz,WR,Wisconsin,6-0,193.0,4.6,35.5,11.0,118.0,7.03,4.28,False,,,adam krumholz,WR,2021,adam krumholz,100.0,adam krumholz,2020.0,WR,0.0,0.0,0.0,0.0,0.0,0.0,3.0,1.0,0.0,0.0,,,,,,,,,,,,,,,,,,,,,,,,,,,,,,,,,,,23.0,3.0,0.0,47.0,15.7,1.0,0.0,0.0,,
2021,Bruno Labelle,TE,Cincinnati,6-4,247.0,4.73,36.0,19.0,123.0,7.36,4.43,False,,,bruno labelle,TE,2021,bruno labelle,100.0,bruno labelle,2020.0,TE,,,,,,,,,,,,,,,,,,,,,,,,,,,,,,,,,,,,,,,,,,,,,21.0,10.0,1.0,81.0,8.1,,,,,
2021,Nolan Laufenberg,OL,Air Force,6-4,312.0,5.34,29.5,,105.0,7.7,4.77,False,,,nolan laufenberg,OL,2021,nolan laufenberg,100.0,nolan laufenberg,2020.0,OL,0.0,0.0,0.0,1.0,0.0,0.0,1.0,,,,,,,,,,,,,,,,,,,,,,,,,,,,,,,,,,,,,,,,,,,,,,,
2021,Richard LeCounte,DB,Georgia,5-10,196.0,4.79,32.5,,128.0,7.44,4.49,True,5.0,169.0,richard lecounte,DB,2021,richard lecounte,100.0,richard lecounte,2020.0,DB,4.0,0.0,0.0,16.0,0.0,1.0,26.0,0.0,0.0,1.0,12.7,3.0,0.0,38.0,,,,,,,,,,,,,,,,,,,,,,,,,,,,,,,,,,,,,,,,
2021,Artayvious Lynn,TE,TCU,6-4,271.0,,,,,,,False,,,artayvious lynn,TE,2021,artayvious lynn,100.0,artayvious lynn,2020.0,TE,,,,,,,,,,,,,,,,,,,,,,,,,,,,,,,,,,,,,,,,,,,,,48.0,7.0,1.0,88.0,12.6,,,,,
2021,Riley Lees,WR,Northwestern,5-11,192.0,4.47,35.0,7.0,119.0,6.78,4.16,False,,,riley lees,WR,2021,riley lees,100.0,riley lees,2020.0,WR,,,,,,,,,,,,,,,,,,,,,,,,,,,2.0,2.0,0.0,1.0,0.0,48.0,24.0,8.2,36.0,9.0,0.0,74.0,,,,,,,27.0,20.0,2.0,214.0,10.7,7.0,7.0,0.0,,
2021,Deommodore Lenoir,CB,Oregon,5-10,199.0,4.48,34.5,15.0,121.0,7.02,4.35,True,5.0,172.0,deommodore lenoir,CB,2021,deommodore lenoir,100.0,deommodore lenoir,2020.0,CB,0.0,0.0,0.0,24.0,0.0,0.0,30.0,,,,24.0,1.0,0.0,24.0,,,,,,,,,,,,,,,,,,,,,,,,,,,,,,,,,,,,,,,,
2021,Jeremiah Littles,DL,South Alabama,6-0,278.0,5.15,26.0,17.0,98.0,7.9,4.87,False,,,jeremiah littles,DL,2021,jeremiah littles,100.0,jeremiah littles,2020.0,DL,0.0,0.0,3.0,20.0,0.0,6.0,33.0,,,,,,,,,,,,,,,,,,,,,,,,,,,,,,,,,,,,,,,,,,,,,,,
2021,Roy Lopez,DL,Arizona,6-1,304.0,5.19,31.0,36.0,105.0,7.39,4.51,False,,,roy lopez,DL,2021,roy lopez,100.0,roy lopez,2020.0,DL,0.0,0.0,1.0,10.0,0.0,4.0,18.0,,,,,,,,,,,,,,,,,,,,,,,,,,,,,,,,,,,,,,,,,,,,,,,
2021,Isaiahh Loudermilk,DE,Wisconsin,6-6,274.0,5.08,28.5,21.0,112.0,7.52,4.55,True,5.0,156.0,isaiahh loudermilk,DE,2021,isaiahh loudermilk,100.0,isaiahh loudermilk,2020.0,DE,0.0,3.0,2.0,9.0,0.0,2.5,13.0,,,,,,,,,,,,,,,,,,,,,,,,,,,,,,,,,,,,,,,,,,,,,,,
2021,Blake Lynch,K,Kansas St.,5-4,144.0,,,,,,,False,,,blake lynch,K,2021,blake lynch,100.0,blake lynch,2019.0,LB,2.0,3.0,4.5,44.0,0.0,9.5,68.0,0.0,0.0,1.0,17.5,2.0,0.0,35.0,,,,,,,,,,,,,,,,,,,,,,,,,,,,,,,,,,,,,,,,
2021,Mekhi Sargent,RB,Iowa,5-8,208.0,4.62,33.5,,114.0,7.08,4.39,False,,,mekhi sargent,RB,2021,mekhi sargent,100.0,mekhi sargent,2020.0,RB,0.0,0.0,0.0,1.0,0.0,0.0,1.0,1.0,1.0,0.0,,,,,,,,,,,,,,,,,,,,,,,,,,,,,,,,,,,6.0,1.0,0.0,6.0,6.0,76.0,36.0,7.0,432.0,5.7
2021,Thomas Schaffer,DE,Stanford,6-6,302.0,,,23.0,,,,False,,,thomas schaffer,DE,2021,thomas schaffer,100.0,thomas schaffer,2020.0,DE,0.0,1.0,2.0,15.0,0.0,4.0,20.0,,,,,,,,,,,,,,,,,,,,,,,,,,,,,,,,,,,,,,,,,,,,,,,
2021,Anthony Schwartz,WR,Auburn,6-0,186.0,4.27,32.0,,123.0,7.13,4.25,True,3.0,91.0,anthony schwartz,WR,2021,anthony schwartz,100.0,anthony schwartz,2020.0,WR,0.0,0.0,0.0,1.0,0.0,0.0,1.0,1.0,0.0,0.0,,,,,,,,,,,,,,,,,,,,,,,,,,,,,,,,,,,91.0,54.0,3.0,652.0,12.1,4.0,1.0,0.0,,
2022,Kennedy Brooks,RB,Oklahoma,5-11,209.0,4.59,31.0,,120.0,,,False,,,kennedy brooks,RB,2022,kennedy brooks,100.0,kennedy brooks,2021.0,RB,,,,,,,,,,,,,,,,,,,,,,,,,,,,,,,,,,,,,,,,,,,,,25.0,9.0,0.0,73.0,8.1,198.0,65.0,13.0,1253.0,6.3
2022,Blaise Andries,OG,Minnesota,6-6,308.0,5.1,30.5,,106.0,7.84,4.68,False,,,blaise andries,OG,2022,blaise andries,100.0,blaise andries,2021.0,OL,,,,,,,,,,,,,,,,,,,,,,,,,,,,,,,,,,,,,,,,,,,,,,,,,,0.0,1.0,0.0,1.0,0.0
2022,Brian Asamoah,LB,Oklahoma,6-0,226.0,4.56,36.5,,124.0,,,True,3.0,66.0,brian asamoah,LB,2022,brian asamoah,100.0,brian asamoah,2021.0,LB,0.0,1.0,1.0,55.0,0.0,3.5,80.0,,,,,,,,,,,,,,,,,,,,,,,,,,,,,,,,,,,,,,,,,,,,,,,
2022,Calvin Austin,WR,Memphis,5-8,170.0,4.32,39.0,,135.0,6.65,4.07,True,4.0,138.0,calvin austin,WR,2022,calvin austin,100.0,calvin austin,2021.0,WR,0.0,0.0,0.0,1.0,1.0,0.0,1.0,1.0,1.0,0.0,,,,,,,,,,,,,,,,,,,,,,,,27.0,94.0,5.0,1.0,135.0,,,,,,,75.0,74.0,8.0,1149.0,15.5,1.0,69.0,1.0,69.0,69.0
2022,Tyler Badie,RB,Missouri,5-8,197.0,4.45,33.5,,121.0,,,True,6.0,196.0,tyler badie,RB,2022,tyler badie,100.0,tyler badie,2021.0,RB,0.0,0.0,0.0,4.0,0.0,0.0,4.0,,,,,,,,5.0,5.0,1.0,0.0,5.0,,,,,,,,,,,,,,,,,,,,,,,,,,34.0,54.0,4.0,330.0,6.1,268.0,73.0,14.0,1604.0,6.0
2022,Kalon Barnes,CB,Baylor,6-0,183.0,4.23,,,,,,True,7.0,242.0,kalon barnes,CB,2022,kalon barnes,100.0,kalon barnes,2021.0,CB,5.0,0.0,0.0,21.0,0.0,0.0,23.0,,,,0.0,1.0,0.0,0.0,,,,,,,,,,,,,,,,,,,,,,,,,,,,,,,,,,,,,,,,
2022,Darrian Beavers,LB,Cincinnati,6-4,237.0,,36.5,,125.0,6.91,,True,6.0,182.0,darrian beavers,LB,2022,darrian beavers,100.0,darrian beavers,2021.0,LB,2.0,2.0,4.0,46.0,0.0,11.0,98.0,0.0,0.0,2.0,0.0,1.0,0.0,0.0,,,,,,,,,,,,,,,,,,,,,,,,,,,,,,,,,,,,,,,,
2022,David Bell,WR,Purdue,6-1,212.0,4.65,33.0,,118.0,7.14,4.57,True,3.0,99.0,david bell,WR,2022,david bell,100.0,david bell,2021.0,WR,0.0,0.0,0.0,1.0,0.0,0.0,1.0,,,,,,,,,,,,,,,,,,,,,,,,,,,,,,,,,,,,,,60.0,93.0,6.0,1286.0,13.8,3.0,26.0,0.0,39.0,13.0
2022,Greg Bell,RB,San Diego St.,5-11,201.0,,31.0,17.0,120.0,,,False,,,greg bell,RB,2022,greg bell,100.0,greg bell,2021.0,RB,,,,,,,,7.0,4.0,0.0,,,,,,,,,,,,,,,,,,,,,,,,,,,,,,,,,,,7.0,4.0,0.0,5.0,1.3,246.0,55.0,9.0,1100.0,4.5
2022,Daniel Bellinger,TE,San Diego St.,6-5,253.0,4.63,34.5,22.0,125.0,7.05,4.47,True,4.0,112.0,daniel bellinger,TE,2022,daniel bellinger,100.0,daniel bellinger,2021.0,TE,0.0,0.0,0.0,0.0,0.0,0.0,1.0,,,,,,,,,,,,,,,,,,,,,,,,,,,,,,,,,,,,,,73.0,31.0,2.0,357.0,11.5,1.0,2.0,0.0,2.0,2.0
2022,Terrel Bernard,LB,Baylor,6-1,224.0,,35.5,22.0,123.0,7.03,4.25,True,3.0,89.0,terrel bernard,LB,2022,terrel bernard,100.0,terrel bernard,2021.0,LB,4.0,5.0,7.5,61.0,0.0,12.5,103.0,,,,,,,,,,,,,,,,,,,,,,,,,,,,,,,,,,,,,,,,,,,,,,,
2022,Bubba Bolden,S,Miami,6-2,209.0,4.47,,,116.0,,,False,,,bubba bolden,S,2022,bubba bolden,100.0,bubba bolden,2021.0,S,2.0,1.0,1.0,26.0,0.0,3.5,42.0,,,,,,,,,,,,,,,,,,,,,,,,,,,,,,,,,,,,,,,,,,,,,,,
2022,Slade Bolden,WR,Alabama,5-11,193.0,4.66,32.0,,116.0,,,False,,,slade bolden,WR,2022,slade bolden,100.0,slade bolden,2021.0,WR,0.0,0.0,0.0,1.0,0.0,0.0,1.0,2.0,0.0,0.0,,,,,13.4,24.0,5.0,0.0,67.0,,,,,,,,,,,,,,,6.2,25.0,14.0,0.0,87.0,,,,,,,29.0,42.0,3.0,408.0,9.7,1.0,0.0,0.0,0.0,0.0
2022,Andrew Booth,CB,Clemson,6-0,194.0,,,,,,,True,2.0,42.0,andrew booth,CB,2022,andrew booth,100.0,andrew booth,2021.0,CB,5.0,0.0,0.0,26.0,0.0,3.0,37.0,,,,0.0,3.0,0.0,0.0,,,,,,,,,,,,,,,,,,,,,,,,,,,,,,,,,,,,,,,,
2022,Max Borghi,RB,Washington St.,5-9,210.0,,,20.0,,,,False,,,max borghi,RB,2022,max borghi,100.0,max borghi,2021.0,RB,,,,,,,,,,,,,,,,,,,,,,,,,,,,,,,,,,,,,,,,,,,,,23.0,16.0,0.0,156.0,9.8,160.0,64.0,12.0,880.0,5.5
2022,Jaquan Brisker,S,Penn St.,6-1,199.0,4.49,34.5,22.0,124.0,,,True,2.0,48.0,jaquan brisker,S,2022,jaquan brisker,100.0,jaquan brisker,2021.0,S,5.0,1.0,0.0,38.0,0.0,6.0,63.0,0.0,0.0,1.0,19.5,2.0,0.0,39.0,,,,,,,,,,,,,,,,,,,,,,,,,,,,,,,,,,,,,,,,
2022,Tycen Anderson,S,Toledo,6-2,209.0,4.36,35.5,,123.0,6.64,4.28,True,5.0,166.0,tycen anderson,S,2022,tycen anderson,100.0,tycen anderson,2021.0,S,2.0,1.0,1.0,26.0,0.0,2.0,44.0,,,,,,,,,,,,,,,,,,,,,,,,,,,,,,,,,,,,,,,,,,,,,,,
2022,Tyler Allgeier,RB,BYU,5-11,224.0,4.6,33.0,,120.0,,,True,5.0,151.0,tyler allgeier,RB,2022,tyler allgeier,100.0,tyler allgeier,2021.0,RB,0.0,0.0,0.0,1.0,0.0,0.0,1.0,4.0,1.0,0.0,,,,,,,,,,,,,,,,,,,,,,,,,,,,,,,,,,,46.0,28.0,0.0,199.0,7.1,276.0,67.0,23.0,1606.0,5.8
2022,Austin Allen,TE,Nebraska,6-8,253.0,4.83,34.0,,121.0,7.0,4.26,False,,,austin allen,TE,2022,austin allen,100.0,austin allen,2021.0,TE,0.0,0.0,0.0,2.0,0.0,0.0,2.0,,,,,,,,,,,,,,,,,,,,,,,,,,,,,,,,,,,,,,46.0,38.0,2.0,602.0,15.8,,,,,
2021,Pooka Williams,RB,Kansas,5-9,170.0,4.46,31.5,4.0,118.0,7.03,4.26,False,,,pooka williams,RB,2021,pooka williams,100.0,pooka williams,2020.0,RB,0.0,0.0,0.0,0.0,1.0,0.0,0.0,,,,,,,,28.1,92.0,7.0,1.0,197.0,,,,,,,,,,,,,,,,,,,,,,,,,,13.0,6.0,0.0,31.0,5.2,51.0,21.0,2.0,196.0,3.8
2021,Rachad Wildgoose,CB,Wisconsin,5-11,197.0,4.53,36.0,11.0,120.0,7.09,4.18,True,6.0,213.0,rachad wildgoose,CB,2021,rachad wildgoose,100.0,rachad wildgoose,2020.0,CB,1.0,0.0,0.0,6.0,0.0,2.0,6.0,,,,,,,,,,,,,,,,,,,,,,,,,,,,,,,,,,,,,,,,,,,,,,,
2021,Drew Wiley,DT,Kansas St.,6-4,294.0,5.24,34.0,24.0,112.0,7.34,4.45,False,,,drew wiley,DT,2021,drew wiley,100.0,drew wiley,2020.0,DT,3.0,0.0,4.5,14.0,0.0,9.0,25.0,0.0,0.0,1.0,,,,,,,,,,,,,,,,,,,,,,,,,,,,,,,,,,,,,,,,,,,,
2021,Adam Williams,P,Memphis,6-4,226.0,,,,,,,False,,,adam williams,P,2021,adam williams,100.0,adam williams,2020.0,P,,,,,,,,,,,,,,,,,,,,,,,,,,,,,,,,,,,,,,,13.0,63.0,43.0,4.0,1829.0,42.5,,,,,,,,,,
2021,Javonte Williams,RB,North Carolina,5-9,212.0,4.55,36.0,22.0,123.0,6.97,4.09,True,2.0,35.0,javonte williams,RB,2021,javonte williams,100.0,javonte williams,2020.0,RB,,,,,,,,1.0,0.0,0.0,,,,,,,,,,,,,,,,,,,,,,,,,,,,,,,,,,,41.0,25.0,3.0,305.0,12.2,157.0,65.0,19.0,1140.0,7.3
2021,Marlon Williams,WR,Central Florida,5-11,209.0,4.63,33.5,14.0,119.0,,4.57,False,,,marlon williams,WR,2021,marlon williams,100.0,marlon williams,2020.0,WR,,,,,,,,,,,,,,,0.0,0.0,1.0,0.0,0.0,,,,,,,,,,,,,,,2.0,5.0,3.0,0.0,6.0,,,,,,,85.0,69.0,10.0,1017.0,14.7,,,,,
2021,Milton Williams,DL,Louisiana Tech,6-3,284.0,4.67,38.5,34.0,121.0,6.96,4.33,True,3.0,73.0,milton williams,DL,2021,milton williams,100.0,milton williams,2020.0,DL,0.0,2.0,4.5,22.0,0.0,10.0,45.0,0.0,0.0,1.0,,,,,,,,,,,,,,,,,,,,,,,,,,,,,,,,,,,,,,,,,,,,
2021,Rodarius Williams,CB,Oklahoma St.,5-11,189.0,4.5,36.5,14.0,123.0,6.98,4.15,True,6.0,201.0,rodarius williams,CB,2021,rodarius williams,100.0,rodarius williams,2020.0,CB,7.0,0.0,0.0,13.0,0.0,1.0,18.0,,,,,,,,,,,,,,,,,,,,,,,,,,,,,,,,,,,,,,,,,,,,,,,
2022,Cal Adomitis,LS,Pittsburgh,6-2,235.0,4.97,29.5,18.0,107.0,7.53,4.62,False,,,cal adomitis,LS,2022,cal adomitis,100.0,cal adomitis,2021.0,LS,0.0,0.0,0.0,1.0,0.0,0.0,2.0,,,,,,,,,,,,,,,,,,,,,,,,,,,,,,,,,,,,,,,,,,,,,,,
2021,Marvin Wilson,DT,Florida St.,6-3,303.0,5.12,25.5,23.0,107.0,7.64,4.91,False,,,marvin wilson,DT,2021,marvin wilson,100.0,marvin wilson,2020.0,DT,0.0,2.0,1.0,11.0,0.0,2.0,17.0,,,,,,,,,,,,,,,,,,,,,,,,,,,,,,,,,,,,,,,,,,,,,,,
2021,Zach Wilson,QB,BYU,6-2,214.0,,,,,,,True,1.0,2.0,zach wilson,QB,2021,zach wilson,100.0,zach wilson,2020.0,QB,,,,,,,,2.0,0.0,0.0,,,,,,,,,,,,,,,,,333.0,244.0,3.0,0.733,32.0,3651.0,11.0,,,,,,,,,,,,16.0,2.0,0.0,32.0,16.0,69.0,33.0,10.0,265.0,3.8
2021,Brock Wright,TE,Notre Dame,6-4,257.0,4.62,31.5,26.0,118.0,7.27,4.25,False,,,brock wright,TE,2021,brock wright,100.0,brock wright,2020.0,TE,0.0,0.0,0.0,1.0,0.0,0.0,1.0,,,,,,,,,,,,,,,,,,,,,,,,,,,,,,,,,,,,,,11.0,3.0,0.0,21.0,7.0,,,,,
2021,Nahshon Wright,DB,Oregon St.,6-4,183.0,4.46,31.0,6.0,126.0,7.24,4.57,True,3.0,99.0,nahshon wright,DB,2021,nahshon wright,100.0,nahshon wright,2020.0,DB,4.0,0.0,1.0,23.0,0.0,1.0,30.0,,,,0.0,2.0,0.0,0.0,,,,,,,,,,,,,,,,,,,,,,,,,,,,,,,,,,,,,,,,
2021,Kenny Yeboah,TE,Mississippi,6-3,250.0,,34.0,,116.0,,,False,,,kenny yeboah,TE,2021,kenny yeboah,100.0,kenny yeboah,2020.0,TE,,,,,,,,,,,,,,,,,,,,,,,,,,,,,,,,,,,,,,,,,,,,,68.0,27.0,6.0,525.0,19.4,,,,,
2021,Devonte Young,DB,Iowa,5-11,195.0,4.7,32.0,,118.0,7.41,4.38,False,,,devonte young,DB,2021,devonte young,100.0,devonte young,2019.0,DB,0.0,0.0,0.0,7.0,0.0,0.0,10.0,0.0,0.0,1.0,,,,,18.0,18.0,1.0,0.0,18.0,,,,,,,,,,,,,,,,,,,,,,,,,,,,,,,,,,,
2022,Gabe Brkic,K,Oklahoma,6-2,197.0,,,,,,,False,,,gabe brkic,K,2022,gabe brkic,100.0,gabe brkic,2021.0,PK,,,,,,,,,,,,,,,,,,,,26.0,20.0,56.0,0.769,117.0,58.0,57.0,,,,,,,,,,,,,,,,,,,,,,,,,,,,
2022,Leddie Brown,RB,West Virginia,6-0,213.0,4.64,30.0,,118.0,,,False,,,leddie brown,RB,2022,leddie brown,100.0,leddie brown,2021.0,RB,0.0,0.0,0.0,2.0,0.0,0.0,2.0,6.0,3.0,0.0,,,,,,,,,,,,,,,,,,,,,,,,,,,,,,,,,,,25.0,36.0,1.0,217.0,6.0,223.0,80.0,13.0,1065.0,4.8
2021,Jordon Scott,DT,Oregon,6-0,311.0,,,23.0,,,,False,,,jordon scott,DT,2021,jordon scott,100.0,jordon scott,2020.0,DT,0.0,0.0,1.0,8.0,0.0,2.0,14.0,,,,,,,,,,,,,,,,,,,,,,,,,,,,,,,,,,,,,,,,,,,,,,,
2022,Coby Bryant,CB,Cincinnati,6-1,193.0,4.54,,17.0,,,,True,4.0,109.0,coby bryant,CB,2022,coby bryant,100.0,coby bryant,2021.0,CB,11.0,0.0,0.0,34.0,1.0,1.5,44.0,,,,31.7,3.0,1.0,95.0,,,,,,,,,,,,,,,,,,,,,,,,,,,,,,,,,,,,,,,,
2022,Dai'Jean Dixon,WR,Nicholls St.,6-3,205.0,4.62,34.0,,125.0,7.28,4.42,False,,,daijean dixon,WR,2022,daijean dixon,100.0,daijean dixon,2021.0,WR,,,,,,,,,,,,,,,,,,,,,,,,,,,,,,,,,,,,,,,,,,,,,28.0,21.0,2.0,305.0,14.5,,,,,
2022,JoJo Domann,LB,Nebraska,6-1,228.0,4.62,34.5,,119.0,,,False,,,jojo domann,LB,2022,jojo domann,100.0,jojo domann,2021.0,LB,3.0,2.0,2.0,44.0,0.0,9.0,71.0,,,,0.0,2.0,0.0,0.0,,,,,,,,,,,,,,,,,,,,,,,,,,,,,,,,,,,,,,,,
2022,Jahan Dotson,WR,Penn St.,5-11,178.0,4.43,36.0,,121.0,7.28,,True,1.0,16.0,jahan dotson,WR,2022,jahan dotson,100.0,jahan dotson,2021.0,WR,,,,,,,,1.0,0.0,0.0,,,,,,,,,,,,,,,,,2.0,2.0,0.0,1.0,0.0,43.0,21.5,7.4,16.0,14.0,0.0,104.0,,,,,,,86.0,91.0,12.0,1182.0,13.0,6.0,7.0,1.0,18.0,3.0
2022,Romeo Doubs,WR,Nevada,6-2,201.0,,,,,,,True,4.0,132.0,romeo doubs,WR,2022,romeo doubs,100.0,romeo doubs,2021.0,WR,0.0,0.0,0.0,1.0,0.0,0.0,1.0,,,,,,,,,,,,,,,,,,,,,,,,,,,14.2,47.0,12.0,0.0,170.0,,,,,,,66.0,80.0,11.0,1109.0,13.9,1.0,4.0,0.0,4.0,4.0
2022,Dontario Drummond,WR,Mississippi,6-1,215.0,4.65,34.0,,122.0,,,False,,,dontario drummond,WR,2022,dontario drummond,100.0,dontario drummond,2021.0,WR,,,,,,,,1.0,0.0,0.0,,,,,,,,,,,,,,,,,1.0,1.0,0.0,1.0,0.0,19.0,19.0,11.2,32.0,5.0,0.0,56.0,,,,,,,67.0,76.0,8.0,1028.0,13.5,6.0,11.0,1.0,40.0,6.7
2022,Greg Dulcich,TE,UCLA,6-4,243.0,4.69,34.0,16.0,122.0,7.05,4.37,True,3.0,80.0,greg dulcich,TE,2022,greg dulcich,100.0,greg dulcich,2021.0,TE,0.0,0.0,0.0,1.0,0.0,0.0,1.0,,,,,,,,,,,,,,,,,,,,,,,,,,,,,,,,,,,,,,75.0,42.0,5.0,725.0,17.3,,,,,
2022,Jerrion Ealy,RB,Mississippi,5-8,189.0,4.52,34.5,,128.0,,,False,,,jerrion ealy,RB,2022,jerrion ealy,100.0,jerrion ealy,2021.0,RB,,,,,,,,1.0,0.0,0.0,,,,,23.5,39.0,13.0,0.0,306.0,,,,,,,,,,,,,,,,,,,,,,,,,,22.0,32.0,2.0,218.0,6.8,133.0,70.0,5.0,768.0,5.8
2022,Trestan Ebner,RB,Baylor,5-11,206.0,4.43,30.0,,,,,True,6.0,203.0,trestan ebner,RB,2022,trestan ebner,100.0,trestan ebner,2021.0,RB,0.0,0.0,0.0,0.0,1.0,0.0,0.0,5.0,4.0,0.0,,,,,22.2,98.0,23.0,1.0,511.0,,,,,,,,,,,,,,,8.1,50.0,19.0,0.0,154.0,,,,,,,61.0,28.0,2.0,284.0,10.1,148.0,58.0,2.0,799.0,5.4
2022,Ikem Ekwonu,OT,North Carolina St.,6-4,310.0,4.93,29.0,,108.0,7.82,4.73,True,1.0,6.0,ikem ekwonu,OT,2022,ikem ekwonu,100.0,ikem ekwonu,2021.0,OT,0.0,0.0,0.0,1.0,0.0,0.0,1.0,,,,,,,,,,,,,,,,,,,,,,,,,,,,,,,,,,,,,,,,,,,,,,,
2022,Kaiir Elam,CB,Florida,6-2,191.0,4.39,,,,,,True,1.0,23.0,kaiir elam,CB,2022,kaiir elam,100.0,kaiir elam,2021.0,CB,5.0,0.0,0.0,17.0,0.0,1.5,29.0,,,,0.0,1.0,0.0,0.0,,,,,,,,,,,,,,,,,,,,,,,,,,,,,,,,,,,,,,,,
2022,Kaleb Eleby,QB,Western Michigan,6-1,208.0,,25.5,,111.0,7.57,,False,,,kaleb eleby,QB,2022,kaleb eleby,100.0,kaleb eleby,2021.0,QB,,,,,,,,10.0,5.0,0.0,,,,,,,,,,,,,,,,,362.0,230.0,6.0,0.635,23.0,3277.0,9.1,,,,,,,,,,,,,,,,,87.0,25.0,6.0,64.0,0.7
2022,Martin Emerson,CB,Mississippi St.,6-2,201.0,4.53,,,,,,True,3.0,68.0,martin emerson,CB,2022,martin emerson,100.0,martin emerson,2021.0,CB,3.0,0.0,0.0,31.0,0.0,3.0,49.0,,,,,,,,,,,,,,,,,,,,,,,,,,,,,,,,,,,,,,,,,,,,,,,
2022,Erik Ezukanma,WR,Texas Tech,6-2,209.0,,36.5,,126.0,,4.38,True,4.0,125.0,erik ezukanma,WR,2022,erik ezukanma,100.0,erik ezukanma,2021.0,WR,0.0,0.0,0.0,1.0,0.0,0.0,1.0,,,,,,,,,,,,,,,,,,,,,,,,,,,,,,,,,,,,,,75.0,48.0,4.0,705.0,14.7,10.0,45.0,2.0,138.0,13.8
2022,Jake Ferguson,TE,Wisconsin,6-5,250.0,4.81,31.5,15.0,118.0,7.03,4.48,True,4.0,129.0,jake ferguson,TE,2022,jake ferguson,100.0,jake ferguson,2021.0,TE,,,,,,,,,,,,,,,,,,,,,,,,,,,,,,,,,,,,,,,,,,,,,35.0,46.0,3.0,450.0,9.8,,,,,
2022,Cordale Flott,CB,LSU,6-1,175.0,,,,,,,True,3.0,81.0,cordale flott,CB,2022,cordale flott,100.0,cordale flott,2021.0,CB,3.0,0.0,0.0,28.0,0.0,1.0,40.0,,,,0.0,1.0,0.0,0.0,,,,,,,,,,,,,,,,,,,,,,,,,,,,,,,,,,,,,,,,
2022,Cameron Dicker,K,Texas,6-1,220.0,,,,,,,False,,,cameron dicker,K,2022,cameron dicker,100.0,cameron dicker,2021.0,PK,0.0,0.0,0.0,2.0,0.0,0.0,2.0,,,,,,,,,,,,,15.0,13.0,50.0,0.867,88.0,50.0,49.0,,,,,,,,,,,,,11.0,78.0,47.0,3.0,2200.0,46.8,,,,,,1.0,2.0,0.0,2.0,2.0
2022,Nakobe Dean,LB,Georgia,5-11,229.0,,,,,,,True,3.0,83.0,nakobe dean,LB,2022,nakobe dean,100.0,nakobe dean,2021.0,LB,6.0,5.0,6.0,36.0,1.0,10.5,72.0,,,,25.0,2.0,1.0,50.0,,,,,,,,,,,,,,,,,,,,,,,,,,,,,,,,,,,,,,,,
2022,Tyrion Davis-Price,RB,LSU,6-0,211.0,4.48,30.0,,117.0,,,True,3.0,93.0,tyrion davisprice,RB,2022,tyrion davisprice,100.0,tyrion davisprice,2021.0,RB,,,,,,,,3.0,2.0,0.0,,,,,,,,,,,,,,,,,,,,,,,,,,,,,,,,,,,21.0,10.0,0.0,64.0,6.4,211.0,40.0,6.0,1003.0,4.8
2022,Leo Chenal,LB,Wisconsin,6-3,250.0,4.53,40.5,,128.0,,,True,3.0,103.0,leo chenal,LB,2022,leo chenal,100.0,leo chenal,2021.0,LB,0.0,4.0,8.0,55.0,0.0,18.0,96.0,,,,,,,,,,,,,,,,,,,,,,,,,,,,,,,,,,,,,,,,,,,,,,,
2022,Treylon Burks,WR,Arkansas,6-2,225.0,4.55,33.0,,122.0,7.28,,True,1.0,18.0,treylon burks,WR,2022,treylon burks,100.0,treylon burks,2021.0,WR,0.0,0.0,0.0,1.0,0.0,0.0,1.0,1.0,0.0,0.0,,,,,0.0,0.0,2.0,0.0,0.0,,,,,,,,2.0,0.0,0.0,0.0,0.0,0.0,0.0,,,,,,,,,,,,91.0,66.0,11.0,1104.0,16.7,14.0,49.0,1.0,112.0,8.0
2022,Darien Butler,LB,Arizona St.,5-10,221.0,,,,,7.47,,False,,,darien butler,LB,2022,darien butler,100.0,darien butler,2021.0,LB,3.0,0.0,2.0,32.0,0.0,8.5,68.0,,,,0.0,3.0,0.0,0.0,,,,,,,,,,,,,,,,,,,,,,,,,,,,,,,,,,,,,,,,
2022,Percy Butler,S,Louisiana,6-0,194.0,4.36,31.5,,123.0,,,True,4.0,113.0,percy butler,S,2022,percy butler,100.0,percy butler,2021.0,S,4.0,0.0,0.0,36.0,0.0,6.0,60.0,0.0,0.0,4.0,0.0,1.0,0.0,0.0,,,,,,,,,,,,,,,,,,,,,,,,,,,,,,,,,,,,,,,,
2022,Grant Calcaterra,TE,SMU,6-4,241.0,4.62,,20.0,,,,True,6.0,198.0,grant calcaterra,TE,2022,grant calcaterra,100.0,grant calcaterra,2021.0,TE,0.0,0.0,0.0,1.0,0.0,0.0,1.0,,,,,,,,,,,,,,,,,,,,,,,,,,,,,,,,,,,,,,29.0,38.0,4.0,465.0,12.2,,,,,
2022,Chance Campbell,LB,Mississippi,6-2,232.0,4.57,39.5,,127.0,,,True,6.0,219.0,chance campbell,LB,2022,chance campbell,100.0,chance campbell,2021.0,LB,2.0,11.0,6.0,47.0,0.0,12.5,109.0,0.0,0.0,3.0,,,,,,,,,,,,,,,,,,,,,,,,,,,,,,,,,,,,,,,,,,,,
2022,Tariq Castro-Fields,CB,Penn St.,6-1,197.0,4.38,,,,,,True,6.0,221.0,tariq castrofields,CB,2022,tariq castrofields,100.0,tariq castrofields,2021.0,CB,7.0,0.0,0.0,26.0,0.0,0.0,33.0,,,,,,,,,,,,,,,,,,,,,,,,,,,,,,,,,,,,,,,,,,,,,,,
2022,Damone Clark,LB,LSU,6-3,239.0,4.57,36.5,,127.0,7.12,,True,5.0,176.0,damone clark,LB,2022,damone clark,100.0,damone clark,2021.0,LB,3.0,2.0,5.5,78.0,0.0,15.0,136.0,0.0,0.0,1.0,0.0,1.0,0.0,0.0,,,,,,,,,,,,,,,,,,,,,,,,,,,,,,,,,,,,,,,,
2022,Dustin Crum,QB,Kent St.,6-1,210.0,4.75,32.5,,120.0,,4.36,False,,,dustin crum,QB,2022,dustin crum,100.0,dustin crum,2021.0,QB,,,,,,,,2.0,1.0,0.0,,,,,,,,,,,,,,,,,382.0,245.0,6.0,0.641,20.0,3238.0,8.5,,,,,,1.0,30.0,1.0,0.0,30.0,30.0,,,,,,161.0,62.0,12.0,703.0,4.4
2022,Jack Coan,QB,Notre Dame,6-3,218.0,4.9,33.0,,115.0,6.95,4.39,False,,,jack coan,QB,2022,jack coan,100.0,jack coan,2021.0,QB,0.0,0.0,0.0,1.0,0.0,0.0,1.0,1.0,1.0,0.0,,,,,,,,,,,,,,,,,385.0,253.0,7.0,0.657,25.0,3150.0,8.2,,,,,,,,,,,,,,,,,57.0,21.0,2.0,,
2022,Snoop Conner,RB,Mississippi,5-10,222.0,4.59,29.5,25.0,118.0,,,True,5.0,154.0,snoop conner,RB,2022,snoop conner,100.0,snoop conner,2021.0,RB,1.0,0.0,0.0,2.0,0.0,0.0,2.0,3.0,2.0,0.0,,,,,,,,,,,,,,,,,,,,,,,,,,,,,,,,,,,14.0,14.0,0.0,82.0,5.9,130.0,51.0,13.0,647.0,5.0
2022,Bryan Cook,S,Cincinnati,6-1,206.0,,,,,,,True,2.0,62.0,bryan cook,S,2022,bryan cook,100.0,bryan cook,2021.0,S,9.0,0.0,1.0,57.0,0.0,5.0,96.0,,,,0.0,2.0,0.0,0.0,,,,,,,,,,,,,,,,,,,,,,,,,,,,,,,,,,,,,,,,
2022,James Cook,RB,Georgia,5-11,199.0,4.42,33.0,,124.0,,,True,2.0,63.0,james cook,RB,2022,james cook,100.0,james cook,2021.0,RB,,,,,,,,,,,,,,,,,,,,,,,,,,,,,,,,,,,,,,,,,,,,,53.0,27.0,4.0,284.0,10.5,113.0,67.0,7.0,728.0,6.4
2022,Jashaun Corbin,RB,Florida St.,5-11,202.0,,,,,,,False,,,jashaun corbin,RB,2022,jashaun corbin,100.0,jashaun corbin,2021.0,RB,,,,,,,,2.0,2.0,0.0,,,,,18.3,25.0,7.0,0.0,128.0,,,,,,,,,,,,,,,,,,,,,,,,,,21.0,25.0,1.0,144.0,5.8,143.0,89.0,7.0,887.0,6.2
2022,Matt Corral,QB,Mississippi,6-2,212.0,,,,,,,True,3.0,94.0,matt corral,QB,2022,matt corral,100.0,matt corral,2021.0,QB,,,,,,,,5.0,2.0,0.0,,,,,,,,,,,,,,,,,386.0,262.0,5.0,0.679,20.0,3349.0,8.7,,,,,,,,,,,,19.0,1.0,0.0,19.0,19.0,152.0,32.0,11.0,614.0,4.0
2021,James Wiggins,S,Cincinnati,5-11,209.0,4.4,38.0,22.0,127.0,,,True,7.0,243.0,james wiggins,S,2021,james wiggins,100.0,james wiggins,2020.0,S,6.0,0.0,1.0,25.0,0.0,1.0,32.0,,,,0.0,1.0,0.0,0.0,,,,,,,,,,,,,,,,,,,,,,,,,,,,,,,,,,,,,,,,
2021,Haydon Whitehead,P,Indiana,6-2,202.0,,,,,,,False,,,haydon whitehead,P,2021,haydon whitehead,100.0,haydon whitehead,2020.0,P,,,,,,,,,,,,,,,,,,,,,,,,,,,,,,,,,,,,,,,12.0,64.0,39.0,3.0,1693.0,43.4,,,,,,,,,,
2021,Brady White,QB,Memphis,6-1,210.0,4.84,29.0,,,6.97,4.33,False,,,brady white,QB,2021,brady white,100.0,brady white,2020.0,QB,,,,,,,,8.0,3.0,0.0,,,,,,,,,,,,,,,,,418.0,252.0,10.0,0.603,31.0,3376.0,8.1,,,,,,0.0,44.0,1.0,1.0,44.0,44.0,7.0,1.0,0.0,7.0,7.0,63.0,18.0,2.0,86.0,1.4
2021,Brendon White,DB,Rutgers,6-1,215.0,4.66,34.5,19.0,112.0,6.82,4.33,False,,,brendon white,DB,2021,brendon white,100.0,brendon white,2020.0,DB,1.0,0.0,0.0,19.0,0.0,0.5,36.0,,,,13.0,1.0,0.0,13.0,,,,,,,,,,,,,,,,,,,,,,,,,,,,,,,,,,,,,,,,
2021,Rhamondre Stevenson,RB,Oklahoma,5-11,231.0,4.64,31.5,15.0,112.0,7.09,4.15,True,4.0,120.0,rhamondre stevenson,RB,2021,rhamondre stevenson,100.0,rhamondre stevenson,2020.0,RB,,,,,,,,1.0,1.0,0.0,,,,,,,,,,,,,,,,,,,,,,,,,,,,,,,,,,,45.0,18.0,0.0,211.0,11.7,101.0,50.0,7.0,664.0,6.6
2021,Brad Stewart,DB,Florida,6-0,195.0,4.59,33.5,11.0,126.0,,4.44,False,,,brad stewart,DB,2021,brad stewart,100.0,brad stewart,2020.0,DB,3.0,0.0,1.0,27.0,0.0,2.0,42.0,,,,,,,,,,,,,,,,,,,,,,,,,,,,,,,,,,,,,,,,,,,,,,,
2021,Darius Stills,DL,West Virginia,6-0,278.0,4.98,32.5,23.0,110.0,7.18,4.49,False,,,darius stills,DL,2021,darius stills,100.0,darius stills,2020.0,DL,0.0,0.0,3.5,12.0,0.0,7.5,24.0,,,,0.0,1.0,0.0,0.0,,,,,,,,,,,,,,,,,,,,,,,,,,,,,,,,,,,,,,,,
2021,Donovan Stiner,DB,Florida,6-1,205.0,4.56,34.5,15.0,127.0,7.08,4.3,False,,,donovan stiner,DB,2021,donovan stiner,100.0,donovan stiner,2020.0,DB,2.0,0.0,0.0,32.0,0.0,2.0,58.0,,,,,,,,,,,,,,,,,,,,,,,,,,,,,,,,,,,,,,,,,,,,,,,
2021,Eric Stokes,DB,Georgia,6-0,194.0,4.31,38.5,14.0,128.0,6.96,4.36,True,1.0,29.0,eric stokes,DB,2021,eric stokes,100.0,eric stokes,2020.0,DB,4.0,1.0,0.0,14.0,2.0,0.0,20.0,,,,23.5,4.0,2.0,94.0,,,,,,,,,,,,,,,,,,,,,,,,,,,,,,,,,,,,,,,,
2021,Mason Stokke,FB,Wisconsin,6-2,242.0,4.96,30.5,22.0,112.0,7.2,4.34,False,,,mason stokke,FB,2021,mason stokke,100.0,mason stokke,2020.0,FB,,,,,,,,,,,,,,,,,,,,,,,,,,,,,,,,,,,,,,,,,,,,,14.0,8.0,3.0,58.0,7.3,19.0,6.0,1.0,45.0,2.4
2021,Dillon Stoner,WR,Oklahoma St.,6-0,194.0,4.51,37.0,16.0,123.0,6.96,4.13,False,,,dillon stoner,WR,2021,dillon stoner,100.0,dillon stoner,2020.0,WR,,,,,,,,,,,,,,,,,,,,,,,,,,,,,,,,,,6.1,34.0,15.0,0.0,91.0,,,,,,,75.0,42.0,4.0,573.0,13.6,,,,,
2021,Eli Stove,WR,Auburn,5-11,194.0,4.54,30.5,14.0,119.0,7.34,4.4,False,,,eli stove,WR,2021,eli stove,100.0,eli stove,2020.0,WR,0.0,0.0,0.0,0.0,0.0,0.0,1.0,,,,,,,,31.0,47.0,3.0,0.0,93.0,,,,,,,,,,,,,,,7.5,11.0,4.0,0.0,30.0,,,,,,,38.0,44.0,3.0,359.0,8.2,7.0,12.0,0.0,51.0,7.3
2021,Corey Straughter,CB,La-Monroe,5-10,184.0,4.62,35.0,11.0,117.0,7.37,4.58,False,,,corey straughter,CB,2021,corey straughter,100.0,corey straughter,2020.0,CB,1.0,0.0,0.0,3.0,0.0,0.0,4.0,,,,,,,,,,,,,,,,,,,,,,,,,,,,,,,,,,,,,,,,,,,,,,,
2021,Elijah Sullivan,LB,Kansas St.,6-0,214.0,4.69,,13.0,115.0,7.12,4.31,False,,,elijah sullivan,LB,2021,elijah sullivan,100.0,elijah sullivan,2020.0,LB,0.0,1.0,0.0,27.0,0.0,1.5,39.0,,,,4.0,1.0,0.0,4.0,,,,,,,,,,,,,,,,,,,,,,,,,,,,,,,,,,,,,,,,
2021,Chazz Surratt,LB,North Carolina,6-2,229.0,4.58,31.0,25.0,,7.02,4.16,True,3.0,78.0,chazz surratt,LB,2021,chazz surratt,100.0,chazz surratt,2020.0,LB,3.0,6.0,6.0,49.0,0.0,7.5,91.0,0.0,0.0,1.0,0.0,1.0,0.0,0.0,,,,,,,,,,,,,,,,,,,,,,,,,,,,,,,,,,,,,,,,
2021,Sage Surratt,WR,Wake Forest,6-2,209.0,4.66,,18.0,,,4.25,False,,,sage surratt,WR,2021,sage surratt,100.0,sage surratt,2019.0,WR,0.0,0.0,0.0,1.0,0.0,0.0,1.0,1.0,0.0,0.0,,,,,,,,,,,,,,,,,,,,,,,,8.3,25.0,11.0,0.0,91.0,,,,,,,70.0,66.0,11.0,1001.0,15.2,,,,,
2021,Patrick Surtain,DB,Alabama,6-2,208.0,4.42,39.0,18.0,131.0,,,True,1.0,9.0,patrick surtain,DB,2021,patrick surtain,100.0,patrick surtain,2020.0,DB,11.0,2.0,0.0,20.0,1.0,3.5,35.0,0.0,0.0,1.0,25.0,1.0,1.0,25.0,,,,,,,,,,,,,,,,,,,,,,,,,,,,,,,,,,,,,,,,
2021,Jovan Swann,DL,Indiana,6-2,291.0,4.9,30.5,34.0,109.0,7.74,4.75,False,,,jovan swann,DL,2021,jovan swann,100.0,jovan swann,2020.0,DL,1.0,3.0,0.0,2.0,0.0,0.0,4.0,,,,,,,,,,,,,,,,,,,,,,,,,,,,,,,,,,,,,,,,,,,,,,,
2021,Keith Taylor,DB,Washington,6-2,187.0,4.54,33.5,12.0,127.0,6.85,4.26,True,5.0,166.0,keith taylor,DB,2021,keith taylor,100.0,keith taylor,2020.0,DB,1.0,0.0,0.0,7.0,0.0,0.0,9.0,,,,,,,,,,,,,,,,,,,,,,,,,,,,,,,,,,,,,,,,,,,,,,,
2021,Marquez Stevenson,WR,Houston,5-10,180.0,4.48,33.0,,122.0,6.76,4.14,True,6.0,203.0,marquez stevenson,WR,2021,marquez stevenson,100.0,marquez stevenson,2020.0,WR,0.0,0.0,0.0,0.0,1.0,0.0,0.0,1.0,1.0,0.0,,,,,36.3,97.0,4.0,1.0,145.0,,,,,,,,,,,,,,,,,,,,,,,,,,51.0,20.0,4.0,307.0,15.4,3.0,14.0,0.0,16.0,5.3
2021,Jacoby Stevens,S,LSU,6-1,212.0,4.63,42.0,,130.0,,,True,6.0,224.0,jacoby stevens,S,2021,jacoby stevens,100.0,jacoby stevens,2020.0,S,4.0,2.0,3.0,30.0,0.0,6.0,63.0,0.0,0.0,3.0,,,,,,,,,,,,,,,,,,,,,,,,,,,,,,,,,,,,,,,,,,,,
2021,Caden Sterns,DB,Texas,5-11,202.0,4.41,42.0,14.0,128.0,6.96,4.13,True,5.0,152.0,caden sterns,DB,2021,caden sterns,100.0,caden sterns,2020.0,DB,3.0,0.0,0.0,30.0,0.0,1.5,52.0,,,,0.0,1.0,0.0,0.0,,,,,,,,,,,,,,,,,,,,,,,,,,,,,,,,,,,,,,,,
2021,Antjuan Simmons,LB,Michigan St.,5-11,218.0,4.8,,,,,,False,,,antjuan simmons,LB,2021,antjuan simmons,100.0,antjuan simmons,2020.0,LB,2.0,2.0,1.0,28.0,0.0,9.0,75.0,0.0,0.0,2.0,,,,,,,,,,,,,,,,,,,,,,,,,,,,,,,,,,,,,,,,,,,,
2021,Stevie Scott,RB,Indiana,6-0,225.0,4.66,31.0,18.0,119.0,7.14,4.57,False,,,stevie scott,RB,2021,stevie scott,100.0,stevie scott,2020.0,RB,,,,,,,,1.0,1.0,0.0,,,,,,,,,,,,,,,,,,,,,,,,,,,,,,,,,,,20.0,13.0,0.0,86.0,6.6,156.0,22.0,10.0,561.0,3.6
2021,Trey Sermon,RB,Ohio St.,6-0,215.0,4.57,37.0,,125.0,6.83,4.28,True,3.0,88.0,trey sermon,RB,2021,trey sermon,100.0,trey sermon,2020.0,RB,,,,,,,,,,,,,,,,,,,,,,,,,,,,,,,,,,,,,,,,,,,,,34.0,12.0,0.0,95.0,7.9,116.0,65.0,4.0,870.0,7.5
2021,Penei Sewell,OL,Oregon,6-4,331.0,5.13,28.0,30.0,109.0,7.76,4.68,True,1.0,7.0,penei sewell,OL,2021,penei sewell,100.0,penei sewell,2019.0,OL,0.0,0.0,0.0,1.0,0.0,0.0,1.0,,,,,,,,,,,,,,,,,,,,,,,,,,,,,,,,,,,,,,,,,,,1.0,1.0,0.0,1.0,1.0
2021,William Sherman,OL,Colorado,6-3,304.0,5.19,26.0,23.0,108.0,7.71,4.82,True,6.0,197.0,william sherman,OL,2021,william sherman,100.0,william sherman,2020.0,OL,0.0,0.0,0.0,1.0,0.0,0.0,1.0,,,,,,,,,,,,,,,,,,,,,,,,,,,,,,,,,,,,,,,,,,,,,,,
2021,Jamien Sherwood,DB,Auburn,6-1,216.0,4.76,36.0,15.0,123.0,7.15,4.36,True,5.0,146.0,jamien sherwood,DB,2021,jamien sherwood,100.0,jamien sherwood,2020.0,DB,3.0,1.0,1.0,44.0,0.0,3.0,75.0,0.0,0.0,3.0,,,,,,,,,,,,,,,,,,,,,,,,,,,,,,,,,,,,,,,,,,,,
2021,George Silvanic,DT,Air Force,6-5,286.0,5.21,29.5,,105.0,7.5,4.6,False,,,george silvanic,DT,2021,george silvanic,100.0,george silvanic,2020.0,DT,0.0,1.0,2.5,11.0,0.0,4.5,34.0,,,,,,,,,,,,,,,,,,,,,,,,,,,,,,,,,,,,,,,,,,,,,,,
2021,Ben Skowronek,WR,Notre Dame,6-2,220.0,,,13.0,,,,False,,,ben skowronek,WR,2021,ben skowronek,100.0,ben skowronek,2020.0,WR,0.0,0.0,0.0,2.0,0.0,0.0,2.0,1.0,1.0,0.0,,,,,,,,,,,,,,,,,,,,,,,,,,,,,,,,,,,73.0,29.0,5.0,439.0,15.1,2.0,13.0,1.0,17.0,8.5
2021,Benjamin St-Juste,DB,Minnesota,6-3,202.0,4.51,34.5,11.0,119.0,6.63,3.96,True,3.0,74.0,benjamin stjuste,DB,2021,benjamin stjuste,100.0,benjamin stjuste,2020.0,DB,3.0,0.0,0.0,11.0,0.0,0.0,14.0,,,,,,,,,,,,,,,,,,,,,,,,,,,,,,,,,,,,,,,,,,,,,,,
2021,Rashawn Slater,OL,Northwestern,6-4,304.0,4.91,33.0,33.0,112.0,7.48,4.45,True,1.0,13.0,rashawn slater,OL,2021,rashawn slater,100.0,rashawn slater,2019.0,OL,0.0,0.0,0.0,1.0,0.0,0.0,2.0,,,,,,,,,,,,,,,,,,,,,,,,,,,,,,,,,,,,,,,,,,,,,,,
2021,Tedarrell Slaton,DL,Florida,6-4,330.0,5.09,29.0,27.0,109.0,7.91,4.81,True,5.0,173.0,tedarrell slaton,DL,2021,tedarrell slaton,100.0,tedarrell slaton,2020.0,DL,0.0,5.0,1.5,14.0,0.0,3.5,38.0,,,,,,,,,,,,,,,,,,,,,,,,,,,,,,,,,,,,,,,,,,,,,,,
2021,Trystan Slinker,LB,Baylor,5-10,234.0,4.84,30.5,20.0,119.0,7.59,4.63,False,,,trystan slinker,LB,2021,trystan slinker,100.0,trystan slinker,2020.0,LB,1.0,1.0,0.0,1.0,0.0,0.0,2.0,,,,,,,,10.0,10.0,1.0,0.0,10.0,,,,,,,,,,,,,,,,,,,,,,,,,,,,,,,,,,,
2021,Shaq Smith,LB,Maryland,6-2,237.0,4.79,30.0,22.0,110.0,7.34,4.3,False,,,shaq smith,LB,2021,shaq smith,100.0,shaq smith,2019.0,LB,4.0,2.0,1.0,14.0,0.0,3.5,24.0,,,,,,,,,,,,,,,,,,,,,,,,,,,,,,,,,,,,,,,,,,,,,,,
2021,Zach Smith,QB,Tulsa,6-3,222.0,5.23,29.5,,111.0,7.26,4.52,False,,,zach smith,QB,2021,zach smith,100.0,zach smith,2020.0,QB,0.0,0.0,0.0,0.0,0.0,0.0,1.0,2.0,2.0,0.0,,,,,,,,,,,,,,,,,263.0,147.0,10.0,0.559,13.0,1946.0,7.4,,,,,,,,,,,,,,,,,36.0,16.0,0.0,,
2021,Ihmir Smith-Marsette,WR,Iowa,6-0,181.0,4.43,37.0,,124.0,7.0,4.2,True,5.0,157.0,ihmir smithmarsette,WR,2021,ihmir smithmarsette,100.0,ihmir smithmarsette,2020.0,WR,,,,,,,,1.0,0.0,0.0,,,,,21.0,33.0,6.0,0.0,126.0,,,,,,,,,,,,,,,,,,,,,,,,,,53.0,25.0,4.0,345.0,13.8,7.0,31.0,1.0,54.0,7.7
2021,Tamorrion Terry,WR,Florida St.,6-2,207.0,4.44,32.5,15.0,126.0,7.0,4.53,False,,,tamorrion terry,WR,2021,tamorrion terry,100.0,tamorrion terry,2020.0,WR,0.0,0.0,0.0,1.0,0.0,0.0,2.0,,,,,,,,,,,,,,,,,,,,,,,,,,,,,,,,,,,,,,48.0,23.0,1.0,289.0,12.6,2.0,4.0,0.0,0.0,0.0
2021,Kiondre Thomas,DB,Kansas St.,5-11,186.0,4.44,37.5,10.0,122.0,6.94,4.35,False,,,kiondre thomas,DB,2021,kiondre thomas,100.0,kiondre thomas,2020.0,DB,4.0,0.0,0.0,22.0,0.0,0.0,27.0,,,,,,,,,,,,,,,,,,,,,,,,,,,,,,,,,,,,,,,,,,,,,,,
2021,Ambry Thomas,DB,Michigan,5-11,191.0,4.37,38.0,15.0,122.0,,,True,3.0,102.0,ambry thomas,DB,2021,ambry thomas,100.0,ambry thomas,2019.0,DB,3.0,0.0,0.0,30.0,0.0,3.0,38.0,0.0,0.0,2.0,2.0,3.0,0.0,6.0,,,,,,,,,,,,,,,,,,,,,,,,,,,,,,,,,,,,,,,,
2021,Rashad Weaver,DL,Pittsburgh,6-4,259.0,4.88,32.0,20.0,114.0,6.97,4.26,True,4.0,135.0,rashad weaver,DL,2021,rashad weaver,100.0,rashad weaver,2020.0,DL,2.0,12.0,7.5,22.0,0.0,14.0,34.0,0.0,0.0,2.0,,,,,,,,,,,,,,,,,,,,,,,,,,,,,,,,,,,,,,,,,,,,
2021,Lamont Wade,S,Penn St.,5-9,190.0,4.47,35.5,16.0,118.0,7.14,4.34,False,,,lamont wade,S,2021,lamont wade,100.0,lamont wade,2020.0,S,1.0,0.0,0.0,18.0,1.0,0.0,37.0,0.0,0.0,3.0,0.0,1.0,0.0,0.0,23.0,37.0,4.0,0.0,92.0,,,,,,,,,,,,,,,,,,,,,,,,,,,,,,,,,,,
2021,Shaun Wade,CB,Ohio St.,6-0,196.0,,,,,,,True,5.0,160.0,shaun wade,CB,2021,shaun wade,100.0,shaun wade,2020.0,CB,4.0,0.0,0.0,23.0,1.0,1.0,34.0,,,,18.0,2.0,1.0,36.0,,,,,,,,,,,,,,,,,,,,,,,,,,,,,,,,,,,,,,,,
2021,Tre Walker,WR,San Jose St.,5-10,178.0,4.58,28.0,,113.0,7.75,4.47,False,,,tre walker,WR,2021,tre walker,100.0,tre walker,2020.0,WR,0.0,0.0,0.0,1.0,0.0,0.0,1.0,1.0,0.0,0.0,,,,,,,,,,,,,,,,,,,,,,,,,,,,,,,,,,,55.0,45.0,4.0,627.0,13.9,,,,,
2021,Tylan Wallace,WR,Oklahoma St.,5-11,194.0,4.48,33.0,11.0,112.0,6.97,4.25,True,4.0,131.0,tylan wallace,WR,2021,tylan wallace,100.0,tylan wallace,2020.0,WR,0.0,0.0,0.0,2.0,0.0,0.0,2.0,,,,,,,,0.0,0.0,1.0,0.0,0.0,,,,,,,,,,,,,,,,,,,,,,,,,,55.0,59.0,6.0,917.0,15.5,1.0,7.0,0.0,7.0,7.0
2021,Garret Wallow,LB,TCU,,,4.65,32.5,22.0,122.0,6.87,4.12,True,5.0,170.0,garret wallow,LB,2021,garret wallow,100.0,garret wallow,2020.0,LB,1.0,5.0,2.0,50.0,0.0,9.0,90.0,,,,,,,,,,,,,,,,,,,,,,,,,,,,,,,,,,,,,,,,,,,,,,,
2021,Ar'Darius Washington,S,TCU,5-7,178.0,4.61,37.5,17.0,127.0,7.06,4.1,False,,,ardarius washington,S,2021,ardarius washington,100.0,ardarius washington,2020.0,S,4.0,0.0,0.0,25.0,0.0,1.0,37.0,,,,,,,,,,,,,,,,,,,,,,,,,,,,,,,,,,,,,,,,,,,,,,,
2021,Mark Webb,DB,Georgia,6-1,207.0,4.61,36.5,,136.0,7.3,4.52,True,7.0,241.0,mark webb,DB,2021,mark webb,100.0,mark webb,2020.0,DB,2.0,0.0,0.0,10.0,0.0,0.0,21.0,,,,13.0,1.0,0.0,13.0,,,,,,,,,,,,,,,,,,,,,,,,,,,,,,,,,,,,,,,,
2021,Evan Tyler,S,Boise St.,6-1,199.0,4.58,33.0,13.0,117.0,7.14,4.32,False,,,evan tyler,S,2021,evan tyler,100.0,evan tyler,2020.0,S,1.0,0.0,0.0,8.0,0.0,0.0,12.0,,,,0.0,1.0,0.0,0.0,,,,,,,,,,,,,,,,,,,,,,,,,,,,,,,,,,,,,,,,
2021,Connor Wedington,WR,Stanford,6-0,196.0,4.47,38.5,13.0,117.0,6.66,4.07,False,,,connor wedington,WR,2021,connor wedington,100.0,connor wedington,2020.0,WR,,,,,,,,,,,,,,,23.8,27.0,4.0,0.0,95.0,,,,,,,,,,,,,,,,,,,,,,,,,,28.0,15.0,0.0,159.0,10.6,,,,,
2021,Coby Weiss,K,South Florida,5-8,155.0,,,,,,,False,,,coby weiss,K,2021,coby weiss,100.0,coby weiss,2019.0,PK,,,,,,,,,,,,,,,,,,,,5.0,3.0,37.0,0.6,28.0,20.0,19.0,,,,,,,,,,,,,,,,,,,,,,,,,,,,
2021,Pro Wells,TE,TCU,,,,,,,,,False,,,pro wells,TE,2021,pro wells,100.0,pro wells,2020.0,TE,,,,,,,,,,,,,,,,,,,,,,,,,,,,,,,,,,,,,,,,,,,,,47.0,13.0,3.0,195.0,15.0,,,,,
2021,Pete Werner,LB,Ohio St.,6-2,238.0,4.58,39.5,20.0,122.0,6.95,4.38,True,2.0,60.0,pete werner,LB,2021,pete werner,100.0,pete werner,2020.0,LB,1.0,2.0,1.0,28.0,0.0,2.5,54.0,,,,,,,,,,,,,,,,,,,,,,,,,,,,,,,,,,,,,,,,,,,,,,,
2021,Devon Wharton,DE,Western Kentucky,6-2,215.0,5.1,30.5,4.0,115.0,8.12,4.7,False,,,devon wharton,DE,2021,devon wharton,100.0,devon wharton,2019.0,DE,0.0,0.0,0.0,2.0,0.0,0.0,3.0,,,,,,,,,,,,,,,,,,,,,,,,,,,,,,,,,,,,,,,,,,,,,,,
2021,Jarell White,LB,Cincinnati,5-8,202.0,4.58,35.0,22.0,125.0,7.21,4.35,False,,,jarell white,LB,2021,jarell white,100.0,jarell white,2020.0,LB,2.0,4.0,3.0,44.0,1.0,8.0,77.0,,,,13.0,2.0,1.0,26.0,,,,,,,,,,,,,,,,,,,,,,,,,,,,,,,,,,,,,,,,
2021,Tyler Vaughns,WR,USC,6-1,190.0,4.62,31.5,7.0,120.0,7.13,4.36,False,,,tyler vaughns,WR,2021,tyler vaughns,100.0,tyler vaughns,2020.0,WR,,,,,,,,1.0,1.0,0.0,,,,,,,,,,,,,,,,,,,,,,,,4.3,15.0,3.0,0.0,13.0,,,,,,,42.0,33.0,3.0,406.0,12.3,,,,,
2021,Jaylen Twyman,DL,Pittsburgh,6-1,301.0,5.4,32.5,40.0,104.0,8.0,,True,6.0,199.0,jaylen twyman,DL,2021,jaylen twyman,100.0,jaylen twyman,2019.0,DL,2.0,2.0,10.5,23.0,0.0,12.0,41.0,,,,,,,,,,,,,,,,,,,,,,,,,,,,,,,,,,,,,,,,,,,,,,,
2021,Zac Thomas,QB,Appalachian St.,6-0,205.0,4.59,30.0,,115.0,7.06,4.28,False,,,zac thomas,QB,2021,zac thomas,100.0,zac thomas,2020.0,QB,0.0,0.0,0.0,1.0,0.0,0.0,1.0,5.0,0.0,0.0,,,,,,,,,,,,,,,,,291.0,186.0,11.0,0.639,20.0,2189.0,7.5,,,,,,1.0,30.0,1.0,0.0,30.0,30.0,,,,,,90.0,60.0,2.0,313.0,3.5
2021,Khyiris Tonga,DL,BYU,,,,,35.0,,,,True,7.0,250.0,khyiris tonga,DL,2021,khyiris tonga,100.0,khyiris tonga,2020.0,DL,5.0,3.0,2.5,12.0,0.0,2.5,36.0,,,,,,,,,,,,,,,,,,,,,,,,,,,7.0,0.0,1.0,0.0,7.0,,,,,,,,,,,,,,,,
2021,Tyree Thompson,LB,Buffalo,6-1,229.0,5.0,31.0,18.0,109.0,7.87,4.96,False,,,tyree thompson,LB,2021,tyree thompson,100.0,tyree thompson,2020.0,LB,1.0,1.0,0.0,19.0,0.0,1.5,32.0,,,,,,,,,,,,,,,,,,,,,,,,,,,,,,,,,,,,,,,,,,,,,,,
2021,Kevin Thomson,QB,Washington,6-0,198.0,4.75,35.5,21.0,126.0,6.98,4.23,False,,,kevin thomson,QB,2021,kevin thomson,100.0,kevin thomson,2019.0,QB,,,,,,,,2.0,1.0,0.0,,,,,,,,,,,,,,,,,91.0,54.0,1.0,0.593,4.0,496.0,5.5,,,,,,,,,,,,,,,,,18.0,9.0,0.0,,
2021,Tommy Togiai,DT,Ohio St.,6-1,296.0,4.97,32.0,40.0,105.0,7.2,4.49,True,4.0,132.0,tommy togiai,DT,2021,tommy togiai,100.0,tommy togiai,2020.0,DT,2.0,0.0,3.0,12.0,0.0,4.5,23.0,,,,,,,,,,,,,,,,,,,,,,,,,,,,,,,,,,,,,,,,,,,,,,,
2021,Jet Toner,K,Stanford,6-2,204.0,,,,,,,False,,,jet toner,K,2021,jet toner,100.0,jet toner,2020.0,PK,,,,,,,,,,,,,,,,,,,,11.0,7.0,48.0,0.636,36.0,16.0,15.0,,,,,,,,,,,,,,,,,,,,,,,,,,,,
2021,Kadarius Toney,WR,Florida,5-11,193.0,4.39,39.5,9.0,136.0,6.88,4.25,True,1.0,20.0,kadarius toney,WR,2021,kadarius toney,100.0,kadarius toney,2020.0,WR,0.0,0.0,0.0,0.0,1.0,0.0,0.0,1.0,1.0,0.0,,,,,22.1,37.0,7.0,0.0,155.0,,,,,,,,2.0,1.0,0.0,0.5,0.0,12.0,6.0,12.6,50.0,11.0,1.0,139.0,,,,,,,57.0,70.0,10.0,984.0,14.1,19.0,50.0,1.0,161.0,8.5
2021,Shaka Toney,DE,Penn St.,6-2,242.0,4.51,39.0,24.0,128.0,6.95,4.28,True,7.0,246.0,shaka toney,DE,2021,shaka toney,100.0,shaka toney,2020.0,DE,1.0,2.0,5.0,21.0,0.0,7.5,31.0,,,,,,,,,,,,,,,,,,,,,,,,,,,,,,,,,,,,,,,,,,,,,,,
2021,Kyle Trask,QB,Florida,6-5,236.0,5.1,31.5,,113.0,7.08,4.6,True,2.0,64.0,kyle trask,QB,2021,kyle trask,100.0,kyle trask,2020.0,QB,0.0,0.0,0.0,1.0,0.0,0.0,1.0,5.0,3.0,0.0,,,,,,,,,,,,,,,,,437.0,301.0,8.0,0.689,43.0,4283.0,9.8,,,,,,1.0,32.0,1.0,0.0,32.0,32.0,,,,,,64.0,26.0,3.0,50.0,0.8
2021,Christian Tutt,DB,Auburn,5-10,180.0,4.73,29.5,,110.0,7.22,4.25,False,,,christian tutt,DB,2021,christian tutt,100.0,christian tutt,2020.0,DB,1.0,1.0,0.0,18.0,1.0,1.0,31.0,0.0,0.0,2.0,,,,,,,,,,,,,,,,,,,,,,,,10.0,12.0,3.0,0.0,30.0,,,,,,,,,,,,,,,,
2021,Tommy Tremble,TE,Notre Dame,6-3,241.0,4.6,36.5,20.0,122.0,,,True,3.0,83.0,tommy tremble,TE,2021,tommy tremble,100.0,tommy tremble,2020.0,TE,,,,,,,,,,,,,,,,,,,,,,,,,,,,,,,,,,,,,,,,,,,,,30.0,19.0,0.0,217.0,11.4,1.0,4.0,0.0,4.0,4.0
2021,Harry Trotter,RB,Kansas St.,5-8,207.0,4.63,32.5,22.0,112.0,,,False,,,harry trotter,RB,2021,harry trotter,100.0,harry trotter,2020.0,RB,,,,,,,,,,,,,,,,,,,,,,,,,,,,,,,,,,,,,,,,,,,,,12.0,8.0,0.0,34.0,4.3,72.0,24.0,3.0,260.0,3.6
2021,Israel Tucker,RB,Louisiana Tech,5-7,194.0,4.6,38.5,20.0,123.0,7.25,4.52,False,,,israel tucker,RB,2021,israel tucker,100.0,israel tucker,2020.0,RB,0.0,0.0,0.0,1.0,0.0,0.0,1.0,,,,,,,,,,,,,,,,,,,,,,,,,,,,,,,,,,,,,,17.0,10.0,0.0,59.0,5.9,148.0,31.0,4.0,648.0,4.4
2021,Carl Tucker,TE,Alabama,,,,,,,,,False,,,carl tucker,TE,2021,carl tucker,100.0,carl tucker,2020.0,TE,,,,,,,,,,,,,,,23.0,23.0,1.0,0.0,23.0,,,,,,,,,,,,,,,,,,,,,,,,,,,,,,,,,,,
2021,Jay Tufele,DL,USC,6-2,305.0,5.0,30.0,30.0,105.0,7.8,4.88,True,4.0,106.0,jay tufele,DL,2021,jay tufele,100.0,jay tufele,2019.0,DL,1.0,1.0,3.5,21.0,0.0,5.5,41.0,,,,,,,,,,,,,,,,,,,,,,,,,,,,,,,,,,,,,,,,,,,,,,,
2021,Payton Turner,DL,Houston,6-5,268.0,,35.5,23.0,,6.98,4.33,True,1.0,28.0,payton turner,DL,2021,payton turner,100.0,payton turner,2020.0,DL,0.0,1.0,5.0,17.0,0.0,10.5,25.0,,,,,,,,,,,,,,,,,,,,,,,,,,,,,,,,,,,,,,,,,,,,,,,
2018,Jaleel Scott,WR,New Mexico State,6-5,218.0,4.56,34.5,16.0,124.0,7.2,4.4,True,4.0,132.0,jaleel scott,WR,2018,jaleel scott,100.0,jaleel scott,2017.0,WR,,,,,,,,1.0,1.0,0.0,,,,,,,,,,,,,,,,,,,,,,,,,,,,,,,,,,,41.0,76.0,9.0,1079.0,14.2,,,,,
2018,Van Smith,S,Clemson,5-11,185.0,4.61,29.5,,,,,False,,,van smith,S,2018,van smith,100.0,van smith,2017.0,S,1.0,0.0,0.0,28.0,0.0,1.5,49.0,0.0,0.0,1.0,38.0,1.0,0.0,38.0,,,,,,,,,,,,,,,,,,,,,,,,,,,,,,,,,,,,,,,,
2018,Bo Scarbrough,RB,Alabama,6-1,228.0,4.52,40.0,14.0,129.0,,4.34,True,7.0,236.0,bo scarbrough,RB,2018,bo scarbrough,100.0,bo scarbrough,2017.0,RB,,,,,,,,0.0,0.0,1.0,,,,,,,,,,,,,,,,,,,,,,,,,,,,,,,,,,,15.0,17.0,0.0,109.0,6.4,124.0,44.0,8.0,596.0,4.8
2013,Knile Davis,RB,Arkansas,5-11,227.0,4.37,33.5,31.0,121.0,6.96,4.38,True,3.0,96.0,knile davis,RB,2013,knile davis,100.0,knile davis,2012.0,RB,,,,,,,,,,,,,,,,,,,,,,,,,,,,,,,,,,,,,,,,,,,,,64.0,11.0,1.0,157.0,14.3,112.0,28.0,2.0,377.0,3.4
2013,Montee Ball,RB,Wisconsin,5-10,214.0,4.66,32.0,15.0,118.0,6.88,4.4,True,2.0,58.0,montee ball,RB,2013,montee ball,100.0,montee ball,2012.0,RB,,,,,,,,,,,,,,,,,,,,,,,,,,,,,,,,,,,,,,,,,,,,,16.0,10.0,0.0,72.0,7.2,356.0,67.0,22.0,1830.0,5.1
2013,Matt Barkley,QB,USC,6-2,227.0,4.91,,,,,,True,4.0,98.0,matt barkley,QB,2013,matt barkley,100.0,matt barkley,2012.0,QB,,,,,,,,,,,,,,,,,,,,,,,,,,,387.0,246.0,15.0,0.636,36.0,3273.0,8.5,,,,,,,,,,,,,,,,,25.0,11.0,0.0,,
2013,Kenjon Barner,RB,Oregon,5-9,196.0,4.52,35.5,20.0,122.0,6.87,4.2,True,6.0,182.0,kenjon barner,RB,2013,kenjon barner,100.0,kenjon barner,2012.0,RB,,,,,,,,,,,,,,,,,,,,,,,,,,,,,,,,,,,,,,,,,,,,,48.0,20.0,2.0,256.0,12.8,278.0,80.0,21.0,1767.0,6.4
2013,Le'Veon Bell,RB,Michigan State,6-1,230.0,4.6,31.5,24.0,118.0,6.75,4.24,True,2.0,48.0,leveon bell,RB,2013,leveon bell,100.0,leveon bell,2012.0,RB,,,,,,,,,,,,,,,11.5,31.0,4.0,0.0,46.0,,,,,,,,1.0,1.0,0.0,1.0,0.0,29.0,29.0,6.0,11.0,3.0,0.0,18.0,,,,,,,20.0,32.0,1.0,167.0,5.2,382.0,40.0,12.0,1793.0,4.7
2013,Tommy Bohanon,FB,Wake Forest,6-1,246.0,4.88,35.0,36.0,119.0,7.27,4.42,True,7.0,215.0,tommy bohanon,FB,2013,tommy bohanon,100.0,tommy bohanon,2012.0,FB,,,,,,,,,,,,,,,,,,,,,,,,,,,,,,,,,,,,,,,,,,,,,34.0,23.0,5.0,208.0,9.0,2.0,1.0,1.0,1.0,0.5
2013,Travis Bond,OG,North Carolina,6-6,329.0,5.27,22.5,22.0,98.0,7.85,4.96,True,7.0,214.0,travis bond,OG,2013,travis bond,100.0,travis bond,2011.0,G,,,,,,,,,,,,,,,,,,,,,,,,,,,,,,,,,,,,,,,,,,,,,,1.0,0.0,,,,,,,
2013,Zach Boren,FB,Ohio State,5-11,238.0,5.0,32.0,25.0,109.0,7.28,4.44,False,,,zach boren,FB,2013,zach boren,100.0,zach boren,2012.0,FB,,,,,,,,,,,,,,,,,,,,,,,,,,,,,,,,,,,,,,,,,,,,,14.0,5.0,0.0,42.0,8.4,11.0,8.0,2.0,33.0,3.0
2013,Josh Boyce,WR,TCU,5-11,206.0,4.38,34.0,22.0,131.0,6.68,4.1,True,4.0,102.0,josh boyce,WR,2013,josh boyce,100.0,josh boyce,2012.0,WR,,,,,,,,,,,,,,,31.0,57.0,3.0,0.0,93.0,,,,,,,,,,,,,,,,,,,,,,,,,,94.0,66.0,7.0,891.0,13.5,3.0,3.0,1.0,6.0,2.0
2013,Tyler Bray,QB,Tennessee,6-6,232.0,5.05,,,100.0,7.2,4.51,False,,,tyler bray,QB,2013,tyler bray,100.0,tyler bray,2012.0,QB,,,,,,,,,,,,,,,,,,,,,,,,,,,451.0,268.0,12.0,0.594,34.0,3612.0,8.0,,,,,,0.0,41.0,3.0,0.0,102.0,34.0,,,,,,15.0,9.0,0.0,,
2013,Dylan Breeding,P,Arkansas,6-1,213.0,4.74,29.0,11.0,110.0,,,False,,,dylan breeding,P,2013,dylan breeding,100.0,dylan breeding,2012.0,P,,,,,,,,,,,,,,,,,,,,,,,,,,,,,,,,,,,,,,,0.0,72.0,53.0,0.0,2416.0,45.6,,,,,,,,,,
2013,Rex Burkhead,RB,Nebraska,5-10,214.0,4.73,39.0,21.0,125.0,6.85,4.09,True,6.0,190.0,rex burkhead,RB,2013,rex burkhead,100.0,rex burkhead,2012.0,RB,,,,,,,,,,,,,,,,,,,,,,,,,,,1.0,1.0,0.0,1.0,0.0,11.0,11.0,,,1.0,0.0,,,,,,,,25.0,11.0,2.0,92.0,8.4,98.0,73.0,5.0,675.0,6.9
2013,Adrian Bushell,CB,Louisville,5-9,186.0,4.58,33.0,17.0,116.0,6.92,4.25,False,,,adrian bushell,CB,2013,adrian bushell,100.0,adrian bushell,2012.0,CB,,,,,,,,,,,0.0,1.0,0.0,0.0,19.6,42.0,17.0,0.0,333.0,,,,,,,,,,,,,,,,,,,,,,,,,,,,,,,,,,,
2013,Colby Cameron,QB,Louisiana Tech,6-2,212.0,4.78,30.5,,112.0,6.98,4.28,False,,,colby cameron,QB,2013,colby cameron,100.0,colby cameron,2012.0,QB,,,,,,,,,,,,,,,,,,,,,,,,,,,522.0,359.0,5.0,0.688,31.0,4147.0,7.9,,,,,,,,,,,,,,,,,61.0,18.0,4.0,177.0,2.9
2013,Anthony Cantele,K,Kansas State,5-10,180.0,4.76,,,,,,False,,,anthony cantele,K,2013,anthony cantele,100.0,anthony cantele,2012.0,PK,,,,,,,,,,,,,,,,,,,,23.0,19.0,42.0,0.826,121.0,64.0,64.0,,,,,,,,,,,,,,,,,,,,,,,,,,,,
2013,Sanders Commings,CB,Georgia,6-0,216.0,4.41,34.5,,117.0,7.1,4.3,True,5.0,134.0,sanders commings,CB,2013,sanders commings,100.0,sanders commings,2012.0,CB,,,,,,,,,,,0.0,3.0,0.0,0.0,,,,,,,,,,,,,,,,,,,,,,,,,,,,,,,16.0,1.0,0.0,16.0,16.0,,,,,
2013,Stedman Bailey,WR,West Virginia,5-10,193.0,4.52,34.5,11.0,117.0,6.81,4.09,True,3.0,92.0,stedman bailey,WR,2013,stedman bailey,100.0,stedman bailey,2012.0,WR,,,,,,,,,,,,,,,14.6,23.0,10.0,0.0,146.0,,,,,,,,,,,,,,,,,,,,,,,,,,87.0,114.0,25.0,1622.0,14.2,2.0,13.0,0.0,13.0,6.5
2013,Tavon Austin,WR,West Virginia,5-8,174.0,4.34,32.0,14.0,120.0,,4.01,True,1.0,8.0,tavon austin,WR,2013,tavon austin,100.0,tavon austin,2012.0,WR,,,,,,,,,,,,,,,24.6,100.0,33.0,1.0,813.0,,,,,,,,,,,,,,,11.0,76.0,15.0,1.0,165.0,,,,,,,75.0,114.0,12.0,1289.0,11.3,72.0,74.0,3.0,643.0,8.9
2013,David Amerson,CB,North Carolina State,6-1,205.0,4.44,35.5,15.0,127.0,,,True,2.0,51.0,david amerson,CB,2013,david amerson,100.0,david amerson,2012.0,CB,,,,,,,,,,,16.4,5.0,1.0,82.0,,,,,,,,,,,,,,,,,,,,,,,,,,,,,,,,,,,,,,,,
2012,Brandon Weeden,QB,Oklahoma State,6-3,221.0,4.89,,,,,,True,1.0,22.0,brandon weeden,QB,2012,brandon weeden,100.0,brandon weeden,2011.0,QB,,,,,,,,,,,,,,,,,,,,,,,,,,,564.0,408.0,13.0,0.723,37.0,4727.0,8.4,,,,,,,,,,,,,,,,,17.0,11.0,1.0,,
2012,Darron Thomas,QB,Oregon,6-3,220.0,4.77,36.0,14.0,121.0,7.17,4.28,False,,,darron thomas,QB,2012,darron thomas,100.0,darron thomas,2011.0,QB,,,,,,,,,,,,,,,,,,,,,,,,,,,339.0,211.0,7.0,0.622,33.0,2761.0,8.1,,,,,,,,,,,,8.0,1.0,0.0,8.0,8.0,56.0,40.0,3.0,206.0,3.7
2012,Johnny Thomas,S,Oklahoma State,5-10,206.0,4.57,35.5,20.0,123.0,7.01,4.25,False,,,johnny thomas,S,2012,johnny thomas,100.0,johnny thomas,2010.0,S,,,,,,,,,,,8.7,3.0,1.0,26.0,15.5,24.0,8.0,0.0,124.0,,,,,,,,,,,,,,,,,,,,,,,,,,,,,,,,,,,
2012,Nick Toon,WR,Wisconsin,6-2,215.0,4.49,37.5,18.0,,,,True,4.0,122.0,nick toon,WR,2012,nick toon,100.0,nick toon,2011.0,WR,,,,,,,,,,,,,,,,,,,,,,,,,,,,,,,,,,,,,,,,,,,,,59.0,64.0,10.0,926.0,14.5,,,,,
2012,Robert Turbin,RB,Utah State,5-10,222.0,4.42,36.0,28.0,122.0,7.16,4.31,True,4.0,106.0,robert turbin,RB,2012,robert turbin,100.0,robert turbin,2011.0,RB,,,,,,,,,,,,,,,,,,,,,,,,,,,,,,,,,,,,,,,,,,,,,34.0,17.0,4.0,171.0,10.1,249.0,80.0,19.0,1517.0,6.1
2012,Trevin Wade,CB,Arizona,5-10,192.0,4.52,34.5,18.0,116.0,6.87,4.0,True,7.0,245.0,trevin wade,CB,2012,trevin wade,100.0,trevin wade,2011.0,CB,,,,,,,,,,,0.0,2.0,0.0,0.0,,,,,,,,,,,,,,,,,,,,,,,,,,,,,,,,,,,,,,,,
2012,Blair Walsh,K,Georgia,5-9,187.0,4.96,,,,,,True,6.0,175.0,blair walsh,K,2012,blair walsh,100.0,blair walsh,2011.0,PK,,,,,,,,,,,,,,,,,,,,35.0,21.0,56.0,0.6,109.0,46.0,46.0,,,,,,,,,,,,,,,,,,,,,,,,,,,,
2012,Carson Wiggs,K,Purdue,6-1,221.0,4.91,,,,,,False,,,carson wiggs,K,2012,carson wiggs,100.0,carson wiggs,2011.0,PK,,,,,,,,,,,,,,,,,,,,25.0,19.0,53.0,0.76,96.0,39.0,39.0,,,,,,,,,,,,,0.0,54.0,23.0,0.0,804.0,35.0,,,,,,,,,,
2013,Ryan Allen,P,Louisiana Tech,6-1,229.0,4.98,,,,,,False,,,ryan allen,P,2013,ryan allen,100.0,ryan allen,2012.0,P,,,,,,,,,,,,,,,,,,,,,,,,,,,1.0,1.0,0.0,1.0,0.0,7.0,7.0,,,,,,0.0,85.0,45.0,0.0,2162.0,48.0,,,,,,,,,,
2012,Russell Wilson,QB,Wisconsin,5-11,204.0,4.53,34.0,,118.0,6.97,4.09,True,3.0,75.0,russell wilson,QB,2012,russell wilson,100.0,russell wilson,2011.0,QB,,,,,,,,,,,,,,,,,,,,,,,,,,,309.0,225.0,4.0,0.728,33.0,3175.0,10.3,,,,,,,,,,,,32.0,3.0,1.0,56.0,18.7,79.0,46.0,6.0,338.0,4.3
2012,Jarius Wright,WR,Arkansas,5-10,182.0,4.39,38.0,11.0,120.0,6.93,4.03,True,4.0,118.0,jarius wright,WR,2012,jarius wright,100.0,jarius wright,2011.0,WR,,,,,,,,,,,,,,,,,,,,,,,,,,,,,,,,,,,,,,,,,,,,,68.0,66.0,12.0,1117.0,16.9,,,,,
2012,Kendall Wright,WR,Baylor,5-10,196.0,4.49,38.5,,121.0,6.93,4.18,True,1.0,20.0,kendall wright,WR,2012,kendall wright,100.0,kendall wright,2011.0,WR,,,,,,,,,,,,,,,,,,,,,,,,,,,3.0,2.0,0.0,0.667,1.0,55.0,18.3,6.2,19.0,6.0,0.0,37.0,,,,,,,87.0,108.0,14.0,1663.0,15.4,10.0,19.0,0.0,72.0,7.2
2012,Devon Wylie,WR,Fresno State,5-9,187.0,4.36,39.0,17.0,123.0,,,True,4.0,107.0,devon wylie,WR,2012,devon wylie,100.0,devon wylie,2011.0,WR,,,,,,,,,,,,,,,,,,,,,,,,,,,,,,,,,,11.2,79.0,40.0,2.0,446.0,,,,,,,71.0,56.0,1.0,716.0,12.8,8.0,17.0,0.0,48.0,6.0
2013,Johnny Adams,CB,Michigan State,5-10,185.0,4.48,,16.0,,,,False,,,johnny adams,CB,2013,johnny adams,100.0,johnny adams,2012.0,CB,,,,,,,,,,,3.7,3.0,0.0,11.0,,,,,,,,,,,,,,,,,,,,6.0,6.0,1.0,0.0,6.0,,,,,,,,,,,,,,,,
2013,Keenan Allen,WR,California,6-2,206.0,4.58,,,,,,True,3.0,76.0,keenan allen,WR,2013,keenan allen,100.0,keenan allen,2012.0,WR,,,,,,,,,,,,,,,,,,,,,,,,,,,1.0,1.0,0.0,1.0,0.0,8.0,8.0,13.3,69.0,16.0,1.0,212.0,,,,,,,69.0,61.0,6.0,737.0,12.1,3.0,39.0,1.0,39.0,13.0
2013,Justice Cunningham,TE,South Carolina,6-3,258.0,4.94,31.5,,116.0,7.12,4.45,True,7.0,254.0,justice cunningham,TE,2013,justice cunningham,100.0,justice cunningham,2012.0,TE,,,,,,,,,,,,,,,,,,,,,,,,,,,,,,,,,,,,,,,,,,,,,45.0,23.0,0.0,324.0,14.1,,,,,
2013,Everett Dawkins,DT,Florida State,6-2,292.0,5.06,30.0,23.0,103.0,7.61,4.88,True,7.0,229.0,everett dawkins,DT,2013,everett dawkins,100.0,everett dawkins,2011.0,DT,,,,,,,,,,,0.0,1.0,0.0,0.0,,,,,,,,,,,,,,,,,,,,,,,,,,,,,,,,,,,,,,,,
2012,Ryan Tannehill,QB,Texas A&M,6-4,221.0,4.65,,,,,,True,1.0,8.0,ryan tannehill,QB,2012,ryan tannehill,100.0,ryan tannehill,2011.0,QB,,,,,,,,,,,,,,,,,,,,,,,,,,,531.0,327.0,15.0,0.616,29.0,3744.0,7.1,,,,,,,,,,,,,,,,,58.0,65.0,4.0,306.0,5.3
2013,Aaron Dobson,WR,Marshall,6-3,210.0,4.37,,,,,,True,2.0,59.0,aaron dobson,WR,2013,aaron dobson,100.0,aaron dobson,2012.0,WR,,,,,,,,,,,,,,,,,,,,,,,,,,,,,,,,,,,,,,,,,,,,,40.0,57.0,3.0,679.0,11.9,,,,,
2013,Montel Harris,RB,Temple,5-8,208.0,4.68,32.5,19.0,113.0,6.95,4.18,False,,,montel harris,RB,2013,montel harris,100.0,montel harris,2012.0,RB,,,,,,,,,,,,,,,,,,,,,,,,,,,,,,,,,,4.4,12.0,5.0,0.0,22.0,,,,,,,40.0,10.0,0.0,90.0,9.0,186.0,60.0,12.0,1054.0,5.7
2013,Mark Harrison,WR,Rutgers,6-3,231.0,4.46,38.5,17.0,129.0,6.99,4.33,False,,,mark harrison,WR,2013,mark harrison,100.0,mark harrison,2012.0,WR,,,,,,,,,,,,,,,,,,,,,,,,,,,,,,,,,,,,,,,,,,,,,71.0,44.0,6.0,583.0,13.3,,,,,
2013,DeAndre Hopkins,WR,Clemson,6-1,214.0,4.57,36.0,15.0,115.0,,4.5,True,1.0,27.0,deandre hopkins,WR,2013,deandre hopkins,100.0,deandre hopkins,2012.0,WR,,,,,,,,,,,,,,,,,,,,,,,,,,,1.0,0.0,0.0,0.0,0.0,0.0,0.0,,,,,,,,,,,,62.0,82.0,18.0,1405.0,17.1,,,,,
2013,Dustin Hopkins,K,Florida State,6-2,193.0,4.74,33.5,,116.0,,,True,6.0,177.0,dustin hopkins,K,2013,dustin hopkins,100.0,dustin hopkins,2012.0,PK,,,,,,,,,,,,,,,,,,,,30.0,25.0,56.0,0.833,140.0,66.0,65.0,,,,,,,,,,,,,,,,,,,,,,,,,,,,
2013,Josh Hubner,P,Arizona State,6-4,232.0,5.06,,13.0,,,,False,,,josh hubner,P,2013,josh hubner,100.0,josh hubner,2012.0,P,,,,,,,,,,,,,,,,,,,,,,,,,,,,,,,,,,,,,,,0.0,73.0,52.0,0.0,2451.0,47.1,,,,,,,,,,
2013,Margus Hunt,DE,SMU,6-8,277.0,4.62,34.5,38.0,121.0,7.07,4.51,True,2.0,53.0,margus hunt,DE,2013,margus hunt,100.0,margus hunt,2012.0,DE,,,,,,,,,,,9.0,1.0,0.0,9.0,,,,,,,,,,,,,,,,,,,,,,,,,,,,,,,,,,,,,,,,
2013,Justin Hunter,WR,Tennessee,6-4,196.0,4.44,39.5,,136.0,,4.33,True,2.0,34.0,justin hunter,WR,2013,justin hunter,100.0,justin hunter,2012.0,WR,,,,,,,,,,,,,,,,,,,,,,,,,,,,,,,,,,2.5,9.0,2.0,0.0,5.0,,,,,,,46.0,73.0,9.0,1083.0,14.8,,,,,
2013,Micah Hyde,CB,Iowa,6-0,197.0,4.56,33.0,12.0,121.0,6.78,4.2,True,5.0,159.0,micah hyde,CB,2013,micah hyde,100.0,micah hyde,2012.0,CB,,,,,,,,,,,0.0,1.0,0.0,0.0,,,,,,,,,,,,,,,,,,,,7.0,29.0,17.0,0.0,119.0,,,,,,,,,,,,,,,,
2013,Mike James,RB,Miami (FL),5-10,223.0,4.53,35.0,28.0,115.0,,4.62,True,6.0,189.0,mike james,RB,2013,mike james,100.0,mike james,2012.0,RB,,,,,,,,,,,,,,,11.0,11.0,1.0,0.0,11.0,,,,,,,,,,,,,,,,,,,,,,,,,,72.0,30.0,3.0,344.0,11.5,147.0,25.0,6.0,621.0,4.2
2013,Jawan Jamison,RB,Rutgers,5-7,203.0,4.68,29.0,20.0,110.0,,,True,7.0,228.0,jawan jamison,RB,2013,jawan jamison,100.0,jawan jamison,2012.0,RB,,,,,,,,,,,,,,,,,,,,,,,,,,,1.0,1.0,0.0,1.0,1.0,16.0,16.0,,,,,,,,,,,,34.0,28.0,2.0,323.0,11.5,255.0,64.0,4.0,1075.0,4.2
2013,Stefphon Jefferson,RB,Nevada,5-10,213.0,4.68,31.0,15.0,117.0,6.97,4.44,False,,,stefphon jefferson,RB,2013,stefphon jefferson,100.0,stefphon jefferson,2012.0,RB,,,,,,,,,,,,,,,,,,,,,,,,,,,,,,,,,,,,,,,,,,,,,55.0,22.0,1.0,170.0,7.7,375.0,63.0,24.0,1883.0,5.0
2013,D.C. Jefferson,TE,Rutgers,6-6,255.0,4.97,,3.0,,,,True,7.0,219.0,dc jefferson,TE,2013,dc jefferson,100.0,dc jefferson,2012.0,TE,,,,,,,,,,,,,,,,,,,,,,,,,,,,,,,,,,,,,,,,,,,,,19.0,20.0,1.0,168.0,8.4,,,,,
2013,Keelan Johnson,S,Arizona State,6-0,209.0,4.54,36.5,12.0,125.0,6.77,4.07,False,,,keelan johnson,S,2013,keelan johnson,100.0,keelan johnson,2012.0,S,,,,,,,,,,,7.8,5.0,0.0,39.0,,,,,,,,,,,,,,,,,,,,,,,,,,,,,,,,,,,,,,,,
2013,Datone Jones,DE,UCLA,6-4,283.0,4.8,31.5,29.0,112.0,7.32,4.32,True,1.0,26.0,datone jones,DE,2013,datone jones,100.0,datone jones,2012.0,DE,,,,,,,,,,,,,,,,,,,,,,,,,,,,,,,,,,,,,,,,,,,,,7.0,1.0,1.0,7.0,7.0,,,,,
2013,Jarvis Jones,OLB,Georgia,6-2,245.0,4.74,,,,,,True,1.0,17.0,jarvis jones,OLB,2013,jarvis jones,100.0,jarvis jones,2012.0,OLB,,,,,,,,,,,21.0,1.0,0.0,21.0,,,,,,,,,,,,,,,,,,,,,,,,,,,,,,,,,,,,,,,,
2013,D.J. Harper,RB,Boise State,5-9,211.0,4.52,33.5,23.0,120.0,7.07,4.35,False,,,dj harper,RB,2013,dj harper,100.0,dj harper,2012.0,RB,,,,,,,,,,,,,,,24.6,38.0,7.0,0.0,172.0,,,,,,,,,,,,,,,,,,,,,,,,,,21.0,23.0,1.0,163.0,7.1,228.0,80.0,15.0,1137.0,5.0
2013,Cobi Hamilton,WR,Arkansas,6-2,212.0,4.56,29.5,11.0,107.0,,4.31,True,6.0,197.0,cobi hamilton,WR,2013,cobi hamilton,100.0,cobi hamilton,2012.0,WR,,,,,,,,,,,,,,,,,,,,,,,,,,,,,,,,,,,,,,,,,,,,,80.0,90.0,5.0,1335.0,14.8,,,,,
2013,MarQueis Gray,QB,Minnesota,6-3,240.0,4.65,30.0,15.0,111.0,7.25,4.3,False,,,marqueis gray,QB,2013,marqueis gray,100.0,marqueis gray,2012.0,QB,,,,,,,,,,,,,,,,,,,,,,,,,,,59.0,34.0,2.0,0.576,5.0,472.0,8.0,,,,,,,,,,,,33.0,12.0,0.0,121.0,10.1,72.0,75.0,5.0,390.0,5.4
2013,Gavin Escobar,TE,San Diego State,6-6,254.0,4.84,32.0,,114.0,7.07,4.31,True,2.0,47.0,gavin escobar,TE,2013,gavin escobar,100.0,gavin escobar,2012.0,TE,,,,,,,,,,,,,,,11.0,11.0,1.0,0.0,11.0,,,,,,,,,,,,,,,,,,,,,,,,,,52.0,42.0,6.0,543.0,12.9,2.0,9.0,0.0,7.0,3.5
2013,Alex Dunnachie,P,Hawaii,6-3,217.0,4.97,,,,,,False,,,alex dunnachie,P,2013,alex dunnachie,100.0,alex dunnachie,2012.0,P,,,,,,,,,,,,,,,,,,,,,,,,,,,,,,,,,,,,,,,0.0,73.0,49.0,0.0,2262.0,46.2,,,,,,1.0,0.0,0.0,,
2013,Zac Dysert,QB,Miami (OH),6-3,231.0,4.81,,,,,,True,7.0,234.0,zac dysert,QB,2013,zac dysert,100.0,zac dysert,2012.0,QB,,,,,,,,,,,,,,,,,,,,,,,,,,,480.0,302.0,12.0,0.629,25.0,3483.0,7.3,,,,,,0.0,41.0,3.0,0.0,100.0,33.3,,,,,,108.0,40.0,2.0,265.0,2.5
2013,Lavar Edwards,DE,LSU,6-4,277.0,4.8,33.0,,119.0,7.03,4.51,True,5.0,142.0,lavar edwards,DE,2013,lavar edwards,100.0,lavar edwards,2012.0,DE,,,,,,,,,,,23.0,1.0,1.0,23.0,,,,,,,,,,,,,,,,,,,,,,,,,,,,,,,,,,,,,,,,
2013,Tyler Eifert,TE,Notre Dame,6-5,250.0,4.68,35.5,22.0,119.0,6.92,4.32,True,1.0,21.0,tyler eifert,TE,2013,tyler eifert,100.0,tyler eifert,2012.0,TE,,,,,,,,,,,,,,,,,,,,,,,,,,,,,,,,,,,,,,,,,,,,,38.0,50.0,4.0,685.0,13.7,,,,,
2013,Andre Ellington,RB,Clemson,5-9,199.0,4.61,34.0,,122.0,,,True,6.0,187.0,andre ellington,RB,2013,andre ellington,100.0,andre ellington,2012.0,RB,,,,,,,,,,,,,,,22.3,39.0,8.0,0.0,178.0,,,,,,,,,,,,,,,,,,,,,,,,,,52.0,14.0,1.0,232.0,16.6,212.0,68.0,8.0,1081.0,5.1
2013,Zach Ertz,TE,Stanford,6-5,249.0,4.76,30.5,24.0,111.0,7.08,4.47,True,2.0,35.0,zach ertz,TE,2013,zach ertz,100.0,zach ertz,2012.0,TE,,,,,,,,,,,,,,,,,,,,,,,,,,,,,,,,,,,,,,,,,,,,,68.0,69.0,6.0,898.0,13.0,,,,,
2013,Johnathan Franklin,RB,UCLA,5-10,205.0,4.49,31.5,18.0,115.0,6.89,4.31,True,4.0,125.0,johnathan franklin,RB,2013,johnathan franklin,100.0,johnathan franklin,2012.0,RB,,,,,,,,,,,,,,,5.0,5.0,1.0,0.0,5.0,,,,,,,,,,,,,,,,,,,,,,,,,,40.0,33.0,2.0,323.0,9.8,282.0,78.0,13.0,1734.0,6.1
2013,Dwayne Gratz,CB,Connecticut,5-11,201.0,4.47,38.0,22.0,125.0,6.7,4.15,True,3.0,64.0,dwayne gratz,CB,2013,dwayne gratz,100.0,dwayne gratz,2012.0,CB,,,,,,,,,,,12.3,3.0,1.0,37.0,,,,,,,,,,,,,,,,,,,,,,,,,,,,,,,,,,,,,,,,
2013,Matt Furstenburg,TE,Maryland,6-4,242.0,4.62,35.5,18.0,115.0,7.09,4.35,False,,,matt furstenburg,TE,2013,matt furstenburg,100.0,matt furstenburg,2012.0,TE,,,,,,,,,,,,,,,,,,,,,,,,,,,,,,,,,,,,,,,,,,,,,29.0,16.0,2.0,206.0,12.9,,,,,
2013,Mike Gillislee,RB,Florida,5-11,208.0,4.55,30.5,15.0,119.0,7.12,4.4,True,5.0,164.0,mike gillislee,RB,2013,mike gillislee,100.0,mike gillislee,2012.0,RB,,,,,,,,,,,,,,,5.5,11.0,2.0,0.0,11.0,,,,,,,,,,,,,,,,,,,,,,,,,,45.0,16.0,1.0,159.0,9.9,244.0,46.0,10.0,1152.0,4.7
2013,Mike Glennon,QB,North Carolina State,6-7,225.0,4.94,26.5,,102.0,7.49,4.52,True,3.0,73.0,mike glennon,QB,2013,mike glennon,100.0,mike glennon,2012.0,QB,,,,,,,,,,,,,,,,,,,,,,,,,,,564.0,330.0,17.0,0.585,31.0,4031.0,7.1,,,,,,,,,,,,,,,,,56.0,14.0,2.0,,
2013,Marquise Goodwin,WR,Texas,5-9,183.0,4.27,,13.0,132.0,,,True,3.0,78.0,marquise goodwin,WR,2013,marquise goodwin,100.0,marquise goodwin,2012.0,WR,,,,,,,,,,,,,,,25.2,48.0,13.0,0.0,327.0,,,,,,,,,,,,,,,,,,,,,,,,,,55.0,26.0,3.0,340.0,13.1,13.0,69.0,3.0,140.0,10.8
2013,Chris Gragg,TE,Arkansas,6-3,244.0,4.5,37.5,18.0,125.0,7.08,4.51,True,7.0,222.0,chris gragg,TE,2013,chris gragg,100.0,chris gragg,2012.0,TE,,,,,,,,,,,,,,,,,,,,,,,,,,,,,,,,,,,,,,,,,,,,,42.0,22.0,3.0,289.0,13.1,,,,,
2013,Ray Graham,RB,Pittsburgh,5-9,199.0,4.8,32.5,18.0,112.0,7.17,4.21,False,,,ray graham,RB,2013,ray graham,100.0,ray graham,2012.0,RB,,,,,,,,,,,,,,,,,,,,,,,,,,,,,,,,,,,,,,,,,,,,,33.0,36.0,2.0,340.0,9.4,222.0,78.0,11.0,1042.0,4.7
2012,Dave Teggart,K,Connecticut,6-0,201.0,5.25,,,,,,False,,,dave teggart,K,2012,dave teggart,100.0,dave teggart,2011.0,PK,,,,,,,,,,,,,,,,,,,,27.0,22.0,53.0,0.815,95.0,29.0,29.0,,,,,,,,,,,,,,,,,,,,,,,,,,,,
2012,Tommy Streeter,WR,Miami (FL),6-5,219.0,4.37,33.0,17.0,125.0,7.08,,True,6.0,198.0,tommy streeter,WR,2012,tommy streeter,100.0,tommy streeter,2011.0,WR,,,,,,,,,,,,,,,,,,,,,,,,,,,,,,,,,,,,,,,,,,,,,57.0,46.0,8.0,811.0,17.6,,,,,
2013,Nick Kasa,TE,Colorado,6-6,269.0,4.71,31.5,22.0,113.0,,,True,6.0,172.0,nick kasa,TE,2013,nick kasa,100.0,nick kasa,2012.0,TE,,,,,,,,,,,,,,,,,,,,,,,,,,,,,,,,,,,,,,,,,,,,,70.0,25.0,3.0,391.0,15.6,,,,,
2012,Rishard Matthews,WR,Nevada,6-0,217.0,4.54,36.0,20.0,,6.88,4.19,True,7.0,227.0,rishard matthews,WR,2012,rishard matthews,100.0,rishard matthews,2011.0,WR,,,,,,,,,,,,,,,,,,,,,,,,,,,,,,,,,,8.1,86.0,38.0,1.0,307.0,,,,,,,90.0,91.0,8.0,1364.0,15.0,5.0,9.0,0.0,,
2012,Duke Ihenacho,S,San Jose State,6-0,213.0,4.67,35.0,20.0,122.0,6.78,4.22,False,,,duke ihenacho,S,2012,duke ihenacho,100.0,duke ihenacho,2011.0,S,,,,,,,,,,,0.0,1.0,0.0,0.0,,,,,,,,,,,,,,,,,,,,,,,,,,,,,,,,,,,,,,,,
2012,George Iloka,S,Boise State,6-4,225.0,4.6,34.5,20.0,124.0,7.03,4.03,True,5.0,167.0,george iloka,S,2012,george iloka,100.0,george iloka,2010.0,S,,,,,,,,,,,7.0,2.0,0.0,14.0,,,,,,,,,,,,,,,,,,,,,,,,,,,,,,,,,,,,,,,,
2012,Jerrell Jackson,WR,Missouri,6-0,196.0,4.5,41.0,22.0,127.0,6.82,4.11,False,,,jerrell jackson,WR,2012,jerrell jackson,100.0,jerrell jackson,2011.0,WR,,,,,,,,,,,,,,,30.3,46.0,3.0,0.0,91.0,,,,,,,,,,,,,,,,,,,,,,,,,,25.0,17.0,1.0,222.0,13.1,2.0,7.0,0.0,8.0,4.0
2012,Alshon Jeffery,WR,South Carolina,6-3,216.0,4.48,,,,,,True,2.0,45.0,alshon jeffery,WR,2012,alshon jeffery,100.0,alshon jeffery,2011.0,WR,,,,,,,,,,,,,,,,,,,,,,,,,,,,,,,,,,,,,,,,,,,,,78.0,49.0,8.0,762.0,15.6,,,,,
2012,A.J. Jenkins,WR,Illinois,6-0,190.0,4.37,38.5,12.0,124.0,,,True,1.0,30.0,aj jenkins,WR,2012,aj jenkins,100.0,aj jenkins,2011.0,WR,,,,,,,,,,,,,,,15.8,20.0,5.0,0.0,79.0,,,,,,,,,,,,,,,,,,,,,,,,,,77.0,90.0,8.0,1276.0,14.2,5.0,16.0,0.0,26.0,5.2
2012,Janoris Jenkins,CB,Florida,5-10,193.0,4.41,33.5,,121.0,6.95,4.13,True,2.0,39.0,janoris jenkins,CB,2012,janoris jenkins,100.0,janoris jenkins,2010.0,CB,,,,,,,,,,,22.7,3.0,1.0,68.0,,,,,,,,,,,,,,,,,,,,6.0,33.0,25.0,0.0,150.0,,,,,,,,,,,,,,,,
2012,Dwight Jones,WR,North Carolina,6-3,230.0,4.51,33.0,14.0,109.0,,,False,,,dwight jones,WR,2012,dwight jones,100.0,dwight jones,2011.0,WR,,,,,,,,,,,,,,,,,,,,,,,,,,,,,,,,,,,,,,,,,,,,,66.0,85.0,12.0,1196.0,14.1,2.0,7.0,0.0,11.0,5.5
2012,Jermaine Kearse,WR,Washington,6-1,209.0,4.5,34.0,14.0,119.0,7.03,4.12,False,,,jermaine kearse,WR,2012,jermaine kearse,100.0,jermaine kearse,2011.0,WR,,,,,,,,,,,,,,,,,,,,,,,,,,,,,,,,,,,,,,,,,,,,,80.0,47.0,7.0,699.0,14.9,2.0,7.0,1.0,13.0,6.5
2012,Case Keenum,QB,Houston,6-1,208.0,4.72,32.5,,103.0,,,False,,,case keenum,QB,2012,case keenum,100.0,case keenum,2011.0,QB,,,,,,,,,,,,,,,,,,,,,,,,,,,603.0,428.0,5.0,0.71,48.0,5631.0,9.3,,,,,,,,,,,,,,,,,57.0,18.0,3.0,35.0,0.6
2012,Brandon Lindsey,OLB,Pittsburgh,6-2,254.0,4.85,33.0,23.0,117.0,7.36,4.28,False,,,brandon lindsey,OLB,2012,brandon lindsey,100.0,brandon lindsey,2011.0,OLB,,,,,,,,,,,0.0,1.0,0.0,0.0,,,,,,,,,,,,,,,,,,,,,,,,,,,,,,,,,,,,,,,,
2012,Andrew Luck,QB,Stanford,6-4,234.0,4.59,36.0,,124.0,6.8,4.28,True,1.0,1.0,andrew luck,QB,2012,andrew luck,100.0,andrew luck,2011.0,QB,,,,,,,,,,,,,,,,,,,,,,,,,,,404.0,288.0,10.0,0.713,37.0,3517.0,8.7,,,,,,,,,,,,13.0,1.0,0.0,13.0,13.0,47.0,17.0,2.0,150.0,3.2
2012,D'Anton Lynn,CB,Penn State,6-0,206.0,4.71,31.5,17.0,111.0,,,False,,,danton lynn,CB,2012,danton lynn,100.0,danton lynn,2011.0,CB,,,,,,,,,,,0.0,1.0,0.0,0.0,,,,,,,,,,,,,,,,,,,,,,,,,,,,,,,,,,,,,,,,
2012,Kyle Martens,P,Rice,6-5,226.0,4.92,,,,,,False,,,kyle martens,P,2012,kyle martens,100.0,kyle martens,2011.0,P,,,,,,,,,,,,,,,,,,,,,,,,,,,,,,,,,,,,,,,0.0,65.0,78.0,0.0,3403.0,43.6,,,,,,,,,,
2012,Doug Martin,RB,Boise State,5-9,223.0,4.46,36.0,28.0,120.0,6.79,4.16,True,1.0,31.0,doug martin,RB,2012,doug martin,100.0,doug martin,2011.0,RB,,,,,,,,,,,,,,,33.8,100.0,10.0,1.0,338.0,,,,,,,,,,,,,,,,,,,,,,,,,,71.0,28.0,2.0,255.0,9.1,263.0,65.0,16.0,1299.0,4.9
2012,Keshawn Martin,WR,Michigan State,5-11,188.0,4.42,39.5,13.0,122.0,6.85,4.13,True,4.0,121.0,keshawn martin,WR,2012,keshawn martin,100.0,keshawn martin,2011.0,WR,,,,,,,,,,,,,,,15.0,15.0,2.0,0.0,30.0,,,,,,,,2.0,2.0,0.0,1.0,0.0,46.0,23.0,5.7,57.0,48.0,1.0,274.0,,,,,,,67.0,66.0,4.0,777.0,11.8,19.0,34.0,2.0,113.0,5.9
2012,Jayron Hosley,CB,Virginia Tech,5-10,178.0,4.38,,11.0,,,,True,3.0,94.0,jayron hosley,CB,2012,jayron hosley,100.0,jayron hosley,2011.0,CB,,,,,,,,,,,18.7,3.0,0.0,56.0,29.0,29.0,1.0,0.0,29.0,,,,,,,,,,,,,,,8.8,55.0,26.0,0.0,228.0,,,,,,,,,,,,,,,,
2012,T.Y. Hilton,WR,Florida International,5-9,183.0,4.34,,,,,,True,3.0,92.0,ty hilton,WR,2012,ty hilton,100.0,ty hilton,2011.0,WR,,,,,,,,,,,,,,,27.6,62.0,16.0,0.0,442.0,,,,,,,,,,,,,,,8.3,97.0,22.0,1.0,182.0,,,,,,,83.0,69.0,6.0,1022.0,14.8,16.0,31.0,1.0,114.0,7.1
2012,Ronnie Hillman,RB,San Diego State,5-9,200.0,4.42,37.0,17.0,,,,True,3.0,67.0,ronnie hillman,RB,2012,ronnie hillman,100.0,ronnie hillman,2011.0,RB,,,,,,,,,,,,,,,,,,,,,,,,,,,,,,,,,,,,,,,,,,,,,71.0,24.0,1.0,270.0,11.3,311.0,99.0,19.0,1711.0,5.5
2012,Darius Hanks,WR,Alabama,6-0,184.0,4.52,34.0,11.0,117.0,,,False,,,darius hanks,WR,2012,darius hanks,100.0,darius hanks,2011.0,WR,,,,,,,,,,,,,,,16.0,16.0,1.0,0.0,16.0,,,,,,,,,,,,,,,4.0,4.0,1.0,0.0,4.0,,,,,,,36.0,26.0,1.0,328.0,12.6,,,,,
2012,Chris Givens,WR,Wake Forest,5-11,198.0,4.35,33.5,19.0,118.0,6.97,4.23,True,4.0,96.0,chris givens,WR,2012,chris givens,100.0,chris givens,2011.0,WR,,,,,,,,,,,,,,,32.0,32.0,2.0,0.0,32.0,,,,,,,,1.0,0.0,0.0,0.0,0.0,0.0,0.0,18.6,29.0,9.0,0.0,44.0,,,,,,,110.0,143.0,14.0,2025.0,27.6,16.0,21.0,0.0,78.0,6.0
2012,Cyrus Gray,RB,Texas A&M,5-10,206.0,4.4,32.5,21.0,114.0,7.17,,True,6.0,182.0,cyrus gray,RB,2012,cyrus gray,100.0,cyrus gray,2011.0,RB,,,,,,,,,,,,,,,19.3,35.0,6.0,0.0,116.0,,,,,,,,1.0,0.0,0.0,0.0,0.0,0.0,0.0,,,,,,,,,,,,26.0,31.0,3.0,239.0,7.7,198.0,63.0,12.0,1045.0,5.3
2012,Jonas Gray,RB,Notre Dame,5-10,223.0,4.58,,20.0,,,,False,,,jonas gray,RB,2012,jonas gray,100.0,jonas gray,2011.0,RB,,,,,,,,,,,,,,,,,,,,,,,,,,,,,,,,,,,,,,,,,,,,,15.0,6.0,0.0,38.0,6.3,114.0,79.0,12.0,791.0,6.9
2012,Ladarius Green,TE,Louisiana-Lafayette,6-6,238.0,4.45,34.5,16.0,124.0,7.12,4.47,True,4.0,110.0,ladarius green,TE,2012,ladarius green,100.0,ladarius green,2011.0,TE,,,,,,,,,,,,,,,,,,,,,,,,,,,,,,,,,,,,,,,,,,,,,44.0,51.0,8.0,606.0,11.9,1.0,20.0,0.0,20.0,20.0
2012,Robert Griffin,QB,Baylor,6-2,223.0,4.33,39.0,,120.0,,,True,1.0,2.0,robert griffin,QB,2012,robert griffin,100.0,robert griffin,2011.0,QB,,,,,,,,,,,,,,,,,,,,,,,,,,,402.0,291.0,6.0,0.724,37.0,4293.0,10.7,,,,,,0.0,39.0,3.0,0.0,99.0,33.0,15.0,1.0,0.0,15.0,15.0,179.0,49.0,10.0,699.0,3.9
2012,Jewel Hampton,RB,Southern Illinois,5-9,218.0,4.56,,26.0,,,,False,,,jewel hampton,RB,2012,jewel hampton,100.0,jewel hampton,2011.0,RB,,,,,,,,,,,,,,,,,,,,,,,,,,,,,,,,,,,,,,,,,,,,,2.0,1.0,0.0,2.0,2.0,13.0,13.0,1.0,42.0,3.2
2012,James Hanna,TE,Oklahoma,6-4,252.0,4.43,36.0,24.0,122.0,6.76,4.11,True,6.0,186.0,james hanna,TE,2012,james hanna,100.0,james hanna,2011.0,TE,,,,,,,,,,,,,,,,,,,,,,,,,,,,,,,,,,,,,,,,,,,,,54.0,27.0,2.0,381.0,14.1,,,,,
2012,Stephen Hill,WR,Georgia Tech,6-4,215.0,4.36,39.5,14.0,133.0,6.88,4.48,True,2.0,43.0,stephen hill,WR,2012,stephen hill,100.0,stephen hill,2011.0,WR,,,,,,,,,,,,,,,28.0,28.0,1.0,0.0,28.0,,,,,,,,,,,,,,,,,,,,,,,,,,82.0,28.0,5.0,820.0,29.3,4.0,24.0,0.0,29.0,7.3
2012,Cory Harkey,TE,UCLA,6-4,260.0,5.06,26.5,13.0,109.0,7.4,4.69,False,,,cory harkey,TE,2012,cory harkey,100.0,cory harkey,2011.0,TE,,,,,,,,,,,,,,,,,,,,,,,,,,,,,,,,,,,,,,,,,,,,,10.0,1.0,0.0,10.0,10.0,,,,,
2012,Chandler Harnish,QB,Northern Illinois,6-2,219.0,4.68,32.5,,112.0,6.78,4.15,True,7.0,253.0,chandler harnish,QB,2012,chandler harnish,100.0,chandler harnish,2011.0,QB,,,,,,,,,,,,,,,,,,,,,,,,,,,365.0,228.0,6.0,0.625,27.0,3118.0,8.5,,,,,,,,,,,,,,,,,177.0,51.0,10.0,1231.0,7.0
2012,Jacory Harris,QB,Miami (FL),6-3,203.0,4.65,37.0,,113.0,7.1,4.4,False,,,jacory harris,QB,2012,jacory harris,100.0,jacory harris,2011.0,QB,,,,,,,,,,,,,,,,,,,,,,,,,,,300.0,195.0,9.0,0.65,20.0,2486.0,8.3,,,,,,,,,,,,,,,,,53.0,28.0,0.0,88.0,1.7
2012,Cliff Harris,CB,Oregon,5-11,175.0,4.61,36.0,14.0,118.0,6.79,4.19,False,,,cliff harris,CB,2012,cliff harris,100.0,cliff harris,2011.0,CB,,,,,,,,,,,50.0,1.0,0.0,50.0,,,,,,,,,,,,,,,,,,,,5.7,27.0,12.0,0.0,68.0,,,,,,,,,,,,,,,,
2012,DaJohn Harris,DT,USC,6-3,306.0,4.97,,,,,,False,,,dajohn harris,DT,2012,dajohn harris,100.0,dajohn harris,2010.0,DT,,,,,,,,,,,9.0,1.0,0.0,9.0,,,,,,,,,,,,,,,,,,,,,,,,,,,,,,,,,,,,,,,,
2012,Junior Hemingway,WR,Michigan,6-1,225.0,4.48,35.5,21.0,124.0,6.59,3.98,True,7.0,238.0,junior hemingway,WR,2012,junior hemingway,100.0,junior hemingway,2011.0,WR,,,,,,,,,,,,,,,,,,,,,,,,,,,,,,,,,,,,,,,,,,,,,77.0,33.0,4.0,662.0,20.1,,,,,
2012,Markelle Martin,S,Oklahoma State,6-1,207.0,4.47,,19.0,,,,True,6.0,190.0,markelle martin,S,2012,markelle martin,100.0,markelle martin,2010.0,S,,,,,,,,,,,20.7,3.0,1.0,62.0,,,,,,,,,,,,,,,,,,,,,,,,,,,,,,,,,,,,,,,,
2012,Marquis Maze,WR,Alabama,5-8,186.0,4.51,33.5,,112.0,,,False,,,marquis maze,WR,2012,marquis maze,100.0,marquis maze,2011.0,WR,,,,,,,,,,,,,,,26.3,70.0,13.0,0.0,342.0,,,,,,,,1.0,0.0,1.0,0.0,0.0,0.0,0.0,8.7,83.0,50.0,1.0,436.0,,,,,,,69.0,56.0,1.0,627.0,11.2,6.0,6.0,0.0,,
2012,Brian Stahovich,P,San Diego State,6-0,211.0,4.78,,,,,,False,,,brian stahovich,P,2012,brian stahovich,100.0,brian stahovich,2011.0,P,,,,,,,,,,,,,,,,,,,,,,,,,,,1.0,1.0,0.0,1.0,0.0,5.0,5.0,,,,,,0.0,61.0,61.0,0.0,2669.0,43.8,,,,,,,,,,
2012,Marvin McNutt,WR,Iowa,6-3,216.0,4.48,37.0,,122.0,7.15,4.07,True,6.0,194.0,marvin mcnutt,WR,2012,marvin mcnutt,100.0,marvin mcnutt,2011.0,WR,,,,,,,,,,,,,,,14.0,14.0,1.0,0.0,14.0,,,,,,,,1.0,0.0,0.0,0.0,0.0,0.0,0.0,,,,,,,,,,,,88.0,82.0,12.0,1315.0,16.0,6.0,19.0,0.0,58.0,9.7
2012,Shawn Powell,P,Florida State,6-4,248.0,5.06,,,,,,False,,,shawn powell,P,2012,shawn powell,100.0,shawn powell,2011.0,P,,,,,,,,,,,,,,,,,,,,,,,,,,,,,,,,,,,,,,,0.0,69.0,57.0,0.0,2681.0,47.0,,,,,,,,,,
2012,Nick Provo,TE,Syracuse,6-3,237.0,4.76,,,,,,False,,,nick provo,TE,2012,nick provo,100.0,nick provo,2011.0,TE,,,,,,,,,,,,,,,,,,,,,,,,,,,,,,,,,,,,,,,,,,,,,33.0,51.0,7.0,537.0,10.5,1.0,1.0,0.0,1.0,1.0
2012,Chris Rainey,RB,Florida,5-8,180.0,4.36,36.5,16.0,120.0,6.5,3.93,True,5.0,159.0,chris rainey,RB,2012,chris rainey,100.0,chris rainey,2011.0,RB,,,,,,,,,,,,,,,25.8,37.0,4.0,0.0,103.0,,,,,,,,,,,,,,,6.2,31.0,17.0,1.0,106.0,,,,,,,83.0,31.0,2.0,381.0,12.3,171.0,47.0,2.0,861.0,5.0
2012,Rueben Randle,WR,LSU,6-3,210.0,4.55,31.0,15.0,121.0,6.99,4.36,True,2.0,63.0,rueben randle,WR,2012,rueben randle,100.0,rueben randle,2011.0,WR,,,,,,,,,,,,,,,,,,,,,,,,,,,,,,,,,,,3.0,2.0,0.0,,,,,,,,59.0,53.0,8.0,917.0,17.3,,,,,
2012,Beau Reliford,TE,Florida State,6-5,256.0,4.84,,,,,,False,,,beau reliford,TE,2012,beau reliford,100.0,beau reliford,2011.0,TE,,,,,,,,,,,,,,,,,,,,,,,,,,,,,,,,,,,,,,,,,,,,,20.0,7.0,0.0,69.0,9.9,,,,,
2012,Kendall Reyes,DT,Connecticut,6-4,299.0,4.82,34.5,36.0,113.0,7.43,4.53,True,2.0,49.0,kendall reyes,DT,2012,kendall reyes,100.0,kendall reyes,2010.0,DT,,,,,,,,,,,40.5,2.0,0.0,81.0,,,,,,,,,,,,,,,,,,,,,,,,,,,,,,,,,,,,,,,,
2012,Sean Richardson,S,Vanderbilt,6-2,216.0,4.43,38.5,22.0,128.0,7.01,4.44,False,,,sean richardson,S,2012,sean richardson,100.0,sean richardson,2011.0,S,,,,,,,,,,,11.0,1.0,0.0,11.0,,,,,,,,,,,,,,,,,,,,,,,,,,,,,,,,,,,,,,,,
2012,Trent Richardson,RB,Alabama,5-9,228.0,4.48,,,,,,True,1.0,3.0,trent richardson,RB,2012,trent richardson,100.0,trent richardson,2011.0,RB,,,,,,,,,,,,,,,22.0,24.0,3.0,0.0,66.0,,,,,,,,,,,,,,,,,,,,,,,,,,61.0,29.0,3.0,338.0,11.7,283.0,76.0,21.0,1679.0,5.9
2012,Gerell Robinson,WR,Arizona State,6-3,227.0,4.54,35.5,,113.0,,4.15,False,,,gerell robinson,WR,2012,gerell robinson,100.0,gerell robinson,2011.0,WR,,,,,,,,,,,,,,,,,,,,,,,,,,,,,,,,,,,,,,,,,,,,,58.0,77.0,7.0,1397.0,18.1,,,,,
2012,Trenton Robinson,S,Michigan State,5-10,195.0,4.46,35.0,15.0,125.0,,4.15,False,,,trenton robinson,S,2012,trenton robinson,100.0,trenton robinson,2011.0,S,,,,,,,,,,,10.0,4.0,0.0,40.0,,,,,,,,,,,,,,,,,,,,,,,,,,,,,,,,,,,,,,,,
2012,James Rodgers,WR,Oregon State,5-7,184.0,4.61,37.0,19.0,115.0,,4.23,False,,,james rodgers,WR,2012,james rodgers,100.0,james rodgers,2011.0,WR,,,,,,,,,,,,,,,,,,,,,,,,,,,,,,,,,,0.0,0.0,1.0,0.0,0.0,,,,,,,31.0,45.0,3.0,514.0,11.4,11.0,19.0,0.0,75.0,6.8
2012,Mohamed Sanu,WR,Rutgers,6-1,211.0,4.62,36.0,19.0,126.0,6.88,4.22,True,3.0,83.0,mohamed sanu,WR,2012,mohamed sanu,100.0,mohamed sanu,2011.0,WR,,,,,,,,,,,,,,,,,,,,,,,,,,,2.0,1.0,0.0,0.5,0.0,9.0,4.5,1.8,18.0,31.0,0.0,55.0,,,,,,,32.0,115.0,7.0,1206.0,10.5,4.0,8.0,0.0,,
2012,Darrell Scott,RB,South Florida,6-0,231.0,4.68,31.5,,,,,False,,,darrell scott,RB,2012,darrell scott,100.0,darrell scott,2011.0,RB,,,,,,,,,,,,,,,,,,,,,,,,,,,,,,,,,,,,,,,,,,,,,84.0,15.0,1.0,169.0,11.3,153.0,56.0,5.0,814.0,5.3
2012,Coty Sensabaugh,CB,Clemson,5-11,189.0,4.33,37.0,15.0,122.0,6.6,4.06,True,4.0,115.0,coty sensabaugh,CB,2012,coty sensabaugh,100.0,coty sensabaugh,2011.0,CB,,,,,,,,,,,0.0,1.0,0.0,0.0,,,,,,,,,,,,,,,,,,,,,,,,,,,,,,,,,,,,,,,,
2012,Derrick Shelby,DE,Utah,6-3,266.0,4.87,35.5,26.0,116.0,7.09,4.5,False,,,derrick shelby,DE,2012,derrick shelby,100.0,derrick shelby,2011.0,DE,,,,,,,,,,,21.0,1.0,1.0,21.0,,,,,,,,,,,,,,,,,,,,,,,,,,,,,,,,,,,,,,,,
2012,Chaz Powell,CB,Penn State,6-0,203.0,4.42,33.0,17.0,121.0,6.84,4.16,False,,,chaz powell,CB,2012,chaz powell,100.0,chaz powell,2011.0,CB,,,,,,,,,,,13.0,2.0,0.0,26.0,27.1,95.0,27.0,1.0,733.0,,,,,,,,,,,,,,,,,,,,,,,,,,,,,,,,,,,
2012,Tydreke Powell,DT,North Carolina,6-2,311.0,5.28,28.5,29.0,99.0,7.31,4.62,False,,,tydreke powell,DT,2012,tydreke powell,100.0,tydreke powell,2011.0,DT,,,,,,,,,,,0.0,1.0,0.0,0.0,,,,,,,,,,,,,,,,,,,,,,,,,,,,,,,,,,,,,,,,
2012,DeVier Posey,WR,Ohio State,6-2,211.0,4.39,36.5,14.0,123.0,7.03,4.15,True,3.0,68.0,devier posey,WR,2012,devier posey,100.0,devier posey,2011.0,WR,,,,,,,,,,,,,,,,,,,,,,,,,,,,,,,,,,,,,,,,,,,,,43.0,12.0,2.0,162.0,13.5,1.0,0.0,0.0,,
2012,Derek Moye,WR,Penn State,6-4,209.0,4.46,33.5,10.0,115.0,,4.23,False,,,derek moye,WR,2012,derek moye,100.0,derek moye,2011.0,WR,,,,,,,,,,,,,,,,,,,,,,,,,,,,,,,,,,8.0,31.0,8.0,0.0,64.0,,,,,,,74.0,40.0,3.0,654.0,16.4,2.0,15.0,0.0,8.0,4.0
2012,Davin Meggett,RB,Maryland,5-8,211.0,4.5,35.0,23.0,118.0,7.14,4.32,False,,,davin meggett,RB,2012,davin meggett,100.0,davin meggett,2011.0,RB,,,,,,,,,,,,,,,,,,,,,,,,,,,,,,,,,,,,,,,,,,,,,17.0,17.0,1.0,141.0,8.3,171.0,47.0,4.0,896.0,5.2
2012,Lamar Miller,RB,Miami (FL),5-11,212.0,4.34,33.0,,,,,True,4.0,97.0,lamar miller,RB,2012,lamar miller,100.0,lamar miller,2011.0,RB,,,,,,,,,,,,,,,23.1,34.0,7.0,0.0,162.0,,,,,,,,,,,,,,,,,,,,,,,,,,16.0,17.0,1.0,85.0,5.0,227.0,79.0,9.0,1272.0,5.6
2012,Chase Minnifield,CB,Virginia,5-10,183.0,4.63,,7.0,,,,False,,,chase minnifield,CB,2012,chase minnifield,100.0,chase minnifield,2011.0,CB,,,,,,,,,,,18.0,3.0,1.0,54.0,,,,,,,,,,,,,,,,,,,,2.0,12.0,6.0,0.0,12.0,,,,,,,,,,,,,,,,
2012,Kashif Moore,WR,Connecticut,5-9,180.0,4.36,43.5,19.0,126.0,6.82,4.05,False,,,kashif moore,WR,2012,kashif moore,100.0,kashif moore,2011.0,WR,,,,,,,,,,,,,,,,,,,,,,,,,,,,,,,,,,,,,,,,,,,,,62.0,41.0,5.0,604.0,14.7,9.0,7.0,1.0,25.0,2.8
2012,Kellen Moore,QB,Boise State,6-0,197.0,4.82,27.0,,99.0,7.41,4.56,False,,,kellen moore,QB,2012,kellen moore,100.0,kellen moore,2011.0,QB,,,,,,,,,,,,,,,,,,,,,,,,,,,439.0,326.0,9.0,0.743,43.0,3800.0,8.7,,,,,,0.0,42.0,2.0,0.0,66.0,33.0,,,,,,20.0,2.0,0.0,,
2012,Alfred Morris,RB,Florida Atlantic,5-10,219.0,4.63,35.5,16.0,117.0,7.01,4.19,True,6.0,173.0,alfred morris,RB,2012,alfred morris,100.0,alfred morris,2011.0,RB,,,,,,,,,,,,,,,5.0,5.0,1.0,0.0,5.0,,,,,,,,,,,,,,,,,,,,,,,,,,31.0,14.0,1.0,133.0,9.5,214.0,48.0,9.0,1114.0,5.2
2012,Brad Nortman,P,Wisconsin,6-2,213.0,4.78,,,,,,True,6.0,207.0,brad nortman,P,2012,brad nortman,100.0,brad nortman,2011.0,P,,,,,,,,,,,,,,,,,,,,,,,,,,,,,,,,,,,,,,,0.0,74.0,46.0,0.0,1943.0,42.2,,,,,,,,,,
2012,Bernard Pierce,RB,Temple,6-0,218.0,4.45,36.5,17.0,123.0,7.07,4.28,True,3.0,84.0,bernard pierce,RB,2012,bernard pierce,100.0,bernard pierce,2011.0,RB,,,,,,,,,,,,,,,,,,,,,,,,,,,,,,,,,,,,,,,,,,,,,37.0,3.0,0.0,52.0,17.3,249.0,53.0,24.0,1292.0,5.2
2012,Brock Osweiler,QB,Arizona State,6-7,242.0,4.83,,,,,,True,2.0,57.0,brock osweiler,QB,2012,brock osweiler,100.0,brock osweiler,2011.0,QB,,,,,,,,,,,,,,,,,,,,,,,,,,,516.0,326.0,13.0,0.632,26.0,4036.0,7.8,,,,,,,,,,,,,,,,,83.0,25.0,3.0,90.0,1.1
2012,Chris Owusu,WR,Stanford,6-0,196.0,4.36,40.5,19.0,129.0,6.85,4.11,False,,,chris owusu,WR,2012,chris owusu,100.0,chris owusu,2011.0,WR,,,,,,,,,,,,,,,22.1,59.0,8.0,0.0,177.0,,,,,,,,,,,,,,,,,,,,,,,,,,43.0,35.0,2.0,376.0,10.7,2.0,45.0,0.0,78.0,39.0
2012,Eric Page,WR,Toledo,5-9,186.0,4.5,30.0,15.0,112.0,6.95,3.98,False,,,eric page,WR,2012,eric page,100.0,eric page,2011.0,WR,,,,,,,,,,,,,,,25.5,87.0,32.0,1.0,817.0,,,,,,,,2.0,1.0,0.0,0.5,1.0,33.0,16.5,5.0,85.0,39.0,1.0,195.0,,,,,,,66.0,109.0,9.0,1037.0,9.5,3.0,10.0,0.0,10.0,3.3
2012,David Paulson,TE,Oregon,6-3,246.0,4.79,32.0,21.0,110.0,7.18,4.4,True,7.0,240.0,david paulson,TE,2012,david paulson,100.0,david paulson,2011.0,TE,,,,,,,,,,,,,,,,,,,,,,,,,,,,,,,,,,,,,,,,,,,,,34.0,31.0,6.0,438.0,14.1,,,,,
2012,Isaiah Pead,RB,Cincinnati,5-10,197.0,4.39,33.0,,116.0,6.95,4.32,True,2.0,50.0,isaiah pead,RB,2012,isaiah pead,100.0,isaiah pead,2011.0,RB,,,,,,,,,,,,,,,,,,,,,,,,,,,,,,,,,,7.4,34.0,10.0,0.0,74.0,,,,,,,69.0,39.0,3.0,319.0,8.2,237.0,65.0,12.0,1259.0,5.3
2012,DeAngelo Peterson,TE,LSU,6-3,243.0,4.69,36.0,18.0,121.0,7.19,,False,,,deangelo peterson,TE,2012,deangelo peterson,100.0,deangelo peterson,2011.0,TE,,,,,,,,,,,,,,,5.0,5.0,1.0,0.0,5.0,,,,,,,,,,,,,,,,,,,,,,,,,,29.0,18.0,1.0,179.0,9.9,1.0,0.0,0.0,,
2013,Landry Jones,QB,Oklahoma,6-4,225.0,5.11,31.0,,115.0,7.12,4.3,True,4.0,115.0,landry jones,QB,2013,landry jones,100.0,landry jones,2012.0,QB,,,,,,,,,,,,,,,,,,,,,,,,,,,555.0,367.0,11.0,0.661,30.0,4267.0,7.7,,,,,,,,,,,,,,,,,14.0,5.0,0.0,,
2013,Travis Kelce,TE,Cincinnati,6-5,255.0,4.63,,,,,,True,3.0,63.0,travis kelce,TE,2013,travis kelce,100.0,travis kelce,2012.0,TE,,,,,,,,,,,,,,,,,,,,,,,,,,,1.0,1.0,0.0,1.0,1.0,39.0,39.0,,,,,,,,,,,,83.0,45.0,8.0,722.0,16.0,,,,,
2014,Arthur Lynch,TE,Georgia,6-5,258.0,4.82,29.5,28.0,116.0,7.38,4.35,True,5.0,155.0,arthur lynch,TE,2014,arthur lynch,100.0,arthur lynch,2013.0,TE,,,,,,,,,,,,,,,,,,,,,,,,,,,,,,,,,,,,,,,,,,,,,42.0,30.0,5.0,459.0,15.3,,,,,
2014,Devonta Freeman,RB,Florida State,5-8,206.0,4.58,31.5,,118.0,7.11,4.26,True,4.0,103.0,devonta freeman,RB,2014,devonta freeman,100.0,devonta freeman,2013.0,RB,,,,,,,,,,,,,,,,,,,,,,,,,,,,,,,,,,,,,,,,,,,,,48.0,22.0,1.0,278.0,12.6,173.0,60.0,14.0,1016.0,5.9
2014,Derek Carr,QB,Fresno State,6-2,214.0,4.69,34.5,,110.0,,4.2,True,2.0,36.0,derek carr,QB,2014,derek carr,100.0,derek carr,2013.0,QB,,,,,,,,,,,,,,,,,,,,,,,,,,,659.0,453.0,8.0,0.687,50.0,5082.0,7.7,,,,,,0.0,45.0,6.0,0.0,203.0,33.8,,,,,,40.0,17.0,2.0,117.0,2.9
2014,Ross Cockrell,CB,Duke,6-0,191.0,4.56,36.5,10.0,122.0,7.28,4.32,True,4.0,109.0,ross cockrell,CB,2014,ross cockrell,100.0,ross cockrell,2013.0,CB,,,,,,,,,,,6.3,3.0,0.0,19.0,,,,,,,,,,,,,,,,,,,,,,,,,,,,,,,,,,,,,,,,
2014,Brandin Cooks,WR,Oregon State,5-10,189.0,4.33,36.0,16.0,120.0,6.76,3.81,True,1.0,20.0,brandin cooks,WR,2014,brandin cooks,100.0,brandin cooks,2013.0,WR,,,,,,,,,,,,,,,,,,,,,,,,,,,,,,,,,,4.0,41.0,18.0,0.0,72.0,,,,,,,55.0,128.0,16.0,1730.0,13.5,32.0,29.0,2.0,217.0,6.8
2014,Damian Copeland,WR,Louisville,5-11,184.0,4.5,40.0,12.0,120.0,6.53,3.9,False,,,damian copeland,WR,2014,damian copeland,100.0,damian copeland,2013.0,WR,,,,,,,,,,,,,,,,,,,,,,,,,,,,,,,,,,,,,,,,,,,,,47.0,58.0,5.0,780.0,13.4,3.0,15.0,0.0,21.0,7.0
2014,J.C. Copeland,FB,LSU,5-11,271.0,4.95,28.5,23.0,111.0,7.68,4.58,False,,,jc copeland,FB,2014,jc copeland,100.0,jc copeland,2013.0,FB,,,,,,,,,,,,,,,,,,,,,,,,,,,,,,,,,,,,,,,,,,,,,12.0,4.0,0.0,31.0,7.8,13.0,10.0,3.0,25.0,1.9
2014,Tim Cornett,RB,UNLV,6-0,209.0,4.48,34.5,,125.0,7.01,4.26,False,,,tim cornett,RB,2014,tim cornett,100.0,tim cornett,2013.0,RB,,,,,,,,,,,,,,,,,,,,,,,,,,,,,,,,,,,,,,,,,,,,,20.0,30.0,0.0,164.0,5.5,264.0,75.0,15.0,1284.0,4.9
2014,Darqueze Dennard,CB,Michigan State,5-11,199.0,4.52,,15.0,,,,True,1.0,24.0,darqueze dennard,CB,2014,darqueze dennard,100.0,darqueze dennard,2013.0,CB,,,,,,,,,,,9.5,4.0,0.0,38.0,,,,,,,,,,,,,,,,,,,,,,,,,,,,,,,,,,,,,,,,
2014,Ahmad Dixon,S,Baylor,6-0,212.0,4.64,32.0,14.0,111.0,7.55,4.5,True,7.0,248.0,ahmad dixon,S,2014,ahmad dixon,100.0,ahmad dixon,2013.0,S,,,,,,,,,,,0.0,1.0,0.0,0.0,,,,,,,,,,,,,,,,,,,,,,,,,,,,,,,,,,,,,,,,
2014,Eric Ebron,TE,North Carolina,6-4,250.0,4.6,32.0,24.0,120.0,,,True,1.0,10.0,eric ebron,TE,2014,eric ebron,100.0,eric ebron,2013.0,TE,,,,,,,,,,,,,,,,,,,,,,,,,,,,,,,,,,,,,,,,,,,,,79.0,62.0,3.0,973.0,15.7,2.0,6.0,0.0,7.0,3.5
2014,Bruce Ellington,WR,South Carolina,5-9,197.0,4.45,39.5,15.0,120.0,6.69,3.95,True,4.0,106.0,bruce ellington,WR,2014,bruce ellington,100.0,bruce ellington,2013.0,WR,,,,,,,,,,,,,,,21.6,35.0,5.0,0.0,108.0,,,,,,,,1.0,1.0,0.0,1.0,1.0,9.0,9.0,5.3,12.0,3.0,0.0,16.0,,,,,,,53.0,49.0,8.0,775.0,15.8,3.0,7.0,0.0,14.0,4.7
2014,Quincy Enunwa,WR,Nebraska,6-2,225.0,4.41,,19.0,,,,True,6.0,209.0,quincy enunwa,WR,2014,quincy enunwa,100.0,quincy enunwa,2013.0,WR,,,,,,,,,,,,,,,17.0,17.0,1.0,0.0,17.0,,,,,,,,,,,,,,,,,,,,,,,,,,99.0,51.0,12.0,753.0,14.8,3.0,4.0,0.0,,
2014,David Fales,QB,San Jose State,6-2,212.0,4.99,28.0,,103.0,7.55,4.5,True,6.0,183.0,david fales,QB,2014,david fales,100.0,david fales,2013.0,QB,,,,,,,,,,,,,,,,,,,,,,,,,,,487.0,312.0,13.0,0.641,33.0,4189.0,8.6,,,,,,,,,,,,,,,,,48.0,16.0,2.0,7.0,0.1
2014,Anthony Fera,K,Texas,6-1,211.0,4.85,,,,,,False,,,anthony fera,K,2014,anthony fera,100.0,anthony fera,2013.0,PK,,,,,,,,,,,,,,,,,,,,21.0,20.0,50.0,0.952,105.0,46.0,45.0,,,,,,,,,,,,,0.0,68.0,75.0,0.0,3053.0,40.7,,,,,,,,,,
2014,C.J. Fiedorowicz,TE,Iowa,6-5,265.0,4.76,31.5,25.0,116.0,7.1,4.26,True,3.0,65.0,cj fiedorowicz,TE,2014,cj fiedorowicz,100.0,cj fiedorowicz,2013.0,TE,,,,,,,,,,,,,,,,,,,,,,,,,,,,,,,,,,,,,,,,,,,,,25.0,30.0,6.0,299.0,10.0,,,,,
2014,David Fluellen,RB,Toledo,5-11,224.0,4.72,36.5,,120.0,6.9,,False,,,david fluellen,RB,2014,david fluellen,100.0,david fluellen,2013.0,RB,,,,,,,,,,,,,,,,,,,,,,,,,,,,,,,,,,,,,,,,,,,,,28.0,27.0,0.0,222.0,8.2,167.0,66.0,10.0,1121.0,6.7
2014,Ka'Deem Carey,RB,Arizona,5-9,207.0,4.69,32.5,19.0,115.0,7.08,4.38,True,4.0,117.0,kadeem carey,RB,2014,kadeem carey,100.0,kadeem carey,2013.0,RB,,,,,,,,,,,,,,,,,,,,,,,,,,,,,,,,,,,,,,,,,,,,,24.0,26.0,1.0,173.0,6.7,349.0,58.0,19.0,1885.0,5.4
2014,Trey Burton,WR,Florida,6-2,224.0,4.62,30.0,,112.0,7.14,4.32,False,,,trey burton,WR,2014,trey burton,100.0,trey burton,2013.0,WR,,,,,,,,,,,,,,,18.0,24.0,4.0,0.0,72.0,,,,,,,,1.0,0.0,0.0,0.0,0.0,0.0,0.0,17.0,31.0,2.0,0.0,34.0,,,,,,,26.0,38.0,1.0,445.0,11.7,12.0,50.0,0.0,56.0,4.7
2014,Isaiah Burse,WR,Fresno State,5-10,188.0,4.58,31.0,16.0,115.0,6.74,3.94,False,,,isaiah burse,WR,2014,isaiah burse,100.0,isaiah burse,2013.0,WR,,,,,,,,,,,,,,,,,,,,,,,,,,,1.0,0.0,1.0,0.0,0.0,0.0,0.0,12.5,61.0,21.0,2.0,262.0,,,,,,,52.0,99.0,6.0,1026.0,10.4,9.0,26.0,2.0,81.0,9.0
2014,Alfred Blue,RB,LSU,6-2,223.0,4.63,32.0,13.0,121.0,7.15,4.5,True,6.0,181.0,alfred blue,RB,2014,alfred blue,100.0,alfred blue,2013.0,RB,,,,,,,,,,,,,,,,,,,,,,,,,,,,,,,,,,,,,,,,,,,,,22.0,5.0,0.0,62.0,12.4,71.0,17.0,1.0,343.0,4.8
2014,Antonio Andrews,RB,Western Kentucky,5-10,225.0,4.82,29.5,20.0,106.0,7.24,4.49,False,,,antonio andrews,RB,2014,antonio andrews,100.0,antonio andrews,2013.0,RB,,,,,,,,,,,,,,,20.9,27.0,15.0,0.0,314.0,,,,,,,,,,,,,,,6.9,38.0,14.0,0.0,97.0,,,,,,,60.0,41.0,0.0,478.0,11.7,267.0,65.0,16.0,1730.0,6.5
2014,George Atkinson,RB,Notre Dame,6-1,218.0,4.48,38.0,19.0,121.0,7.07,4.46,False,,,george atkinson,RB,2014,george atkinson,100.0,george atkinson,2013.0,RB,,,,,,,,,,,,,,,25.2,50.0,31.0,0.0,780.0,,,,,,,,,,,,,,,,,,,,,,,,,,16.0,7.0,0.0,51.0,7.3,93.0,80.0,3.0,555.0,6.0
2014,Anthony Barr,OLB,UCLA,6-5,255.0,4.66,34.5,15.0,119.0,6.82,4.19,True,1.0,9.0,anthony barr,OLB,2014,anthony barr,100.0,anthony barr,2012.0,OLB,,,,,,,,,,,,,,,,,,,,,,,,,,,,,,,,,,10.0,10.0,1.0,0.0,10.0,,,,,,,,,,,,,,,,
2014,Kelvin Benjamin,WR,Florida State,6-5,240.0,4.61,32.5,13.0,119.0,7.33,4.39,True,1.0,28.0,kelvin benjamin,WR,2014,kelvin benjamin,100.0,kelvin benjamin,2013.0,WR,,,,,,,,,,,,,,,,,,,,,,,,,,,,,,,,,,,,,,,,,,,,,56.0,54.0,15.0,1011.0,18.7,,,,,
2014,Kapri Bibbs,RB,Colorado State,5-9,212.0,4.67,29.0,24.0,106.0,,,False,,,kapri bibbs,RB,2014,kapri bibbs,100.0,kapri bibbs,2013.0,RB,,,,,,,,,,,,,,,,,,,,,,,,,,,,,,,,,,,,,,,,,,,,,14.0,8.0,0.0,59.0,7.4,281.0,85.0,31.0,1741.0,6.2
2014,Rob Blanchflower,TE,Massachusetts,6-4,256.0,4.82,,,,,,True,7.0,230.0,rob blanchflower,TE,2014,rob blanchflower,100.0,rob blanchflower,2013.0,TE,,,,,,,,,,,,,,,,,,,,,,,,,,,,,,,,,,,,,,,,,,,,,55.0,27.0,3.0,313.0,11.6,1.0,3.0,0.0,3.0,3.0
2014,Chris Borland,ILB,Wisconsin,5-11,248.0,4.83,31.0,27.0,114.0,7.18,4.27,True,3.0,77.0,chris borland,ILB,2014,chris borland,100.0,chris borland,2013.0,ILB,,,,,,,,,,,,,,,,,,,,,,,,,,,1.0,1.0,0.0,1.0,0.0,23.0,23.0,,,,,,,,,,,,,,,,,,,,,
2014,Deone Bucannon,S,Washington State,6-1,211.0,4.49,36.5,19.0,125.0,6.96,4.26,True,1.0,27.0,deone bucannon,S,2014,deone bucannon,100.0,deone bucannon,2013.0,S,,,,,,,,,,,18.3,6.0,0.0,110.0,,,,,,,,,,,,,,,,,,,,,,,,,,,,,,,,,,,,,,,,
2014,Blake Bortles,QB,Central Florida,6-5,232.0,4.93,32.5,,115.0,7.08,4.21,True,1.0,3.0,blake bortles,QB,2014,blake bortles,100.0,blake bortles,2013.0,QB,,,,,,,,,,,,,,,,,,,,,,,,,,,382.0,259.0,9.0,0.678,25.0,3581.0,9.4,,,,,,,,,,,,,,,,,87.0,29.0,6.0,272.0,3.1
2014,Chris Boswell,K,Rice,6-2,185.0,4.93,,,,,,False,,,chris boswell,K,2014,chris boswell,100.0,chris boswell,2013.0,PK,,,,,,,,,,,,,,,,,,,,19.0,14.0,56.0,0.737,89.0,49.0,47.0,,,,,,,,,,,,,0.0,42.0,1.0,0.0,42.0,42.0,,,,,,,,,,
2014,Chris Boyd,WR,Vanderbilt,6-4,206.0,4.73,,12.0,,,,False,,,chris boyd,WR,2014,chris boyd,100.0,chris boyd,2012.0,WR,,,,,,,,,,,,,,,,,,,,,,,,,,,,,,,,,,,,,,,,,,,,,60.0,50.0,5.0,774.0,15.5,,,,,
2014,Tajh Boyd,QB,Clemson,6-1,222.0,4.84,30.5,,106.0,7.33,4.23,True,6.0,213.0,tajh boyd,QB,2014,tajh boyd,100.0,tajh boyd,2013.0,QB,,,,,,,,,,,,,,,,,,,,,,,,,,,413.0,283.0,11.0,0.685,34.0,3851.0,9.3,,,,,,,,,,,,,,,,,154.0,48.0,10.0,400.0,2.6
2014,Teddy Bridgewater,QB,Louisville,6-2,214.0,,30.0,,113.0,7.17,4.2,True,1.0,32.0,teddy bridgewater,QB,2014,teddy bridgewater,100.0,teddy bridgewater,2013.0,QB,,,,,,,,,,,,,,,,,,,,,,,,,,,427.0,303.0,4.0,0.71,31.0,3970.0,9.3,,,,,,,,,,,,,,,,,63.0,20.0,1.0,78.0,1.2
2014,Martavis Bryant,WR,Clemson,6-4,211.0,4.42,39.0,16.0,124.0,7.18,4.15,True,4.0,118.0,martavis bryant,WR,2014,martavis bryant,100.0,martavis bryant,2013.0,WR,,,,,,,,,,,,,,,18.0,18.0,2.0,0.0,36.0,,,,,,,,,,,,,,,,,,,,,,,,,,76.0,42.0,7.0,828.0,19.7,,,,,
2014,Austin Franklin,WR,New Mexico State,5-11,189.0,4.56,36.0,7.0,124.0,7.07,4.33,False,,,austin franklin,WR,2014,austin franklin,100.0,austin franklin,2013.0,WR,,,,,,,,,,,,,,,15.3,27.0,11.0,0.0,168.0,,,,,,,,3.0,3.0,0.0,1.0,0.0,9.0,3.0,,,,,,,,,,,,85.0,52.0,7.0,670.0,12.9,14.0,12.0,0.0,69.0,4.9
2014,Kyle Fuller,CB,Virginia Tech,6-0,190.0,4.49,38.5,12.0,128.0,6.9,4.19,True,1.0,14.0,kyle fuller,CB,2014,kyle fuller,100.0,kyle fuller,2013.0,CB,,,,,,,,,,,4.0,2.0,0.0,8.0,,,,,,,,,,,,,,,,,,,,23.0,23.0,1.0,0.0,23.0,,,,,,,,,,,,,,,,
2014,Ricardo Allen,CB,Purdue,5-9,187.0,4.61,35.5,13.0,117.0,,4.15,True,5.0,147.0,ricardo allen,CB,2014,ricardo allen,100.0,ricardo allen,2013.0,CB,,,,,,,,,,,7.0,6.0,0.0,42.0,,,,,,,,,,,,,,,,,,,,,,,,,,,,,,,,,,,,,,,,
2014,Tyler Gaffney,RB,Stanford,5-11,220.0,4.49,36.5,,116.0,6.78,4.18,True,6.0,204.0,tyler gaffney,RB,2014,tyler gaffney,100.0,tyler gaffney,2013.0,RB,,,,,,,,,,,,,,,,,,,,,,,,,,,,,,,,,,,,,,,,,,,,,23.0,15.0,1.0,86.0,5.7,330.0,69.0,21.0,1709.0,5.2
2014,Carlos Hyde,RB,Ohio State,6-0,230.0,4.62,34.5,19.0,114.0,,,True,2.0,57.0,carlos hyde,RB,2014,carlos hyde,100.0,carlos hyde,2013.0,RB,,,,,,,,,,,,,,,,,,,,,,,,,,,,,,,,,,,,,,,,,,,,,25.0,16.0,3.0,147.0,9.2,208.0,55.0,15.0,1521.0,7.3
2014,Bennett Jackson,CB,Notre Dame,6-0,195.0,4.51,38.0,13.0,128.0,6.75,4.0,True,6.0,187.0,bennett jackson,CB,2014,bennett jackson,100.0,bennett jackson,2013.0,CB,,,,,,,,,,,17.0,2.0,1.0,34.0,,,,,,,,,,,,,,,,,,,,,,,,,,,,,,,,,,,,,,,,
2014,Stanley Jean-Baptiste,CB,Nebraska,6-3,218.0,4.61,41.5,13.0,128.0,,4.33,True,2.0,58.0,stanley jeanbaptiste,CB,2014,stanley jeanbaptiste,100.0,stanley jeanbaptiste,2013.0,CB,,,,,,,,,,,33.5,4.0,1.0,134.0,,,,,,,,,,,,,,,,,,,,,,,,,,,,,,,,,,,,,,,,
2014,Jackson Jeffcoat,DE,Texas,6-3,247.0,4.63,36.0,18.0,123.0,6.97,4.18,False,,,jackson jeffcoat,DE,2014,jackson jeffcoat,100.0,jackson jeffcoat,2013.0,DE,,,,,,,,,,,8.0,1.0,0.0,8.0,,,,,,,,,,,,,,,,,,,,,,,,,,,,,,,,,,,,,,,,
2014,Marcel Jensen,TE,Fresno State,6-6,259.0,4.85,35.0,24.0,115.0,7.38,4.6,False,,,marcel jensen,TE,2014,marcel jensen,100.0,marcel jensen,2013.0,TE,,,,,,,,,,,,,,,,,,,,,,,,,,,,,,,,,,,,,,,,,,,,,43.0,26.0,3.0,353.0,13.6,,,,,
2014,Dontae Johnson,CB,North Carolina State,6-2,200.0,4.41,38.5,12.0,124.0,6.82,4.24,True,4.0,129.0,dontae johnson,CB,2014,dontae johnson,100.0,dontae johnson,2013.0,CB,,,,,,,,,,,7.0,3.0,0.0,21.0,,,,,,,,,,,,,,,,,,,,,,,,,,,,,,,,,,,,,,,,
2014,Storm Johnson,RB,Central Florida,6-0,209.0,4.6,35.5,16.0,118.0,,,True,7.0,222.0,storm johnson,RB,2014,storm johnson,100.0,storm johnson,2013.0,RB,,,,,,,,,,,,,,,,,,,,,,,,,,,,,,,,,,,,,,,,,,,,,33.0,30.0,3.0,260.0,8.7,213.0,73.0,14.0,1139.0,5.3
2014,Odell Beckham Jr.,WR,LSU,5-11,198.0,4.38,38.5,7.0,122.0,6.69,3.94,True,1.0,12.0,odell beckham,WR,2014,odell beckham,100.0,odell beckham,2013.0,WR,,,,,,,,,,,,,,,26.4,82.0,32.0,0.0,845.0,,,,,,,,1.0,0.0,0.0,0.0,0.0,0.0,0.0,8.4,60.0,19.0,0.0,160.0,,,,,,,63.0,59.0,8.0,1152.0,19.5,5.0,20.0,0.0,58.0,11.6
2014,Kenny Ladler,S,Vanderbilt,6-0,207.0,4.7,36.5,24.0,127.0,,,False,,,kenny ladler,S,2014,kenny ladler,100.0,kenny ladler,2013.0,S,,,,,,,,,,,12.2,5.0,0.0,61.0,,,,,,,,,,,,,,,,,,,,,,,,,,,,,,,,,,,,,,,,
2018,Mason Rudolph,QB,Oklahoma State,6-5,235.0,4.9,26.0,,,,,True,3.0,76.0,mason rudolph,QB,2018,mason rudolph,100.0,mason rudolph,2017.0,QB,,,,,,,,4.0,2.0,0.0,,,,,,,,,,,,,,,,,489.0,318.0,9.0,0.65,37.0,4904.0,10.0,,,,,,,,,,,,,,,,,61.0,19.0,10.0,35.0,0.6
2014,Cody Latimer,WR,Indiana,6-2,215.0,4.52,,23.0,,,,True,2.0,56.0,cody latimer,WR,2014,cody latimer,100.0,cody latimer,2013.0,WR,,,,,,,,,,,,,,,,,,,,,,,,,,,,,,,,,,,,,,,,,,,,,77.0,72.0,9.0,1096.0,15.2,,,,,
2014,Nevin Lawson,CB,Utah State,5-9,190.0,4.48,33.0,16.0,120.0,7.12,4.4,True,4.0,133.0,nevin lawson,CB,2014,nevin lawson,100.0,nevin lawson,2013.0,CB,,,,,,,,,,,16.3,4.0,1.0,65.0,,,,,,,,,,,,,,,,,,,,,,,,,,,,,,,,,,,,,,,,
2014,Marqise Lee,WR,USC,6-0,192.0,4.52,38.0,,127.0,,4.01,True,2.0,39.0,marqise lee,WR,2014,marqise lee,100.0,marqise lee,2013.0,WR,,,,,,,,,,,,,,,16.4,34.0,10.0,0.0,164.0,,,,,,,,,,,,,,,5.8,18.0,8.0,0.0,46.0,,,,,,,80.0,57.0,4.0,791.0,13.9,6.0,8.0,0.0,7.0,1.2
2014,Richie Leone,P,Houston,6-3,211.0,5.1,,,,,,False,,,richie leone,P,2014,richie leone,100.0,richie leone,2013.0,P,,,,,,,,,,,,,,,,,,,,16.0,11.0,40.0,0.688,65.0,32.0,32.0,,,,,,,,,,,,,0.0,65.0,73.0,0.0,3153.0,43.2,,,,,,,,,,
2014,Craig Loston,S,LSU,6-1,217.0,4.65,32.5,12.0,119.0,7.15,4.35,False,,,craig loston,S,2014,craig loston,100.0,craig loston,2013.0,S,,,,,,,,,,,12.7,3.0,0.0,38.0,,,,,,,,,,,,,,,,,,,,,,,,,,,,,,,,,,,,,,,,
2014,Allen Hurns,WR,Miami (FL),6-1,198.0,4.55,31.0,14.0,120.0,7.23,4.5,False,,,allen hurns,WR,2014,allen hurns,100.0,allen hurns,2013.0,WR,,,,,,,,,,,,,,,,,,,,,,,,,,,,,,,,,,,,,,,,,,,,,84.0,62.0,6.0,1162.0,18.7,1.0,13.0,0.0,13.0,13.0
2014,Josh Huff,WR,Oregon,5-11,206.0,4.51,35.5,14.0,116.0,,,True,3.0,86.0,josh huff,WR,2014,josh huff,100.0,josh huff,2013.0,WR,,,,,,,,,,,,,,,22.9,57.0,11.0,0.0,252.0,,,,,,,,,,,,,,,0.0,0.0,1.0,0.0,0.0,,,,,,,65.0,62.0,12.0,1140.0,18.4,6.0,12.0,0.0,28.0,4.7
2014,Tom Hornsey,P,Memphis,6-3,221.0,5.05,,,,,,False,,,tom hornsey,P,2014,tom hornsey,100.0,tom hornsey,2013.0,P,,,,,,,,,,,,,,,,,,,,,,,,,,,,,,,,,,,,,,,0.0,79.0,62.0,0.0,2800.0,45.2,,,,,,1.0,14.0,0.0,14.0,14.0
2014,Marion Grice,RB,Arizona State,6-0,208.0,4.67,,,,,,True,6.0,201.0,marion grice,RB,2014,marion grice,100.0,marion grice,2013.0,RB,,,,,,,,,,,,,,,24.1,44.0,21.0,0.0,507.0,,,,,,,,,,,,,,,,,,,,,,,,,,32.0,50.0,6.0,438.0,8.8,191.0,40.0,14.0,996.0,5.2
2014,Phillip Gaines,CB,Rice,6-0,193.0,4.38,36.5,11.0,122.0,6.62,4.04,True,3.0,87.0,phillip gaines,CB,2014,phillip gaines,100.0,phillip gaines,2013.0,CB,,,,,,,,,,,0.5,4.0,0.0,2.0,,,,,,,,,,,,,,,,,,,,,,,,,,,,,,,,,,,,,,,,
2014,Jeremy Gallon,WR,Michigan,5-7,185.0,4.49,,15.0,,,,True,7.0,244.0,jeremy gallon,WR,2014,jeremy gallon,100.0,jeremy gallon,2013.0,WR,,,,,,,,,,,,,,,,,,,,,,,,,,,1.0,0.0,0.0,0.0,0.0,0.0,0.0,4.6,16.0,7.0,0.0,32.0,,,,,,,84.0,89.0,9.0,1373.0,15.4,3.0,14.0,0.0,4.0,1.3
2014,Jimmy Garoppolo,QB,East. Illinois,6-2,226.0,4.97,30.5,,110.0,7.04,4.26,True,2.0,62.0,jimmy garoppolo,QB,2014,jimmy garoppolo,100.0,jimmy garoppolo,2013.0,QB,,,,,,,,,,,,,,,,,,,,0.0,0.0,0.0,0.0,0.0,2.0,0.0,95.0,65.0,2.0,0.684,9.0,811.0,8.5,,,,,,,,,,,,,,,,,12.0,11.0,0.0,,
2014,Crockett Gillmore,TE,Colorado State,6-6,260.0,4.89,33.5,,120.0,7.42,4.44,True,3.0,99.0,crockett gillmore,TE,2014,crockett gillmore,100.0,crockett gillmore,2013.0,TE,,,,,,,,,,,,,,,,,,,,,,,,,,,,,,,,,,,,,,,,,,,,,52.0,47.0,2.0,577.0,12.3,,,,,
2014,Demetri Goodson,CB,Baylor,5-11,194.0,4.52,37.0,11.0,123.0,6.8,4.34,True,6.0,197.0,demetri goodson,CB,2014,demetri goodson,100.0,demetri goodson,2013.0,CB,,,,,,,,,,,21.0,3.0,0.0,63.0,,,,,,,,,,,,,,,,,,,,,,,,,,,,,,,,,,,,,,,,
2014,Ryan Grant,WR,Tulane,6-0,199.0,4.64,35.5,8.0,119.0,6.68,4.11,True,5.0,142.0,ryan grant,WR,2014,ryan grant,100.0,ryan grant,2013.0,WR,,,,,,,,,,,,,,,,,,,,,,,,,,,1.0,0.0,1.0,0.0,0.0,0.0,0.0,,,,,,,,,,,,49.0,77.0,9.0,1039.0,13.5,,,,,
2014,Xavier Grimble,TE,USC,6-4,257.0,4.76,26.5,,113.0,,,False,,,xavier grimble,TE,2014,xavier grimble,100.0,xavier grimble,2013.0,TE,,,,,,,,,,,,,,,,,,,,,,,,,,,,,,,,,,,,,,,,,,,,,30.0,25.0,2.0,271.0,10.8,,,,,
2014,Cody Hoffman,WR,BYU,6-4,223.0,4.65,27.5,13.0,108.0,6.89,4.2,False,,,cody hoffman,WR,2014,cody hoffman,100.0,cody hoffman,2013.0,WR,,,,,,,,,,,,,,,,,,,,,,,,,,,1.0,0.0,0.0,0.0,0.0,0.0,0.0,8.6,23.0,8.0,0.0,69.0,,,,,,,53.0,57.0,5.0,894.0,15.7,,,,,
2014,Victor Hampton,CB,South Carolina,5-9,197.0,4.69,33.5,20.0,118.0,7.01,4.2,False,,,victor hampton,CB,2014,victor hampton,100.0,victor hampton,2013.0,CB,,,,,,,,,,,8.7,3.0,0.0,26.0,19.5,21.0,2.0,0.0,39.0,,,,,,,,,,,,,,,3.0,13.0,9.0,0.0,27.0,,,,,,,,,,,,,,,,
2014,Matt Hazel,WR,Coastal Carolina,6-1,198.0,4.5,36.5,15.0,118.0,7.08,4.2,True,6.0,190.0,matt hazel,WR,2014,matt hazel,100.0,matt hazel,2013.0,WR,,,,,,,,,,,,,,,,,,,,,,,,,,,,,,,,,,,,,,,,,,,,,25.0,6.0,0.0,83.0,13.8,,,,,
2014,Robert Herron,WR,Wyoming,5-9,193.0,4.48,35.5,18.0,125.0,6.84,4.27,True,6.0,185.0,robert herron,WR,2014,robert herron,100.0,robert herron,2013.0,WR,,,,,,,,,,,,,,,14.0,14.0,1.0,0.0,14.0,,,,,,,,,,,,,,,,,,,,,,,,,,93.0,72.0,9.0,937.0,13.0,2.0,8.0,0.0,12.0,6.0
2014,Ryan Hewitt,FB,Stanford,6-4,246.0,4.87,33.0,,109.0,7.04,4.35,False,,,ryan hewitt,FB,2014,ryan hewitt,100.0,ryan hewitt,2013.0,FB,,,,,,,,,,,,,,,,,,,,,,,,,,,,,,,,,,,,,,,,,,,,,11.0,9.0,0.0,46.0,5.1,5.0,3.0,0.0,8.0,1.6
2014,Jeremy Hill,RB,LSU,6-1,233.0,4.56,29.0,20.0,113.0,,,True,2.0,55.0,jeremy hill,RB,2014,jeremy hill,100.0,jeremy hill,2013.0,RB,,,,,,,,,,,,,,,,,,,,,,,,,,,,,,,,,,,,,,,,,,,,,30.0,18.0,0.0,181.0,10.1,203.0,69.0,16.0,1401.0,6.9
2014,Zach Hocker,K,Arkansas,6-0,189.0,4.9,,,,,,True,7.0,228.0,zach hocker,K,2014,zach hocker,100.0,zach hocker,2013.0,PK,,,,,,,,,,,,,,,,,,,,14.0,13.0,54.0,0.929,67.0,28.0,28.0,,,,,,,,,,,,,0.0,77.0,7.0,0.0,320.0,45.7,,,,,,,,,,
2014,Jace Amaro,TE,Texas Tech,6-5,265.0,4.74,33.0,28.0,118.0,7.42,4.3,True,2.0,49.0,jace amaro,TE,2014,jace amaro,100.0,jace amaro,2013.0,TE,,,,,,,,,,,,,,,,,,,,,,,,,,,,,,,,,,,,,,,,,,,,,47.0,106.0,7.0,1352.0,12.8,,,,,
2014,Davante Adams,WR,Fresno State,6-1,212.0,4.56,39.5,14.0,123.0,6.82,4.3,True,2.0,53.0,davante adams,WR,2014,davante adams,100.0,davante adams,2013.0,WR,,,,,,,,,,,,,,,,,,,,,,,,,,,,,,,,,,8.0,14.0,2.0,0.0,16.0,,,,,,,75.0,131.0,24.0,1718.0,13.1,,,,,
2013,Collin Klein,QB,Kansas State,6-5,226.0,4.78,29.0,,111.0,7.17,4.4,False,,,collin klein,QB,2013,collin klein,100.0,collin klein,2012.0,QB,,,,,,,,,,,,,,,,,,,,,,,,,,,304.0,197.0,9.0,0.648,16.0,2641.0,8.7,,,,,,,,,,,,,,,,,207.0,34.0,23.0,920.0,4.4
2013,Tharold Simon,CB,LSU,6-2,202.0,4.51,34.0,9.0,128.0,,,True,5.0,138.0,tharold simon,CB,2013,tharold simon,100.0,tharold simon,2012.0,CB,,,,,,,,,,,10.8,4.0,0.0,43.0,,,,,,,,,,,,,,,,,,,,,,,,,,,,,,,,,,,,,,,,
2013,Cordarrelle Patterson,WR,Tennessee,6-2,216.0,4.42,37.0,,128.0,,,True,1.0,29.0,cordarrelle patterson,WR,2013,cordarrelle patterson,100.0,cordarrelle patterson,2012.0,WR,,,,,,,,,,,,,,,26.8,98.0,25.0,1.0,671.0,,,,,,,,1.0,1.0,0.0,1.0,0.0,28.0,28.0,25.3,81.0,4.0,1.0,101.0,,,,,,,58.0,46.0,5.0,778.0,16.9,25.0,67.0,3.0,308.0,12.3
2013,Quinton Patton,WR,Louisiana Tech,6-0,204.0,4.53,33.0,8.0,118.0,6.91,4.01,True,4.0,128.0,quinton patton,WR,2013,quinton patton,100.0,quinton patton,2012.0,WR,,,,,,,,,,,,,,,10.0,10.0,1.0,0.0,10.0,,,,,,,,,,,,,,,,,,,,,,,,,,79.0,104.0,13.0,1392.0,13.4,1.0,0.0,0.0,,
2013,Jordan Poyer,CB,Oregon State,6-0,191.0,4.54,30.5,8.0,118.0,6.87,4.18,True,7.0,218.0,jordan poyer,CB,2013,jordan poyer,100.0,jordan poyer,2012.0,CB,,,,,,,,,,,17.4,7.0,1.0,122.0,,,,,,,,,,,,,,,,,,,,7.1,24.0,10.0,0.0,71.0,,,,,,,,,,,,,,,,
2013,Lonnie Pryor,FB,Florida State,5-11,227.0,4.7,30.0,17.0,114.0,7.28,4.55,False,,,lonnie pryor,FB,2013,lonnie pryor,100.0,lonnie pryor,2012.0,FB,,,,,,,,,,,,,,,,,,,,,,,,,,,,,,,,,,,,,,,,,,,,,21.0,13.0,0.0,117.0,9.0,47.0,60.0,8.0,376.0,8.0
2013,Joseph Randle,RB,Oklahoma State,6-0,204.0,4.63,35.0,,123.0,,,True,5.0,151.0,joseph randle,RB,2013,joseph randle,100.0,joseph randle,2012.0,RB,,,,,,,,,,,,,,,,,,,,,,,,,,,2.0,2.0,0.0,1.0,0.0,37.0,18.5,,,,,,,,,,,,21.0,28.0,0.0,224.0,8.0,274.0,69.0,14.0,1417.0,5.2
2013,Greg Reid,CB,Florida State,5-8,190.0,4.46,,10.0,,,,False,,,greg reid,CB,2013,greg reid,100.0,greg reid,2011.0,CB,,,,,,,,,,,6.0,2.0,0.0,12.0,24.5,34.0,6.0,0.0,147.0,,,,,,,,,,,,,,,7.7,83.0,54.0,1.0,416.0,,,,,,,,,,,,,,,,
2013,Eric Reid,S,LSU,6-1,213.0,4.53,40.5,17.0,134.0,6.99,4.22,True,1.0,18.0,eric reid,S,2013,eric reid,100.0,eric reid,2012.0,S,,,,,,,,,,,14.5,2.0,0.0,29.0,,,,,,,,,,,,,,,,,,,,,,,,,,,,,,,,,,,,,,,,
2013,Sean Renfree,QB,Duke,6-3,219.0,4.76,,,,,,True,7.0,249.0,sean renfree,QB,2013,sean renfree,100.0,sean renfree,2012.0,QB,,,,,,,,,,,,,,,,,,,,,,,,,,,441.0,297.0,10.0,0.673,19.0,3113.0,7.1,,,,,,,,,,,,,,,,,38.0,25.0,1.0,,
2013,Theo Riddick,RB,Notre Dame,5-10,201.0,4.68,32.0,,118.0,,,True,6.0,199.0,theo riddick,RB,2013,theo riddick,100.0,theo riddick,2012.0,RB,,,,,,,,,,,,,,,,,,,,,,,,,,,,,,,,,,,,,,,,,,,,,24.0,36.0,2.0,370.0,10.3,190.0,55.0,5.0,917.0,4.8
2013,Mychal Rivera,TE,Tennessee,6-3,242.0,4.81,31.0,17.0,112.0,7.17,4.43,True,6.0,184.0,mychal rivera,TE,2013,mychal rivera,100.0,mychal rivera,2012.0,TE,,,,,,,,,,,,,,,3.5,4.0,2.0,0.0,7.0,,,,,,,,,,,,,,,,,,,,,,,,,,62.0,36.0,5.0,562.0,15.6,,,,,
2013,Da'Rick Rogers,WR,Tennessee Tech,6-2,217.0,4.5,39.5,10.0,132.0,6.71,4.06,False,,,darick rogers,WR,2013,darick rogers,100.0,darick rogers,2012.0,WR,,,,,,,,,,,,,,,,,,,,,,,,,,,,,,,,,,,,,,,,,,,,,23.0,3.0,1.0,38.0,12.7,,,,,
2013,Robbie Rouse,RB,Fresno State,5-6,190.0,4.8,34.0,15.0,114.0,6.97,4.25,False,,,robbie rouse,RB,2013,robbie rouse,100.0,robbie rouse,2012.0,RB,,,,,,,,,,,,,,,,,,,,,,,,,,,1.0,1.0,0.0,1.0,1.0,1.0,1.0,,,,,,,,,,,,25.0,63.0,2.0,435.0,6.9,282.0,94.0,12.0,1490.0,5.3
2013,Lanear Sampson,WR,Baylor,5-11,204.0,4.46,33.5,20.0,119.0,7.1,4.38,False,,,lanear sampson,WR,2013,lanear sampson,100.0,lanear sampson,2012.0,WR,,,,,,,,,,,,,,,,,,,,,,,,,,,,,,,,,,,,,,,,,,,,,67.0,52.0,6.0,646.0,12.4,,,,,
2013,Ace Sanders,WR,South Carolina,5-7,173.0,4.58,32.0,7.0,117.0,6.81,4.37,True,4.0,101.0,ace sanders,WR,2013,ace sanders,100.0,ace sanders,2012.0,WR,,,,,,,,,,,,,,,16.0,16.0,1.0,0.0,16.0,,,,,,,,2.0,1.0,0.0,0.5,1.0,16.0,8.0,14.8,70.0,29.0,2.0,429.0,,,,,,,36.0,45.0,9.0,531.0,11.8,3.0,3.0,0.0,1.0,0.3
2013,Matt Scott,QB,Arizona,6-2,213.0,4.69,31.0,,118.0,6.69,3.99,False,,,matt scott,QB,2013,matt scott,100.0,matt scott,2012.0,QB,,,,,,,,,,,,,,,,,,,,,,,,,,,499.0,301.0,14.0,0.603,27.0,3620.0,7.3,,,,,,0.0,54.0,2.0,0.0,64.0,32.0,,,,,,113.0,24.0,6.0,506.0,4.5
2013,Chris Pantale,TE,Boston Col.,6-5,254.0,4.99,33.5,17.0,110.0,7.48,4.5,False,,,chris pantale,TE,2013,chris pantale,100.0,chris pantale,2012.0,TE,,,,,,,,,,,,,,,,,,,,,,,,,,,,,,,,,,,,,,,,,,,,,23.0,21.0,2.0,189.0,9.0,,,,,
2013,Ryan Otten,TE,San Jose State,6-5,230.0,4.69,,,,,,False,,,ryan otten,TE,2013,ryan otten,100.0,ryan otten,2012.0,TE,,,,,,,,,,,,,,,,,,,,,,,,,,,,,,,,,,,,,,,,,,,,,38.0,47.0,4.0,742.0,15.8,,,,,
2013,Ryan Nassib,QB,Syracuse,6-2,227.0,5.06,28.5,,105.0,7.34,4.53,True,4.0,110.0,ryan nassib,QB,2013,ryan nassib,100.0,ryan nassib,2012.0,QB,,,,,,,,,,,,,,,,,,,,,,,,,,,471.0,294.0,10.0,0.624,26.0,3749.0,8.0,,,,,,,,,,,,,,,,,84.0,12.0,2.0,138.0,1.6
2013,Philip Lutzenkirchen,TE,Auburn,6-3,258.0,4.94,30.5,21.0,112.0,7.15,4.35,False,,,philip lutzenkirchen,TE,2013,philip lutzenkirchen,100.0,philip lutzenkirchen,2012.0,TE,,,,,,,,,,,,,,,,,,,,,,,,,,,,,,,,,,,,,,,,,,,,,38.0,15.0,0.0,139.0,9.3,,,,,
2013,Scott Kovanda,P,Ball State,6-2,207.0,4.84,,,,,,False,,,scott kovanda,P,2013,scott kovanda,100.0,scott kovanda,2012.0,P,,,,,,,,,,,,,,,,,,,,,,,,,,,,,,,,,,,,,,,0.0,56.0,47.0,0.0,1892.0,40.3,,,,,,1.0,0.0,0.0,,
2013,Joe Kruger,DE,Utah,6-6,269.0,4.83,34.0,24.0,117.0,7.17,4.46,True,7.0,212.0,joe kruger,DE,2013,joe kruger,100.0,joe kruger,2012.0,DE,,,,,,,,,,,24.0,1.0,1.0,24.0,,,,,,,,,,,,,,,,,,,,,,,,,,,,,,,,,,,,,,,,
2013,Eddie Lacy,RB,Alabama,5-11,231.0,4.55,,,,,,True,2.0,61.0,eddie lacy,RB,2013,eddie lacy,100.0,eddie lacy,2012.0,RB,,,,,,,,,,,,,,,,,,,,,,,,,,,,,,,,,,,,,,,,,,,,,27.0,22.0,2.0,189.0,8.6,204.0,73.0,17.0,1322.0,6.5
2013,Alec Lemon,WR,Syracuse,6-1,202.0,4.59,32.0,7.0,112.0,7.04,4.29,False,,,alec lemon,WR,2013,alec lemon,100.0,alec lemon,2012.0,WR,,,,,,,,,,,,,,,,,,,,,,,,,,,,,,,,,,,,,,,,,,,,,68.0,72.0,7.0,1070.0,14.9,4.0,11.0,1.0,13.0,3.3
2013,Jeff Locke,P,UCLA,6-1,209.0,4.82,,,,,,True,5.0,155.0,jeff locke,P,2013,jeff locke,100.0,jeff locke,2012.0,P,,,,,,,,,,,,,,,,,,,,,,,,,,,,,,,,,,,,,,,0.0,64.0,77.0,0.0,3337.0,43.3,,,,,,1.0,8.0,0.0,8.0,8.0
2013,Star Lotulelei,DT,Utah,6-2,311.0,5.14,,,,,,True,1.0,14.0,star lotulelei,DT,2013,star lotulelei,100.0,star lotulelei,2011.0,DT,,,,,,,,,,,,,,,,,,,,,,,,,,,,,,,,,,,,,,,,,,,,,17.0,1.0,0.0,17.0,17.0,,,,,
2013,Brett Maher,K,Nebraska,6-0,186.0,4.89,,,,,,False,,,brett maher,K,2013,brett maher,100.0,brett maher,2012.0,P,,,,,,,,,,,,,,,,,,,,27.0,20.0,54.0,0.741,119.0,59.0,59.0,,,,,,,,,,,,,0.0,69.0,61.0,0.0,2552.0,41.8,,,,,,,,,,
2013,Zeke Motta,S,Notre Dame,6-2,213.0,4.75,35.5,11.0,126.0,6.75,4.16,True,7.0,244.0,zeke motta,S,2013,zeke motta,100.0,zeke motta,2011.0,S,,,,,,,,,,,0.0,1.0,0.0,0.0,,,,,,,,,,,,,,,,,,,,,,,,,,,,,,,,,,,,,,,,
2013,E.J. Manuel,QB,Florida State,6-5,237.0,4.65,34.0,,118.0,7.08,4.21,True,1.0,16.0,ej manuel,QB,2013,ej manuel,100.0,ej manuel,2012.0,QB,,,,,,,,,,,,,,,,,,,,,,,,,,,387.0,263.0,10.0,0.68,23.0,3392.0,8.8,,,,,,,,,,,,11.0,0.0,0.0,11.0,0.0,103.0,28.0,4.0,310.0,3.0
2013,Tyrann Mathieu,CB,LSU,5-9,186.0,4.5,34.0,4.0,117.0,6.87,4.14,True,3.0,69.0,tyrann mathieu,CB,2013,tyrann mathieu,100.0,tyrann mathieu,2011.0,CB,,,,,,,,,,,8.0,2.0,0.0,16.0,,,,,,,,,,,,,,,,,,,,12.4,92.0,34.0,2.0,421.0,,,,,,,,,,,,,,,,
2013,Onterio McCalebb,RB,Auburn,5-10,168.0,4.34,34.0,,121.0,,,False,,,onterio mccalebb,RB,2013,onterio mccalebb,100.0,onterio mccalebb,2012.0,RB,,,,,,,,,,,,,,,22.7,100.0,23.0,1.0,523.0,,,,,,,,,,,,,,,,,,,,,,,,,,34.0,18.0,0.0,132.0,7.3,94.0,43.0,6.0,570.0,6.1
2013,T.J. McDonald,S,USC,6-2,219.0,4.59,40.0,19.0,131.0,6.89,4.2,True,3.0,71.0,tj mcdonald,S,2013,tj mcdonald,100.0,tj mcdonald,2012.0,S,,,,,,,,,,,0.0,2.0,0.0,0.0,2.0,2.0,1.0,0.0,2.0,,,,,,,,,,,,,,,,,,,,,,,,,,,,,,,,,,,
2013,Christine Michael,RB,Texas A&M,5-10,220.0,4.54,43.0,27.0,125.0,6.69,4.02,True,2.0,62.0,christine michael,RB,2013,christine michael,100.0,christine michael,2012.0,RB,,,,,,,,,,,,,,,,,,,,,,,,,,,,,,,,,,,,,,,,,,,,,16.0,8.0,0.0,48.0,6.0,88.0,40.0,12.0,417.0,4.7
2013,T.J. Moe,WR,Missouri,5-11,204.0,4.74,36.0,26.0,120.0,6.53,3.96,False,,,tj moe,WR,2013,tj moe,100.0,tj moe,2012.0,WR,,,,,,,,,,,,,,,23.3,42.0,8.0,0.0,186.0,,,,,,,,1.0,0.0,0.0,0.0,0.0,0.0,0.0,3.0,3.0,1.0,0.0,3.0,,,,,,,27.0,40.0,1.0,399.0,10.0,7.0,7.0,0.0,26.0,3.7
2013,Quinn Sharp,P,Oklahoma State,6-1,189.0,4.86,,,,,,False,,,quinn sharp,P,2013,quinn sharp,100.0,quinn sharp,2012.0,P,,,,,,,,,,,,,,,,,,,,34.0,28.0,51.0,0.824,156.0,72.0,72.0,,,,,,,,,,,,,0.0,74.0,44.0,0.0,2036.0,46.3,,,,,,,,,,
2013,Dion Sims,TE,Michigan State,6-5,262.0,4.75,35.0,22.0,112.0,7.36,4.52,True,4.0,106.0,dion sims,TE,2013,dion sims,100.0,dion sims,2012.0,TE,,,,,,,,,,,,,,,,0.0,2.0,0.0,,,,,,,,,,,,,,,,,,,,,,,,,,,44.0,36.0,2.0,475.0,13.2,,,,,
2014,Jared Abbrederis,WR,Wisconsin,6-1,195.0,4.5,30.5,4.0,117.0,6.8,4.08,True,5.0,176.0,jared abbrederis,WR,2014,jared abbrederis,100.0,jared abbrederis,2013.0,WR,,,,,,,,,,,,,,,,,,,,,,,,,,,,,,,,,,8.5,35.0,11.0,0.0,94.0,,,,,,,65.0,78.0,7.0,1081.0,13.9,6.0,49.0,2.0,119.0,19.8
2013,Geno Smith,QB,West Virginia,6-2,218.0,4.58,33.5,,124.0,,,True,2.0,39.0,geno smith,QB,2013,geno smith,100.0,geno smith,2012.0,QB,,,,,,,,,,,,,,,,,,,,,,,,,,,518.0,369.0,6.0,0.712,42.0,4205.0,8.1,,,,,,,,,,,,,,,,,66.0,28.0,2.0,151.0,2.3
2013,Spencer Ware,RB,LSU,5-10,228.0,4.62,,,,,,True,6.0,194.0,spencer ware,RB,2013,spencer ware,100.0,spencer ware,2012.0,RB,,,,,,,,,,,,,,,,,,,,,,,,,,,1.0,0.0,0.0,0.0,0.0,0.0,0.0,,,,,,,,,,,,38.0,18.0,1.0,230.0,12.8,94.0,30.0,1.0,367.0,3.9
2013,Kayvon Webster,CB,South Florida,5-10,195.0,4.41,35.0,14.0,125.0,,,True,3.0,90.0,kayvon webster,CB,2013,kayvon webster,100.0,kayvon webster,2012.0,CB,,,,,,,,,,,,,,,17.7,25.0,3.0,0.0,53.0,,,,,,,,,,,,,,,,,,,,,,,,,,,,,,,,,,,
2013,Bjoern Werner,DE,Florida State,6-3,266.0,4.83,31.0,25.0,111.0,7.3,4.4,True,1.0,24.0,bjoern werner,DE,2013,bjoern werner,100.0,bjoern werner,2011.0,DE,,,,,,,,,,,0.0,1.0,0.0,0.0,,,,,,,,,,,,,,,,,,,,,,,,,,,,,,,,,,,,,,,,
2013,Markus Wheaton,WR,Oregon State,5-11,189.0,4.45,37.0,20.0,120.0,6.8,4.02,True,3.0,79.0,markus wheaton,WR,2013,markus wheaton,100.0,markus wheaton,2012.0,WR,,,,,,,,,,,,,,,,,,,,,,,,,,,,,,,,,,8.0,15.0,2.0,0.0,16.0,,,,,,,51.0,91.0,11.0,1244.0,13.7,20.0,35.0,2.0,142.0,7.1
2013,Kerwynn Williams,RB,Utah State,5-8,195.0,4.48,35.0,17.0,118.0,7.15,4.15,True,7.0,230.0,kerwynn williams,RB,2013,kerwynn williams,100.0,kerwynn williams,2012.0,RB,,,,,,,,,,,,,,,16.0,16.0,1.0,0.0,16.0,,,,,,,,,,,,,,,,,,,,,,,,,,86.0,45.0,5.0,697.0,15.5,218.0,86.0,15.0,1512.0,6.9
2013,Sylvester Williams,DT,North Carolina,6-3,313.0,5.03,26.5,27.0,102.0,7.93,4.8,True,1.0,28.0,sylvester williams,DT,2013,sylvester williams,100.0,sylvester williams,2011.0,DT,,,,,,,,,,,0.0,1.0,0.0,0.0,,,,,,,,,,,,,,,,,,,,,,,,,,,,,,,,,,,,,,,,
2013,Terrance Williams,WR,Baylor,6-2,208.0,4.52,32.5,11.0,119.0,7.01,4.32,True,3.0,74.0,terrance williams,WR,2013,terrance williams,100.0,terrance williams,2012.0,WR,,,,,,,,,,,,,,,,,,,,,,,,,,,,,,,,,,,,,,,,,,,,,80.0,97.0,12.0,1832.0,18.9,2.0,8.0,0.0,14.0,7.0
2013,Braden Wilson,FB,Kansas State,6-3,251.0,4.81,,22.0,,,,True,6.0,204.0,braden wilson,FB,2013,braden wilson,100.0,braden wilson,2012.0,FB,,,,,,,,,,,,,,,,,,,,,,,,,,,,,,,,,,,,,,,,,,,,,23.0,5.0,0.0,34.0,6.8,6.0,5.0,1.0,13.0,2.2
2013,Marquess Wilson,WR,Washington State,6-3,194.0,4.51,34.5,7.0,122.0,6.65,4.33,True,7.0,236.0,marquess wilson,WR,2013,marquess wilson,100.0,marquess wilson,2012.0,WR,,,,,,,,,,,,,,,,,,,,,,,,,,,,,,,,,,,,,,,,,,,,,81.0,52.0,5.0,813.0,15.6,,,,,
2013,Brad Wing,P,LSU,6-2,205.0,4.86,,,,,,False,,,brad wing,P,2013,brad wing,100.0,brad wing,2012.0,P,,,,,,,,,,,,,,,,,,,,,,,,,,,1.0,1.0,0.0,1.0,0.0,,,,,,,,0.0,69.0,59.0,0.0,2643.0,44.8,,,,,,,,,,
2013,George Winn,RB,Cincinnati,5-10,218.0,4.75,34.5,22.0,119.0,,,False,,,george winn,RB,2013,george winn,100.0,george winn,2012.0,RB,,,,,,,,,,,,,,,,,,,,,,,,,,,1.0,1.0,0.0,1.0,1.0,37.0,37.0,,,,,,,,,,,,30.0,15.0,0.0,128.0,8.5,243.0,58.0,13.0,1334.0,5.5
2013,Earl Wolff,S,North Carolina State,5-11,209.0,4.44,39.0,,134.0,,4.07,True,5.0,136.0,earl wolff,S,2013,earl wolff,100.0,earl wolff,2012.0,S,,,,,,,,,,,17.5,2.0,0.0,35.0,,,,,,,,,,,,,,,,,,,,,,,,,,,,,,,,,,,,,,,,
2013,Cierre Wood,RB,Notre Dame,5-11,213.0,4.56,37.5,16.0,124.0,,,False,,,cierre wood,RB,2013,cierre wood,100.0,cierre wood,2012.0,RB,,,,,,,,,,,,,,,,,,,,,,,,,,,,,,,,,,,,,,,,,,,,,9.0,5.0,0.0,25.0,5.0,114.0,68.0,4.0,742.0,6.5
2013,Robert Woods,WR,USC,6-0,201.0,4.51,33.5,14.0,117.0,7.15,4.47,True,2.0,41.0,robert woods,WR,2013,robert woods,100.0,robert woods,2012.0,WR,,,,,,,,,,,,,,,,,,,,,,,,,,,,,,,,,,3.4,31.0,18.0,0.0,61.0,,,,,,,41.0,76.0,11.0,846.0,11.1,1.0,76.0,0.0,76.0,76.0
2013,Blidi Wreh-Wilson,CB,Connecticut,6-1,195.0,4.53,36.0,14.0,128.0,6.97,4.12,True,3.0,70.0,blidi wrehwilson,CB,2013,blidi wrehwilson,100.0,blidi wrehwilson,2012.0,CB,,,,,,,,,,,0.0,1.0,0.0,0.0,,,,,,,,,,,,,,,,,,,,,,,,,,,,,,,,,,,,,,,,
2013,Conner Vernon,WR,Duke,6-0,196.0,4.68,32.5,,125.0,6.93,4.22,False,,,conner vernon,WR,2013,conner vernon,100.0,conner vernon,2012.0,WR,,,,,,,,,,,,,,,14.0,14.0,1.0,0.0,14.0,,,,,,,,,,,,,,,13.3,25.0,6.0,0.0,80.0,,,,,,,49.0,85.0,8.0,1074.0,12.6,3.0,2.0,0.0,,
2013,James Vandenberg,QB,Iowa,6-3,226.0,4.92,32.0,,116.0,6.95,4.52,False,,,james vandenberg,QB,2013,james vandenberg,100.0,james vandenberg,2012.0,QB,,,,,,,,,,,,,,,,,,,,,,,,,,,389.0,223.0,8.0,0.573,7.0,2249.0,5.8,,,,,,,,,,,,,,,,,63.0,21.0,4.0,16.0,0.3
2013,Kenny Vaccaro,S,Texas,6-0,214.0,4.63,38.0,15.0,121.0,6.78,4.06,True,1.0,15.0,kenny vaccaro,S,2013,kenny vaccaro,100.0,kenny vaccaro,2012.0,S,,,,,,,,,,,9.5,2.0,0.0,19.0,,,,,,,,,,,,,,,,,,,,,,,,,,,,,,,,,,,,,,,,
2013,Rod Sweeting,CB,Georgia Tech,5-11,189.0,4.42,37.0,11.0,124.0,,,False,,,rod sweeting,CB,2013,rod sweeting,100.0,rod sweeting,2012.0,CB,,,,,,,,,,,21.0,1.0,0.0,21.0,,,,,,,,,,,,,,,,,,,,,,,,,,,,,,,,,,,,,,,,
2013,Zac Stacy,RB,Vanderbilt,5-8,216.0,4.55,33.0,27.0,122.0,6.7,4.17,True,5.0,160.0,zac stacy,RB,2013,zac stacy,100.0,zac stacy,2012.0,RB,,,,,,,,,,,,,,,,,,,,,,,,,,,4.0,1.0,0.0,0.25,0.0,24.0,6.0,15.0,15.0,1.0,0.0,15.0,,,,,,,72.0,10.0,0.0,205.0,20.5,207.0,90.0,10.0,1141.0,5.5
2013,Daimion Stafford,S,Nebraska,6-0,221.0,4.69,30.5,21.0,111.0,7.06,,True,7.0,248.0,daimion stafford,S,2013,daimion stafford,100.0,daimion stafford,2012.0,S,,,,,,,,,,,7.0,4.0,0.0,28.0,,,,,,,,,,,,,,,,,,,,,,,,,,,,,,,,,,,,,,,,
2013,Jawanza Starling,S,USC,6-1,202.0,4.64,36.0,17.0,122.0,6.68,4.34,False,,,jawanza starling,S,2013,jawanza starling,100.0,jawanza starling,2012.0,S,,,,,,,,,,,17.3,3.0,0.0,52.0,,,,,,,,,,,,,,,,,,,,,,,,,,,,,,,,,,,,,,,,
2013,Kenny Stills,WR,Oklahoma,6-0,194.0,4.38,33.5,16.0,124.0,,4.35,True,5.0,144.0,kenny stills,WR,2013,kenny stills,100.0,kenny stills,2012.0,WR,,,,,,,,,,,,,,,,,,,,,,,,,,,,,,,,,,,,,,,,,,,,,68.0,82.0,11.0,959.0,11.7,2.0,13.0,0.0,22.0,11.0
2013,Jake Stoneburner,TE,Ohio State,6-3,252.0,4.65,34.5,18.0,116.0,7.12,4.27,False,,,jake stoneburner,TE,2013,jake stoneburner,100.0,jake stoneburner,2012.0,TE,,,,,,,,,,,,,,,,,,,,,,,,,,,,,,,,,,,,,,,,,,,,,72.0,16.0,4.0,269.0,16.8,,,,,
2013,Caleb Sturgis,K,Florida,5-10,188.0,4.77,,,,,,True,5.0,166.0,caleb sturgis,K,2013,caleb sturgis,100.0,caleb sturgis,2012.0,PK,,,,,,,,,,,,,,,,,,,,27.0,24.0,51.0,0.889,106.0,35.0,34.0,,,,,,,,,,,,,,,,,,,,,,,,,,,,
2013,Ryan Swope,WR,Texas A&M,6-0,205.0,4.34,37.0,16.0,125.0,6.76,4.25,True,6.0,174.0,ryan swope,WR,2013,ryan swope,100.0,ryan swope,2012.0,WR,,,,,,,,,,,,,,,,,,,,,,,,,,,,,,,,,,,,,,,,,,,,,80.0,72.0,8.0,913.0,12.7,1.0,0.0,0.0,,
2013,Desmond Trufant,CB,Washington,6-0,190.0,4.38,37.5,16.0,125.0,,3.85,True,1.0,22.0,desmond trufant,CB,2013,desmond trufant,100.0,desmond trufant,2012.0,CB,,,,,,,,,,,0.0,1.0,0.0,0.0,,,,,,,,,,,,,,,,,,,,,,,,,,,,,,,,,,,,,,,,
2013,Jamar Taylor,CB,Boise State,5-11,192.0,4.39,35.0,22.0,127.0,6.82,4.06,True,2.0,54.0,jamar taylor,CB,2013,jamar taylor,100.0,jamar taylor,2012.0,CB,,,,,,,,,,,13.5,4.0,0.0,54.0,,,,,,,,,,,,,,,,,,,,,,,,,,,,,,,,,,,,,,,,
2013,Stepfan Taylor,RB,Stanford,5-9,214.0,4.76,30.0,17.0,110.0,7.13,4.5,True,5.0,140.0,stepfan taylor,RB,2013,stepfan taylor,100.0,stepfan taylor,2012.0,RB,,,,,,,,,,,,,,,,,,,,,,,,,,,,,,,,,,,,,,,,,,,,,40.0,41.0,2.0,287.0,7.0,322.0,59.0,13.0,1530.0,4.8
2013,Manti Te'o,ILB,Notre Dame,6-1,241.0,4.82,33.0,,113.0,7.13,4.27,True,2.0,38.0,manti teo,ILB,2013,manti teo,100.0,manti teo,2012.0,ILB,,,,,,,,,,,5.0,7.0,0.0,35.0,,,,,,,,,,,,,,,,,,,,,,,,,,,,,,,,,,,,,,,,
2013,Chase Thomas,OLB,Stanford,6-3,244.0,4.91,32.0,18.0,113.0,7.17,4.31,False,,,chase thomas,OLB,2013,chase thomas,100.0,chase thomas,2012.0,OLB,,,,,,,,,,,0.0,1.0,0.0,0.0,,,,,,,,,,,,,,,,,,,,,,,,,,,,,,,,,,,,,,,,
2013,Kenbrell Thompkins,WR,Cincinnati,6-1,193.0,4.54,33.5,8.0,121.0,6.88,4.21,False,,,kenbrell thompkins,WR,2013,kenbrell thompkins,100.0,kenbrell thompkins,2012.0,WR,,,,,,,,,,,,,,,,,,,,,,,,,,,,,,,,,,,,,,,,,,,,,75.0,34.0,2.0,541.0,15.9,,,,,
2013,Levine Toilolo,TE,Stanford,6-8,260.0,4.86,31.0,17.0,113.0,7.09,4.57,True,4.0,133.0,levine toilolo,TE,2013,levine toilolo,100.0,levine toilolo,2012.0,TE,,,,,,,,,,,,,,,,,,,,,,,,,,,,,,,,,,,,,,,,,,,,,46.0,24.0,4.0,393.0,16.4,,,,,
2012,Stephon Gilmore,CB,South Carolina,6-0,190.0,4.38,36.0,15.0,123.0,6.61,3.94,True,1.0,10.0,stephon gilmore,CB,2012,stephon gilmore,100.0,stephon gilmore,2011.0,CB,,,,,,,,,,,,4.0,0.0,,15.7,26.0,3.0,0.0,47.0,,,,,,,,,,,,,,,1.8,4.0,4.0,0.0,7.0,,,,,,,,,,,,,,,,
2012,Terrance Ganaway,RB,Baylor,5-11,239.0,4.61,37.5,,119.0,7.15,4.25,True,6.0,202.0,terrance ganaway,RB,2012,terrance ganaway,100.0,terrance ganaway,2011.0,RB,,,,,,,,,,,,,,,,,,,,,,,,,,,,,,,,,,,,,,,,,,,,,17.0,6.0,1.0,52.0,8.7,250.0,89.0,21.0,1547.0,6.2
2012,Jeff Fuller,WR,Texas A&M,6-4,223.0,4.53,,17.0,,,,False,,,jeff fuller,WR,2012,jeff fuller,100.0,jeff fuller,2011.0,WR,,,,,,,,,,,,,,,,,,,,,,,,,,,,,,,,,,,,,,,,,,,,,38.0,70.0,6.0,828.0,11.8,,,,,
2010,Brett Swenson,K,Michigan State,5-8,178.0,,,12.0,,,,False,,,brett swenson,K,2010,brett swenson,100.0,brett swenson,2009.0,PK,,,,,,,,,,,,,,,,,,,,22.0,19.0,52.0,0.864,101.0,45.0,44.0,,,,,,,,,,,,,,,,,,,,,,,,,,,,
2010,Nick Polk,S,Indiana,5-11,211.0,4.55,38.0,14.0,121.0,,,False,,,nick polk,S,2010,nick polk,100.0,nick polk,2009.0,S,,,,,,,,,,,2.0,2.0,0.0,4.0,29.0,29.0,1.0,0.0,29.0,,,,,,,,,,,,,,,,,,,,,,,,,,,,,,,,,,,
2010,Brian Price,DT,UCLA,6-1,303.0,5.12,28.5,34.0,96.0,,,True,2.0,35.0,brian price,DT,2010,brian price,100.0,brian price,2008.0,DT,,,,,,,,,,,1.0,1.0,0.0,1.0,,,,,,,,,,,,,,,,,,,,,,,,,,,,,,,,,,,,,,,,
2010,Taylor Price,WR,Ohio,6-0,204.0,4.4,37.0,16.0,114.0,6.82,4.34,True,3.0,90.0,taylor price,WR,2010,taylor price,100.0,taylor price,2009.0,WR,,,,,,,,,,,,,,,,,,,,,,,,,,,1.0,1.0,0.0,1.0,1.0,29.0,29.0,,,,,,,,,,,,50.0,56.0,5.0,784.0,14.0,10.0,25.0,0.0,94.0,9.4
2010,Andrew Quarless,TE,Penn State,6-4,254.0,4.68,32.0,23.0,112.0,,,True,5.0,154.0,andrew quarless,TE,2010,andrew quarless,100.0,andrew quarless,2009.0,TE,,,,,,,,,,,,,,,,,,,,,,,,,,,,,,,,,,,,,,,,,,,,,60.0,41.0,3.0,536.0,13.1,,,,,
2010,David Reed,WR,Utah,6-0,191.0,4.56,37.0,15.0,114.0,6.95,4.38,True,5.0,156.0,david reed,WR,2010,david reed,100.0,david reed,2009.0,WR,,,,,,,,,,,,,,,20.1,29.0,8.0,0.0,161.0,,,,,,,,,,,,,,,,,,,,,,,,,,90.0,81.0,5.0,1188.0,14.7,4.0,10.0,0.0,4.0,1.0
2010,Patrick Robinson,CB,Florida State,5-11,190.0,4.46,39.0,15.0,122.0,6.78,,True,1.0,32.0,patrick robinson,CB,2010,patrick robinson,100.0,patrick robinson,2009.0,CB,,,,,,,,,,,,,,,19.8,32.0,11.0,0.0,218.0,,,,,,,,,,,,,,,,,,,,,,,,,,,,,,,,,,,
2010,Zac Robinson,QB,Oklahoma State,6-2,214.0,4.68,35.0,,110.0,7.24,4.4,True,7.0,250.0,zac robinson,QB,2010,zac robinson,100.0,zac robinson,2009.0,QB,,,,,,,,,,,,,,,,,,,,,,,,,,,301.0,180.0,12.0,0.598,15.0,2084.0,6.9,,,,,,,,,,,,,,,,,111.0,22.0,4.0,305.0,2.7
2010,Emmanuel Sanders,WR,SMU,5-11,186.0,4.4,39.5,12.0,126.0,6.64,4.1,True,3.0,82.0,emmanuel sanders,WR,2010,emmanuel sanders,100.0,emmanuel sanders,2009.0,WR,,,,,,,,,,,,,,,,,,,,,,,,,,,,,,,,,,6.9,79.0,40.0,1.0,275.0,,,,,,,75.0,98.0,7.0,1339.0,13.7,1.0,6.0,0.0,6.0,6.0
2010,Charles Scott,RB,LSU,5-11,238.0,4.68,30.5,,111.0,6.98,4.47,True,6.0,200.0,charles scott,RB,2010,charles scott,100.0,charles scott,2009.0,RB,,,,,,,,,,,,,,,,,,,,,,,,,,,,,,,,,,,,,,,,,,,,,16.0,8.0,1.0,54.0,6.8,116.0,34.0,4.0,542.0,4.7
2010,Jordan Shipley,WR,Texas,5-11,193.0,4.6,36.5,16.0,116.0,,,True,3.0,84.0,jordan shipley,WR,2010,jordan shipley,100.0,jordan shipley,2009.0,WR,,,,,,,,,,,,,,,18.5,23.0,4.0,0.0,74.0,,,,,,,,,,,,,,,5.4,74.0,58.0,2.0,311.0,,,,,,,88.0,116.0,13.0,1485.0,12.8,1.0,0.0,0.0,0.0,0.0
2010,Riley Skinner,QB,Wake Forest,6-0,214.0,5.05,30.0,,101.0,7.04,4.29,False,,,riley skinner,QB,2010,riley skinner,100.0,riley skinner,2009.0,QB,,,,,,,,,,,,,,,,,,,,,,,,,,,400.0,264.0,12.0,0.66,26.0,3160.0,7.9,,,,,,,,,,,,20.0,4.0,0.0,50.0,12.5,70.0,20.0,2.0,56.0,0.8
2010,Jevan Snead,QB,Mississippi,6-3,219.0,5.04,33.0,,106.0,7.08,4.33,False,,,jevan snead,QB,2010,jevan snead,100.0,jevan snead,2009.0,QB,,,,,,,,,,,,,,,,,,,,,,,,,,,351.0,191.0,20.0,0.544,20.0,2632.0,7.5,,,,,,,,,,,,,,,,,52.0,24.0,3.0,101.0,1.9
2010,C.J. Spiller,RB,Clemson,5-11,196.0,4.37,,18.0,,,,True,1.0,9.0,cj spiller,RB,2010,cj spiller,100.0,cj spiller,2009.0,RB,,,,,,,,,,,,,,,32.8,96.0,23.0,4.0,755.0,,,,,,,,2.0,1.0,0.0,0.5,1.0,17.0,8.5,15.0,77.0,14.0,1.0,210.0,,,,,,,63.0,36.0,4.0,503.0,14.0,216.0,66.0,12.0,1212.0,5.6
2010,James Starks,RB,Buffalo,6-2,218.0,4.5,36.0,15.0,119.0,6.89,4.23,True,6.0,193.0,james starks,RB,2010,james starks,100.0,james starks,2008.0,RB,,,,,,,,,,,,,,,,,,,,,,,,,,,,,,,,,,,,,,,,,,,,,65.0,52.0,1.0,361.0,6.9,272.0,66.0,16.0,1333.0,4.9
2010,Darrell Stuckey,S,Kansas,5-11,205.0,4.46,39.5,17.0,120.0,,,True,4.0,110.0,darrell stuckey,S,2010,darrell stuckey,100.0,darrell stuckey,2009.0,S,,,,,,,,,,,0.0,1.0,0.0,0.0,25.6,67.0,14.0,0.0,358.0,,,,,,,,,,,,,,,,,,,,,,,,,,,,,,,,,,,
2010,Dennis Pitta,TE,BYU,6-4,245.0,4.68,34.0,27.0,113.0,6.72,4.17,True,4.0,114.0,dennis pitta,TE,2010,dennis pitta,100.0,dennis pitta,2009.0,TE,,,,,,,,,,,,,,,,,,,,,,,,,,,,,,,,,,,,,,,,,,,,,35.0,62.0,8.0,829.0,13.4,,,,,
2010,Josh Pinkard,S,USC,6-1,214.0,4.58,,,,,,False,,,josh pinkard,S,2010,josh pinkard,100.0,josh pinkard,2009.0,S,,,,,,,,,,,21.5,2.0,0.0,43.0,,,,,,,,,,,,,,,,,,,,,,,,,,,,,,,,,,,,,,,,
2010,Tony Pike,QB,Cincinnati,6-6,223.0,4.9,28.5,,108.0,7.06,4.53,True,6.0,204.0,tony pike,QB,2010,tony pike,100.0,tony pike,2009.0,QB,,,,,,,,,,,,,,,,,,,,,,,,,,,338.0,211.0,6.0,0.624,29.0,2520.0,7.5,,,,,,0.0,21.0,1.0,0.0,21.0,21.0,,,,,,31.0,16.0,2.0,6.0,0.2
2010,Carlton Mitchell,WR,South Florida,6-3,215.0,4.46,36.0,16.0,122.0,6.96,4.55,True,6.0,177.0,carlton mitchell,WR,2010,carlton mitchell,100.0,carlton mitchell,2009.0,WR,,,,,,,,,,,,,,,,,,,,,,,,,,,,,,,,,,,,,,,,,,,,,85.0,40.0,4.0,706.0,17.7,,,,,
2010,Sherrick McManis,CB,Northwestern,5-11,195.0,4.48,,,,,,True,5.0,144.0,sherrick mcmanis,CB,2010,sherrick mcmanis,100.0,sherrick mcmanis,2009.0,CB,,,,,,,,,,,0.0,5.0,0.0,0.0,,,,,,,,,,,,,,,,,,,,,,,,,,,,,,,,,,,,,,,,
2010,Shawnbrey McNeal,RB,SMU,5-9,194.0,4.53,36.0,14.0,117.0,,,False,,,shawnbrey mcneal,RB,2010,shawnbrey mcneal,100.0,shawnbrey mcneal,2009.0,RB,,,,,,,,,,,,,,,22.0,33.0,3.0,0.0,66.0,,,,,,,,,,,,,,,,,,,,,,,,,,46.0,31.0,2.0,283.0,9.1,236.0,58.0,12.0,1188.0,5.0
2010,Kerry Meier,WR,Kansas,6-2,224.0,4.62,35.0,13.0,115.0,,4.23,True,5.0,165.0,kerry meier,WR,2010,kerry meier,100.0,kerry meier,2009.0,WR,,,,,,,,,,,,,,,,,,,,,,,,,,,3.0,2.0,0.0,0.667,0.0,70.0,23.3,,,,,,,,,,,,71.0,102.0,8.0,985.0,9.7,2.0,6.0,0.0,,
2010,Zoltan Mesko,P,Michigan,6-4,240.0,4.79,,16.0,,,,True,5.0,150.0,zoltan mesko,P,2010,zoltan mesko,100.0,zoltan mesko,2009.0,P,,,,,,,,,,,,,,,,,,,,,,,,,,,,,,,,,,,,,,,0.0,66.0,52.0,0.0,2312.0,44.5,,,,,,1.0,0.0,0.0,,
2010,Lonyae Miller,RB,Fresno State,5-11,221.0,4.43,36.5,26.0,120.0,7.2,4.54,False,,,lonyae miller,RB,2010,lonyae miller,100.0,lonyae miller,2009.0,RB,,,,,,,,,,,,,,,24.5,31.0,2.0,0.0,49.0,,,,,,,,,,,,,,,,,,,,,,,,,,17.0,9.0,0.0,38.0,4.2,68.0,33.0,4.0,354.0,5.2
2010,Brandon Minor,RB,Michigan,6-0,214.0,4.59,,,,,,False,,,brandon minor,RB,2010,brandon minor,100.0,brandon minor,2009.0,RB,,,,,,,,,,,,,,,,,,,,,,,,,,,,,,,,,,,,,,,,,,,,,1.0,1.0,0.0,1.0,1.0,96.0,55.0,8.0,502.0,5.2
2010,Tony Moeaki,TE,Iowa,6-3,245.0,4.69,34.0,18.0,113.0,7.1,4.42,True,3.0,93.0,tony moeaki,TE,2010,tony moeaki,100.0,tony moeaki,2009.0,TE,,,,,,,,,,,,,,,,,,,,,,,,,,,,,,,,,,,,,,,,,,,,,54.0,30.0,4.0,387.0,12.9,,,,,
2010,Jason Pierre-Paul,DE,South Florida,6-5,270.0,4.71,30.5,19.0,115.0,7.18,4.67,True,1.0,15.0,jason pierrepaul,DE,2010,jason pierrepaul,100.0,jason pierrepaul,2009.0,DE,,,,,,,,,,,18.0,1.0,1.0,18.0,,,,,,,,,,,,,,,,,,,,,,,,,,,,,,,,,,,,,,,,
2010,Derrick Morgan,DE,Georgia Tech,6-3,266.0,4.77,34.0,,112.0,7.12,4.43,True,1.0,16.0,derrick morgan,DE,2010,derrick morgan,100.0,derrick morgan,2008.0,DE,,,,,,,,,,,,,,,,,,,,,,,,,,,,,,,,,,,,,,,,,,,,,,,,,,1.0,2.0,0.0,2.0,2.0
2010,Jerome Murphy,CB,South Florida,6-0,196.0,4.5,38.0,16.0,127.0,6.87,4.05,True,3.0,65.0,jerome murphy,CB,2010,jerome murphy,100.0,jerome murphy,2009.0,CB,,,,,,,,,,,14.8,4.0,0.0,59.0,15.0,21.0,2.0,0.0,30.0,,,,,,,,,,,,,,,,,,,,,,,,,,,,,,,,,,,
2010,Colin Peek,TE,Alabama,6-5,254.0,4.93,,19.0,,,,False,,,colin peek,TE,2010,colin peek,100.0,colin peek,2009.0,TE,,,,,,,,,,,,,,,,,,,,,,,,,,,,,,,,,,,,,,,,,,,,,33.0,26.0,3.0,313.0,12.0,,,,,
2010,David Pender,CB,Purdue,6-0,180.0,4.37,39.0,8.0,124.0,,,False,,,david pender,CB,2010,david pender,100.0,david pender,2009.0,CB,,,,,,,,,,,0.0,1.0,0.0,0.0,,,,,,,,,,,,,,,,,,,,,,,,,,,,,,,,,,,,,,,,
2010,Jared Perry,WR,Missouri,6-1,178.0,4.51,33.5,11.0,121.0,6.75,4.39,False,,,jared perry,WR,2010,jared perry,100.0,jared perry,2009.0,WR,,,,,,,,,,,,,,,,,,,,,,,,,,,,,,,,,,,,,,,,,,,,,48.0,46.0,6.0,696.0,15.1,2.0,5.0,0.0,7.0,3.5
2010,Aaron Pettrey,K,Ohio State,6-1,202.0,4.94,,,,,,False,,,aaron pettrey,K,2010,aaron pettrey,100.0,aaron pettrey,2009.0,PK,,,,,,,,,,,,,,,,,,,,20.0,14.0,52.0,0.7,72.0,31.0,30.0,,,,,,,,,,,,,,,,,,,,,,,,,,,,
2010,Ndamukong Suh,DT,Nebraska,6-4,307.0,5.03,35.5,32.0,105.0,7.21,4.44,True,1.0,2.0,ndamukong suh,DT,2010,ndamukong suh,100.0,ndamukong suh,2009.0,DT,,,,,,,,,,,0.0,1.0,0.0,0.0,,,,,,,,,,,,,,,,,,,,,,,,,,,,,,,,,,,,,,,,
2010,Ben Tate,RB,Auburn,5-11,220.0,4.34,40.5,26.0,124.0,6.91,4.12,True,2.0,58.0,ben tate,RB,2010,ben tate,100.0,ben tate,2009.0,RB,,,,,,,,,,,,,,,27.8,36.0,5.0,0.0,139.0,,,,,,,,,,,,,,,,,,,,,,,,,,19.0,20.0,0.0,105.0,5.3,263.0,60.0,10.0,1362.0,5.2
2010,Gerald McCoy,DT,Oklahoma,6-4,295.0,5.04,30.5,23.0,114.0,7.32,4.48,True,1.0,3.0,gerald mccoy,DT,2010,gerald mccoy,100.0,gerald mccoy,2008.0,DT,,,,,,,,,,,12.0,1.0,0.0,12.0,,,,,,,,,,,,,,,,,,,,,,,,,,,,,,,,,,,,,,,,
2010,Golden Tate,WR,Notre Dame,5-10,199.0,4.42,35.0,17.0,120.0,7.12,4.34,True,2.0,60.0,golden tate,WR,2010,golden tate,100.0,golden tate,2009.0,WR,,,,,,,,,,,,,,,20.7,24.0,3.0,0.0,62.0,,,,,,,,,,,,,,,5.3,87.0,32.0,1.0,171.0,,,,,,,78.0,93.0,15.0,1496.0,16.1,25.0,33.0,2.0,186.0,7.4
2011,Matt Asiata,RB,Utah,5-11,229.0,4.77,30.0,22.0,104.0,7.09,4.37,False,,,matt asiata,RB,2011,matt asiata,100.0,matt asiata,2010.0,RB,,,,,,,,,,,,,,,,,,,,,,,,,,,,,,,,,,,,,,,,,,,,,19.0,32.0,1.0,195.0,6.1,155.0,42.0,8.0,695.0,4.5
2011,Dan Bailey,K,Oklahoma State,6-0,193.0,4.92,,,,,,False,,,dan bailey,K,2011,dan bailey,100.0,dan bailey,2010.0,P,,,,,,,,,,,,,,,,,,,,31.0,27.0,52.0,0.871,149.0,70.0,68.0,,,,,,,,,,,,,0.0,48.0,5.0,0.0,195.0,39.0,,,,,,,,,,
2011,Ryan Bartholomew,C,Syracuse,6-1,302.0,4.93,26.5,34.0,92.0,7.62,4.62,False,,,ryan bartholomew,C,2011,ryan bartholomew,100.0,ryan bartholomew,2010.0,C,,,,,,,,,,,,,,,,,,,,,,,,,,,,,,,,,,,,,,,,,,,,,,,,,,0.0,0.0,1.0,0.0,0.0
2011,Jeremy Beal,DE,Oklahoma,6-2,262.0,5.14,28.5,22.0,106.0,7.19,4.46,True,7.0,247.0,jeremy beal,DE,2011,jeremy beal,100.0,jeremy beal,2009.0,DE,,,,,,,,,,,4.0,1.0,0.0,4.0,,,,,,,,,,,,,,,,,,,,,,,,,,,,,,,,,,,,,,,,
2011,Damien Berry,RB,Miami (FL),5-10,211.0,4.58,33.5,23.0,120.0,7.0,4.12,False,,,damien berry,RB,2011,damien berry,100.0,damien berry,2010.0,RB,,,,,,,,,,,,,,,,,,,,,,,,,,,,,,,,,,,,,,,,,,,,,32.0,10.0,1.0,97.0,9.7,190.0,42.0,5.0,899.0,4.7
2011,Armon Binns,WR,Cincinnati,6-3,209.0,4.5,31.5,13.0,118.0,6.86,4.31,False,,,armon binns,WR,2011,armon binns,100.0,armon binns,2010.0,WR,,,,,,,,,,,,,,,,,,,,,,,,,,,,,,,,,,,,,,,,,,,,,62.0,75.0,10.0,1101.0,14.7,,,,,
2011,Da'Quan Bowers,DE,Clemson,6-3,280.0,4.92,,22.0,,,,True,2.0,51.0,daquan bowers,DE,2011,daquan bowers,100.0,daquan bowers,2010.0,DE,,,,,,,,,,,0.0,1.0,0.0,0.0,,,,,,,,,,,,,,,,,,,,,,,,,,,,,,,,,,,,,,,,
2011,Chykie Brown,CB,Texas,5-11,190.0,4.49,36.5,,120.0,6.5,4.0,True,5.0,164.0,chykie brown,CB,2011,chykie brown,100.0,chykie brown,2009.0,CB,,,,,,,,,,,7.5,2.0,0.0,15.0,,,,,,,,,,,,,,,,,,,,,,,,,,,,,,,,,,,,,,,,
2011,Jalil Brown,CB,Colorado,6-1,204.0,4.52,35.5,24.0,116.0,6.85,4.25,True,4.0,118.0,jalil brown,CB,2011,jalil brown,100.0,jalil brown,2010.0,CB,,,,,,,,,,,0.0,3.0,0.0,0.0,,,,,,,,,,,,,,,,,,,,,,,,,,,,,,,,,,,,,,,,
2011,Vincent Brown,WR,San Diego State,5-11,187.0,4.68,33.5,12.0,121.0,6.64,4.25,True,3.0,82.0,vincent brown,WR,2011,vincent brown,100.0,vincent brown,2010.0,WR,,,,,,,,,,,,,,,,,,,,,,,,,,,,,,,,,,,,,,,,,,,,,90.0,69.0,10.0,1352.0,19.6,1.0,0.0,0.0,,
2011,Kendric Burney,CB,North Carolina,5-9,186.0,4.71,32.5,14.0,112.0,,,False,,,kendric burney,CB,2011,kendric burney,100.0,kendric burney,2010.0,CB,,,,,,,,,,,5.5,2.0,0.0,11.0,,,,,,,,,,,,,,,,,,,,2.6,12.0,7.0,0.0,18.0,,,,,,,,,,,,,,,,
2011,Mario Butler,CB,Georgia Tech,6-0,182.0,4.65,30.5,,120.0,7.09,4.37,False,,,mario butler,CB,2011,mario butler,100.0,mario butler,2010.0,CB,,,,,,,,,,,85.0,1.0,1.0,85.0,,,,,,,,,,,,,,,,,,,,,,,,,,,,,,,,,,,,,,,,
2011,Jeff Van Camp,QB,Florida Atlantic,6-5,218.0,4.83,31.0,,114.0,6.87,4.16,False,,,jeff van camp,QB,2011,jeff van camp,100.0,jeff van camp,2010.0,QB,,,,,,,,,,,,,,,,,,,,,,,,,,,335.0,192.0,13.0,0.573,17.0,2459.0,7.3,,,,,,,,,,,,,,,,,56.0,29.0,0.0,,
2011,Delone Carter,RB,Syracuse,5-9,222.0,4.54,37.0,27.0,120.0,6.92,4.07,True,4.0,119.0,delone carter,RB,2011,delone carter,100.0,delone carter,2010.0,RB,,,,,,,,,,,,,,,,,,,,,,,,,,,,,,,,,,,,,,,,,,,,,16.0,8.0,0.0,45.0,5.6,231.0,60.0,9.0,1233.0,5.3
2011,Jurrell Casey,DT,USC,6-1,300.0,5.04,27.5,26.0,101.0,7.51,4.78,True,3.0,77.0,jurrell casey,DT,2011,jurrell casey,100.0,jurrell casey,2010.0,DT,,,,,,,,,,,0.0,1.0,0.0,0.0,,,,,,,,,,,,,,,,,,,,,,,,,,,,,,,,,,,,,,,,
2011,Prince Amukamara,CB,Nebraska,6-0,206.0,4.38,38.0,15.0,128.0,6.97,4.08,True,1.0,19.0,prince amukamara,CB,2011,prince amukamara,100.0,prince amukamara,2009.0,CB,,,,,,,,,,,12.6,5.0,0.0,63.0,,,,,,,,,,,,,,,,,,,,,,,,,,,,,,,,,,,,,,,,
2011,Anthony Allen,RB,Georgia Tech,6-1,228.0,4.56,41.5,24.0,120.0,6.79,4.06,True,7.0,225.0,anthony allen,RB,2011,anthony allen,100.0,anthony allen,2010.0,RB,,,,,,,,,,,,,,,,,,,,,,,,,,,,,,,,,,,,,,,,,,,,,50.0,3.0,1.0,88.0,29.3,240.0,48.0,7.0,1316.0,5.5
2011,Darvin Adams,WR,Auburn,6-2,190.0,4.56,,,,,,False,,,darvin adams,WR,2011,darvin adams,100.0,darvin adams,2010.0,WR,,,,,,,,,,,,,,,,,,,,,,,,,,,,,,,,,,4.2,11.0,5.0,0.0,21.0,,,,,,,62.0,52.0,7.0,963.0,18.5,,,,,
2010,Alterraun Verner,CB,UCLA,5-10,189.0,4.52,32.0,11.0,116.0,6.7,4.12,True,4.0,104.0,alterraun verner,CB,2010,alterraun verner,100.0,alterraun verner,2009.0,CB,,,,,,,,,,,31.6,5.0,1.0,158.0,,,,,,,,,,,,,,,,,,,,,,,,,,,,,,,,,,,,,,,,
2010,Tim Tebow,QB,Florida,6-3,236.0,4.71,38.5,,115.0,6.66,4.17,True,1.0,25.0,tim tebow,QB,2010,tim tebow,100.0,tim tebow,2009.0,QB,,,,,,,,,,,,,,,,,,,,,,,,,,,314.0,213.0,5.0,0.678,21.0,2895.0,9.2,,,,,,,,,,,,,,,,,217.0,55.0,14.0,910.0,4.2
2010,Demaryius Thomas,WR,Georgia Tech,6-3,224.0,4.52,,,,,,True,1.0,22.0,demaryius thomas,WR,2010,demaryius thomas,100.0,demaryius thomas,2009.0,WR,,,,,,,,,,,,,,,,,,,,,,,,,,,,,,,,,,,,,,,,,,,,,76.0,46.0,8.0,1154.0,25.1,1.0,3.0,0.0,3.0,3.0
2010,Walter Thurmond,CB,Oregon,5-11,189.0,4.53,,,,,,True,4.0,111.0,walter thurmond,CB,2010,walter thurmond,100.0,walter thurmond,2009.0,CB,,,,,,,,,,,18.0,1.0,1.0,18.0,24.3,41.0,8.0,0.0,194.0,,,,,,,,,,,,,,,11.0,78.0,15.0,1.0,165.0,,,,,,,,,,,,,,,,
2010,Leigh Tiffin,K,Alabama,6-1,209.0,,,,,,,False,,,leigh tiffin,K,2010,leigh tiffin,100.0,leigh tiffin,2009.0,PK,,,,,,,,,,,,,,,,,,,,35.0,30.0,50.0,0.857,132.0,46.0,42.0,,,,,,,,,,,,,,,,,,,,,,,,,,,,
2010,Keith Toston,RB,Oklahoma State,6-0,213.0,4.66,32.0,22.0,110.0,,4.67,False,,,keith toston,RB,2010,keith toston,100.0,keith toston,2009.0,RB,,,,,,,,,,,,,,,11.0,11.0,1.0,0.0,11.0,,,,,,,,1.0,1.0,0.0,1.0,1.0,1.0,1.0,,,,,,,,,,,,47.0,25.0,1.0,261.0,10.4,227.0,69.0,11.0,1218.0,5.4
2010,Verran Tucker,WR,California,6-2,200.0,4.65,,,,,,False,,,verran tucker,WR,2010,verran tucker,100.0,verran tucker,2009.0,WR,,,,,,,,,,,,,,,,,,,,,,,,,,,,,,,,,,,,,,,,,,,,,59.0,29.0,1.0,453.0,15.6,,,,,
2010,Stephan Virgil,CB,Virginia Tech,5-11,183.0,4.69,34.0,12.0,113.0,7.11,4.35,False,,,stephan virgil,CB,2010,stephan virgil,100.0,stephan virgil,2009.0,CB,,,,,,,,,,,6.0,1.0,0.0,6.0,,,,,,,,,,,,,,,,,,,,,,,,,,,,,,,,,,,,,,,,
2010,Major Wright,S,Florida,5-11,206.0,4.44,37.5,14.0,119.0,6.95,4.36,True,3.0,75.0,major wright,S,2010,major wright,100.0,major wright,2009.0,S,,,,,,,,,,,11.3,3.0,0.0,34.0,,,,,,,,,,,,,,,,,,,,,,,,,,,,,,,,,,,,,,,,
2010,Chastin West,WR,Fresno State,6-0,212.0,4.59,33.5,15.0,113.0,,,False,,,chastin west,WR,2010,chastin west,100.0,chastin west,2009.0,WR,,,,,,,,,,,,,,,22.8,29.0,8.0,0.0,182.0,,,,,,,,2.0,1.0,0.0,0.5,1.0,43.0,21.5,9.2,88.0,13.0,1.0,119.0,,,,,,,41.0,30.0,2.0,472.0,15.7,1.0,0.0,0.0,,
2010,Blair White,WR,Michigan State,6-2,209.0,4.49,33.5,18.0,115.0,6.69,4.03,False,,,blair white,WR,2010,blair white,100.0,blair white,2009.0,WR,,,,,,,,,,,,,,,,,,,,,,,,,,,,,,,,,,27.0,27.0,1.0,0.0,27.0,,,,,,,49.0,70.0,9.0,990.0,14.1,,,,,
2010,Jeremy Williams,WR,Tulane,6-0,206.0,4.59,36.0,14.0,117.0,6.73,,False,,,jeremy williams,WR,2010,jeremy williams,100.0,jeremy williams,2009.0,WR,,,,,,,,,,,,,,,24.2,88.0,20.0,1.0,483.0,,,,,,,,2.0,0.0,0.0,0.0,0.0,0.0,0.0,,,,,,,,,,,,68.0,84.0,7.0,1113.0,13.3,38.0,27.0,0.0,167.0,4.4
2010,Keiland Williams,RB,LSU,5-11,233.0,4.52,,,,,,False,,,keiland williams,RB,2010,keiland williams,100.0,keiland williams,2009.0,RB,,,,,,,,,,,,,,,7.0,7.0,1.0,0.0,7.0,,,,,,,,,,,,,,,,,,,,,,,,,,20.0,4.0,0.0,22.0,5.5,70.0,25.0,4.0,368.0,5.3
2010,Ryan Wolfe,WR,UNLV,6-1,205.0,4.65,,13.0,,,,False,,,ryan wolfe,WR,2010,ryan wolfe,100.0,ryan wolfe,2009.0,WR,,,,,,,,,,,,,,,,,,,,,,,,,,,1.0,0.0,0.0,0.0,0.0,0.0,0.0,1.5,9.0,13.0,0.0,20.0,,,,,,,52.0,74.0,2.0,760.0,10.3,11.0,10.0,0.0,41.0,3.7
2010,Corey Wootton,DE,Northwestern,6-6,270.0,4.92,,20.0,,,,True,4.0,109.0,corey wootton,DE,2010,corey wootton,100.0,corey wootton,2008.0,DE,,,,,,,,,,,0.0,1.0,0.0,0.0,,,,,,,,,,,,,,,,,,,,,,,,,,,,,,,,,,,,,,,,
2010,Chris McGaha,WR,Arizona State,6-1,201.0,4.52,40.0,19.0,122.0,,4.21,False,,,chris mcgaha,WR,2010,chris mcgaha,100.0,chris mcgaha,2009.0,WR,,,,,,,,,,,,,,,,,,,,,,,,,,,,,,,,,,,,,,,,,,,,,50.0,57.0,4.0,690.0,12.1,,,,,
2010,Colt McCoy,QB,Texas,6-1,216.0,4.79,,,114.0,,,True,3.0,85.0,colt mccoy,QB,2010,colt mccoy,100.0,colt mccoy,2009.0,QB,,,,,,,,,,,,,,,,,,,,,,,,,,,470.0,332.0,12.0,0.706,27.0,3521.0,7.5,,,,,,0.0,38.0,4.0,0.0,131.0,32.8,,,,,,129.0,65.0,3.0,348.0,2.7
2012,Nick Foles,QB,Arizona,6-5,243.0,5.14,30.5,,112.0,,,True,3.0,88.0,nick foles,QB,2012,nick foles,100.0,nick foles,2011.0,QB,,,,,,,,,,,,,,,,,,,,,,,,,,,560.0,387.0,14.0,0.691,28.0,4334.0,7.7,,,,,,,,,,,,,,,,,43.0,9.0,0.0,,
2010,Jacoby Ford,WR,Clemson,5-9,186.0,4.28,33.5,15.0,115.0,7.0,4.44,True,4.0,108.0,jacoby ford,WR,2010,jacoby ford,100.0,jacoby ford,2009.0,WR,,,,,,,,,,,,,,,19.3,39.0,9.0,0.0,174.0,,,,,,,,2.0,2.0,0.0,1.0,1.0,55.0,27.5,7.9,61.0,18.0,1.0,143.0,,,,,,,77.0,56.0,6.0,779.0,13.9,18.0,17.0,2.0,122.0,6.8
2010,Daryll Clark,QB,Penn State,6-2,235.0,4.72,,21.0,,,,False,,,daryll clark,QB,2010,daryll clark,100.0,daryll clark,2009.0,QB,,,,,,,,,,,,,,,,,,,,,,,,,,,381.0,232.0,10.0,0.609,24.0,3003.0,7.9,,,,,,,,,,,,,,,,,84.0,51.0,7.0,211.0,2.5
2010,Jimmy Clausen,QB,Notre Dame,6-3,222.0,4.76,,,,,,True,2.0,48.0,jimmy clausen,QB,2010,jimmy clausen,100.0,jimmy clausen,2009.0,QB,,,,,,,,,,,,,,,,,,,,,,,,,,,425.0,289.0,4.0,0.68,28.0,3722.0,8.8,,,,,,,,,,,,,,,,,59.0,11.0,3.0,,
2010,John Conner,FB,Kentucky,5-11,246.0,4.64,35.0,24.0,111.0,7.15,4.32,True,5.0,139.0,john conner,FB,2010,john conner,100.0,john conner,2009.0,FB,,,,,,,,,,,,,,,4.0,4.0,1.0,0.0,4.0,,,,,,,,,,,,,,,,,,,,,,,,,,25.0,5.0,1.0,46.0,9.2,31.0,39.0,2.0,158.0,5.1
2010,Chris Cook,CB,Virginia,6-2,212.0,4.45,38.0,7.0,132.0,6.88,4.23,True,2.0,34.0,chris cook,CB,2010,chris cook,100.0,chris cook,2009.0,CB,,,,,,,,,,,16.5,4.0,1.0,66.0,16.8,28.0,6.0,0.0,101.0,,,,,,,,,,,,,,,,,,,,,,,,,,,,,,,,,,,
2010,Riley Cooper,WR,Florida,6-3,222.0,4.53,33.0,,114.0,,,True,5.0,159.0,riley cooper,WR,2010,riley cooper,100.0,riley cooper,2009.0,WR,,,,,,,,,,,,,,,,,,,,,,,,,,,1.0,0.0,0.0,0.0,0.0,0.0,0.0,,,,,,,,,,,,80.0,51.0,9.0,961.0,18.8,1.0,14.0,0.0,14.0,14.0
2010,Hall Davis,DE,Louisiana-Lafayette,6-4,271.0,4.84,,28.0,,,,True,5.0,149.0,hall davis,DE,2010,hall davis,100.0,hall davis,2009.0,DE,,,,,,,,,,,0.0,1.0,0.0,0.0,,,,,,,,,,,,,,,,,,,,,,,,,,,,,,,,,,,,,,,,
2010,Eric Decker,WR,Minnesota,6-3,217.0,4.54,,15.0,,,,True,3.0,87.0,eric decker,WR,2010,eric decker,100.0,eric decker,2009.0,WR,,,,,,,,,,,,,,,,,,,,,,,,,,,2.0,1.0,0.0,0.5,1.0,7.0,3.5,,,,,,,,,,,,53.0,50.0,5.0,758.0,15.2,,,,,
2010,Dorin Dickerson,TE,Pittsburgh,6-1,226.0,4.4,43.5,24.0,125.0,6.96,4.3,True,7.0,227.0,dorin dickerson,TE,2010,dorin dickerson,100.0,dorin dickerson,2009.0,TE,,,,,,,,,,,,,,,13.0,20.0,2.0,0.0,26.0,,,,,,,,,,,,,,,,,,,,,,,,,,53.0,49.0,10.0,529.0,10.8,,,,,
2010,Ed Dickson,TE,Oregon,6-4,249.0,4.59,34.0,23.0,115.0,7.32,4.59,True,3.0,70.0,ed dickson,TE,2010,ed dickson,100.0,ed dickson,2009.0,TE,,,,,,,,,,,,,,,,,,,,,,,,,,,,,,,,,,,,,,,,,,,,,36.0,42.0,6.0,551.0,13.1,,,,,
2010,Matt Dodge,P,East Carolina,6-1,224.0,,,,,,,True,7.0,221.0,matt dodge,P,2010,matt dodge,100.0,matt dodge,2009.0,P,,,,,,,,,,,,,,,,,,,,,,,,,,,,,,,,,,,,,,,0.0,73.0,67.0,0.0,3069.0,45.8,,,,,,2.0,19.0,0.0,17.0,8.5
2010,Jim Dray,TE,Stanford,6-5,246.0,4.82,,17.0,,,,True,7.0,233.0,jim dray,TE,2010,jim dray,100.0,jim dray,2009.0,TE,,,,,,,,,,,,,,,,,,,,,,,,,,,,,,,,,,,,,,,,,,,,,30.0,11.0,3.0,149.0,13.5,,,,,
2010,Carlos Dunlap,DE,Florida,6-6,277.0,4.68,31.5,21.0,111.0,7.21,4.61,True,2.0,54.0,carlos dunlap,DE,2010,carlos dunlap,100.0,carlos dunlap,2008.0,DE,,,,,,,,,,,,,,,,,,,,,,,,,,,,,,,,,,12.0,12.0,1.0,0.0,12.0,,,,,,,,,,,,,,,,
2010,Jonathan Dwyer,RB,Georgia Tech,5-11,229.0,4.64,33.0,15.0,107.0,7.56,4.67,True,6.0,188.0,jonathan dwyer,RB,2010,jonathan dwyer,100.0,jonathan dwyer,2009.0,RB,,,,,,,,,,,,,,,,,,,,,,,,,,,,,,,,,,,,,,,,,,,,,21.0,5.0,0.0,37.0,7.4,235.0,74.0,14.0,1395.0,5.9
2010,Marcus Easley,WR,Connecticut,6-3,210.0,4.39,34.0,16.0,123.0,6.94,4.6,True,4.0,107.0,marcus easley,WR,2010,marcus easley,100.0,marcus easley,2009.0,WR,,,,,,,,,,,,,,,,,,,,,,,,,,,,,,,,,,,,,,,,,,,,,88.0,48.0,8.0,893.0,18.6,1.0,11.0,0.0,11.0,11.0
2010,Brody Eldridge,TE,Oklahoma,6-5,261.0,4.72,31.5,,,,,True,5.0,162.0,brody eldridge,TE,2010,brody eldridge,100.0,brody eldridge,2009.0,TE,,,,,,,,,,,,,,,,,,,,,,,,,,,,,,,,,,,,,,,,,,,,,10.0,2.0,0.0,19.0,9.5,,,,,
2010,Barry Church,S,Toledo,6-1,222.0,4.69,36.0,19.0,121.0,6.65,4.17,False,,,barry church,S,2010,barry church,100.0,barry church,2009.0,S,,,,,,,,,,,4.0,1.0,0.0,4.0,,,,,,,,,,,,,,,,,,,,,,,,,,,,,,,,,,,,,,,,
2010,Chris Chancellor,CB,Clemson,5-9,177.0,4.49,34.0,14.0,115.0,6.85,4.07,False,,,chris chancellor,CB,2010,chris chancellor,100.0,chris chancellor,2009.0,CB,,,,,,,,,,,37.0,1.0,0.0,37.0,,,,,,,,,,,,,,,,,,,,,,,,,,,,,,,,,,,,,,,,
2010,Alex Carrington,DE,Arkansas State,6-5,285.0,4.92,,26.0,,,,True,3.0,72.0,alex carrington,DE,2010,alex carrington,100.0,alex carrington,2008.0,DE,,,,,,,,,,,18.0,1.0,0.0,18.0,,,,,,,,,,,,,,,,,,,,,,,,,,,,,,,,,,,,,,,,
2010,Nyan Boateng,WR,California,6-1,204.0,4.66,36.0,14.0,112.0,7.35,4.69,False,,,nyan boateng,WR,2010,nyan boateng,100.0,nyan boateng,2009.0,WR,,,,,,,,,,,,,,,,,,,,,,,,,,,,,,,,,,,,,,,,,,,,,39.0,13.0,2.0,191.0,14.7,,,,,
2010,Nate Allen,S,South Florida,6-0,207.0,4.5,,16.0,,,,True,2.0,37.0,nate allen,S,2010,nate allen,100.0,nate allen,2009.0,S,,,,,,,,,,,11.0,5.0,0.0,55.0,,,,,,,,,,,,,,,,,,,,,,,,,,,,,,,,,,,,,,,,
2010,Lucien Antoine,S,Oklahoma State,6-0,215.0,4.62,32.0,28.0,120.0,7.38,4.47,False,,,lucien antoine,S,2010,lucien antoine,100.0,lucien antoine,2009.0,S,,,,,,,,,,,26.0,2.0,1.0,52.0,,,,,,,,,,,,,,,,,,,,8.0,8.0,1.0,0.0,8.0,,,,,,,,,,,,,,,,
2010,Alric Arnett,WR,West Virginia,6-2,188.0,4.52,40.0,,122.0,7.03,4.43,False,,,alric arnett,WR,2010,alric arnett,100.0,alric arnett,2009.0,WR,,,,,,,,,,,,,,,,,,,,,,,,,,,,,,,,,,,,,,,,,,,,,46.0,43.0,3.0,586.0,13.6,,,,,
2010,Larry Asante,S,Nebraska,6-0,212.0,4.62,37.5,14.0,118.0,7.0,4.17,True,5.0,160.0,larry asante,S,2010,larry asante,100.0,larry asante,2009.0,S,,,,,,,,,,,37.0,2.0,1.0,74.0,,,,,,,,,,,,,,,,,,,,,,,,,,,,,,,,,,,,,,,,
2010,Arrelious Benn,WR,Illinois,6-1,219.0,4.57,37.0,20.0,118.0,,,True,2.0,39.0,arrelious benn,WR,2010,arrelious benn,100.0,arrelious benn,2009.0,WR,,,,,,,,,,,,,,,26.5,40.0,12.0,0.0,318.0,,,,,,,,,,,,,,,,,,,,,,,,,,58.0,38.0,2.0,490.0,12.9,7.0,8.0,1.0,23.0,3.3
2010,LeGarrette Blount,RB,Oregon,6-0,241.0,4.7,35.0,18.0,117.0,6.85,4.49,False,,,legarrette blount,RB,2010,legarrette blount,100.0,legarrette blount,2009.0,RB,,,,,,,,,,,,,,,,,,,,,,,,,,,,,,,,,,,,,,,,,,,,,7.0,2.0,0.0,13.0,6.5,22.0,30.0,2.0,82.0,3.7
2010,Brent Bowden,P,Virginia Tech,6-2,202.0,4.8,,,,,,True,6.0,172.0,brent bowden,P,2010,brent bowden,100.0,brent bowden,2009.0,P,,,,,,,,,,,,,,,,,,,,,,,,,,,,,,,,,,,,,,,0.0,60.0,57.0,0.0,2495.0,43.8,,,,,,,,,,
2010,Sean Canfield,QB,Oregon State,6-4,223.0,4.93,29.5,,100.0,7.26,4.39,True,7.0,239.0,sean canfield,QB,2010,sean canfield,100.0,sean canfield,2009.0,QB,,,,,,,,,,,,,,,,,,,,,,,,,,,446.0,303.0,7.0,0.679,21.0,3271.0,7.3,,,,,,,,,,,,,,,,,48.0,7.0,2.0,,
2010,Sam Bradford,QB,Oklahoma,6-4,236.0,4.79,,,,,,True,1.0,1.0,sam bradford,QB,2010,sam bradford,100.0,sam bradford,2009.0,QB,,,,,,,,,,,,,,,,,,,,,,,,,,,69.0,39.0,0.0,0.565,2.0,562.0,8.1,,,,,,,,,,,,,,,,,4.0,5.0,0.0,,
2010,Dezmon Briscoe,WR,Kansas,6-2,207.0,4.66,33.0,9.0,115.0,7.1,4.57,True,6.0,191.0,dezmon briscoe,WR,2010,dezmon briscoe,100.0,dezmon briscoe,2009.0,WR,,,,,,,,,,,,,,,22.7,98.0,19.0,1.0,432.0,,,,,,,,,,,,,,,,,,,,,,,,,,74.0,84.0,9.0,1337.0,15.9,2.0,20.0,1.0,19.0,9.5
2010,Jarrett Brown,QB,West Virginia,6-3,224.0,4.5,34.5,,114.0,7.24,4.39,False,,,jarrett brown,QB,2010,jarrett brown,100.0,jarrett brown,2009.0,QB,,,,,,,,,,,,,,,,,,,,,,,,,,,296.0,187.0,9.0,0.632,11.0,2144.0,7.2,,,,,,,,,,,,,,,,,118.0,36.0,6.0,452.0,3.8
2010,Dez Bryant,WR,Oklahoma State,6-2,225.0,4.52,,,,,,True,1.0,24.0,dez bryant,WR,2010,dez bryant,100.0,dez bryant,2009.0,WR,,,,,,,,,,,,,,,21.5,25.0,2.0,0.0,43.0,,,,,,,,,,,,,,,37.0,82.0,3.0,1.0,111.0,,,,,,,46.0,17.0,4.0,323.0,19.0,,,,,
2010,Morgan Burnett,S,Georgia Tech,6-1,209.0,4.51,,16.0,,,,True,3.0,71.0,morgan burnett,S,2010,morgan burnett,100.0,morgan burnett,2009.0,S,,,,,,,,,,,10.0,4.0,0.0,40.0,,,,,,,,,,,,,,,,,,,,,,,,,,,,,,,,,,,,,,,,
2010,Crezdon Butler,CB,Clemson,6-0,191.0,4.43,39.5,17.0,121.0,7.08,4.23,True,5.0,164.0,crezdon butler,CB,2010,crezdon butler,100.0,crezdon butler,2009.0,CB,,,,,,,,,,,47.0,1.0,0.0,47.0,,,,,,,,,,,,,,,,,,,,2.3,5.0,3.0,0.0,7.0,,,,,,,,,,,,,,,,
2010,Dedrick Epps,TE,Miami (FL),6-3,250.0,4.7,,19.0,,,,True,7.0,235.0,dedrick epps,TE,2010,dedrick epps,100.0,dedrick epps,2009.0,TE,,,,,,,,,,,,,,,,,,,,,,,,,,,,,,,,,,,,,,,,,,,,,33.0,19.0,3.0,247.0,13.0,,,,,
2010,Jason Fox,OT,Miami (FL),6-7,303.0,5.45,,23.0,,,,True,4.0,128.0,jason fox,OT,2010,jason fox,100.0,jason fox,2008.0,OT,,,,,,,,,,,,,,,,,,,,,,,,,,,,,,,,,,,,,,,,,,,,,,,,,,1.0,5.0,1.0,5.0,5.0
2010,Anthony McCoy,TE,USC,6-4,259.0,4.71,35.5,19.0,113.0,6.99,4.57,True,6.0,185.0,anthony mccoy,TE,2010,anthony mccoy,100.0,anthony mccoy,2009.0,TE,,,,,,,,,,,,,,,,,,,,,,,,,,,,,,,,,,,,,,,,,,,,,60.0,22.0,1.0,457.0,20.8,1.0,2.0,0.0,2.0,2.0
2010,Toby Gerhart,RB,Stanford,6-0,231.0,4.5,38.0,22.0,118.0,6.94,4.25,True,2.0,51.0,toby gerhart,RB,2010,toby gerhart,100.0,toby gerhart,2009.0,RB,,,,,,,,,,,,,,,,,,,,,,,,,,,1.0,1.0,0.0,1.0,1.0,18.0,18.0,,,,,,,,,,,,33.0,11.0,0.0,157.0,14.3,343.0,61.0,27.0,1871.0,5.5
2010,Kevin Jurovich,WR,San Jose State,5-11,188.0,4.45,,14.0,,,,False,,,kevin jurovich,WR,2010,kevin jurovich,100.0,kevin jurovich,2009.0,WR,,,,,,,,,,,,,,,,,,,,,,,,,,,,,,,,,,1.6,12.0,12.0,0.0,19.0,,,,,,,38.0,60.0,1.0,777.0,13.0,3.0,0.0,0.0,,
2010,Mike Kafka,QB,Northwestern,6-3,225.0,4.93,32.0,,110.0,6.96,4.37,True,4.0,122.0,mike kafka,QB,2010,mike kafka,100.0,mike kafka,2009.0,QB,,,,,,,,,,,,,,,,,,,,,,,,,,,492.0,319.0,12.0,0.648,16.0,3430.0,7.0,,,,,,,,,,,,24.0,1.0,1.0,24.0,24.0,150.0,18.0,8.0,299.0,2.0
2010,Brandon LaFell,WR,LSU,6-2,211.0,4.58,36.0,,115.0,6.81,4.23,True,3.0,78.0,brandon lafell,WR,2010,brandon lafell,100.0,brandon lafell,2009.0,WR,,,,,,,,,,,,,,,,,,,,,,,,,,,,,,,,,,,,,,,,,,,,,58.0,57.0,11.0,792.0,13.9,5.0,7.0,0.0,13.0,2.6
2010,Dan LeFevour,QB,Central Michigan,6-3,230.0,4.6,29.5,,110.0,6.93,4.22,True,6.0,181.0,dan lefevour,QB,2010,dan lefevour,100.0,dan lefevour,2009.0,QB,,,,,,,,,,,,,,,,,,,,,,,,,,,456.0,318.0,7.0,0.697,28.0,3438.0,7.5,,,,,,0.0,42.0,3.0,0.0,97.0,32.3,24.0,1.0,0.0,24.0,24.0,183.0,53.0,15.0,713.0,3.9
2010,Kendrick Lewis,S,Mississippi,6-0,198.0,4.73,31.5,16.0,116.0,6.88,4.33,True,5.0,136.0,kendrick lewis,S,2010,kendrick lewis,100.0,kendrick lewis,2009.0,S,,,,,,,,,,,3.0,2.0,0.0,6.0,,,,,,,,,,,,,,,,,,,,,,,,,,,,,,,,,,,,,,,,
2010,Thaddeus Lewis,QB,Duke,6-0,215.0,4.84,28.0,,107.0,,,False,,,thaddeus lewis,QB,2010,thaddeus lewis,100.0,thaddeus lewis,2009.0,QB,,,,,,,,,,,,,,,,,,,,,,,,,,,449.0,274.0,8.0,0.61,20.0,3330.0,7.4,,,,,,,,,,,,,,,,,86.0,21.0,4.0,48.0,0.6
2010,Trevard Lindley,CB,Kentucky,5-11,183.0,4.51,38.5,9.0,116.0,6.81,4.27,True,4.0,105.0,trevard lindley,CB,2010,trevard lindley,100.0,trevard lindley,2009.0,CB,,,,,,,,,,,25.0,1.0,1.0,25.0,,,,,,,,,,,,,,,,,,,,,,,,,,,,,,,,,,,,,,,,
2010,Scott Long,WR,Louisville,6-2,216.0,4.46,41.5,20.0,123.0,6.45,4.09,False,,,scott long,WR,2010,scott long,100.0,scott long,2009.0,WR,,,,,,,,,,,,,,,,,,,,,,,,,,,,,,,,,,,,,,,,,,,,,92.0,53.0,2.0,727.0,13.7,,,,,
2010,Robert Malone,P,Fresno State,6-2,235.0,4.84,,19.0,,,,False,,,robert malone,P,2010,robert malone,100.0,robert malone,2009.0,P,,,,,,,,,,,,,,,,,,,,,,,,,,,,,,,,,,,,,,,0.0,69.0,43.0,0.0,1941.0,45.1,,,,,,,,,,
2010,Darius Marshall,RB,Marshall,5-9,190.0,4.59,35.5,14.0,109.0,,4.39,False,,,darius marshall,RB,2010,darius marshall,100.0,darius marshall,2009.0,RB,,,,,,,,,,,,,,,22.1,43.0,22.0,0.0,486.0,,,,,,,,1.0,1.0,0.0,1.0,0.0,27.0,27.0,,,,,,,,,,,,7.0,12.0,0.0,27.0,2.3,227.0,80.0,11.0,1131.0,5.0
2010,Jeron Mastrud,TE,Kansas State,6-5,256.0,4.82,,,,,,False,,,jeron mastrud,TE,2010,jeron mastrud,100.0,jeron mastrud,2009.0,TE,,,,,,,,,,,,,,,,,,,,,,,,,,,,,,,,,,,,,,,,,,,,,45.0,21.0,1.0,233.0,11.1,,,,,
2010,Ryan Mathews,RB,Fresno State,6-0,218.0,4.37,36.0,19.0,121.0,7.0,4.33,True,1.0,12.0,ryan mathews,RB,2010,ryan mathews,100.0,ryan mathews,2009.0,RB,,,,,,,,,,,,,,,,,,,,,,,,,,,1.0,0.0,0.0,0.0,0.0,0.0,0.0,,,,,,,,,,,,27.0,11.0,0.0,122.0,11.1,276.0,77.0,19.0,1808.0,6.6
2010,Taylor Mays,S,USC,6-3,230.0,4.31,41.0,24.0,125.0,,,True,2.0,49.0,taylor mays,S,2010,taylor mays,100.0,taylor mays,2009.0,S,,,,,,,,,,,0.0,1.0,0.0,0.0,,,,,,,,,,,,,,,,,,,,,,,,,,,,,,,,,,,,,,,,
2010,Kyle McCarthy,S,Notre Dame,6-0,205.0,4.58,34.0,24.0,117.0,6.74,4.13,False,,,kyle mccarthy,S,2010,kyle mccarthy,100.0,kyle mccarthy,2009.0,S,,,,,,,,,,,18.0,5.0,0.0,90.0,,,,,,,,,,,,,,,,,,,,,,,,,,,,,,,,,,,,,,,,
2010,Dexter McCluster,WR,Mississippi,5-9,172.0,4.53,37.5,20.0,118.0,,4.06,True,2.0,36.0,dexter mccluster,WR,2010,dexter mccluster,100.0,dexter mccluster,2009.0,WR,,,,,,,,,,,,,,,,,,,,,,,,,,,1.0,1.0,0.0,1.0,1.0,27.0,27.0,9.3,19.0,3.0,0.0,28.0,,,,,,,64.0,44.0,3.0,520.0,11.8,181.0,86.0,8.0,1169.0,6.5
2010,Chad Jones,S,LSU,6-2,221.0,4.59,36.0,9.0,115.0,6.83,4.14,True,3.0,76.0,chad jones,S,2010,chad jones,100.0,chad jones,2009.0,S,,,,,,,,,,,23.7,3.0,0.0,71.0,5.0,5.0,1.0,0.0,5.0,,,,,,,,,,,,,,,14.3,93.0,9.0,1.0,129.0,,,,,,,,,,,,,,,,
2010,Javarris James,RB,Miami (FL),6-0,212.0,4.58,36.0,21.0,115.0,,,False,,,javarris james,RB,2010,javarris james,100.0,javarris james,2009.0,RB,,,,,,,,,,,,,,,,,,,,,,,,,,,,,,,,,,,,,,,,,,,,,20.0,13.0,0.0,85.0,6.5,103.0,50.0,6.0,492.0,4.8
2010,Rashawn Jackson,FB,Virginia,6-1,239.0,4.75,34.5,,117.0,,,False,,,rashawn jackson,FB,2010,rashawn jackson,100.0,rashawn jackson,2009.0,FB,,,,,,,,,,,,,,,13.0,13.0,1.0,0.0,13.0,,,,,,,,,,,,,,,,,,,,,,,,,,34.0,25.0,0.0,222.0,8.9,96.0,34.0,2.0,461.0,4.8
2010,Rob Gronkowski,TE,Arizona,6-6,264.0,4.68,,23.0,,,,True,2.0,42.0,rob gronkowski,TE,2010,rob gronkowski,100.0,rob gronkowski,2008.0,TE,,,,,,,,,,,,,,,,,,,,,,,,,,,,,,,,,,,,,,,,,,,,,43.0,47.0,10.0,672.0,14.3,,,,,
2010,Brandon Ghee,CB,Wake Forest,6-0,192.0,4.37,37.0,15.0,127.0,6.75,4.07,True,3.0,96.0,brandon ghee,CB,2010,brandon ghee,100.0,brandon ghee,2008.0,CB,,,,,,,,,,,0.0,1.0,0.0,0.0,,,,,,,,,,,,,,,,,,,,10.0,10.0,1.0,0.0,10.0,,,,,,,,,,,,,,,,
2010,Mardy Gilyard,WR,Cincinnati,6-0,187.0,4.61,39.0,,116.0,6.92,4.4,True,4.0,99.0,mardy gilyard,WR,2010,mardy gilyard,100.0,mardy gilyard,2009.0,WR,,,,,,,,,,,,,,,30.5,99.0,42.0,2.0,1281.0,,,,,,,,,,,,,,,5.6,53.0,36.0,1.0,202.0,,,,,,,68.0,87.0,11.0,1191.0,13.7,5.0,5.0,1.0,16.0,3.2
2010,Garrett Graham,TE,Wisconsin,6-3,243.0,4.71,34.5,20.0,112.0,7.09,4.35,True,4.0,118.0,garrett graham,TE,2010,garrett graham,100.0,garrett graham,2009.0,TE,,,,,,,,,,,,,,,,,,,,,,,,,,,,,,,,,,,,,,,,,,,,,27.0,51.0,7.0,624.0,12.2,,,,,
2010,Jimmy Graham,TE,Miami (FL),6-6,260.0,4.53,38.5,,120.0,6.9,4.45,True,3.0,95.0,jimmy graham,TE,2010,jimmy graham,100.0,jimmy graham,2009.0,TE,,,,,,,,,,,,,,,10.0,12.0,3.0,0.0,30.0,,,,,,,,,,,,,,,,,,,,,,,,,,22.0,17.0,5.0,213.0,12.5,,,,,
2010,Marshay Green,CB,Mississippi,5-9,180.0,4.52,35.5,,124.0,6.66,4.11,False,,,marshay green,CB,2010,marshay green,100.0,marshay green,2009.0,CB,,,,,,,,,,,,,,,,,,,,,,,,,,,,,,,,,,6.3,63.0,42.0,0.0,264.0,,,,,,,,,,,,,,,,
2010,Jermaine Gresham,TE,Oklahoma,6-5,261.0,4.66,35.0,20.0,113.0,7.07,4.53,True,1.0,21.0,jermaine gresham,TE,2010,jermaine gresham,100.0,jermaine gresham,2008.0,TE,,,,,,,,,,,,,,,,,,,,,,,,,,,,,,,,,,,,,,,,,,,,,73.0,66.0,14.0,950.0,14.4,1.0,5.0,0.0,5.0,5.0
2010,Joe Haden,CB,Florida,5-11,193.0,4.52,35.0,18.0,125.0,6.94,4.34,True,1.0,7.0,joe haden,CB,2010,joe haden,100.0,joe haden,2009.0,CB,,,,,,,,,,,5.0,4.0,0.0,20.0,,,,,,,,,,,,,,,,,,,,0.0,0.0,1.0,0.0,0.0,,,,,,,,,,,,,,,,
2010,Michael Hoomanawanui,TE,Illinois,6-4,264.0,4.77,,25.0,,,,True,5.0,132.0,michael hoomanawanui,TE,2010,michael hoomanawanui,100.0,michael hoomanawanui,2009.0,TE,,,,,,,,,,,,,,,9.0,12.0,2.0,0.0,18.0,,,,,,,,,,,,,,,,,,,,,,,,,,30.0,10.0,0.0,114.0,11.4,,,,,
2010,Max Hall,QB,BYU,6-1,209.0,4.84,32.0,,102.0,7.07,4.35,False,,,max hall,QB,2010,max hall,100.0,max hall,2009.0,QB,,,,,,,,,,,,,,,,,,,,,,,,,,,409.0,275.0,14.0,0.672,33.0,3560.0,8.7,,,,,,,,,,,,,,,,,72.0,20.0,2.0,75.0,1.0
2010,Montario Hardesty,RB,Tennessee,6-0,225.0,4.49,41.0,21.0,124.0,6.87,4.14,True,2.0,59.0,montario hardesty,RB,2010,montario hardesty,100.0,montario hardesty,2009.0,RB,,,,,,,,,,,,,,,,,,,,,,,,,,,1.0,0.0,0.0,0.0,0.0,0.0,0.0,,,,,,,,,,,,47.0,25.0,1.0,302.0,12.1,282.0,43.0,13.0,1345.0,4.8
2010,Greg Hardy,DE,Mississippi,6-4,281.0,4.82,35.0,21.0,117.0,7.25,4.65,True,6.0,175.0,greg hardy,DE,2010,greg hardy,100.0,greg hardy,2008.0,DE,,,,,,,,,,,22.0,1.0,0.0,22.0,,,,,,,,,,,,,,,,,,,,,,,,,,,,,,,,,,,,,,,,
2010,Aaron Hernandez,TE,Florida,6-2,245.0,4.64,,,,,,True,4.0,113.0,aaron hernandez,TE,2010,aaron hernandez,100.0,aaron hernandez,2009.0,TE,,,,,,,,,,,,,,,,,,,,,,,,,,,,,,,,,,,,,,,,,,,,,64.0,68.0,5.0,850.0,12.5,1.0,16.0,0.0,16.0,16.0
2010,Tim Hiller,QB,West. Michigan,6-4,229.0,4.97,32.5,18.0,118.0,7.1,4.54,False,,,tim hiller,QB,2010,tim hiller,100.0,tim hiller,2009.0,QB,,,,,,,,,,,,,,,,,,,,,,,,,,,514.0,309.0,13.0,0.601,23.0,3249.0,6.3,,,,,,,,,,,,0.0,0.0,0.0,,0.0,39.0,22.0,0.0,,
2010,Shay Hodge,WR,Mississippi,6-1,209.0,4.62,33.5,11.0,117.0,6.9,4.32,False,,,shay hodge,WR,2010,shay hodge,100.0,shay hodge,2009.0,WR,,,,,,,,,,,,,,,,,,,,,,,,,,,,,,,,,,,,,,,,,,,,,65.0,70.0,8.0,1135.0,16.2,,,,,
2011,Shaun Chapas,FB,Georgia,6-2,247.0,4.87,35.5,23.0,116.0,7.13,4.4,True,7.0,220.0,shaun chapas,FB,2011,shaun chapas,100.0,shaun chapas,2010.0,FB,,,,,,,,,,,,,,,9.3,12.0,3.0,0.0,28.0,,,,,,,,,,,,,,,,,,,,,,,,,,12.0,5.0,2.0,29.0,5.8,15.0,7.0,2.0,44.0,2.9
2011,Ugo Chinasa,DE,Oklahoma State,6-5,264.0,4.63,28.0,22.0,117.0,7.07,4.39,False,,,ugo chinasa,DE,2011,ugo chinasa,100.0,ugo chinasa,2010.0,DE,,,,,,,,,,,22.0,1.0,0.0,22.0,,,,,,,,,,,,,,,,,,,,,,,,,,,,,,,,,,,,,,,,
2011,John Clay,RB,Wisconsin,6-0,230.0,4.83,29.0,,111.0,,,False,,,john clay,RB,2011,john clay,100.0,john clay,2010.0,RB,,,,,,,,,,,,,,,,,,,,,,,,,,,,,,,,,,,,,,,,,,,,,9.0,1.0,0.0,9.0,9.0,187.0,40.0,14.0,1012.0,5.4
2012,Frank Alexander,DE,Oklahoma,6-4,270.0,4.8,,,,,,True,4.0,103.0,frank alexander,DE,2012,frank alexander,100.0,frank alexander,2011.0,DE,,,,,,,,,,,27.0,1.0,0.0,27.0,,,,,,,,,,,,,,,,,,,,,,,,,,,,,,,,,,,,,,,,
2011,Brandyn Thompson,CB,Boise State,5-9,189.0,4.5,33.5,13.0,114.0,6.66,4.12,True,7.0,213.0,brandyn thompson,CB,2011,brandyn thompson,100.0,brandyn thompson,2010.0,CB,,,,,,,,,,,6.7,3.0,0.0,20.0,,,,,,,,,,,,,,,,,,,,,,,,,,,,,,,,,,,,,,,,
2011,Terrence Toliver,WR,LSU,6-3,212.0,4.52,32.0,,122.0,6.48,4.03,False,,,terrence toliver,WR,2011,terrence toliver,100.0,terrence toliver,2010.0,WR,,,,,,,,,,,,,,,,,,,,,,,,,,,,,,,,,,,,,,,,,,,,,42.0,41.0,5.0,579.0,14.1,,,,,
2011,Scott Tolzien,QB,Wisconsin,6-2,212.0,4.92,29.5,,116.0,6.84,4.12,False,,,scott tolzien,QB,2011,scott tolzien,100.0,scott tolzien,2010.0,QB,,,,,,,,,,,,,,,,,,,,,,,,,,,266.0,194.0,6.0,0.729,16.0,2459.0,9.2,,,,,,,,,,,,,,,,,30.0,9.0,0.0,,
2011,Terrance Turner,WR,Indiana,6-2,220.0,4.53,41.0,16.0,128.0,6.77,4.15,False,,,terrance turner,WR,2011,terrance turner,100.0,terrance turner,2010.0,WR,,,,,,,,,,,,,,,,,,,,,,,,,,,,,,,,,,,0.0,2.0,0.0,,,,,,,,38.0,67.0,3.0,681.0,10.2,,,,,
2011,Ryan Whalen,WR,Stanford,6-1,202.0,4.53,38.5,18.0,123.0,6.67,4.09,True,6.0,167.0,ryan whalen,WR,2011,ryan whalen,100.0,ryan whalen,2010.0,WR,,,,,,,,,,,,,,,,,,,,,,,,,,,,,,,,,,,,,,,,,,,,,30.0,41.0,2.0,439.0,10.7,,,,,
2011,Markus White,DE,Florida State,6-3,266.0,4.86,32.5,14.0,117.0,7.25,4.51,True,7.0,224.0,markus white,DE,2011,markus white,100.0,markus white,2009.0,DE,,,,,,,,,,,31.0,1.0,1.0,31.0,,,,,,,,,,,,,,,,,,,,,,,,,,,,,,,,,,,,,,,,
2011,Muhammad Wilkerson,DT,Temple,6-4,315.0,4.96,26.0,27.0,106.0,7.31,4.59,True,1.0,30.0,muhammad wilkerson,DT,2011,muhammad wilkerson,100.0,muhammad wilkerson,2010.0,DT,,,,,,,,,,,,,,,,,,,,,,,,,,,,,,,,,,,,,,,,,,,,,3.0,1.0,0.0,3.0,3.0,,,,,
2011,Deunta Williams,S,North Carolina,6-2,205.0,4.53,,,,,,False,,,deunta williams,S,2011,deunta williams,100.0,deunta williams,2009.0,S,,,,,,,,,,,19.0,6.0,0.0,114.0,,,,,,,,,,,,,,,,,,,,,,,,,,,,,,,,,,,,,,,,
2011,Marshall Williams,WR,Wake Forest,6-1,188.0,4.56,35.5,9.0,123.0,6.61,4.09,False,,,marshall williams,WR,2011,marshall williams,100.0,marshall williams,2010.0,WR,,,,,,,,,,,,,,,,,,,,,,,,,,,3.0,2.0,0.0,0.667,2.0,122.0,40.7,,,,,,,,,,,,38.0,24.0,2.0,272.0,11.3,,,,,
2011,Ryan Winterswyk,DE,Boise State,6-4,268.0,4.96,30.0,18.0,111.0,7.01,4.37,False,,,ryan winterswyk,DE,2011,ryan winterswyk,100.0,ryan winterswyk,2010.0,DE,,,,,,,,,,,0.0,1.0,0.0,0.0,,,,,,,,,,,,,,,,,,,,,,,,,,,,,,,,,,,,,,,,
2011,Shareece Wright,CB,USC,5-11,185.0,4.41,34.5,16.0,113.0,,,True,3.0,89.0,shareece wright,CB,2011,shareece wright,100.0,shareece wright,2009.0,CB,,,,,,,,,,,0.0,1.0,0.0,0.0,,,,,,,,,,,,,,,,,,,,,,,,,,,,,,,,,,,,,,,,
2011,T.J. Yates,QB,North Carolina,6-3,219.0,5.06,29.5,,104.0,6.96,4.12,True,5.0,152.0,tj yates,QB,2011,tj yates,100.0,tj yates,2010.0,QB,,,,,,,,,,,,,,,,,,,,,,,,,,,422.0,282.0,9.0,0.668,19.0,3418.0,8.1,,,,,,,,,,,,,,,,,79.0,24.0,3.0,,
2011,Jimmy Young,WR,TCU,6-0,204.0,4.5,37.0,19.0,115.0,7.08,4.18,False,,,jimmy young,WR,2011,jimmy young,100.0,jimmy young,2010.0,WR,,,,,,,,,,,,,,,,,,,,,,,,,,,,,,,,,,,,,,,,,,,,,45.0,32.0,4.0,486.0,15.2,,,,,
2011,Titus Young,WR,Boise State,5-11,174.0,4.43,,,123.0,,,True,2.0,44.0,titus young,WR,2011,titus young,100.0,titus young,2010.0,WR,,,,,,,,,,,,,,,23.5,53.0,24.0,0.0,564.0,,,,,,,,,,,,,,,7.2,36.0,6.0,0.0,43.0,,,,,,,83.0,71.0,9.0,1215.0,17.1,14.0,38.0,1.0,94.0,6.7
2012,Joe Adams,WR,Arkansas,5-11,179.0,4.51,36.0,,123.0,7.09,,True,4.0,104.0,joe adams,WR,2012,joe adams,100.0,joe adams,2011.0,WR,,,,,,,,,,,,,,,,,,,,,,,,,,,,,,,,,,9.7,69.0,33.0,4.0,321.0,,,,,,,67.0,54.0,3.0,652.0,12.1,10.0,92.0,1.0,139.0,13.9
2011,Tyrod Taylor,QB,Virginia Tech,6-1,217.0,4.47,37.5,,126.0,6.78,4.09,True,6.0,180.0,tyrod taylor,QB,2011,tyrod taylor,100.0,tyrod taylor,2010.0,QB,,,,,,,,,,,,,,,,,,,,,,,,,,,315.0,188.0,5.0,0.597,24.0,2743.0,8.7,,,,,,,,,,,,,,,,,146.0,72.0,5.0,659.0,4.5
2011,Vai Taua,RB,Nevada,5-9,213.0,4.65,34.5,20.0,112.0,6.89,4.18,False,,,vai taua,RB,2011,vai taua,100.0,vai taua,2010.0,RB,,,,,,,,,,,,,,,,,,,,,,,,,,,,,,,,,,,,,,,,,,,,,79.0,18.0,3.0,226.0,12.6,284.0,73.0,19.0,1610.0,5.7
2011,Luke Stocker,TE,Tennessee,6-5,258.0,4.68,33.0,27.0,115.0,7.03,4.4,True,4.0,104.0,luke stocker,TE,2011,luke stocker,100.0,luke stocker,2010.0,TE,,,,,,,,,,,,,,,,,,,,,,,,,,,,,,,,,,,,,,,,,,,,,32.0,39.0,2.0,417.0,10.7,,,,,
2011,Anthony Sherman,FB,Connecticut,5-10,242.0,4.74,32.5,32.0,111.0,7.23,4.41,True,5.0,136.0,anthony sherman,FB,2011,anthony sherman,100.0,anthony sherman,2010.0,FB,,,,,,,,,,,,,,,14.7,26.0,3.0,0.0,44.0,,,,,,,,,,,,,,,,,,,,,,,,,,41.0,11.0,1.0,127.0,11.5,4.0,2.0,0.0,1.0,0.3
2011,DeMarco Sampson,WR,San Diego State,6-2,204.0,4.41,,14.0,,,,True,7.0,249.0,demarco sampson,WR,2011,demarco sampson,100.0,demarco sampson,2010.0,WR,,,,,,,,,,,,,,,,,,,,,,,,,,,,,,,,,,,,,,,,,,,,,71.0,67.0,8.0,1220.0,18.2,4.0,10.0,0.0,11.0,2.8
2011,Jock Sanders,WR,West Virginia,5-6,181.0,4.5,34.5,19.0,121.0,6.78,4.13,False,,,jock sanders,WR,2011,jock sanders,100.0,jock sanders,2010.0,WR,,,,,,,,,,,,,,,24.9,60.0,12.0,0.0,299.0,,,,,,,,1.0,0.0,1.0,0.0,0.0,0.0,0.0,4.1,66.0,21.0,0.0,86.0,,,,,,,48.0,69.0,4.0,728.0,10.6,14.0,31.0,1.0,92.0,6.6
2011,Dane Sanzenbacher,WR,Ohio State,5-11,182.0,4.56,33.5,,118.0,6.46,3.97,False,,,dane sanzenbacher,WR,2011,dane sanzenbacher,100.0,dane sanzenbacher,2010.0,WR,,,,,,,,,,,,,,,,,,,,,,,,,,,,,,,,,,,,,,,,,,,,,65.0,55.0,11.0,948.0,17.2,4.0,12.0,1.0,14.0,3.5
2011,Weslye Saunders,TE,South Carolina,6-5,270.0,4.93,33.5,19.0,116.0,,,False,,,weslye saunders,TE,2011,weslye saunders,100.0,weslye saunders,2009.0,TE,,,,,,,,,,,,,,,,,,,,,,,,,,,,,,,,,,,,,,,,,,,,,30.0,32.0,3.0,353.0,11.0,,,,,
2011,Da'Rel Scott,RB,Maryland,5-11,211.0,4.4,34.0,19.0,117.0,7.15,4.2,True,7.0,221.0,darel scott,RB,2011,darel scott,100.0,darel scott,2010.0,RB,,,,,,,,,,,,,,,16.5,25.0,2.0,0.0,33.0,,,,,,,,1.0,1.0,0.0,1.0,1.0,4.0,4.0,,,,,,,,,,,,71.0,14.0,3.0,170.0,12.1,122.0,91.0,5.0,708.0,5.8
2011,Da'Norris Searcy,S,North Carolina,5-11,223.0,4.55,33.0,27.0,120.0,6.87,4.09,True,4.0,100.0,danorris searcy,S,2011,danorris searcy,100.0,danorris searcy,2010.0,S,,,,,,,,,,,13.3,4.0,1.0,53.0,24.9,45.0,12.0,0.0,299.0,,,,,,,,,,,,,,,4.4,37.0,21.0,0.0,93.0,,,,,,,,,,,,,,,,
2011,Richard Sherman,CB,Stanford,6-3,195.0,4.54,38.0,16.0,125.0,6.82,4.33,True,5.0,154.0,richard sherman,CB,2011,richard sherman,100.0,richard sherman,2010.0,CB,,,,,,,,,,,9.8,4.0,0.0,39.0,16.0,16.0,1.0,0.0,16.0,,,,,,,,,,,,,,,,,,,,,,,,,,,,,,,,,,,
2011,Ricky Stanzi,QB,Iowa,6-4,223.0,4.87,32.5,,110.0,6.95,4.43,True,5.0,135.0,ricky stanzi,QB,2011,ricky stanzi,100.0,ricky stanzi,2010.0,QB,,,,,,,,,,,,,,,,,,,,,,,,,,,345.0,221.0,6.0,0.641,25.0,3004.0,8.7,,,,,,,,,,,,0.0,1.0,0.0,,,48.0,26.0,2.0,,
2011,Aldon Smith,DE,Missouri,6-4,263.0,4.74,34.0,20.0,118.0,7.19,4.5,True,1.0,7.0,aldon smith,DE,2011,aldon smith,100.0,aldon smith,2010.0,DE,,,,,,,,,,,58.0,1.0,0.0,58.0,,,,,,,,,,,,,,,,,,,,,,,,,,,,,,,,,,,,,,,,
2011,Jimmy Smith,CB,Colorado,6-2,211.0,4.42,36.0,24.0,123.0,6.93,4.06,True,1.0,27.0,jimmy smith,CB,2011,jimmy smith,100.0,jimmy smith,2009.0,CB,,,,,,,,,,,5.0,2.0,0.0,10.0,,,,,,,,,,,,,,,,,,,,,,,,,,,,,,,,,,,,,,,,
2011,Lee Smith,TE,Marshall,6-6,266.0,4.94,29.0,25.0,108.0,7.13,4.28,True,5.0,159.0,lee smith,TE,2011,lee smith,100.0,lee smith,2010.0,TE,,,,,,,,,,,,,,,7.0,7.0,1.0,0.0,7.0,,,,,,,,,,,,,,,,,,,,,,,,,,32.0,38.0,3.0,358.0,9.4,,,,,
2011,Torrey Smith,WR,Maryland,6-1,204.0,4.41,41.0,19.0,126.0,6.72,4.13,True,2.0,58.0,torrey smith,WR,2011,torrey smith,100.0,torrey smith,2010.0,WR,,,,,,,,,,,,,,,18.9,33.0,31.0,0.0,585.0,,,,,,,,,,,,,,,0.0,0.0,1.0,0.0,0.0,,,,,,,80.0,67.0,12.0,1055.0,15.7,9.0,9.0,0.0,7.0,0.8
2011,Tyron Smith,OT,USC,6-5,307.0,4.93,,29.0,,,,True,1.0,9.0,tyron smith,OT,2011,tyron smith,100.0,tyron smith,2010.0,OT,,,,,,,,,,,,,,,,,,,,,,,,,,,,,,,,,,,,,,,,,,,,,0.0,1.0,0.0,,,,,,,
2011,Owen Spencer,WR,North Carolina State,6-2,195.0,4.51,37.5,6.0,125.0,6.86,4.18,False,,,owen spencer,WR,2011,owen spencer,100.0,owen spencer,2010.0,WR,,,,,,,,,,,,,,,,,,,,,,,,,,,,,,,,,,,,,,,,,,,,,60.0,60.0,4.0,912.0,15.2,,,,,
2012,Chas Alecxih,DT,Pittsburgh,6-4,296.0,5.31,25.5,19.0,99.0,7.74,4.62,False,,,chas alecxih,DT,2012,chas alecxih,100.0,chas alecxih,2011.0,DT,,,,,,,,,,,47.0,1.0,0.0,47.0,,,,,,,,,,,,,,,,,,,,,,,,,,,,,,,,,,,,,,,,
2012,Dwayne Allen,TE,Clemson,6-3,255.0,4.85,32.0,27.0,110.0,7.12,4.37,True,3.0,64.0,dwayne allen,TE,2012,dwayne allen,100.0,dwayne allen,2011.0,TE,,,,,,,,,,,,,,,,,,,,,,,,,,,,,,,,,,,,,,,,,,,,,54.0,50.0,8.0,598.0,12.0,,,,,
2011,Adrian Clayborn,DE,Iowa,6-3,281.0,4.78,33.0,,113.0,7.3,4.13,True,1.0,20.0,adrian clayborn,DE,2011,adrian clayborn,100.0,adrian clayborn,2009.0,DE,,,,,,,,,,,,,,,,,,,,,,,,,,,,,,,,,,53.0,53.0,1.0,1.0,53.0,,,,,,,,,,,,,,,,
2012,Bryan Anger,P,California,6-4,208.0,4.86,,,,,,True,3.0,70.0,bryan anger,P,2012,bryan anger,100.0,bryan anger,2011.0,P,,,,,,,,,,,,,,,,,,,,,,,,,,,,,,,,,,,,,,,0.0,64.0,53.0,0.0,2345.0,44.2,,,,,,1.0,5.0,0.0,5.0,5.0
2012,Morris Claiborne,CB,LSU,5-11,188.0,4.5,34.5,,118.0,7.01,4.12,True,1.0,6.0,morris claiborne,CB,2012,morris claiborne,100.0,morris claiborne,2011.0,CB,,,,,,,,,,,28.8,6.0,1.0,173.0,25.1,99.0,22.0,1.0,552.0,,,,,,,,,,,,,,,,,,,,,,,,,,,,,,,,,,,
2012,Aaron Corp,QB,Richmond,6-3,215.0,4.61,31.5,,106.0,7.03,4.3,False,,,aaron corp,QB,2012,aaron corp,100.0,aaron corp,2011.0,QB,,,,,,,,,,,,,,,,,,,,,,,,,,,31.0,14.0,1.0,0.452,1.0,193.0,6.2,,,,,,,,,,,,,,,,,1.0,17.0,0.0,17.0,17.0
2012,Kirk Cousins,QB,Michigan State,6-3,214.0,4.84,28.5,,109.0,7.05,4.5,True,4.0,102.0,kirk cousins,QB,2012,kirk cousins,100.0,kirk cousins,2011.0,QB,,,,,,,,,,,,,,,,,,,,,,,,,,,419.0,267.0,10.0,0.637,25.0,3316.0,7.9,,,,,,,,,,,,,,,,,37.0,21.0,0.0,,
2012,Lennon Creer,RB,Louisiana Tech,5-11,219.0,4.67,33.5,21.0,110.0,7.26,4.4,False,,,lennon creer,RB,2012,lennon creer,100.0,lennon creer,2011.0,RB,,,,,,,,,,,,,,,,,,,,,,,,,,,,,,,,,,,,,,,,,,,,,13.0,18.0,1.0,93.0,5.2,198.0,53.0,9.0,838.0,4.2
2012,Juron Criner,WR,Arizona,6-2,224.0,4.66,38.0,17.0,117.0,7.15,4.3,True,5.0,168.0,juron criner,WR,2012,juron criner,100.0,juron criner,2011.0,WR,,,,,,,,,,,,,,,24.0,24.0,1.0,0.0,24.0,,,,,,,,,,,,,,,,,,,,,,,,,,48.0,75.0,11.0,956.0,12.7,1.0,0.0,0.0,0.0,0.0
2012,B.J. Cunningham,WR,Michigan State,6-1,211.0,4.52,31.5,12.0,116.0,7.1,,True,6.0,183.0,bj cunningham,WR,2012,bj cunningham,100.0,bj cunningham,2011.0,WR,,,,,,,,,,,,,,,,,,,,,,,,,,,,,,,,,,,,,,,,,,,,,69.0,79.0,12.0,1306.0,16.5,3.0,24.0,0.0,26.0,8.7
2012,Austin Davis,QB,Southern Miss,6-2,219.0,4.69,31.0,,109.0,6.73,4.11,False,,,austin davis,QB,2012,austin davis,100.0,austin davis,2011.0,QB,,,,,,,,,,,,,,,,,,,,,,,,,,,475.0,286.0,11.0,0.602,30.0,3496.0,7.4,,,,,,,,,,,,10.0,1.0,0.0,8.0,8.0,110.0,35.0,4.0,352.0,3.2
2012,Alfonzo Dennard,CB,Nebraska,5-10,204.0,4.48,37.0,,121.0,,,True,7.0,224.0,alfonzo dennard,CB,2012,alfonzo dennard,100.0,alfonzo dennard,2010.0,CB,,,,,,,,,,,7.8,4.0,1.0,31.0,,,,,,,,,,,,,,,,,,,,,,,,,,,,,,,,,,,,,,,,
2012,Derek Dimke,K,Illinois,5-11,178.0,5.02,,,,,,False,,,derek dimke,K,2012,derek dimke,100.0,derek dimke,2011.0,PK,,,,,,,,,,,,,,,,,,,,12.0,10.0,49.0,0.833,64.0,34.0,34.0,,,,,,,,,,,,,,,,,,,,,,,,1.0,0.0,0.0,,
2012,Patrick Edwards,WR,Houston,5-9,172.0,4.57,,,,,,False,,,patrick edwards,WR,2012,patrick edwards,100.0,patrick edwards,2011.0,WR,,,,,,,,,,,,,,,,,,,,,,,,,,,,,,,,,,6.6,70.0,32.0,1.0,210.0,,,,,,,75.0,89.0,20.0,1752.0,19.7,2.0,15.0,0.0,6.0,3.0
2012,Michael Egnew,TE,Missouri,6-5,252.0,4.52,36.0,21.0,131.0,7.03,4.32,True,3.0,78.0,michael egnew,TE,2012,michael egnew,100.0,michael egnew,2011.0,TE,,,,,,,,,,,,,,,,,,,,,,,,,,,,,,,,,,,,,,,,,,,,,39.0,50.0,3.0,523.0,10.5,3.0,7.0,0.0,8.0,2.7
2012,Rhett Ellison,TE,USC,6-5,251.0,4.78,31.5,,109.0,,,True,4.0,128.0,rhett ellison,TE,2012,rhett ellison,100.0,rhett ellison,2011.0,TE,,,,,,,,,,,,,,,,,,,,,,,,,,,,,,,,,,,,,,,,,,,,,14.0,22.0,2.0,133.0,6.0,1.0,0.0,0.0,,
2012,Coby Fleener,TE,Stanford,6-6,247.0,4.51,,27.0,,,,True,2.0,34.0,coby fleener,TE,2012,coby fleener,100.0,coby fleener,2011.0,TE,,,,,,,,,,,,,,,,,,,,,,,,,,,,,,,,,,,,,,,,,,,,,62.0,34.0,10.0,667.0,19.6,,,,,
2012,Darius Fleming,OLB,Notre Dame,6-2,245.0,4.71,33.5,27.0,114.0,7.03,4.28,True,5.0,165.0,darius fleming,OLB,2012,darius fleming,100.0,darius fleming,2011.0,OLB,,,,,,,,,,,34.0,1.0,0.0,34.0,,,,,,,,,,,,,,,,,,,,,,,,,,,,,,,,,,,,,,,,
2012,Michael Floyd,WR,Notre Dame,6-3,220.0,4.4,36.5,16.0,122.0,,,True,1.0,13.0,michael floyd,WR,2012,michael floyd,100.0,michael floyd,2011.0,WR,,,,,,,,,,,,,,,,,,,,,,,,,,,,,,,,,,6.3,41.0,7.0,0.0,44.0,,,,,,,56.0,100.0,9.0,1147.0,11.5,2.0,10.0,1.0,13.0,6.5
2012,Greg Childs,WR,Arkansas,6-3,219.0,4.52,36.5,19.0,125.0,,,True,4.0,134.0,greg childs,WR,2012,greg childs,100.0,greg childs,2011.0,WR,,,,,,,,,,,,,,,,,,,,,,,,,,,,,,,,,,,,,,,,,,,,,19.0,21.0,0.0,240.0,11.4,,,,,
2012,Orson Charles,TE,Georgia,6-2,251.0,4.73,,35.0,,,,True,4.0,116.0,orson charles,TE,2012,orson charles,100.0,orson charles,2011.0,TE,,,,,,,,,,,,,,,,,,,,,,,,,,,,,,,,,,4.0,4.0,1.0,0.0,4.0,,,,,,,36.0,45.0,5.0,574.0,12.8,,,,,
2012,Drew Butler,P,Georgia,6-1,203.0,5.04,,,,,,False,,,drew butler,P,2012,drew butler,100.0,drew butler,2011.0,P,,,,,,,,,,,,,,,,,,,,,,,,,,,,,,,,,,,,,,,0.0,62.0,58.0,0.0,2566.0,44.2,,,,,,0.0,0.0,0.0,,0.0
2012,Jamie Blatnick,DE,Oklahoma State,6-3,263.0,4.81,32.5,28.0,112.0,7.22,4.2,False,,,jamie blatnick,DE,2012,jamie blatnick,100.0,jamie blatnick,2011.0,DE,,,,,,,,,,,6.0,1.0,0.0,6.0,,,,,,,,,,,,,,,,,,,,,,,,,,,,,,,,,,,,,,,,
2012,Edwin Baker,RB,Michigan State,5-8,204.0,4.44,35.0,20.0,111.0,7.27,4.31,True,7.0,250.0,edwin baker,RB,2012,edwin baker,100.0,edwin baker,2011.0,RB,,,,,,,,,,,,,,,,,,,,,,,,,,,,,,,,,,,,,,,,,,,,,19.0,5.0,1.0,60.0,12.0,170.0,25.0,5.0,665.0,3.9
2012,Mike Ball,RB,Nevada,5-8,206.0,4.54,36.0,21.0,112.0,7.1,4.23,False,,,mike ball,RB,2012,mike ball,100.0,mike ball,2011.0,RB,,,,,,,,,,,,,,,18.8,27.0,5.0,0.0,94.0,,,,,,,,,,,,,,,,,,,,,,,,,,18.0,11.0,2.0,42.0,3.8,135.0,41.0,3.0,704.0,5.2
2012,Vick Ballard,RB,Mississippi State,5-10,219.0,4.59,33.0,23.0,115.0,7.03,4.19,True,5.0,170.0,vick ballard,RB,2012,vick ballard,100.0,vick ballard,2011.0,RB,,,,,,,,,,,,,,,,,,,,,,,,,,,,,,,,,,,,,,,,,,,,,18.0,20.0,1.0,187.0,9.4,193.0,72.0,10.0,1189.0,6.2
2012,Travis Benjamin,WR,Miami (FL),5-10,172.0,4.31,38.0,14.0,119.0,,,True,4.0,100.0,travis benjamin,WR,2012,travis benjamin,100.0,travis benjamin,2011.0,WR,,,,,,,,,,,,,,,23.7,54.0,25.0,0.0,592.0,,,,,,,,,,,,,,,6.1,44.0,20.0,0.0,121.0,,,,,,,77.0,41.0,3.0,609.0,14.9,8.0,9.0,0.0,19.0,2.4
2012,Justin Blackmon,WR,Oklahoma State,6-1,207.0,4.46,,14.0,,,,True,1.0,5.0,justin blackmon,WR,2012,justin blackmon,100.0,justin blackmon,2011.0,WR,,,,,,,,,,,,,,,,,,,,,,,,,,,,,,,,,,0.3,2.0,8.0,0.0,2.0,,,,,,,67.0,121.0,18.0,1522.0,12.6,5.0,6.0,0.0,7.0,1.4
2012,Robert Blanton,CB,Notre Dame,6-1,208.0,4.66,34.0,12.0,116.0,6.71,3.97,True,5.0,139.0,robert blanton,CB,2012,robert blanton,100.0,robert blanton,2011.0,CB,,,,,,,,,,,41.0,2.0,0.0,82.0,,,,,,,,,,,,,,,,,,,,,,,,,,,,,,,,,,,,,,,,
2012,Brandon Bolden,RB,Mississippi,5-11,222.0,4.55,38.0,21.0,119.0,6.96,4.44,False,,,brandon bolden,RB,2012,brandon bolden,100.0,brandon bolden,2011.0,RB,,,,,,,,,,,,,,,,,,,,,,,,,,,2.0,1.0,0.0,0.5,0.0,5.0,2.5,,,,,,,,,,,,34.0,14.0,1.0,147.0,10.5,96.0,38.0,4.0,472.0,4.9
2012,Randy Bullock,K,Texas A&M,5-9,205.0,,,,,,,True,5.0,161.0,randy bullock,K,2012,randy bullock,100.0,randy bullock,2011.0,PK,,,,,,,,,,,,,,,,,,,,33.0,29.0,52.0,0.879,142.0,55.0,55.0,,,,,,,,,,,,,,,,,,,,,,,,,,,,
2012,Omar Bolden,CB,Arizona State,5-10,202.0,4.51,,24.0,,,,True,4.0,101.0,omar bolden,CB,2012,omar bolden,100.0,omar bolden,2010.0,CB,,,,,,,,,,,28.3,3.0,1.0,85.0,29.2,97.0,11.0,1.0,321.0,,,,,,,,,,,,,,,0.0,0.0,1.0,0.0,0.0,,,,,,,,,,,,,,,,
2012,Brandon Boykin,CB,Georgia,5-9,182.0,4.44,,,,,,True,4.0,123.0,brandon boykin,CB,2012,brandon boykin,100.0,brandon boykin,2011.0,CB,,,,,,,,,,,,3.0,0.0,,22.4,60.0,38.0,0.0,850.0,,,,,,,,,,,,,,,5.6,92.0,32.0,1.0,180.0,,,,,,,42.0,5.0,2.0,71.0,14.2,7.0,80.0,1.0,103.0,14.7
2012,LaVon Brazill,WR,Ohio,5-11,192.0,4.43,32.5,11.0,,,,True,6.0,206.0,lavon brazill,WR,2012,lavon brazill,100.0,lavon brazill,2011.0,WR,,,,,,,,,,,,,,,20.0,26.0,2.0,0.0,40.0,,,,,,,,,,,,,,,4.0,37.0,34.0,0.0,137.0,,,,,,,78.0,72.0,11.0,1150.0,16.0,5.0,67.0,1.0,73.0,14.6
2012,Michael Brockers,DT,LSU,6-5,322.0,5.31,26.5,,105.0,7.46,4.81,True,1.0,14.0,michael brockers,DT,2012,michael brockers,100.0,michael brockers,2011.0,DT,,,,,,,,,,,0.0,1.0,0.0,0.0,,,,,,,,,,,,,,,,,,,,,,,,,,,,,,,,,,,,,,,,
2012,Ron Brooks,CB,LSU,5-10,190.0,4.37,38.0,12.0,120.0,,,True,4.0,124.0,ron brooks,CB,2012,ron brooks,100.0,ron brooks,2011.0,CB,,,,,,,,,,,37.0,2.0,2.0,74.0,16.2,18.0,5.0,0.0,81.0,,,,,,,,,,,,,,,,,,,,,,,,,,,,,,,,,,,
2012,Ryan Broyles,WR,Oklahoma,5-10,192.0,4.57,,21.0,,,,True,2.0,54.0,ryan broyles,WR,2012,ryan broyles,100.0,ryan broyles,2011.0,WR,,,,,,,,,,,,,,,,,,,,,,,,,,,,,,,,,,5.4,36.0,36.0,0.0,196.0,,,,,,,64.0,83.0,10.0,1157.0,13.9,1.0,3.0,0.0,3.0,3.0
2011,Greg Salas,WR,Hawaii,6-1,210.0,4.53,37.0,15.0,120.0,6.65,4.1,True,4.0,112.0,greg salas,WR,2011,greg salas,100.0,greg salas,2010.0,WR,,,,,,,,,,,,,,,,,,,,,,,,,,,,,,,,,,,5.0,25.0,0.0,,,,,,,,55.0,119.0,14.0,1889.0,15.9,,,,,
2011,Brandon Saine,RB,Ohio State,5-11,220.0,4.4,34.5,22.0,113.0,6.98,4.25,False,,,brandon saine,RB,2011,brandon saine,100.0,brandon saine,2010.0,RB,,,,,,,,,,,,,,,18.0,18.0,1.0,0.0,18.0,,,,,,,,,,,,,,,,,,,,,,,,,,60.0,23.0,5.0,195.0,8.5,70.0,45.0,2.0,337.0,4.8
2011,Kyle Rudolph,TE,Notre Dame,6-6,259.0,4.83,,,,,,True,2.0,43.0,kyle rudolph,TE,2011,kyle rudolph,100.0,kyle rudolph,2010.0,TE,,,,,,,,,,,,,,,,,,,,,,,,,,,,,,,,,,,,,,,,,,,,,95.0,28.0,3.0,328.0,11.7,,,,,
2011,Jacquizz Rodgers,RB,Oregon State,5-6,196.0,4.59,33.0,,113.0,7.31,4.26,True,5.0,145.0,jacquizz rodgers,RB,2011,jacquizz rodgers,100.0,jacquizz rodgers,2010.0,RB,,,,,,,,,,,,,,,,,,,,,,,,,,,1.0,1.0,0.0,1.0,1.0,11.0,11.0,,,,,,,,,,,,28.0,44.0,3.0,287.0,6.5,256.0,74.0,14.0,1184.0,4.6
2011,Alex Green,RB,Hawaii,6-0,225.0,4.45,34.0,20.0,114.0,6.91,4.15,True,3.0,96.0,alex green,RB,2011,alex green,100.0,alex green,2010.0,RB,,,,,,,,,,,,,,,,,,,,,,,,,,,,,,,,,,,,,,,,,,,,,66.0,27.0,1.0,363.0,13.4,146.0,71.0,18.0,1199.0,8.2
2011,Virgil Green,TE,Nevada,6-3,249.0,4.54,42.5,23.0,130.0,6.9,4.4,True,7.0,204.0,virgil green,TE,2011,virgil green,100.0,virgil green,2010.0,TE,,,,,,,,,,,,,,,,,,,,,,,,,,,,,,,,,,,,,,,,,,,,,48.0,35.0,5.0,515.0,14.7,4.0,11.0,0.0,19.0,4.8
2011,Tori Gurley,WR,South Carolina,6-4,216.0,4.53,33.5,15.0,118.0,7.05,4.25,False,,,tori gurley,WR,2011,tori gurley,100.0,tori gurley,2010.0,WR,,,,,,,,,,,,,,,,,,,,,,,,,,,,,,,,,,,,,,,,,,,,,30.0,44.0,4.0,465.0,10.6,1.0,5.0,0.0,5.0,5.0
2011,Jamel Hamler,WR,Fresno State,6-1,193.0,4.59,32.0,4.0,112.0,7.16,4.18,False,,,jamel hamler,WR,2011,jamel hamler,100.0,jamel hamler,2010.0,WR,,,,,,,,,,,,,,,,,,,,,,,,,,,,,,,,,,10.0,10.0,1.0,0.0,10.0,,,,,,,41.0,54.0,6.0,812.0,15.0,1.0,0.0,0.0,,
2011,Leonard Hankerson,WR,Miami (FL),6-1,209.0,4.4,36.0,14.0,117.0,6.94,4.21,True,3.0,79.0,leonard hankerson,WR,2011,leonard hankerson,100.0,leonard hankerson,2010.0,WR,,,,,,,,,,,,,,,,,,,,,,,,,,,,,,,,,,,,,,,,,,,,,79.0,72.0,13.0,1156.0,16.1,,,,,
2011,Jamie Harper,RB,Clemson,5-11,233.0,4.53,36.5,24.0,120.0,7.16,4.39,True,4.0,130.0,jamie harper,RB,2011,jamie harper,100.0,jamie harper,2010.0,RB,,,,,,,,,,,,,,,8.5,13.0,4.0,0.0,34.0,,,,,,,,1.0,0.0,0.0,0.0,0.0,0.0,0.0,,,,,,,,,,,,40.0,37.0,3.0,320.0,8.6,197.0,63.0,7.0,760.0,3.9
2011,Dwayne Harris,WR,East Carolina,5-10,203.0,4.53,34.0,10.0,111.0,6.77,4.21,True,6.0,176.0,dwayne harris,WR,2011,dwayne harris,100.0,dwayne harris,2010.0,WR,,,,,,,,,,,,,,,20.5,47.0,41.0,0.0,839.0,,,,,,,,3.0,2.0,0.0,0.667,1.0,38.0,12.7,8.5,56.0,26.0,0.0,222.0,,,,,,,76.0,101.0,10.0,1123.0,11.1,16.0,49.0,0.0,104.0,6.5
2011,Stanley Havili,FB,USC,6-0,227.0,4.64,,,,,,True,7.0,240.0,stanley havili,FB,2011,stanley havili,100.0,stanley havili,2010.0,FB,,,,,,,,,,,,,,,,,,,,,,,,,,,,,,,,,,,,,,,,,,,,,58.0,32.0,2.0,396.0,12.4,26.0,59.0,1.0,166.0,6.4
2011,Roy Helu,RB,Nebraska,5-11,219.0,4.4,36.5,11.0,119.0,6.67,4.01,True,4.0,105.0,roy helu,RB,2011,roy helu,100.0,roy helu,2010.0,RB,,,,,,,,,,,,,,,,,,,,,,,,,,,,,,,,,,,,,,,,,,,,,14.0,5.0,0.0,46.0,9.2,188.0,73.0,11.0,1245.0,6.6
2011,Alex Henery,K,Nebraska,6-1,177.0,4.87,,,,,,True,4.0,120.0,alex henery,K,2011,alex henery,100.0,alex henery,2010.0,PK,,,,,,,,,,,,,,,,,,,,19.0,18.0,53.0,0.947,108.0,54.0,54.0,,,,,,,,,,,,,0.0,69.0,69.0,0.0,2982.0,43.2,,,,,,1.0,27.0,0.0,27.0,27.0
2011,Chas Henry,P,Florida,6-3,219.0,4.85,,,,,,False,,,chas henry,P,2011,chas henry,100.0,chas henry,2010.0,P,,,,,,,,,,,,,,,,,,,,11.0,7.0,47.0,0.636,49.0,29.0,28.0,,,,,,,,,,,,,0.0,75.0,50.0,0.0,2253.0,45.1,,,,,,2.0,4.0,0.0,8.0,4.0
2011,Rob Housler,TE,Florida Atlantic,6-5,248.0,4.46,37.0,22.0,117.0,6.9,4.21,True,3.0,69.0,rob housler,TE,2011,rob housler,100.0,rob housler,2010.0,TE,,,,,,,,,,,,,,,,,,,,,,,,,,,,,,,,,,,,,,,,,,,,,56.0,39.0,4.0,629.0,16.1,1.0,38.0,0.0,29.0,29.0
2011,Kendall Hunter,RB,Oklahoma State,5-7,199.0,4.46,35.0,24.0,122.0,6.74,4.21,True,4.0,115.0,kendall hunter,RB,2011,kendall hunter,100.0,kendall hunter,2010.0,RB,,,,,,,,,,,,,,,17.4,23.0,5.0,0.0,87.0,,,,,,,,,,,,,,,,,,,,,,,,,,37.0,20.0,0.0,101.0,5.1,271.0,66.0,16.0,1548.0,5.7
2011,Henry Hynoski,FB,Pittsburgh,6-0,257.0,5.06,30.5,24.0,111.0,,,False,,,henry hynoski,FB,2011,henry hynoski,100.0,henry hynoski,2010.0,FB,,,,,,,,,,,,,,,16.0,16.0,1.0,0.0,16.0,,,,,,,,,,,,,,,,,,,,,,,,,,20.0,25.0,1.0,174.0,7.0,12.0,7.0,0.0,33.0,2.8
2011,Mark Ingram,RB,Alabama,5-9,215.0,4.62,31.5,21.0,118.0,7.13,4.62,True,1.0,28.0,mark ingram,RB,2011,mark ingram,100.0,mark ingram,2010.0,RB,,,,,,,,,,,,,,,19.0,19.0,1.0,0.0,19.0,,,,,,,,,,,,,,,,,,,,,,,,,,78.0,21.0,1.0,282.0,13.4,158.0,54.0,13.0,875.0,5.5
2011,Cameron Graham,TE,Louisville,6-3,244.0,5.0,31.0,18.0,105.0,7.19,4.51,False,,,cameron graham,TE,2011,cameron graham,100.0,cameron graham,2010.0,TE,,,,,,,,,,,,,,,,,,,,,,,,,,,,,,,,,,,,,,,,,,,,,39.0,40.0,5.0,470.0,11.8,,,,,
2011,Marcus Gilchrist,CB,Clemson,5-10,195.0,4.45,38.5,26.0,119.0,6.81,4.12,True,2.0,50.0,marcus gilchrist,CB,2011,marcus gilchrist,100.0,marcus gilchrist,2010.0,CB,,,,,,,,,,,0.0,1.0,0.0,0.0,22.8,76.0,28.0,0.0,639.0,,,,,,,,,,,,,,,6.9,37.0,34.0,0.0,233.0,,,,,,,,,,,,,,,,
2011,Charlie Gantt,TE,Michigan State,6-4,252.0,4.85,30.5,27.0,112.0,7.15,4.4,False,,,charlie gantt,TE,2011,charlie gantt,100.0,charlie gantt,2010.0,TE,,,,,,,,,,,,,,,,,,,,,,,,,,,,,,,,,,,,,,,,,,,,,37.0,24.0,3.0,301.0,12.5,,,,,
2011,Noel Devine,RB,West Virginia,5-7,179.0,4.43,,24.0,,,,False,,,noel devine,RB,2011,noel devine,100.0,noel devine,2010.0,RB,,,,,,,,,,,,,,,15.5,25.0,4.0,0.0,62.0,,,,,,,,,,,,,,,,,,,,,,,,,,48.0,34.0,1.0,258.0,7.6,209.0,50.0,6.0,936.0,4.5
2011,Randall Cobb,WR,Kentucky,5-10,191.0,4.46,33.5,16.0,115.0,7.08,4.34,True,2.0,64.0,randall cobb,WR,2011,randall cobb,100.0,randall cobb,2010.0,WR,,,,,,,,,,,,,,,23.7,40.0,31.0,0.0,736.0,,,,,,,,10.0,5.0,0.0,0.5,3.0,58.0,5.8,5.3,50.0,41.0,1.0,219.0,,,,,,,48.0,84.0,7.0,1017.0,12.1,55.0,73.0,5.0,424.0,7.7
2011,Ryan Colburn,QB,Fresno State,6-3,233.0,5.12,,,,6.84,4.28,False,,,ryan colburn,QB,2011,ryan colburn,100.0,ryan colburn,2010.0,QB,,,,,,,,,,,,,,,,,,,,,,,,,,,360.0,227.0,9.0,0.631,23.0,2817.0,7.8,,,,,,,,,,,,,,,,,95.0,28.0,3.0,75.0,0.8
2011,Graig Cooper,RB,Miami (FL),5-10,205.0,4.6,,18.0,114.0,6.66,4.03,False,,,graig cooper,RB,2011,graig cooper,100.0,graig cooper,2010.0,RB,,,,,,,,,,,,,,,16.8,34.0,12.0,0.0,202.0,,,,,,,,1.0,0.0,0.0,0.0,0.0,0.0,0.0,4.0,13.0,8.0,0.0,32.0,,,,,,,11.0,6.0,0.0,28.0,4.7,35.0,20.0,1.0,165.0,4.7
2011,Vance Cuff,CB,Georgia,5-10,178.0,4.53,36.0,,120.0,6.91,4.09,False,,,vance cuff,CB,2011,vance cuff,100.0,vance cuff,2010.0,CB,,,,,,,,,,,30.0,1.0,1.0,30.0,,,,,,,,,,,,,,,,,,,,,,,,,,,,,,,,,,,,,,,,
2011,Andy Dalton,QB,TCU,6-2,215.0,4.83,29.5,,106.0,6.93,4.27,True,2.0,35.0,andy dalton,QB,2011,andy dalton,100.0,andy dalton,2010.0,QB,,,,,,,,,,,,,,,,,,,,,,,,,,,316.0,209.0,6.0,0.661,27.0,2857.0,9.0,,,,,,0.0,21.0,1.0,0.0,21.0,21.0,,,,,,86.0,47.0,6.0,435.0,5.1
2011,Mark Dell,WR,Michigan State,6-0,193.0,4.54,,14.0,,,,False,,,mark dell,WR,2011,mark dell,100.0,mark dell,2010.0,WR,,,,,,,,,,,,,,,,,,,,,,,,,,,,,,,,,,1.1,8.0,7.0,0.0,8.0,,,,,,,55.0,51.0,6.0,788.0,15.5,,,,,
2011,Ryan Donahue,P,Iowa,6-2,193.0,4.9,,,,,,False,,,ryan donahue,P,2011,ryan donahue,100.0,ryan donahue,2010.0,P,,,,,,,,,,,,,,,,,,,,,,,,,,,,,,,,,,,,,,,0.0,73.0,54.0,0.0,2408.0,44.6,,,,,,1.0,0.0,0.0,,
2011,Blaine Gabbert,QB,Missouri,6-4,234.0,4.61,33.5,,120.0,6.84,4.26,True,1.0,10.0,blaine gabbert,QB,2011,blaine gabbert,100.0,blaine gabbert,2010.0,QB,,,,,,,,,,,,,,,,,,,,,,,,,,,475.0,301.0,9.0,0.634,16.0,3186.0,6.7,,,,,,,,,,,,,,,,,112.0,32.0,5.0,232.0,2.1
2011,Tandon Doss,WR,Indiana,6-2,201.0,4.62,,14.0,,,,True,4.0,123.0,tandon doss,WR,2011,tandon doss,100.0,tandon doss,2010.0,WR,,,,,,,,,,,,,,,24.8,87.0,41.0,0.0,1016.0,,,,,,,,1.0,0.0,0.0,0.0,0.0,0.0,0.0,3.5,12.0,14.0,0.0,49.0,,,,,,,46.0,63.0,7.0,706.0,11.2,28.0,39.0,1.0,163.0,5.8
2011,Ras-I Dowling,CB,Virginia,6-1,198.0,4.4,,19.0,,,,True,2.0,33.0,rasi dowling,CB,2011,rasi dowling,100.0,rasi dowling,2009.0,CB,,,,,,,,,,,23.3,3.0,0.0,70.0,,,,,,,,,,,,,,,,,,,,,,,,,,,,,,,,,,,,,,,,
2011,Ricky Elmore,DE,Arizona,6-4,255.0,4.88,31.5,26.0,106.0,7.25,4.32,True,6.0,197.0,ricky elmore,DE,2011,ricky elmore,100.0,ricky elmore,2010.0,DE,,,,,,,,,,,,,,,1.0,1.0,1.0,0.0,1.0,,,,,,,,,,,,,,,,,,,,,,,,,,,,,,,,,,,
2011,Mario Fannin,RB,Auburn,5-10,231.0,4.37,37.5,21.0,115.0,6.99,4.21,False,,,mario fannin,RB,2011,mario fannin,100.0,mario fannin,2010.0,RB,,,,,,,,,,,,,,,,,,,,,,,,,,,,,,,,,,,,,,,,,,,,,38.0,17.0,2.0,173.0,10.2,61.0,42.0,5.0,395.0,6.5
2011,Kai Forbath,K,UCLA,5-11,197.0,4.78,,,,,,False,,,kai forbath,K,2011,kai forbath,100.0,kai forbath,2010.0,PK,,,,,,,,,,,,,,,,,,,,18.0,13.0,51.0,0.722,66.0,27.0,27.0,,,,,,,,,,,,,,,,,,,,,,,,,,,,
2011,Reid Forrest,P,Washington State,6-0,189.0,4.69,,,,,,False,,,reid forrest,P,2011,reid forrest,100.0,reid forrest,2010.0,P,,,,,,,,,,,,,,,,,,,,,,,,,,,1.0,0.0,0.0,0.0,0.0,0.0,0.0,,,,,,0.0,84.0,66.0,0.0,2998.0,45.4,,,,,,1.0,0.0,0.0,,
2011,Andrew Jackson,OG,Fresno State,6-5,299.0,5.27,28.0,25.0,98.0,7.55,4.65,True,7.0,210.0,andrew jackson,OG,2011,andrew jackson,100.0,andrew jackson,2011.0,LB,,,,,,,,,,,18.0,1.0,0.0,18.0,,,,,,,,,,,,,,,,,,,,,,,,,,,,,,,,,,,,,,,,
2011,Josh Jasper,K,LSU,5-10,174.0,5.06,,,,,,False,,,josh jasper,K,2011,josh jasper,100.0,josh jasper,2010.0,PK,,,,,,,,,,,,,,,,,,,,34.0,28.0,53.0,0.824,120.0,37.0,36.0,,,,,,,,,,,,,0.0,53.0,21.0,0.0,860.0,41.0,,,,,,3.0,29.0,0.0,45.0,15.0
2011,Jerrel Jernigan,WR,Troy,5-9,185.0,4.46,37.5,11.0,124.0,7.07,4.25,True,3.0,83.0,jerrel jernigan,WR,2011,jerrel jernigan,100.0,jerrel jernigan,2010.0,WR,,,,,,,,,,,,,,,25.2,100.0,25.0,1.0,630.0,,,,,,,,7.0,6.0,0.0,0.857,1.0,41.0,5.9,8.3,75.0,37.0,1.0,306.0,,,,,,,70.0,84.0,6.0,822.0,9.8,45.0,55.0,3.0,322.0,7.2
2011,Patrick Peterson,CB,LSU,6-0,219.0,4.31,38.0,15.0,126.0,6.58,4.07,True,1.0,5.0,patrick peterson,CB,2011,patrick peterson,100.0,patrick peterson,2010.0,CB,,,,,,,,,,,33.5,4.0,0.0,134.0,29.1,55.0,32.0,0.0,932.0,,,,,,,,,,,,,,,11.0,87.0,38.0,2.0,418.0,,,,,,,,,,,,,,,,
2011,Denarius Moore,WR,Tennessee,6-0,194.0,4.43,36.0,13.0,118.0,6.78,4.15,True,5.0,148.0,denarius moore,WR,2011,denarius moore,100.0,denarius moore,2010.0,WR,,,,,,,,,,,,,,,16.8,20.0,5.0,0.0,84.0,,,,,,,,,,,,,,,,,,,,,,,,,,64.0,47.0,9.0,981.0,20.9,7.0,58.0,1.0,82.0,11.7
2011,DeMarco Murray,RB,Oklahoma,6-0,213.0,4.37,34.5,21.0,124.0,7.28,4.18,True,3.0,71.0,demarco murray,RB,2011,demarco murray,100.0,demarco murray,2010.0,RB,,,,,,,,,,,,,,,24.9,48.0,10.0,0.0,249.0,,,,,,,,,,,,,,,,,,,,,,,,,,76.0,71.0,5.0,594.0,8.4,282.0,63.0,15.0,1214.0,4.3
2011,Drake Nevis,DT,LSU,6-1,294.0,5.06,30.5,31.0,112.0,7.71,4.65,True,3.0,87.0,drake nevis,DT,2011,drake nevis,100.0,drake nevis,2010.0,DT,,,,,,,,,,,3.0,1.0,0.0,3.0,,,,,,,,,,,,,,,,,,,,,,,,,,,,,,,,,,,,,,,,
2011,Jamar Newsome,WR,Central Florida,6-0,200.0,4.46,38.5,13.0,129.0,6.83,4.22,False,,,jamar newsome,WR,2011,jamar newsome,100.0,jamar newsome,2010.0,WR,,,,,,,,,,,,,,,30.6,70.0,10.0,0.0,306.0,,,,,,,,,,,,,,,,,,,,,,,,,,56.0,37.0,3.0,616.0,16.6,3.0,8.0,1.0,15.0,5.0
2011,Johnny Patrick,CB,Louisville,5-11,191.0,4.59,32.0,13.0,110.0,,4.16,True,3.0,88.0,johnny patrick,CB,2011,johnny patrick,100.0,johnny patrick,2010.0,CB,,,,,,,,,,,19.8,5.0,1.0,99.0,,,,,,,,,,,,,,,,,,,,,,,,,,,,,,,,,,,,,,,,
2011,Niles Paul,WR,Nebraska,6-1,224.0,4.45,34.5,24.0,117.0,6.9,4.14,True,5.0,155.0,niles paul,WR,2011,niles paul,100.0,niles paul,2010.0,WR,,,,,,,,,,,,,,,24.4,100.0,19.0,1.0,464.0,,,,,,,,,,,,,,,7.3,31.0,22.0,0.0,160.0,,,,,,,33.0,39.0,1.0,516.0,13.2,5.0,8.0,0.0,14.0,2.8
2011,Austin Pettis,WR,Boise State,6-3,209.0,4.56,33.5,14.0,120.0,6.68,3.88,True,3.0,78.0,austin pettis,WR,2011,austin pettis,100.0,austin pettis,2010.0,WR,,,,,,,,,,,,,,,,,,,,,,,,,,,4.0,4.0,0.0,1.0,2.0,65.0,16.3,4.0,4.0,1.0,0.0,4.0,,,,,,,58.0,71.0,10.0,951.0,13.4,,,,,
2011,Greg McElroy,QB,Alabama,6-2,220.0,4.84,33.0,,107.0,7.11,4.45,True,7.0,208.0,greg mcelroy,QB,2011,greg mcelroy,100.0,greg mcelroy,2010.0,QB,,,,,,,,,,,,,,,,,,,,,,,,,,,313.0,222.0,5.0,0.709,20.0,2987.0,9.5,,,,,,,,,,,,,,,,,60.0,17.0,1.0,,
2011,Kealoha Pilares,WR,Hawaii,5-10,199.0,4.42,,19.0,,,,True,5.0,132.0,kealoha pilares,WR,2011,kealoha pilares,100.0,kealoha pilares,2010.0,WR,,,,,,,,,,,,,,,,,,,,,,,,,,,,,,,,,,9.3,17.0,3.0,0.0,28.0,,,,,,,80.0,88.0,15.0,1306.0,14.8,,,,,
2011,Christian Ponder,QB,Florida State,6-2,229.0,4.63,34.0,,116.0,6.85,4.09,True,1.0,12.0,christian ponder,QB,2011,christian ponder,100.0,christian ponder,2010.0,QB,,,,,,,,,,,,,,,,,,,,,,,,,,,299.0,184.0,8.0,0.615,20.0,2044.0,6.8,,,,,,,,,,,,,,,,,100.0,18.0,4.0,180.0,1.8
2011,Jerrell Powe,DT,Mississippi,6-2,335.0,5.25,25.0,27.0,93.0,8.17,5.06,True,6.0,199.0,jerrell powe,DT,2011,jerrell powe,100.0,jerrell powe,2009.0,DT,,,,,,,,,,,,,,,,,,,,,,,,,,,,,,,,,,,,,,,,,,,,,,,,,,2.0,0.0,0.0,0.0,0.0
2011,Bilal Powell,RB,Louisville,5-10,207.0,4.51,,18.0,,,,True,4.0,126.0,bilal powell,RB,2011,bilal powell,100.0,bilal powell,2010.0,RB,,,,,,,,,,,,,,,,,,,,,,,,,,,,,,,,,,,,,,,,,,,,,57.0,18.0,3.0,158.0,8.8,229.0,85.0,11.0,1405.0,6.1
2011,Stevan Ridley,RB,LSU,5-11,225.0,4.65,36.0,18.0,118.0,6.78,4.21,True,3.0,73.0,stevan ridley,RB,2011,stevan ridley,100.0,stevan ridley,2010.0,RB,,,,,,,,,,,,,,,,,,,,,,,,,,,,,,,,,,,,,,,,,,,,,18.0,11.0,0.0,61.0,5.5,249.0,65.0,15.0,1147.0,4.6
2011,Aldrick Robinson,WR,SMU,5-10,184.0,4.35,40.0,17.0,126.0,6.65,4.09,True,6.0,178.0,aldrick robinson,WR,2011,aldrick robinson,100.0,aldrick robinson,2010.0,WR,,,,,,,,,,,,,,,15.0,18.0,2.0,0.0,30.0,,,,,,,,,,,,,,,,,,,,,,,,,,82.0,65.0,14.0,1301.0,20.0,,,,,
2011,Andrew McGee,CB,Oklahoma State,5-11,195.0,4.71,34.0,,117.0,,,False,,,andrew mcgee,CB,2011,andrew mcgee,100.0,andrew mcgee,2010.0,CB,,,,,,,,,,,18.0,5.0,0.0,90.0,,,,,,,,,,,,,,,,,,,,,,,,,,,,,,,,,,,,,,,,
2011,DeAndre McDaniel,S,Clemson,6-0,217.0,4.63,35.0,,116.0,,,False,,,deandre mcdaniel,S,2011,deandre mcdaniel,100.0,deandre mcdaniel,2010.0,S,,,,,,,,,,,8.3,4.0,0.0,33.0,,,,,,,,,,,,,,,,,,,,0.0,0.0,1.0,0.0,0.0,,,,,,,,,,,,,,,,
2011,Jeron Johnson,S,Boise State,5-10,212.0,4.51,,23.0,,,,False,,,jeron johnson,S,2011,jeron johnson,100.0,jeron johnson,2010.0,S,,,,,,,,,,,0.0,1.0,0.0,0.0,,,,,,,,,,,,,,,,,,,,8.0,8.0,1.0,0.0,8.0,,,,,,,,,,,,,,,,
2011,Mikel Leshoure,RB,Illinois,6-0,227.0,4.56,38.0,21.0,122.0,6.82,4.4,True,2.0,57.0,mikel leshoure,RB,2011,mikel leshoure,100.0,mikel leshoure,2010.0,RB,,,,,,,,,,,,,,,,,,,,,,,,,,,,,,,,,,,,,,,,,,,,,32.0,17.0,3.0,196.0,11.5,281.0,70.0,17.0,1697.0,6.0
2011,Jerrod Johnson,QB,Texas A&M,6-5,251.0,4.75,29.0,,119.0,7.28,4.31,False,,,jerrod johnson,QB,2011,jerrod johnson,100.0,jerrod johnson,2010.0,QB,,,,,,,,,,,,,,,,,,,,,,,,,,,279.0,158.0,9.0,0.566,14.0,1947.0,7.0,,,,,,,,,,,,,,,,,79.0,17.0,2.0,146.0,1.8
2011,Ronald Johnson,WR,USC,5-11,199.0,4.46,,16.0,,,,True,6.0,182.0,ronald johnson,WR,2011,ronald johnson,100.0,ronald johnson,2010.0,WR,,,,,,,,,,,,,,,21.8,30.0,4.0,0.0,87.0,,,,,,,,,,,,,,,10.1,89.0,31.0,1.0,312.0,,,,,,,53.0,64.0,8.0,692.0,10.8,5.0,10.0,0.0,25.0,5.0
2011,Julio Jones,WR,Alabama,6-3,220.0,4.34,38.5,17.0,135.0,6.66,4.25,True,1.0,6.0,julio jones,WR,2011,julio jones,100.0,julio jones,2010.0,WR,,,,,,,,,,,,,,,25.8,36.0,5.0,0.0,129.0,,,,,,,,,,,,,,,5.5,41.0,8.0,0.0,44.0,,,,,,,68.0,78.0,7.0,1133.0,14.5,8.0,56.0,2.0,135.0,16.9
2011,Colin Kaepernick,QB,Nevada,6-5,233.0,4.53,32.5,,115.0,6.85,4.18,True,2.0,36.0,colin kaepernick,QB,2011,colin kaepernick,100.0,colin kaepernick,2010.0,QB,,,,,,,,,,,,,,,,,,,,,,,,,,,359.0,233.0,8.0,0.649,21.0,3022.0,8.4,,,,,,,,,,,,,,,,,173.0,59.0,20.0,1206.0,7.0
2011,Lance Kendricks,TE,Wisconsin,6-3,243.0,4.65,34.5,25.0,122.0,6.94,4.15,True,2.0,47.0,lance kendricks,TE,2011,lance kendricks,100.0,lance kendricks,2010.0,TE,,,,,,,,,,,,,,,,,,,,,,,,,,,,,,,,,,,,,,,,,,,,,34.0,43.0,5.0,663.0,15.4,2.0,0.0,0.0,,
2011,Jeremy Kerley,WR,TCU,5-9,189.0,4.56,34.5,16.0,120.0,,,True,5.0,153.0,jeremy kerley,WR,2011,jeremy kerley,100.0,jeremy kerley,2010.0,WR,,,,,,,,,,,,,,,27.7,83.0,19.0,0.0,527.0,,,,,,,,2.0,2.0,0.0,1.0,1.0,37.0,18.5,6.9,45.0,56.0,0.0,388.0,,,,,,,50.0,56.0,10.0,575.0,10.3,18.0,19.0,2.0,97.0,5.4
2011,Dion Lewis,RB,Pittsburgh,5-7,193.0,4.56,34.5,17.0,112.0,6.9,4.18,True,5.0,149.0,dion lewis,RB,2011,dion lewis,100.0,dion lewis,2010.0,RB,,,,,,,,,,,,,,,,,,,,,,,,,,,,,,,,,,,,,,,,,,,,,31.0,27.0,0.0,216.0,8.0,219.0,76.0,13.0,1061.0,4.8
2011,Byron Maxwell,CB,Clemson,6-0,202.0,4.43,33.0,24.0,124.0,,,True,6.0,173.0,byron maxwell,CB,2011,byron maxwell,100.0,byron maxwell,2010.0,CB,,,,,,,,,,,0.0,2.0,0.0,0.0,,,,,,,,,,,,,,,,,,,,,,,,,,,,,,,,,,,,,,,,
2011,Greg Little,WR,North Carolina,6-2,231.0,4.51,40.5,27.0,129.0,6.8,4.21,True,2.0,59.0,greg little,WR,2011,greg little,100.0,greg little,2009.0,WR,,,,,,,,,,,,,,,20.2,33.0,11.0,0.0,222.0,,,,,,,,,,,,,,,,,,,,,,,,,,62.0,62.0,5.0,724.0,11.7,29.0,31.0,1.0,166.0,5.7
2011,Jake Locker,QB,Washington,6-2,231.0,4.51,35.0,,120.0,6.77,4.12,True,1.0,8.0,jake locker,QB,2011,jake locker,100.0,jake locker,2010.0,QB,,,,,,,,,,,,,,,,,,,,,,,,,,,332.0,184.0,9.0,0.554,17.0,2265.0,6.8,,,,,,,,,,,,16.0,1.0,0.0,16.0,16.0,114.0,54.0,6.0,385.0,3.4
2011,Jeff Maehl,WR,Oregon,6-1,190.0,4.56,33.5,,115.0,6.42,3.94,False,,,jeff maehl,WR,2011,jeff maehl,100.0,jeff maehl,2010.0,WR,,,,,,,,,,,,,,,,,,,,,,,,,,,,,,,,,,,,,,,,,,,,,81.0,77.0,12.0,1076.0,14.0,1.0,0.0,0.0,,
2011,Ryan Mallett,QB,Arkansas,6-7,253.0,5.37,24.0,,103.0,,,True,3.0,74.0,ryan mallett,QB,2011,ryan mallett,100.0,ryan mallett,2010.0,QB,,,,,,,,,,,,,,,,,,,,,,,,,,,411.0,266.0,12.0,0.647,32.0,3869.0,9.4,,,,,,0.0,43.0,1.0,0.0,43.0,43.0,,,,,,44.0,14.0,4.0,,
2011,Owen Marecic,FB,Stanford,6-0,248.0,4.87,28.5,22.0,102.0,7.1,4.56,True,4.0,124.0,owen marecic,FB,2011,owen marecic,100.0,owen marecic,2010.0,FB,,,,,,,,,,,19.5,2.0,1.0,39.0,,,,,,,,,,,,,,,,,,,,,,,,,,,,,,,15.0,9.0,0.0,75.0,8.3,23.0,6.0,5.0,46.0,2.0
2011,Curtis Marsh,CB,Utah State,6-0,197.0,4.42,37.5,12.0,123.0,6.87,4.07,True,3.0,90.0,curtis marsh,CB,2011,curtis marsh,100.0,curtis marsh,2010.0,CB,,,,,,,,,,,0.0,2.0,0.0,0.0,,,,,,,,,,,,,,,,,,,,,,,,,,,,,,,,,,,,,,,,
2014,Colt Lyerla,TE,Oregon,6-4,242.0,4.61,39.0,15.0,128.0,,,False,,,colt lyerla,TE,2014,colt lyerla,100.0,colt lyerla,2013.0,TE,,,,,,,,,,,,,,,,,,,,,,,,,,,,,,,,,,,,,,,,,,,,,13.0,2.0,0.0,26.0,13.0,3.0,8.0,1.0,17.0,5.7
2014,Jarvis Landry,WR,LSU,5-11,205.0,4.65,28.5,12.0,110.0,,,True,2.0,63.0,jarvis landry,WR,2014,jarvis landry,100.0,jarvis landry,2013.0,WR,,,,,,,,,,,,,,,,,,,,,,,,,,,,,,,,,,0.0,0.0,1.0,0.0,0.0,,,,,,,45.0,77.0,10.0,1193.0,15.5,,,,,
2014,Jordan Lynch,QB,Northern Illinois,6-0,217.0,4.76,29.5,,109.0,6.55,4.2,False,,,jordan lynch,QB,2014,jordan lynch,100.0,jordan lynch,2013.0,QB,,,,,,,,,,,,,,,,,,,,,,,,,,,404.0,253.0,8.0,0.626,24.0,2892.0,7.2,,,,,,0.0,29.0,2.0,0.0,52.0,26.0,17.0,1.0,1.0,17.0,17.0,292.0,61.0,23.0,1920.0,6.6
2017,Jourdan Lewis,CB,Michigan,5-10,188.0,4.54,34.5,15.0,121.0,,,True,3.0,92.0,jourdan lewis,CB,2017,jourdan lewis,100.0,jourdan lewis,2016.0,CB,9.0,0.0,0.0,18.0,0.0,3.5,27.0,,,,0.0,2.0,0.0,0.0,18.1,45.0,7.0,0.0,127.0,,,,,,,,,,,,,,,,0.0,2.0,0.0,,,,,,,,,,,,,,,,,
2017,Nazair Jones,DT,North Carolina,6-5,304.0,5.11,24.5,,101.0,7.93,4.63,True,3.0,102.0,nazair jones,DT,2017,nazair jones,100.0,nazair jones,2016.0,DT,3.0,1.0,2.5,32.0,0.0,9.5,70.0,0.0,0.0,1.0,,,,,,,,,,,,,,,,,,,,,,,,,,,,,,,,,,,,,,,,,,,,
2017,Zay Jones,WR,East Carolina,6-2,201.0,4.45,36.5,15.0,133.0,6.79,4.01,True,2.0,37.0,zay jones,WR,2017,zay jones,100.0,zay jones,2016.0,WR,0.0,0.0,0.0,2.0,0.0,0.0,2.0,,,,,,,,,,,,,,,,,,,,1.0,1.0,0.0,1.0,1.0,2.0,2.0,,,,,,,,,,,,77.0,156.0,8.0,1731.0,11.1,4.0,13.0,0.0,24.0,6.0
2017,Victor Bolden Jr.,WR,Oregon State,5-8,178.0,4.54,32.0,9.0,117.0,6.83,4.22,False,,,victor bolden,WR,2017,victor bolden,100.0,victor bolden,2016.0,WR,0.0,0.0,0.0,0.0,1.0,0.0,0.0,4.0,1.0,0.0,,,,,23.8,99.0,27.0,1.0,642.0,,,,,,,,,,,,,,,4.3,16.0,15.0,0.0,64.0,,,,,,,75.0,46.0,2.0,542.0,11.8,28.0,92.0,2.0,329.0,11.8
2017,Brad Kaaya,QB,Miami (FL),6-4,214.0,,,,,,,True,6.0,215.0,brad kaaya,QB,2017,brad kaaya,100.0,brad kaaya,2016.0,QB,,,,,,,,3.0,1.0,0.0,,,,,,,,,,,,,,,,,421.0,261.0,7.0,0.62,27.0,3532.0,8.4,,,,,,,,,,,,,,,,,37.0,12.0,1.0,,
2017,Alvin Kamara,RB,Tennessee,5-10,214.0,4.56,39.5,15.0,131.0,,,True,3.0,67.0,alvin kamara,RB,2017,alvin kamara,100.0,alvin kamara,2016.0,RB,,,,,,,,5.0,2.0,0.0,,,,,16.0,16.0,1.0,0.0,16.0,,,,,,,,,,,,,,,9.7,32.0,19.0,0.0,184.0,,,,,,,53.0,40.0,4.0,392.0,9.8,103.0,39.0,9.0,596.0,5.8
2017,Damontae Kazee,CB,San Diego State,5-10,184.0,4.54,34.0,11.0,124.0,,,True,5.0,149.0,damontae kazee,CB,2017,damontae kazee,100.0,damontae kazee,2016.0,CB,8.0,0.0,0.0,46.0,1.0,3.0,67.0,1.0,1.0,0.0,22.3,7.0,1.0,156.0,,,,,,,,,,,,,,,,,,,,,,,,,,,,,,,,,,,,,,,,
2017,George Kittle,TE,Iowa,6-4,247.0,4.52,35.0,18.0,132.0,,,True,5.0,146.0,george kittle,TE,2017,george kittle,100.0,george kittle,2016.0,TE,,,,,,,,1.0,0.0,0.0,,,,,,,,,,,,,,,,,,,,,,,,,,,,,,,,,,,51.0,22.0,4.0,314.0,14.3,,,,,
2017,DeShone Kizer,QB,Notre Dame,6-4,233.0,4.83,30.5,,107.0,7.4,4.53,True,2.0,52.0,deshone kizer,QB,2017,deshone kizer,100.0,deshone kizer,2016.0,QB,,,,,,,,5.0,3.0,0.0,,,,,,,,,,,,,,,,,361.0,212.0,9.0,0.587,26.0,2925.0,8.1,,,,,,0.0,37.0,1.0,0.0,37.0,37.0,4.0,1.0,0.0,4.0,4.0,129.0,49.0,8.0,472.0,3.7
2017,Trevor Knight,QB,Texas A&M,6-1,219.0,4.54,35.5,,125.0,7.04,4.14,False,,,trevor knight,QB,2017,trevor knight,100.0,trevor knight,2017.0,QB,,,,,,,,,,,,,,,,,,,,,,,,,,,22.0,13.0,0.0,0.591,2.0,129.0,5.9,,,,,,,,,,,,,,,,,9.0,43.0,0.0,55.0,6.1
2017,Cooper Kupp,WR,East. Washington,6-2,204.0,4.62,31.0,,116.0,6.75,4.08,True,3.0,69.0,cooper kupp,WR,2017,cooper kupp,100.0,cooper kupp,2016.0,WR,,,,,,,,,,,,,,,,,,,,,,,,,,,1.0,1.0,0.0,1.0,0.0,22.0,22.0,,,,,,,,,,,,75.0,12.0,3.0,206.0,17.2,2.0,15.0,0.0,29.0,14.5
2017,Forrest Lamp,OG,Western Kentucky,6-4,309.0,5.0,27.5,34.0,111.0,7.55,4.62,True,2.0,38.0,forrest lamp,OG,2017,forrest lamp,100.0,forrest lamp,2016.0,OL,,,,,,,,,,,,,,,,,,,,,,,,,,,,,,,,,,,,,,,,,,,,,,,,,,1.0,9.0,1.0,9.0,9.0
2017,Ashton Lampkin,CB,Oklahoma State,6-0,189.0,4.52,34.5,19.0,120.0,,,False,,,ashton lampkin,CB,2017,ashton lampkin,100.0,ashton lampkin,2016.0,CB,3.0,0.0,0.0,29.0,0.0,0.0,34.0,0.0,0.0,1.0,1.0,1.0,0.0,1.0,,,,,,,,,,,,,,,,,,,,,,,,,,,,,,,,,,,,,,,,
2017,Jerome Lane,WR,Akron,6-2,226.0,4.6,35.0,16.0,125.0,6.87,4.12,False,,,jerome lane,WR,2017,jerome lane,100.0,jerome lane,2016.0,WR,0.0,0.0,0.0,2.0,0.0,0.0,2.0,2.0,1.0,0.0,,,,,,,,,,,,,,,,,,,,,,,,,,,,,,,,,,,91.0,62.0,6.0,1018.0,16.4,,,,,
2017,Marshon Lattimore,CB,Ohio State,6-0,193.0,4.36,38.5,,132.0,,,True,1.0,11.0,marshon lattimore,CB,2017,marshon lattimore,100.0,marshon lattimore,2016.0,CB,9.0,0.0,0.0,30.0,1.0,1.0,41.0,,,,15.3,4.0,1.0,61.0,,,,,,,,,,,,,,,,,,,,,,,,,,,,,,,,,,,,,,,,
2017,Jordan Leggett,TE,Clemson,6-5,258.0,,33.0,18.0,114.0,7.12,4.33,True,5.0,150.0,jordan leggett,TE,2017,jordan leggett,100.0,jordan leggett,2016.0,TE,0.0,0.0,0.0,1.0,0.0,0.0,1.0,1.0,1.0,0.0,,,,,,,,,,,,,,,,,,,,,,,,,,,,,,,,,,,56.0,46.0,7.0,736.0,16.0,,,,,
2017,Josh Jones,S,North Carolina State,6-1,220.0,4.41,37.5,20.0,132.0,,,True,2.0,61.0,josh jones,S,2017,josh jones,100.0,josh jones,2016.0,S,8.0,0.0,1.0,62.0,0.0,3.5,108.0,0.0,0.0,1.0,11.3,3.0,0.0,34.0,,,,,,,,,,,,,,,,,,,,,,,,,,,,,,,,,,,,,,,,
2017,Cameron Johnston,P,Ohio State,5-11,194.0,4.92,,,,,,False,,,cameron johnston,P,2017,cameron johnston,100.0,cameron johnston,2016.0,P,0.0,1.0,0.0,0.0,0.0,0.0,0.0,,,,,,,,,,,,,,,,,,,,,,,,,,,,,,,,0.0,70.0,56.0,0.0,2614.0,46.7,,,,,,1.0,3.0,0.0,3.0,3.0
2017,Mack Hollins,WR,North Carolina,6-4,221.0,4.53,,,,,,True,4.0,118.0,mack hollins,WR,2017,mack hollins,100.0,mack hollins,2016.0,WR,0.0,0.0,0.0,1.0,0.0,0.0,1.0,,,,,,,,,,,,,,,,,,,,,,,,,,,,,,,,,,,,,,71.0,16.0,4.0,309.0,19.3,,,,,
2017,Treyvon Hester,DT,Toledo,6-2,300.0,,,,,,,True,7.0,244.0,treyvon hester,DT,2017,treyvon hester,100.0,treyvon hester,2016.0,DT,1.0,7.0,5.0,22.0,0.0,8.5,39.0,0.0,0.0,1.0,,,,,,,,,,,,,,,,,,,,,,,,,,,,,,,,,,,,,,,,,,,,
2017,Cole Hikutini,TE,Louisville,6-4,247.0,,,20.0,,,,False,,,cole hikutini,TE,2017,cole hikutini,100.0,cole hikutini,2016.0,TE,,,,,,,,1.0,1.0,0.0,,,,,,,,,,,,,,,,,,,,,,,,,,,,,,,,,,,67.0,50.0,8.0,668.0,13.4,,,,,
2017,Brian Hill,RB,Wyoming,6-1,219.0,4.54,34.0,15.0,125.0,7.03,4.32,True,5.0,156.0,brian hill,RB,2017,brian hill,100.0,brian hill,2016.0,RB,,,,,,,,1.0,0.0,0.0,,,,,27.0,27.0,1.0,0.0,27.0,,,,,,,,,,,,,,,,,,,,,,,,,,19.0,8.0,0.0,67.0,8.4,349.0,66.0,22.0,1860.0,5.3
2017,Delano Hill,S,Michigan,6-1,216.0,4.47,33.5,17.0,115.0,6.96,4.27,True,3.0,95.0,delano hill,S,2017,delano hill,100.0,delano hill,2016.0,S,3.0,1.0,0.0,37.0,1.0,4.5,50.0,,,,12.0,3.0,1.0,36.0,,,,,,,,,,,,,,,,,,,,,,,,,,,,,,,,,,,,,,,,
2017,Bucky Hodges,TE,Virginia Tech,6-6,257.0,4.57,39.0,18.0,134.0,,4.45,True,6.0,201.0,bucky hodges,TE,2017,bucky hodges,100.0,bucky hodges,2016.0,TE,0.0,0.0,0.0,1.0,0.0,0.0,1.0,1.0,1.0,0.0,,,,,,,,,,,,,,,,,,,,,,,,,,,,,,,,,,,42.0,48.0,7.0,691.0,14.4,9.0,15.0,0.0,42.0,4.7
2017,Colin Holba,LS,Louisville,6-4,248.0,5.19,28.0,,115.0,,,True,6.0,213.0,colin holba,LS,2017,colin holba,100.0,colin holba,2016.0,LS,0.0,0.0,0.0,0.0,0.0,0.0,2.0,,,,,,,,,,,,,,,,,,,,,,,,,,,,,,,,,,,,,,,,,,,,,,,
2017,Malik Hooker,S,Ohio State,6-1,206.0,,,,,,,True,1.0,15.0,malik hooker,S,2017,malik hooker,100.0,malik hooker,2016.0,S,4.0,0.0,0.5,43.0,3.0,5.5,74.0,,,,25.9,7.0,3.0,181.0,,,,,,,,,,,,,,,,,,,,,,,,,,,,,,,,,,,,,,,,
2017,Jadar Johnson,S,Clemson,6-0,206.0,4.6,33.0,19.0,119.0,6.9,4.2,False,,,jadar johnson,S,2017,jadar johnson,100.0,jadar johnson,2016.0,S,7.0,0.0,0.0,41.0,0.0,2.0,60.0,,,,8.8,5.0,0.0,44.0,,,,,,,,,,,,,,,,,,,,,,,,,,,,,,,,,,,,,,,,
2017,Bug Howard,WR,North Carolina,6-4,221.0,4.58,37.5,,119.0,6.95,4.14,False,,,bug howard,WR,2017,bug howard,100.0,bug howard,2016.0,WR,,,,,,,,,,,,,,,,,,,,,,,,,,,,,,,,,,,,,,,,,,,,,68.0,53.0,8.0,827.0,15.6,,,,,
2017,O.J. Howard,TE,Alabama,6-6,251.0,4.51,30.0,22.0,121.0,6.85,4.16,True,1.0,19.0,oj howard,TE,2017,oj howard,100.0,oj howard,2016.0,TE,0.0,0.0,0.0,1.0,0.0,0.0,1.0,,,,,,,,,,,,,,,,,,,,,,,,,,,,,,,,,,,,,,68.0,45.0,3.0,595.0,13.2,,,,,
2017,Hayden Hunt,P,Colorado State,6-0,212.0,,,,,,,False,,,hayden hunt,P,2017,hayden hunt,100.0,hayden hunt,2016.0,P,,,,,,,,,,,,,,,,,,,,,,,,,,,1.0,1.0,0.0,1.0,0.0,29.0,29.0,,,,,,0.0,66.0,56.0,0.0,2469.0,44.1,,,,,,1.0,6.0,0.0,6.0,6.0
2017,Kareem Hunt,RB,Toledo,5-10,216.0,4.62,36.5,18.0,119.0,,,True,3.0,86.0,kareem hunt,RB,2017,kareem hunt,100.0,kareem hunt,2016.0,RB,,,,,,,,,,,,,,,,,,,,,,,,,,,,,,,,,,,,,,,,,,,,,71.0,41.0,1.0,403.0,9.8,262.0,47.0,10.0,1475.0,5.6
2017,Rushel Shell III,RB,West Virginia,5-10,227.0,4.74,32.5,21.0,,,,False,,,rushel shell,RB,2017,rushel shell,100.0,rushel shell,2016.0,RB,,,,,,,,1.0,1.0,0.0,,,,,,,,,,,,,,,,,,,,,,,,,,,,,,,,,,,28.0,12.0,0.0,100.0,8.3,113.0,23.0,5.0,514.0,4.5
2017,Danny Isidora,OG,Miami (FL),6-3,306.0,5.03,29.0,26.0,94.0,8.13,4.9,True,5.0,180.0,danny isidora,OG,2017,danny isidora,100.0,danny isidora,2016.0,OL,0.0,0.0,0.0,1.0,0.0,0.0,1.0,,,,,,,,,,,,,,,,,,,,,,,,,,,,,,,,,,,,,,,,,,,,,,,
2017,Mitch Leidner,QB,Minnesota,6-3,226.0,4.93,34.5,,123.0,6.96,4.25,False,,,mitch leidner,QB,2017,mitch leidner,100.0,mitch leidner,2016.0,QB,0.0,0.0,0.0,2.0,0.0,0.0,2.0,2.0,1.0,0.0,,,,,,,,,,,,,,,,,307.0,173.0,12.0,0.564,8.0,2169.0,7.1,,,,,,,,,,,,,,,,,111.0,32.0,10.0,366.0,3.3
2017,Sefo Liufau,QB,Colorado,6-3,232.0,5.08,27.0,,105.0,7.32,4.45,False,,,sefo liufau,QB,2017,sefo liufau,100.0,sefo liufau,2016.0,QB,0.0,0.0,0.0,1.0,0.0,0.0,1.0,7.0,4.0,0.0,,,,,,,,,,,,,,,,,319.0,200.0,6.0,0.627,11.0,2366.0,7.4,,,,,,,,,,,,14.0,1.0,0.0,14.0,14.0,165.0,25.0,8.0,494.0,3.0
2017,Seth Russell,QB,Baylor,6-3,213.0,,,,,,,False,,,seth russell,QB,2017,seth russell,100.0,seth russell,2016.0,QB,0.0,0.0,0.0,1.0,0.0,0.0,1.0,3.0,1.0,0.0,,,,,,,,,,,,,,,,,278.0,152.0,8.0,0.547,20.0,2126.0,7.6,,,,,,0.0,42.0,1.0,0.0,42.0,42.0,,,,,,94.0,50.0,8.0,506.0,5.4
2017,Shalom Luani,S,Washington State,5-11,202.0,4.55,31.0,12.0,116.0,6.87,4.21,True,7.0,221.0,shalom luani,S,2017,shalom luani,100.0,shalom luani,2016.0,S,6.0,2.0,2.0,47.0,0.0,8.5,67.0,1.0,0.0,0.0,27.3,4.0,0.0,109.0,,,,,,,,,,,,,,,,,,,,,,,,,,,,,,,,,,,,,,,,
2017,Zach Pascal,WR,Old Dominion,6-2,219.0,4.55,36.0,14.0,126.0,7.11,4.29,False,,,zach pascal,WR,2017,zach pascal,100.0,zach pascal,2016.0,WR,0.0,0.0,0.0,1.0,0.0,0.0,2.0,1.0,0.0,0.0,,,,,26.3,53.0,12.0,0.0,315.0,,,,,,,,,,,,,,,,,,,,,,,,,,53.0,65.0,9.0,946.0,14.6,23.0,25.0,0.0,145.0,6.3
2017,Samaje Perine,RB,Oklahoma,5-11,233.0,4.65,33.0,30.0,116.0,7.26,4.37,True,4.0,114.0,samaje perine,RB,2017,samaje perine,100.0,samaje perine,2016.0,RB,,,,,,,,2.0,1.0,0.0,,,,,,,,,,,,,,,,,,,,,,,,,,,,,,,,,,,29.0,10.0,1.0,106.0,10.6,196.0,66.0,12.0,1060.0,5.4
2017,Nathan Peterman,QB,Pittsburgh,6-2,226.0,4.82,31.0,,110.0,7.14,4.31,True,5.0,171.0,nathan peterman,QB,2017,nathan peterman,100.0,nathan peterman,2016.0,QB,0.0,0.0,0.0,1.0,0.0,0.0,1.0,7.0,4.0,0.0,,,,,,,,,,,,,,,,,306.0,185.0,7.0,0.605,27.0,2855.0,9.3,,,,,,,,,,,,11.0,1.0,0.0,11.0,11.0,72.0,42.0,3.0,286.0,4.0
2017,Hayden Plinke,TE,Texas-El Paso,6-4,264.0,4.97,28.0,18.0,109.0,7.55,4.59,False,,,hayden plinke,TE,2017,hayden plinke,100.0,hayden plinke,2016.0,TE,0.0,0.0,0.0,2.0,0.0,0.0,2.0,,,,,,,,,,,,,,,,,,,,,,,,,,,,,,,,,,,,,,72.0,38.0,8.0,456.0,12.0,,,,,
2017,Donnel Pumphrey,RB,San Diego State,5-8,176.0,4.48,33.5,5.0,117.0,,,True,4.0,132.0,donnel pumphrey,RB,2017,donnel pumphrey,100.0,donnel pumphrey,2016.0,RB,0.0,0.0,0.0,1.0,0.0,0.0,1.0,2.0,1.0,0.0,,,,,6.0,6.0,1.0,0.0,6.0,,,,,,,,1.0,0.0,0.0,0.0,0.0,0.0,0.0,,,,,,,,,,,,27.0,27.0,0.0,231.0,8.6,349.0,79.0,17.0,2133.0,6.1
2017,James Quick,WR,Louisville,6-0,186.0,4.6,31.0,11.0,115.0,7.0,4.39,False,,,james quick,WR,2017,james quick,100.0,james quick,2016.0,WR,,,,,,,,2.0,1.0,0.0,,,,,,,,,,,,,,,,,,,,,,,,,,,,,,,,,,,72.0,45.0,6.0,769.0,17.1,,,,,
2017,Michael Rector,WR,Stanford,6-0,193.0,4.42,36.5,,129.0,6.77,4.19,False,,,michael rector,WR,2017,michael rector,100.0,michael rector,2016.0,WR,0.0,0.0,0.0,1.0,0.0,0.0,1.0,,,,,,,,9.7,16.0,6.0,0.0,58.0,,,,,,,,,,,,,,,,,,,,,,,,,,44.0,32.0,3.0,367.0,11.5,5.0,56.0,1.0,71.0,14.2
2017,Devine Redding,RB,Indiana,5-8,205.0,4.76,30.5,16.0,116.0,7.18,4.46,False,,,devine redding,RB,2017,devine redding,100.0,devine redding,2016.0,RB,0.0,0.0,0.0,1.0,0.0,0.0,1.0,4.0,2.0,0.0,,,,,,,,,,,,,,,,,,,,,,,,,,,,,,,,,,,19.0,27.0,2.0,146.0,5.4,253.0,36.0,7.0,1122.0,4.4
2017,Josh Reynolds,WR,Texas A&M,6-3,194.0,4.52,37.0,,124.0,6.83,4.13,True,4.0,117.0,josh reynolds,WR,2017,josh reynolds,100.0,josh reynolds,2016.0,WR,0.0,0.0,0.0,2.0,0.0,0.0,2.0,,,,,,,,,,,,,,,,,,,,,,,,,,,,,,,,,,,,,,92.0,61.0,12.0,1039.0,17.0,,,,,
2017,Jalen Robinette,WR,Air Force,6-3,220.0,4.62,31.5,13.0,120.0,6.77,4.46,False,,,jalen robinette,WR,2017,jalen robinette,100.0,jalen robinette,2016.0,WR,0.0,0.0,0.0,2.0,0.0,0.0,2.0,,,,,,,,,,,,,,,,,,,,1.0,0.0,0.0,0.0,0.0,0.0,0.0,,,,,,,,,,,,75.0,35.0,6.0,959.0,27.4,,,,,
2017,Darreus Rogers,WR,USC,6-1,216.0,,26.5,8.0,112.0,7.22,4.54,False,,,darreus rogers,WR,2017,darreus rogers,100.0,darreus rogers,2016.0,WR,0.0,0.0,0.0,1.0,0.0,0.0,1.0,,,,,,,,,,,,,,,,,,,,,,,,,,,,,,,,,,,,,,46.0,56.0,4.0,696.0,12.4,,,,,
2017,Sam Rogers,FB,Virginia Tech,5-10,231.0,4.93,32.0,19.0,114.0,7.27,4.34,True,6.0,206.0,sam rogers,FB,2017,sam rogers,100.0,sam rogers,2016.0,FB,,,,,,,,,,,,,,,15.0,15.0,1.0,0.0,15.0,,,,,,,,1.0,1.0,0.0,1.0,1.0,13.0,13.0,,,,,,,,,,,,52.0,24.0,4.0,301.0,12.5,67.0,32.0,2.0,283.0,4.2
2017,Fred Ross,WR,Mississippi State,6-1,213.0,4.51,35.0,10.0,113.0,6.99,4.28,False,,,fred ross,WR,2017,fred ross,100.0,fred ross,2016.0,WR,0.0,0.0,0.0,1.0,0.0,0.0,1.0,3.0,0.0,0.0,,,,,,,,,,,,,,,,,2.0,2.0,0.0,1.0,1.0,26.0,13.0,5.7,16.0,15.0,0.0,85.0,,,,,,,60.0,72.0,12.0,917.0,12.7,2.0,46.0,0.0,39.0,19.5
2017,John Ross,WR,Washington,5-11,188.0,4.22,37.0,,133.0,,,True,1.0,9.0,john ross,WR,2017,john ross,100.0,john ross,2016.0,WR,0.0,0.0,0.0,0.0,1.0,0.0,0.0,3.0,2.0,1.0,,,,,24.2,92.0,17.0,1.0,411.0,,,,,,,,,,,,,,,,,,,,,,,,,,70.0,81.0,17.0,1150.0,14.2,8.0,32.0,1.0,102.0,12.8
2017,Travis Rudolph,WR,Florida State,6-0,189.0,4.65,31.5,12.0,114.0,6.93,4.46,False,,,travis rudolph,WR,2017,travis rudolph,100.0,travis rudolph,2016.0,WR,0.0,0.0,0.0,1.0,0.0,0.0,1.0,,,,,,,,,,,,,,,,,,,,,,,,,,,,,,,,,,,,,,58.0,56.0,7.0,840.0,15.0,,,,,
2017,Scott Orndoff,TE,Pittsburgh,6-5,253.0,4.84,27.0,17.0,112.0,7.37,4.45,False,,,scott orndoff,TE,2017,scott orndoff,100.0,scott orndoff,2016.0,TE,0.0,0.0,0.0,3.0,0.0,0.0,3.0,,,,,,,,,,,,,,,,,,,,,,,,,,,,,,,,,,,,,,74.0,35.0,5.0,579.0,16.5,,,,,
2017,Dare Ogunbowale,RB,Wisconsin,5-11,213.0,4.65,35.0,14.0,120.0,6.99,4.34,False,,,dare ogunbowale,RB,2017,dare ogunbowale,100.0,dare ogunbowale,2016.0,RB,0.0,0.0,0.0,2.0,0.0,0.0,2.0,,,,,,,,21.3,41.0,10.0,0.0,213.0,,,,,,,,,,,,,,,,,,,,,,,,,,34.0,24.0,1.0,208.0,8.7,91.0,48.0,5.0,506.0,5.6
2017,Bradley Northnagel,LS,California,6-2,243.0,5.3,25.5,,99.0,,,False,,,bradley northnagel,LS,2017,bradley northnagel,100.0,bradley northnagel,2016.0,LS,0.0,0.0,0.0,1.0,0.0,0.0,3.0,,,,,,,,,,,,,,,,,,,,,,,,,,,,,,,,,,,,,,,,,,,,,,,
2017,Elijah McGuire,RB,Louisiana,5-10,214.0,4.53,36.0,15.0,120.0,7.26,4.56,True,6.0,188.0,elijah mcguire,RB,2017,elijah mcguire,100.0,elijah mcguire,2016.0,RB,,,,,,,,1.0,1.0,0.0,,,,,,,,,,,,,,,,,,,,,,,,7.8,25.0,4.0,0.0,31.0,,,,,,,28.0,29.0,2.0,238.0,8.2,232.0,68.0,7.0,1127.0,4.9
2017,Keevan Lucas,WR,Tulsa,5-9,192.0,4.55,32.5,11.0,119.0,7.23,4.43,False,,,keevan lucas,WR,2017,keevan lucas,100.0,keevan lucas,2016.0,WR,0.0,0.0,0.0,1.0,0.0,0.0,1.0,1.0,1.0,0.0,,,,,,,,,,,,,,,,,,,,,,,,,,,,,,,,,,,74.0,81.0,15.0,1180.0,14.6,8.0,15.0,0.0,45.0,5.6
2017,Marlon Mack,RB,South Florida,5-11,213.0,4.5,35.5,15.0,125.0,,,True,4.0,143.0,marlon mack,RB,2017,marlon mack,100.0,marlon mack,2016.0,RB,,,,,,,,4.0,3.0,0.0,,,,,,,,,,,,,,,,,,,,,,,,,,,,,,,,,,,37.0,28.0,0.0,227.0,8.1,174.0,85.0,15.0,1187.0,6.8
2017,Patrick Mahomes,QB,Texas Tech,6-2,225.0,4.8,30.0,,114.0,6.88,4.08,True,1.0,10.0,patrick mahomes,QB,2017,patrick mahomes,100.0,patrick mahomes,2016.0,QB,,,,,,,,6.0,1.0,0.0,,,,,,,,,,,,,,,,,591.0,388.0,10.0,0.657,41.0,5052.0,8.5,,,,,,,,,,,,,,,,,131.0,32.0,12.0,285.0,2.2
2017,Josh Malone,WR,Tennessee,6-3,208.0,4.4,30.5,10.0,121.0,7.05,4.19,True,4.0,128.0,josh malone,WR,2017,josh malone,100.0,josh malone,2016.0,WR,,,,,,,,,,,,,,,,,,,,,,,,,,,,,,,,,,,,,,,,,,,,,67.0,50.0,11.0,972.0,19.4,,,,,
2017,Gabe Marks,WR,Washington State,5-11,189.0,4.56,29.5,11.0,117.0,7.01,4.2,False,,,gabe marks,WR,2017,gabe marks,100.0,gabe marks,2016.0,WR,,,,,,,,,,,,,,,,,,,,,,,,,,,,,,,,,,,,,,,,,,,,,53.0,89.0,13.0,894.0,10.0,2.0,7.0,0.0,6.0,3.0
2017,Christian McCaffrey,RB,Stanford,5-11,202.0,4.48,37.5,10.0,121.0,6.57,4.22,True,1.0,8.0,christian mccaffrey,RB,2017,christian mccaffrey,100.0,christian mccaffrey,2016.0,RB,,,,,,,,1.0,0.0,0.0,,,,,22.7,57.0,14.0,0.0,318.0,,,,,,,,,,,,,,,9.6,33.0,10.0,0.0,96.0,,,,,,,56.0,37.0,3.0,310.0,8.4,253.0,90.0,13.0,1603.0,6.3
2017,Isaiah McKenzie,WR,Georgia,5-7,173.0,4.42,36.0,11.0,123.0,6.64,4.15,True,5.0,172.0,isaiah mckenzie,WR,2017,isaiah mckenzie,100.0,isaiah mckenzie,2016.0,WR,0.0,0.0,0.0,0.0,1.0,0.0,0.0,4.0,2.0,0.0,,,,,12.0,24.0,2.0,0.0,24.0,,,,,,,,,,,,,,,9.8,82.0,25.0,1.0,245.0,,,,,,,77.0,44.0,7.0,633.0,14.4,19.0,55.0,2.0,134.0,7.1
2017,Speedy Noil,WR,Texas A&M,5-11,199.0,,43.5,18.0,133.0,,,False,,,speedy noil,WR,2017,speedy noil,100.0,speedy noil,2016.0,WR,,,,,,,,,,,,,,,20.8,42.0,5.0,0.0,104.0,,,,,,,,,,,,,,,,,,,,,,,,,,48.0,21.0,2.0,325.0,15.5,,,,,
2017,Jeremy McNichols,RB,Boise State,5-9,214.0,4.49,35.5,,121.0,6.93,4.28,True,5.0,162.0,jeremy mcnichols,RB,2017,jeremy mcnichols,100.0,jeremy mcnichols,2016.0,RB,0.0,0.0,0.0,2.0,0.0,0.0,2.0,5.0,2.0,0.0,,,,,18.0,21.0,4.0,0.0,72.0,,,,,,,,,,,,,,,,,,,,,,,,,,76.0,37.0,4.0,474.0,12.8,314.0,80.0,23.0,1709.0,5.4
2017,Obi Melifonwu,S,Connecticut,6-4,224.0,4.4,44.0,17.0,141.0,,,True,2.0,56.0,obi melifonwu,S,2017,obi melifonwu,100.0,obi melifonwu,2016.0,S,3.0,0.0,0.0,73.0,0.0,2.5,118.0,0.0,0.0,1.0,1.5,4.0,0.0,6.0,,,,,,,,,,,,,,,,,,,,,,,,,,,,,,,,,,,,,,,,
2017,Drew Morgan,WR,Arkansas,6-0,190.0,4.74,30.0,10.0,112.0,6.85,4.12,False,,,drew morgan,WR,2017,drew morgan,100.0,drew morgan,2016.0,WR,,,,,,,,2.0,1.0,0.0,,,,,19.3,28.0,3.0,0.0,58.0,,,,,,,,,,,,,,,9.3,33.0,4.0,0.0,37.0,,,,,,,36.0,65.0,3.0,739.0,11.4,4.0,8.0,0.0,8.0,2.0
2017,Avery Moss,DE,Youngstown State,6-3,264.0,4.79,32.5,14.0,114.0,7.25,4.43,True,5.0,167.0,avery moss,DE,2017,avery moss,100.0,avery moss,2016.0,DE,0.0,0.0,0.0,6.0,0.0,0.0,6.0,,,,,,,,,,,,,,,,,,,,,,,,,,,,,,,,,,,,,,,,,,,,,,,
2017,Montae Nicholson,S,Michigan State,6-2,212.0,4.42,35.0,,125.0,,,True,4.0,123.0,montae nicholson,S,2017,montae nicholson,100.0,montae nicholson,2016.0,S,2.0,0.0,0.0,39.0,0.0,2.0,86.0,0.0,0.0,1.0,10.0,1.0,0.0,10.0,,,,,,,,,,,,,,,,,,,,,,,,,,,,,,,,,,,,,,,,
2017,David Njoku,TE,Miami (FL),6-4,246.0,4.64,37.5,21.0,133.0,6.97,4.34,True,1.0,29.0,david njoku,TE,2017,david njoku,100.0,david njoku,2016.0,TE,0.0,0.0,0.0,0.0,0.0,0.0,1.0,,,,,,,,,,,,,,,,,,,,,,,,,,,,,,,,,,,,,,76.0,43.0,8.0,698.0,16.2,,,,,
2017,Trey Hendrickson,DE,Florida Atlantic,6-4,266.0,4.65,33.5,,122.0,7.03,4.2,True,3.0,103.0,trey hendrickson,DE,2017,trey hendrickson,100.0,trey hendrickson,2016.0,DE,2.0,7.0,9.5,25.0,0.0,14.0,50.0,0.0,0.0,1.0,,,,,,,,,,,,,,,,,,,,,,,,,,,,,,,,,,,,,,,,,,,,
2017,Carlos Henderson,WR,Louisiana Tech,5-11,199.0,4.46,36.0,13.0,131.0,7.18,4.35,True,3.0,82.0,carlos henderson,WR,2017,carlos henderson,100.0,carlos henderson,2016.0,WR,0.0,0.0,0.0,1.0,2.0,0.0,1.0,,,,,,,,32.2,92.0,25.0,2.0,805.0,,,,,,,,,,,,,,,,,,,,,,,,,,83.0,82.0,19.0,1535.0,18.7,14.0,35.0,2.0,133.0,9.5
2017,Keon Hatcher,WR,Arkansas,6-1,212.0,4.64,,16.0,,,,False,,,keon hatcher,WR,2017,keon hatcher,100.0,keon hatcher,2016.0,WR,0.0,0.0,1.0,5.0,0.0,1.5,8.0,,,,,,,,20.0,20.0,1.0,0.0,20.0,,,,,,,,,,,,,,,21.0,21.0,1.0,0.0,21.0,,,,,,,73.0,44.0,8.0,743.0,16.9,4.0,6.0,0.0,7.0,1.8
2017,Josh Harvey-Clemons,S,Louisville,6-4,217.0,,31.5,12.0,121.0,,,True,7.0,230.0,josh harveyclemons,S,2017,josh harveyclemons,100.0,josh harveyclemons,2016.0,S,2.0,0.0,1.0,37.0,0.0,3.0,60.0,,,,,,,,,,,,,,,,,,,,,,,,,,,,,,,,,,,,,,,,,,,,,,,
2017,Zach Banner,OG,USC,6-8,353.0,5.58,23.5,22.0,92.0,8.31,5.21,True,4.0,137.0,zach banner,OG,2017,zach banner,100.0,zach banner,2016.0,OT,,,,,,,,,,,,,,,,,,,,,,,,,,,,,,,,,,,,,,,,,,,,,3.0,0.0,0.0,3.0,0.0,,,,,
2017,Derek Barnett,DE,Tennessee,6-3,259.0,4.88,31.0,,117.0,6.96,4.44,True,1.0,14.0,derek barnett,DE,2017,derek barnett,100.0,derek barnett,2016.0,DE,5.0,16.0,13.0,40.0,0.0,19.0,56.0,,,,7.0,1.0,0.0,7.0,,,,,,,,,,,,,,,,,,,,,,,,,,,,,,,,,,,,,,,,
2017,C.J. Beathard,QB,Iowa,6-2,219.0,,31.0,,113.0,,,True,3.0,104.0,cj beathard,QB,2017,cj beathard,100.0,cj beathard,2016.0,QB,,,,,,,,3.0,0.0,0.0,,,,,,,,,,,,,,,,,301.0,170.0,10.0,0.565,17.0,1929.0,6.4,,,,,,0.0,36.0,2.0,0.0,70.0,35.0,,,,,,83.0,15.0,2.0,,
2017,Vince Biegel,OLB,Wisconsin,6-3,246.0,4.67,33.5,21.0,118.0,6.92,4.3,True,4.0,108.0,vince biegel,OLB,2017,vince biegel,100.0,vince biegel,2016.0,OLB,1.0,7.0,4.0,29.0,0.0,6.0,44.0,,,,,,,,,,,,,,,,,,,,,,,,,,,,,,,,,,,,,,,,,,,,,,,
2017,Kendrick Bourne,WR,East. Washington,6-1,203.0,4.68,34.0,9.0,125.0,6.73,4.21,False,,,kendrick bourne,WR,2017,kendrick bourne,100.0,kendrick bourne,2016.0,WR,,,,,,,,,,,,,,,2.0,2.0,1.0,0.0,2.0,,,,,,,,,,,,,,,,,,,,,,,,,,26.0,7.0,0.0,87.0,12.4,1.0,4.0,0.0,4.0,4.0
2017,Tyus Bowser,OLB,Houston,6-3,247.0,4.65,37.5,21.0,127.0,6.75,,True,2.0,47.0,tyus bowser,OLB,2017,tyus bowser,100.0,tyus bowser,2016.0,OLB,4.0,9.0,8.5,27.0,0.0,12.0,47.0,,,,,,,,,,,,,,,,,,,,,,,,,,,,,,,,,,,,,,,,,,,,,,,
2017,Fadol Brown,DE,Mississippi,6-4,273.0,4.94,34.0,19.0,115.0,7.24,4.44,False,,,fadol brown,DE,2017,fadol brown,100.0,fadol brown,2016.0,DE,0.0,1.0,2.5,13.0,0.0,5.5,39.0,,,,,,,,,,,,,,,,,,,,,,,,,,,,,,,,,,,,,,,,,,,,,,,
2017,Noah Brown,WR,Ohio State,6-2,222.0,,,19.0,,7.07,4.33,True,7.0,239.0,noah brown,WR,2017,noah brown,100.0,noah brown,2016.0,DL,1.0,4.0,2.0,9.0,0.0,4.5,24.0,0.0,0.0,1.0,,,,,,,,,,,,,,,,,,,,,,,,,,,,,,,,,,,,,,,,,,,,
2017,Pharaoh Brown,TE,Oregon,6-6,255.0,,34.0,24.0,,,,False,,,pharaoh brown,TE,2017,pharaoh brown,100.0,pharaoh brown,2016.0,TE,,,,,,,,,,,,,,,,,,,,,,,,,,,,,,,,,,,,,,,,,,,,,72.0,33.0,5.0,426.0,12.9,,,,,
2017,Harrison Butker,K,Georgia Tech,6-4,199.0,,,,,,,True,7.0,233.0,harrison butker,K,2017,harrison butker,100.0,harrison butker,2016.0,PK,,,,,,,,,,,,,,,,,,,,17.0,15.0,52.0,0.882,91.0,46.0,46.0,,,,,,,,,,,,,,,,,,,,,,,,,,,,
2017,Jake Butt,TE,Michigan,6-5,246.0,,,,,,,True,5.0,145.0,jake butt,TE,2017,jake butt,100.0,jake butt,2016.0,TE,,,,,,,,1.0,0.0,0.0,,,,,,,,,,,,,,,,,,,,,,,,,,,,,,,,,,,37.0,46.0,4.0,546.0,11.9,,,,,
2017,K.D. Cannon,WR,Baylor,5-11,182.0,4.41,37.0,13.0,119.0,,,False,,,kd cannon,WR,2017,kd cannon,100.0,kd cannon,2016.0,WR,0.0,0.0,0.0,1.0,0.0,0.0,1.0,,,,,,,,,,,,,,,,,,,,,,,,,,,,,,,,,,,,,,68.0,87.0,13.0,1215.0,14.0,,,,,
2017,Josh Carraway,DE,TCU,6-3,242.0,4.74,29.5,25.0,120.0,7.2,4.44,True,7.0,227.0,josh carraway,DE,2017,josh carraway,100.0,josh carraway,2016.0,DE,0.0,5.0,8.0,25.0,0.0,11.0,49.0,,,,,,,,,,,,,,,,,,,,,,,,,,,,,,,,,,,,,,,,,,,,,,,
2017,Chris Carson,RB,Oklahoma State,6-0,218.0,4.58,37.0,23.0,130.0,,,True,7.0,249.0,chris carson,RB,2017,chris carson,100.0,chris carson,2016.0,RB,,,,,,,,1.0,0.0,0.0,,,,,,,,,,,,,,,,,2.0,1.0,0.0,0.5,0.0,24.0,12.0,,,,,,,,,,,,18.0,13.0,1.0,128.0,9.8,82.0,26.0,9.0,559.0,6.8
2017,Toby Baker,P,Arkansas,6-3,210.0,,,,,,,False,,,toby baker,P,2017,toby baker,100.0,toby baker,2016.0,P,0.0,0.0,0.0,1.0,0.0,0.0,1.0,,,,,,,,,,,,,,,,,,,,,,,,,,,,,,,,0.0,60.0,57.0,0.0,2532.0,44.4,,,,,,,,,,
2017,Isaac Asiata,OG,Utah,6-3,323.0,5.34,25.5,35.0,102.0,7.83,4.93,True,5.0,164.0,isaac asiata,OG,2017,isaac asiata,100.0,isaac asiata,2016.0,OL,0.0,0.0,0.0,1.0,0.0,0.0,1.0,,,,,,,,,,,,,,,,,,,,,,,,,,,,,,,,,,,,,,,,,,,0.0,0.0,1.0,0.0,0.0
2017,Quincy Adeboyejo,WR,Mississippi,6-3,197.0,4.42,34.5,8.0,123.0,6.73,4.14,False,,,quincy adeboyejo,WR,2017,quincy adeboyejo,100.0,quincy adeboyejo,2016.0,WR,0.0,0.0,0.0,1.0,0.0,0.0,1.0,,,,,,,,,,,,,,,,,,,,,,,,,,,,,,,,,,,,,,30.0,35.0,1.0,456.0,13.0,,,,,
2016,Stephen Weatherly,OLB,Vanderbilt,6-4,267.0,4.61,31.0,23.0,117.0,,,True,7.0,227.0,stephen weatherly,OLB,2016,stephen weatherly,100.0,stephen weatherly,2014.0,OLB,,,,,,,,,,,,,,,,,,,,,,,,,,,,,,,,,,26.0,26.0,1.0,1.0,26.0,,,,,,,,,,,,,,,,
2016,Shadrach Thornton,RB,North Carolina State,6-0,217.0,4.75,31.0,12.0,116.0,6.85,4.21,False,,,shadrach thornton,RB,2016,shadrach thornton,100.0,shadrach thornton,2015.0,RB,,,,,,,,,,,,,,,,,,,,,,,,,,,,,,,,,,,,,,,,,,,,,,,,,,30.0,39.0,3.0,203.0,6.8
2016,Laquon Treadwell,WR,Mississippi,6-2,221.0,4.52,33.0,12.0,117.0,,,True,1.0,23.0,laquon treadwell,WR,2016,laquon treadwell,100.0,laquon treadwell,2015.0,WR,,,,,,,,,,,,,,,,,,,,,,,,,,,3.0,3.0,0.0,1.0,1.0,134.0,44.7,,,,,,,,,,,,58.0,82.0,11.0,1153.0,14.1,1.0,0.0,0.0,,
2016,Sebastian Tretola,OG,Arkansas,6-4,314.0,5.45,23.5,22.0,90.0,7.94,5.02,True,6.0,193.0,sebastian tretola,OG,2016,sebastian tretola,100.0,sebastian tretola,2014.0,OT,,,,,,,,,,,,,,,,,,,,,,,,,,,1.0,1.0,0.0,1.0,1.0,6.0,6.0,,,,,,,,,,,,,,,,,,,,,
2016,Soma Vainuku,FB,USC,5-11,246.0,4.68,32.0,26.0,108.0,,,False,,,soma vainuku,FB,2016,soma vainuku,100.0,soma vainuku,2015.0,FB,,,,,,,,,,,,,,,,,1.0,0.0,,,,,,,,,,,,,,,,,,,,,,,,,,,,,,,,2.0,3.0,1.0,4.0,2.0
2016,Nick Vannett,TE,Ohio State,6-6,257.0,4.76,30.5,17.0,111.0,7.05,4.2,True,3.0,94.0,nick vannett,TE,2016,nick vannett,100.0,nick vannett,2015.0,TE,,,,,,,,,,,,,,,,,,,,,,,,,,,,,,,,,,,,,,,,,,,,,26.0,19.0,0.0,162.0,8.5,,,,,
2016,Deandre Washington,RB,Texas Tech,5-8,204.0,4.49,34.5,24.0,116.0,7.03,4.2,True,5.0,143.0,deandre washington,RB,2016,deandre washington,100.0,deandre washington,2015.0,RB,,,,,,,,,,,,,,,,,,,,,,,,,,,,,,,,,,,,,,,,,,,,,49.0,41.0,2.0,385.0,9.4,233.0,80.0,14.0,1492.0,6.4
2014,Cody Mandell,P,Alabama,6-2,216.0,4.89,27.0,,109.0,,,False,,,cody mandell,P,2014,cody mandell,100.0,cody mandell,2013.0,P,,,,,,,,,,,,,,,,,,,,,,,,,,,,,,,,,,,,,,,0.0,63.0,39.0,0.0,1836.0,47.1,,,,,,,,,,
2017,Rodney Adams,WR,South Florida,6-1,189.0,4.44,29.5,8.0,125.0,6.98,4.28,True,5.0,170.0,rodney adams,WR,2017,rodney adams,100.0,rodney adams,2016.0,WR,0.0,0.0,0.0,1.0,0.0,0.0,1.0,6.0,3.0,0.0,,,,,24.3,52.0,22.0,0.0,534.0,,,,,,,,,,,,,,,,,,,,,,,,,,84.0,67.0,5.0,822.0,12.3,23.0,92.0,5.0,231.0,10.0
2016,De'Runnya Wilson,WR,Mississippi State,6-5,224.0,4.85,28.0,,113.0,,,False,,,derunnya wilson,WR,2016,derunnya wilson,100.0,derunnya wilson,2015.0,WR,,,,,,,,,,,,,,,,,,,,,,,,,,,,,,,,,,,,,,,,,,,,,63.0,60.0,10.0,918.0,15.3,,,,,
2016,Josh Woodrum,QB,Liberty,6-3,231.0,4.8,31.0,,116.0,6.74,4.31,False,,,josh woodrum,QB,2016,josh woodrum,100.0,josh woodrum,2015.0,QB,,,,,,,,,,,,,,,,,,,,,,,,,,,64.0,46.0,0.0,0.719,1.0,519.0,8.1,,,,,,,,,,,,,,,,,10.0,36.0,0.0,52.0,5.2
2016,Daryl Worley,CB,West Virginia,6-1,204.0,4.64,35.5,14.0,123.0,6.98,4.15,True,3.0,77.0,daryl worley,CB,2016,daryl worley,100.0,daryl worley,2015.0,CB,,,,,,,,,,,0.0,6.0,0.0,0.0,,,,,,,,,,,,,,,,,,,,,,,,,,,,,,,,,,,,,,,,
2016,Anthony Zettel,DT,Penn State,6-4,277.0,4.81,30.5,28.0,109.0,7.63,4.39,True,6.0,202.0,anthony zettel,DT,2016,anthony zettel,100.0,anthony zettel,2014.0,DT,,,,,,,,,,,17.3,3.0,1.0,52.0,,,,,,,,,,,,,,,,,,,,,,,,,,,,,,,,,,,,,,,,
2017,Jamal Adams,S,LSU,6-0,214.0,4.56,31.5,18.0,120.0,6.96,4.13,True,1.0,6.0,jamal adams,S,2017,jamal adams,100.0,jamal adams,2016.0,S,4.0,1.0,1.0,42.0,0.0,7.5,76.0,0.0,0.0,1.0,0.0,1.0,0.0,0.0,,,,,,,,,,,,,,,,,,,,,,,,,,,,,,,,,,,,,,,,
2017,Montravius Adams,DT,Auburn,6-4,304.0,4.87,29.0,22.0,108.0,7.62,4.89,True,3.0,93.0,montravius adams,DT,2017,montravius adams,100.0,montravius adams,2016.0,DT,2.0,15.0,4.5,26.0,0.0,8.5,44.0,0.0,0.0,2.0,7.0,1.0,0.0,7.0,,,,,,,,,,,,,,,,,,,,,,,,,,,,,,,,,,,,,,,,
2017,Cethan Carter,TE,Nebraska,6-3,241.0,4.68,,19.0,,,,False,,,cethan carter,TE,2017,cethan carter,100.0,cethan carter,2016.0,TE,0.0,0.0,0.0,1.0,0.0,0.0,1.0,,,,,,,,,,,,,,,,,,,,,,,,,,,,,,,,,,,,,,33.0,19.0,1.0,190.0,10.0,3.0,16.0,0.0,34.0,11.3
2017,Taco Charlton,DE,Michigan,6-6,277.0,4.92,33.0,25.0,116.0,7.17,4.39,True,1.0,28.0,taco charlton,DE,2017,taco charlton,100.0,taco charlton,2016.0,DE,2.0,8.0,9.5,20.0,0.0,13.0,39.0,,,,,,,,,,,,,,,,,,,,,,,,,,,,,,,,,,,,,,,,,,,,,,,
2017,Jehu Chesson,WR,Michigan,6-3,204.0,4.47,35.5,10.0,132.0,6.7,4.09,True,4.0,139.0,jehu chesson,WR,2017,jehu chesson,100.0,jehu chesson,2016.0,WR,0.0,0.0,0.0,0.0,0.0,0.0,1.0,1.0,1.0,0.0,,,,,,,,,,,,,,,,,,,,,,,,,,,,,,,,,,,40.0,35.0,2.0,500.0,14.3,12.0,17.0,1.0,63.0,5.3
2017,Leonard Fournette,RB,LSU,6-0,240.0,4.51,28.5,,,,,True,1.0,4.0,leonard fournette,RB,2017,leonard fournette,100.0,leonard fournette,2016.0,RB,0.0,0.0,0.0,1.0,0.0,0.0,1.0,3.0,2.0,0.0,,,,,,,,,,,,,,,,,1.0,0.0,0.0,0.0,0.0,0.0,0.0,,,,,,,,,,,,38.0,15.0,0.0,146.0,9.7,129.0,78.0,8.0,843.0,6.5
2017,Evan Engram,TE,Mississippi,6-3,234.0,4.42,36.0,19.0,125.0,6.92,4.23,True,1.0,23.0,evan engram,TE,2017,evan engram,100.0,evan engram,2016.0,TE,,,,,,,,,,,,,,,,,,,,,,,,,,,,,,,,,,,,,,,,,,,,,63.0,65.0,8.0,926.0,14.2,,,,,
2017,Amba Etta-Tawo,WR,Syracuse,6-1,208.0,4.49,31.0,14.0,126.0,6.95,4.32,False,,,amba ettatawo,WR,2017,amba ettatawo,100.0,amba ettatawo,2016.0,WR,0.0,0.0,0.0,2.0,0.0,0.0,2.0,,,,,,,,,,,,,,,,,,,,,,,,,,,,,,,,,,,,,,81.0,94.0,14.0,1482.0,15.8,,,,,
2017,Jerod Evans,QB,Virginia Tech,6-3,232.0,4.8,26.5,,112.0,,4.41,False,,,jerod evans,QB,2017,jerod evans,100.0,jerod evans,2016.0,QB,,,,,,,,10.0,7.0,0.0,,,,,,,,,,,,,,,,,422.0,268.0,8.0,0.635,29.0,3552.0,8.4,,,,,,,,,,,,,,,,,204.0,55.0,12.0,846.0,4.1
2017,Gerald Everett,TE,South Alabama,6-3,239.0,4.62,37.5,22.0,126.0,6.99,4.33,True,2.0,44.0,gerald everett,TE,2017,gerald everett,100.0,gerald everett,2016.0,TE,1.0,0.0,0.0,0.0,0.0,0.0,1.0,1.0,0.0,0.0,,,,,,,,,,,,,,,,,,,,,,,,,,,,,,,,,,,79.0,49.0,4.0,717.0,14.6,,,,,
2017,Isaiah Ford,WR,Virginia Tech,6-1,194.0,4.61,35.5,14.0,127.0,6.94,4.34,True,7.0,237.0,isaiah ford,WR,2017,isaiah ford,100.0,isaiah ford,2016.0,WR,,,,,,,,,,,,,,,,,,,,,,,,,,,1.0,0.0,0.0,0.0,0.0,0.0,0.0,,,,,,,,,,,,53.0,79.0,7.0,1094.0,13.8,6.0,26.0,0.0,33.0,5.5
2017,D'Onta Foreman,RB,Texas,6-0,233.0,,,18.0,,,,True,3.0,89.0,donta foreman,RB,2017,donta foreman,100.0,donta foreman,2016.0,RB,0.0,0.0,0.0,1.0,0.0,0.0,1.0,6.0,6.0,0.0,,,,,,,,,,,,,,,,,,,,,,,,,,,,,,,,,,,21.0,7.0,0.0,75.0,10.7,323.0,74.0,15.0,2028.0,6.3
2017,Wayne Gallman,RB,Clemson,6-0,215.0,4.6,29.5,21.0,120.0,7.17,4.28,True,4.0,140.0,wayne gallman,RB,2017,wayne gallman,100.0,wayne gallman,2016.0,RB,,,,,,,,2.0,2.0,0.0,,,,,,,,,,,,,,,,,,,,,,,,,,,,,,,,,,,18.0,20.0,0.0,152.0,7.6,232.0,59.0,17.0,1133.0,4.9
2017,Ken Ekanem,DE,Virginia Tech,6-3,257.0,4.88,30.5,,115.0,7.38,4.58,False,,,ken ekanem,DE,2017,ken ekanem,100.0,ken ekanem,2016.0,DE,2.0,11.0,7.5,20.0,0.0,10.0,36.0,,,,,,,,,,,,,,,,,,,,,,,,,,,,,,,,,,,,,,,,,,,,,,,
2017,Shelton Gibson,WR,West Virginia,5-11,191.0,4.5,32.0,8.0,118.0,6.83,4.2,True,5.0,166.0,shelton gibson,WR,2017,shelton gibson,100.0,shelton gibson,2016.0,WR,0.0,0.0,0.0,1.0,0.0,0.0,1.0,,,,,,,,21.8,51.0,29.0,0.0,633.0,,,,,,,,,,,,,,,,,,,,,,,,,,71.0,43.0,8.0,951.0,22.1,2.0,25.0,0.0,29.0,14.5
2017,Ryan Glasgow,DT,Michigan,6-3,302.0,5.13,27.5,20.0,105.0,7.55,4.5,True,4.0,138.0,ryan glasgow,DT,2017,ryan glasgow,100.0,ryan glasgow,2016.0,DT,1.0,3.0,4.0,20.0,0.0,10.0,41.0,,,,,,,,,,,,,,,,,,,,,,,,,,,,,,,,,,,,,,,,,,,,,,,
2017,Chris Godwin,WR,Penn State,6-1,209.0,4.42,36.0,19.0,126.0,7.01,4.0,True,3.0,84.0,chris godwin,WR,2017,chris godwin,100.0,chris godwin,2016.0,WR,0.0,0.0,0.0,1.0,0.0,0.0,2.0,,,,,,,,,,,,,,,,,,,,,,,,,,,,,,,,,,,,,,72.0,59.0,11.0,982.0,16.6,1.0,13.0,0.0,13.0,13.0
2017,Kenny Golladay,WR,Northern Illinois,6-4,218.0,4.5,35.5,18.0,120.0,7.0,4.15,True,3.0,96.0,kenny golladay,WR,2017,kenny golladay,100.0,kenny golladay,2016.0,WR,,,,,,,,1.0,1.0,0.0,,,,,,,,,,,,,,,,,,,,,,,,2.0,3.0,2.0,0.0,4.0,,,,,,,49.0,88.0,8.0,1164.0,13.2,20.0,39.0,2.0,192.0,9.6
2017,Zane Gonzalez,K,Arizona State,6-0,202.0,,,,,,,True,7.0,224.0,zane gonzalez,K,2017,zane gonzalez,100.0,zane gonzalez,2016.0,PK,,,,,,,,,,,,,,,,,,,,25.0,23.0,59.0,0.92,108.0,40.0,39.0,,,,,,,,,,,,,,,,,,,,,,,,,,,,
2017,Chad Hansen,WR,California,6-2,202.0,4.53,35.0,11.0,119.0,6.74,4.13,True,4.0,141.0,chad hansen,WR,2017,chad hansen,100.0,chad hansen,2016.0,WR,,,,,,,,,,,,,,,,,,,,,,,,,,,,,,,,,,,,,,,,,,,,,70.0,92.0,11.0,1249.0,13.6,,,,,
2017,Jake Elliott,K,Memphis,5-9,167.0,4.79,,,,,,True,5.0,153.0,jake elliott,K,2017,jake elliott,100.0,jake elliott,2016.0,PK,,,,,,,,,,,,,,,,,,,,26.0,21.0,50.0,0.808,121.0,58.0,58.0,,,,,,,,,,,,,,,,,,,,,,,,,,,,
2017,Travin Dural,WR,LSU,6-1,202.0,4.57,30.5,,116.0,7.29,4.55,False,,,travin dural,WR,2017,travin dural,100.0,travin dural,2016.0,WR,,,,,,,,,,,,,,,,,,,,,,,,,,,,,,,,,,,,,,,,,,,,,21.0,28.0,1.0,280.0,10.0,1.0,0.0,0.0,,
2017,Corey Clement,RB,Wisconsin,5-10,220.0,4.68,28.5,19.0,115.0,,,False,,,corey clement,RB,2017,corey clement,100.0,corey clement,2016.0,RB,0.0,0.0,0.0,0.0,0.0,0.0,1.0,5.0,2.0,0.0,,,,,4.0,4.0,1.0,0.0,4.0,,,,,,,,1.0,0.0,0.0,0.0,0.0,0.0,0.0,14.0,24.0,2.0,0.0,28.0,,,,,,,26.0,12.0,0.0,132.0,11.0,314.0,68.0,15.0,1375.0,4.4
2017,Amara Darboh,WR,Michigan,6-2,214.0,4.45,36.0,17.0,124.0,,,True,3.0,106.0,amara darboh,WR,2017,amara darboh,100.0,amara darboh,2016.0,WR,,,,,,,,,,,,,,,,,,,,,,,,,,,,,,,,,,,,,,,,,,,,,46.0,57.0,7.0,862.0,15.1,,,,,
2017,Tarik Cohen,RB,North Carolina A&T,5-6,179.0,4.42,31.5,11.0,118.0,,,True,4.0,119.0,tarik cohen,RB,2017,tarik cohen,100.0,tarik cohen,2016.0,RB,,,,,,,,1.0,1.0,0.0,,,,,,,,,,,,,,,,,,,,,,,,,,,,,,,,,,,39.0,9.0,0.0,125.0,13.9,28.0,25.0,1.0,149.0,5.3
2017,Stacy Coley,WR,Miami (FL),6-1,195.0,4.45,34.0,10.0,122.0,,,True,7.0,219.0,stacy coley,WR,2017,stacy coley,100.0,stacy coley,2016.0,WR,0.0,0.0,0.0,3.0,0.0,0.0,4.0,,,,,,,,,,,,,,,,,,,,,,,,,,,,,,,,,,,,,,55.0,63.0,9.0,754.0,12.0,,,,,
2017,Gareon Conley,CB,Ohio State,6-0,195.0,4.44,37.0,11.0,129.0,6.68,4.18,True,1.0,24.0,gareon conley,CB,2017,gareon conley,100.0,gareon conley,2016.0,CB,8.0,0.0,0.0,21.0,0.0,0.0,26.0,,,,0.0,4.0,0.0,0.0,,,,,,,,,,,,,,,,,,,,,,,,,,,,,,,,,,,,,,,,
2017,James Conner,RB,Pittsburgh,6-1,233.0,4.65,29.0,20.0,113.0,,,True,3.0,105.0,james conner,RB,2017,james conner,100.0,james conner,2016.0,RB,0.0,0.0,0.0,0.0,0.0,0.0,1.0,1.0,1.0,0.0,,,,,,,,,,,,,,,,,,,,,,,,,,,,,,,,,,,55.0,21.0,4.0,302.0,14.4,216.0,40.0,16.0,1092.0,5.1
2017,Dalvin Cook,RB,Florida State,5-10,210.0,4.49,30.5,22.0,116.0,7.27,4.53,True,2.0,41.0,dalvin cook,RB,2017,dalvin cook,100.0,dalvin cook,2016.0,RB,0.0,0.0,0.0,1.0,0.0,0.0,2.0,6.0,4.0,0.0,,,,,,,,,,,,,,,,,,,,,,,,,,,,,,,,,,,59.0,33.0,1.0,488.0,14.8,288.0,75.0,19.0,1765.0,6.1
2017,Darrell Daniels,TE,Washington,6-3,247.0,4.55,32.0,17.0,116.0,7.09,4.47,False,,,darrell daniels,TE,2017,darrell daniels,100.0,darrell daniels,2016.0,TE,,,,,,,,,,,,,,,,,,,,,,,,,,,,,,,,,,,,,,,,,,,,,50.0,17.0,3.0,307.0,18.1,,,,,
2017,Corey Davis,WR,West. Michigan,6-3,209.0,,,,,,,True,1.0,5.0,corey davis,WR,2017,corey davis,100.0,corey davis,2016.0,WR,0.0,0.0,0.0,1.0,0.0,0.0,1.0,,,,,,,,0.0,0.0,1.0,0.0,0.0,,,,,,,,,,,,,,,,,,,,,,,,,,70.0,97.0,19.0,1500.0,15.5,1.0,0.0,0.0,0.0,0.0
2017,Malachi Dupre,WR,LSU,6-2,196.0,4.52,39.5,11.0,135.0,7.19,4.26,True,7.0,247.0,malachi dupre,WR,2017,malachi dupre,100.0,malachi dupre,2016.0,WR,,,,,,,,,,,,,,,,,,,,,,,,,,,1.0,0.0,0.0,0.0,0.0,0.0,0.0,,,,,,,,,,,,63.0,41.0,3.0,593.0,14.5,,,,,
2017,Robert Davis,WR,Georgia State,6-3,219.0,4.44,41.0,19.0,136.0,6.82,4.28,True,6.0,209.0,robert davis,WR,2017,robert davis,100.0,robert davis,2016.0,WR,0.0,0.0,0.0,1.0,0.0,0.0,1.0,1.0,1.0,0.0,,,,,,,,,,,,,,,,,,,,,,,,,,,,,,,,,,,65.0,67.0,5.0,968.0,14.4,,,,,
2017,Dion Dawkins,OG,Temple,6-4,314.0,5.11,26.0,26.0,106.0,7.3,4.78,True,2.0,63.0,dion dawkins,OG,2017,dion dawkins,100.0,dion dawkins,2016.0,OL,,,,,,,,,,,,,,,,,,,,,,,,,,,,,,,,,,,,,,,,,,,,,,,,,,0.0,4.0,0.0,4.0,0.0
2017,Matthew Dayes,RB,North Carolina State,5-9,205.0,4.47,28.0,18.0,109.0,,,True,7.0,252.0,matthew dayes,RB,2017,matthew dayes,100.0,matthew dayes,2016.0,RB,0.0,0.0,0.0,3.0,0.0,0.0,3.0,3.0,3.0,0.0,,,,,,,,,,,,,,,,,,,,,,,,,,,,,,,,,,,38.0,32.0,0.0,267.0,8.3,249.0,54.0,10.0,1166.0,4.7
2017,Treston DeCoud,CB,Oregon State,6-2,206.0,4.62,31.0,11.0,116.0,,,True,5.0,169.0,treston decoud,CB,2017,treston decoud,100.0,treston decoud,2016.0,CB,10.0,0.0,0.0,46.0,0.0,2.0,58.0,,,,44.0,2.0,0.0,88.0,,,,,,,,,,,,,,,,,,,,,,,,,,,,,,,,,,,,,,,,
2017,Joshua Dobbs,QB,Tennessee,6-3,216.0,4.64,33.0,,122.0,6.75,4.31,True,4.0,135.0,joshua dobbs,QB,2017,joshua dobbs,100.0,joshua dobbs,2016.0,QB,,,,,,,,10.0,4.0,0.0,,,,,,,,,,,,,,,,,357.0,225.0,12.0,0.63,27.0,2946.0,8.3,,,,,,,,,,,,4.0,1.0,1.0,4.0,4.0,150.0,70.0,12.0,831.0,5.5
2017,Rasul Douglas,CB,West Virginia,6-2,209.0,4.59,33.5,16.0,120.0,6.97,4.26,True,3.0,99.0,rasul douglas,CB,2017,rasul douglas,100.0,rasul douglas,2016.0,CB,8.0,0.0,1.0,49.0,1.0,3.5,70.0,,,,12.6,8.0,1.0,101.0,,,,,,,,,,,,,,,,,,,,,,,,,,,,,,,,,,,,,,,,
2017,Cooper Rush,QB,Central Michigan,6-3,228.0,4.93,27.0,,105.0,7.23,4.47,False,,,cooper rush,QB,2017,cooper rush,100.0,cooper rush,2016.0,QB,,,,,,,,6.0,2.0,0.0,,,,,,,,,,,,,,,,,465.0,278.0,16.0,0.598,23.0,3540.0,7.6,,,,,,,,,,,,1.0,1.0,0.0,1.0,1.0,68.0,29.0,1.0,,
2017,Artavis Scott,WR,Clemson,5-10,193.0,4.61,31.0,13.0,116.0,7.19,4.49,False,,,artavis scott,WR,2017,artavis scott,100.0,artavis scott,2016.0,WR,0.0,0.0,0.0,4.0,0.0,0.0,5.0,2.0,0.0,0.0,,,,,23.3,77.0,23.0,0.0,535.0,,,,,,,,,,,,,,,5.9,28.0,10.0,0.0,59.0,,,,,,,28.0,75.0,5.0,614.0,8.2,7.0,5.0,0.0,11.0,1.6
2016,Kelvin Taylor,RB,Florida,5-10,207.0,4.6,32.0,15.0,113.0,,,True,6.0,211.0,kelvin taylor,RB,2016,kelvin taylor,100.0,kelvin taylor,2015.0,RB,,,,,,,,,,,,,,,,,,,,,,,,,,,,,,,,,,,,,,,,,,,,,43.0,17.0,0.0,150.0,8.8,259.0,53.0,13.0,1035.0,4.0
2018,Richie James,WR,Middle Tennessee State,5-10,183.0,4.48,35.5,6.0,122.0,6.87,4.16,True,7.0,240.0,richie james,WR,2018,richie james,100.0,richie james,2017.0,WR,,,,,,,,1.0,0.0,0.0,,,,,,,,,,,,,,,,,1.0,0.0,0.0,0.0,0.0,0.0,0.0,5.3,20.0,7.0,0.0,37.0,,,,,,,31.0,31.0,3.0,290.0,9.4,10.0,22.0,0.0,57.0,5.7
2018,Derrius Guice,RB,LSU,5-10,224.0,4.49,31.5,15.0,,,,True,2.0,59.0,derrius guice,RB,2018,derrius guice,100.0,derrius guice,2017.0,RB,0.0,0.0,0.0,1.0,0.0,0.0,1.0,1.0,0.0,0.0,,,,,,,,,,,,,,,,,,,,,,,,,,,,,,,,,,,20.0,18.0,2.0,124.0,6.9,237.0,59.0,11.0,1251.0,5.3
2018,Grant Haley,CB,Penn State,5-9,190.0,4.44,34.0,15.0,119.0,6.51,3.94,False,,,grant haley,CB,2018,grant haley,100.0,grant haley,2017.0,CB,9.0,2.0,2.0,27.0,0.0,3.0,40.0,0.0,0.0,1.0,23.0,2.0,0.0,46.0,,,,,,,,,,,,,,,,,,,,,,,,,,,,,,,,,,,,,,,,
2018,Daesean Hamilton,WR,Penn State,6-1,203.0,,34.5,,118.0,6.84,4.15,True,4.0,113.0,daesean hamilton,WR,2018,daesean hamilton,100.0,daesean hamilton,2017.0,WR,,,,,,,,,,,,,,,,,,,,,,,,,,,,,,,,,,,,,,,,,,,,,48.0,53.0,9.0,857.0,16.2,1.0,2.0,0.0,2.0,2.0
2018,Taylor Hearn,OG,Clemson,6-4,320.0,5.45,24.0,18.0,96.0,7.84,4.8,False,,,taylor hearn,OG,2018,taylor hearn,100.0,taylor hearn,2017.0,G,,,,,,,,,,,,,,,,,,,,,,,,,,,,,,,,,,,,,,,,,,,,,,,,,,0.0,12.0,0.0,12.0,0.0
2018,Quadree Henderson,WR,Pittsburgh,5-8,192.0,4.5,32.5,12.0,120.0,6.89,4.28,False,,,quadree henderson,WR,2018,quadree henderson,100.0,quadree henderson,2017.0,WR,0.0,0.0,0.0,0.0,2.0,0.0,0.0,1.0,1.0,0.0,,,,,21.0,36.0,25.0,0.0,524.0,,,,,,,,,,,,,,,11.6,80.0,21.0,2.0,243.0,,,,,,,74.0,17.0,0.0,186.0,10.9,36.0,26.0,0.0,249.0,6.9
2018,Kyle Hicks,RB,TCU,5-10,204.0,4.63,36.5,13.0,122.0,,,False,,,kyle hicks,RB,2018,kyle hicks,100.0,kyle hicks,2017.0,RB,,,,,,,,1.0,1.0,0.0,,,,,,,,,,,,,,,,,,,,,,,,,,,,,,,,,,,62.0,30.0,1.0,291.0,9.7,139.0,41.0,4.0,637.0,4.6
2018,B.J. Hill,DT,North Carolina State,6-4,311.0,4.99,26.5,35.0,101.0,7.28,4.53,True,3.0,69.0,bj hill,DT,2018,bj hill,100.0,bj hill,2017.0,DT,3.0,2.0,2.0,18.0,0.0,3.5,55.0,,,,,,,,,,,,,,,,,,,,,,,,,,,,,,,,,,,,,,,,,,,,,,,
2018,Nyheim Hines,RB,North Carolina State,5-8,198.0,4.38,35.5,,119.0,7.18,4.35,True,4.0,104.0,nyheim hines,RB,2018,nyheim hines,100.0,nyheim hines,2017.0,RB,0.0,0.0,0.0,1.0,1.0,0.0,1.0,4.0,1.0,0.0,,,,,22.3,50.0,21.0,0.0,469.0,,,,,,,,,,,,,,,11.3,92.0,12.0,1.0,135.0,,,,,,,28.0,26.0,0.0,152.0,5.8,197.0,83.0,12.0,1112.0,5.6
2018,Jalyn Holmes,DE,Ohio State,6-5,283.0,4.82,32.0,25.0,,,,True,4.0,102.0,jalyn holmes,DE,2018,jalyn holmes,100.0,jalyn holmes,2017.0,DE,3.0,2.0,2.0,18.0,0.0,3.0,30.0,,,,,,,,,,,,,,,,,,,,,,,,,,,,,,,,,,,,,,,,,,,,,,,
2018,Sam Hubbard,DE,Ohio State,6-5,270.0,,35.0,,116.0,6.84,4.32,True,3.0,77.0,sam hubbard,DE,2018,sam hubbard,100.0,sam hubbard,2017.0,DE,0.0,3.0,7.0,27.0,0.0,13.5,42.0,,,,,,,,,,,,,,,,,,,,,,,,,,,,,,,,,,,,,,,,,,,,,,,
2018,Hayden Hurst,TE,South Carolina,6-4,250.0,4.67,31.5,,120.0,7.19,4.37,True,1.0,25.0,hayden hurst,TE,2018,hayden hurst,100.0,hayden hurst,2017.0,TE,0.0,0.0,0.0,1.0,0.0,0.0,2.0,,,,,,,,,,,,,,,,,,,,1.0,0.0,0.0,0.0,0.0,0.0,0.0,,,,,,,,,,,,62.0,44.0,2.0,559.0,12.7,9.0,13.0,1.0,30.0,3.3
2018,Godwin Igwebuike,S,Northwestern,6-0,205.0,4.44,35.5,19.0,128.0,6.56,4.12,False,,,godwin igwebuike,S,2018,godwin igwebuike,100.0,godwin igwebuike,2017.0,S,9.0,1.0,0.0,51.0,0.0,1.5,78.0,,,,3.0,2.0,0.0,6.0,,,,,,,,,,,,,,,,,,,,,,,,,,,,,,,,,,,,,,,,
2018,Darren Carrington II,WR,Utah,6-2,199.0,,36.0,,120.0,,,False,,,darren carrington,WR,2018,darren carrington,100.0,darren carrington,2017.0,WR,0.0,0.0,0.0,2.0,0.0,0.0,2.0,2.0,1.0,0.0,,,,,,,,,,,,,,,,,1.0,0.0,0.0,0.0,0.0,0.0,0.0,,,,,,,,,,,,46.0,70.0,6.0,980.0,14.0,,,,,
2018,Joel Iyiegbuniwe,LB,Western Kentucky,6-1,229.0,4.6,35.0,19.0,117.0,7.06,4.28,True,4.0,115.0,joel iyiegbuniwe,LB,2018,joel iyiegbuniwe,100.0,joel iyiegbuniwe,2017.0,LB,1.0,2.0,2.0,54.0,0.0,11.5,117.0,0.0,0.0,1.0,,,,,,,,,,,,,,,,,,,,,,,,,,,,,,,,,,,,,,,,,,,,
2018,Ryan Izzo,TE,Florida State,6-5,256.0,4.94,33.0,18.0,110.0,7.15,4.43,True,7.0,250.0,ryan izzo,TE,2018,ryan izzo,100.0,ryan izzo,2017.0,TE,0.0,0.0,0.0,1.0,0.0,0.0,1.0,,,,,,,,,,,,,,,,,,,,,,,,,,,,,,,,,,,,,,60.0,20.0,3.0,317.0,15.9,,,,,
2018,Davon Grayson,WR,East Carolina,6-1,199.0,4.51,34.5,19.0,124.0,,,False,,,davon grayson,WR,2018,davon grayson,100.0,davon grayson,2017.0,WR,,,,,,,,,,,,,,,24.5,29.0,2.0,0.0,49.0,,,,,,,,,,,,,,,,,,,,,,,,,,75.0,59.0,6.0,886.0,15.0,6.0,12.0,0.0,40.0,6.7
2018,Dallas Goedert,TE,South Dakota State,6-5,256.0,,,23.0,,,,True,2.0,49.0,dallas goedert,TE,2018,dallas goedert,100.0,dallas goedert,2016.0,TE,,,,,,,,,,,,,,,,,,,,,,,,,,,,,,,,,,,,,,,,,,,,,35.0,5.0,1.0,96.0,19.2,,,,,
2018,Mike Gesicki,TE,Penn State,6-5,247.0,4.54,41.5,22.0,129.0,6.76,4.1,True,2.0,42.0,mike gesicki,TE,2018,mike gesicki,100.0,mike gesicki,2017.0,TE,0.0,0.0,0.0,1.0,0.0,0.0,1.0,,,,,,,,,,,,,,,,,,,,,,,,,,,,,,,,,,,,,,35.0,57.0,9.0,563.0,9.9,,,,,
2018,Riley Ferguson,QB,Memphis,6-3,212.0,4.98,29.0,,110.0,6.96,4.4,False,,,riley ferguson,QB,2018,riley ferguson,100.0,riley ferguson,2017.0,QB,0.0,0.0,0.0,0.0,0.0,0.0,1.0,2.0,1.0,0.0,,,,,,,,,,,,,,,,,474.0,299.0,9.0,0.631,38.0,4257.0,9.0,,,,,,0.0,32.0,1.0,0.0,32.0,32.0,,,,,,54.0,15.0,6.0,22.0,0.4
2018,Terrell Edmunds,S,Virginia Tech,6-2,220.0,4.47,41.5,,134.0,,,True,1.0,28.0,terrell edmunds,S,2018,terrell edmunds,100.0,terrell edmunds,2017.0,S,4.0,1.0,1.5,30.0,0.0,2.5,60.0,,,,35.0,2.0,0.0,70.0,,,,,,,,,,,,,,,,,,,,,,,,,,,,,,,,,,,,,,,,
2018,Tremaine Edmunds,LB,Virginia Tech,6-5,253.0,4.54,,19.0,117.0,,,True,1.0,16.0,tremaine edmunds,LB,2018,tremaine edmunds,100.0,tremaine edmunds,2017.0,LB,2.0,4.0,5.5,60.0,0.0,14.0,109.0,,,,,,,,,,,,,,,,,,,,,,,,,,,,,,,,,,,,,,,,,,,,,,,
2018,Danny Etling,QB,LSU,6-2,222.0,4.76,30.5,,114.0,7.09,4.37,True,7.0,219.0,danny etling,QB,2018,danny etling,100.0,danny etling,2017.0,QB,0.0,0.0,0.0,0.0,0.0,0.0,1.0,1.0,0.0,0.0,,,,,,,,,,,,,,,,,275.0,165.0,2.0,0.6,16.0,2463.0,9.0,,,,,,,,,,,,,,,,,72.0,19.0,2.0,128.0,1.8
2018,Rashaan Evans,LB,Alabama,6-3,232.0,,30.0,,116.0,6.95,4.36,True,1.0,22.0,rashaan evans,LB,2018,rashaan evans,100.0,rashaan evans,2017.0,LB,3.0,7.0,6.0,35.0,0.0,13.0,74.0,0.0,0.0,1.0,,,,,,,,,,,,,,,,,,,,,,,,,,,,,,,,,,,,,,,,,,,,
2018,Brandon Facyson,CB,Virginia Tech,6-2,197.0,4.53,,16.0,,,,False,,,brandon facyson,CB,2018,brandon facyson,100.0,brandon facyson,2017.0,CB,5.0,0.0,0.0,14.0,0.0,2.0,19.0,,,,,,,,,,,,,,,,,,,,,,,,,,,,,,,,,,,,,,,,,,,,,,,
2018,Luke Falk,QB,Washington State,6-4,215.0,,26.5,,103.0,,,True,6.0,199.0,luke falk,QB,2018,luke falk,100.0,luke falk,2017.0,QB,0.0,0.0,0.0,1.0,0.0,0.0,1.0,4.0,3.0,0.0,,,,,,,,,,,,,,,,,534.0,357.0,13.0,0.669,30.0,3593.0,6.7,,,,,,,,,,,,,,,,,67.0,16.0,0.0,,
2018,Minkah Fitzpatrick,DB,Alabama,6-1,201.0,4.46,33.0,14.0,121.0,,,True,1.0,11.0,minkah fitzpatrick,DB,2018,minkah fitzpatrick,100.0,minkah fitzpatrick,2017.0,DB,8.0,3.0,1.5,38.0,0.0,8.0,60.0,,,,0.0,1.0,0.0,0.0,39.0,39.0,1.0,0.0,39.0,,,,,,,,,,,,,,,,,,,,,,,,,,,,,,,,,,,
2018,Michael Gallup,WR,Colorado State,6-1,205.0,4.51,36.0,10.0,122.0,6.95,4.37,True,3.0,81.0,michael gallup,WR,2018,michael gallup,100.0,michael gallup,2017.0,WR,0.0,0.0,0.0,2.0,0.0,0.0,2.0,,,,,,,,,,,,,,,,,,,,,,,,,,,,,,,,,,,,,,76.0,100.0,7.0,1413.0,14.1,,,,,
2018,Quinton Flowers,QB,South Florida,5-10,214.0,4.63,,,112.0,6.81,4.57,False,,,quinton flowers,QB,2018,quinton flowers,100.0,quinton flowers,2017.0,QB,,,,,,,,5.0,3.0,0.0,,,,,20.0,20.0,1.0,0.0,20.0,,,,,,,,354.0,188.0,6.0,0.531,25.0,2911.0,8.2,,,,,,,,,,,,,,,,,196.0,44.0,11.0,1078.0,5.5
2018,Tre Flowers,S,Oklahoma State,6-3,200.0,4.45,34.5,18.0,122.0,,,True,5.0,146.0,tre flowers,S,2018,tre flowers,100.0,tre flowers,2017.0,S,8.0,0.0,0.0,55.0,0.0,1.0,80.0,,,,7.0,2.0,0.0,14.0,,,,,,,,,,,,,,,,,,,,,,,,,,,,,,,,,,,,,,,,
2018,Robert Foster,WR,Alabama,6-2,196.0,4.41,31.0,,116.0,6.9,4.2,False,,,robert foster,WR,2018,robert foster,100.0,robert foster,2017.0,WR,0.0,0.0,0.0,0.0,0.0,0.0,1.0,2.0,1.0,0.0,,,,,,,,,,,,,,,,,,,,,,,,,,,,,,,,,,,52.0,14.0,1.0,174.0,12.4,1.0,12.0,0.0,12.0,12.0
2018,Jarvion Franklin,RB,West. Michigan,5-11,239.0,4.63,30.0,18.0,109.0,6.93,4.31,False,,,jarvion franklin,RB,2018,jarvion franklin,100.0,jarvion franklin,2017.0,RB,0.0,0.0,0.0,1.0,0.0,0.0,1.0,2.0,1.0,0.0,,,,,,,,,,,,,,,,,1.0,0.0,1.0,0.0,0.0,0.0,0.0,,,,,,,,,,,,20.0,5.0,1.0,35.0,7.0,235.0,72.0,11.0,1228.0,5.2
2018,Royce Freeman,RB,Oregon,5-11,229.0,4.54,34.0,17.0,118.0,6.9,4.16,True,3.0,71.0,royce freeman,RB,2018,royce freeman,100.0,royce freeman,2017.0,RB,0.0,0.0,0.0,0.0,0.0,0.0,1.0,2.0,1.0,0.0,,,,,,,,,,,,,,,,,,,,,,,,,,,,,,,,,,,50.0,14.0,0.0,164.0,11.7,244.0,59.0,16.0,1475.0,6.0
2018,Troy Fumagalli,TE,Wisconsin,6-5,247.0,,,14.0,,,,True,5.0,156.0,troy fumagalli,TE,2018,troy fumagalli,100.0,troy fumagalli,2017.0,TE,0.0,0.0,0.0,1.0,0.0,0.0,1.0,,,,,,,,,,,,,,,,,,,,,,,,,,,,,,,,,,,,,,44.0,46.0,4.0,547.0,11.9,,,,,
2018,Natrell Jamerson,S,Wisconsin,6-0,198.0,4.4,35.5,25.0,120.0,,,True,5.0,164.0,natrell jamerson,S,2018,natrell jamerson,100.0,natrell jamerson,2017.0,S,10.0,2.0,1.5,32.0,1.0,3.5,51.0,,,,20.0,2.0,1.0,40.0,12.4,21.0,5.0,0.0,62.0,,,,,,,,,,,,,,,,,,,,,,,,,,,,,,,,,,,
2018,Kerryon Johnson,RB,Auburn,5-11,213.0,,40.0,11.0,126.0,7.07,4.29,True,2.0,43.0,kerryon johnson,RB,2018,kerryon johnson,100.0,kerryon johnson,2017.0,RB,,,,,,,,1.0,1.0,0.0,,,,,,,,,,,,,,,,,1.0,1.0,0.0,1.0,1.0,3.0,3.0,,,,,,,,,,,,55.0,24.0,2.0,194.0,8.1,285.0,60.0,18.0,1391.0,4.9
2017,Ricky Seals-Jones,WR,Texas A&M,6-5,243.0,4.69,28.0,17.0,121.0,7.46,4.33,False,,,ricky sealsjones,WR,2017,ricky sealsjones,100.0,ricky sealsjones,2016.0,WR,0.0,0.0,0.0,1.0,0.0,0.0,1.0,1.0,1.0,0.0,,,,,10.0,10.0,1.0,0.0,10.0,,,,,,,,,,,,,,,,,,,,,,,,,,47.0,26.0,1.0,333.0,12.8,,,,,
2018,Taron Johnson,CB,Weber State,6-0,180.0,4.5,33.0,17.0,118.0,7.03,4.28,True,4.0,121.0,taron johnson,CB,2018,taron johnson,100.0,taron johnson,2017.0,CB,0.0,0.0,0.0,2.0,0.0,0.0,3.0,,,,,,,,19.0,19.0,1.0,0.0,19.0,,,,,,,,,,,,,,,,,,,,,,,,,,,,,,,,,,,
2018,Quenton Nelson,OG,Notre Dame,6-5,325.0,,26.5,35.0,105.0,7.65,4.62,True,1.0,6.0,quenton nelson,OG,2018,quenton nelson,100.0,quenton nelson,2017.0,OL,0.0,0.0,0.0,1.0,0.0,0.0,1.0,,,,,,,,,,,,,,,,,,,,,,,,,,,,,,,,,,,,,,,,,,,,,,,
2018,Parry Nickerson,CB,Tulane,6-0,180.0,4.32,,15.0,,,,True,6.0,179.0,parry nickerson,CB,2018,parry nickerson,100.0,parry nickerson,2017.0,CB,8.0,0.0,0.0,48.0,0.0,2.0,55.0,,,,1.3,6.0,0.0,8.0,,,,,,,,,,,,,,,,,,,,,,,,,,,,,,,,,,,,,,,,
2018,Derrick Nnadi,DT,Florida State,6-1,317.0,5.38,27.0,25.0,96.0,8.15,5.02,True,3.0,75.0,derrick nnadi,DT,2018,derrick nnadi,100.0,derrick nnadi,2017.0,DT,1.0,2.0,3.5,22.0,0.0,10.0,53.0,,,,,,,,,,,,,,,,,,,,,,,,,,,,,,,,,,,,,,,,,,,,,,,
2018,Rashaad Penny,RB,San Diego State,5-11,220.0,4.46,32.5,13.0,120.0,,,True,1.0,27.0,rashaad penny,RB,2018,rashaad penny,100.0,rashaad penny,2017.0,RB,0.0,0.0,0.0,0.0,3.0,0.0,0.0,3.0,2.0,0.0,,,,,30.6,100.0,17.0,2.0,521.0,,,,,,,,,,,,,,,35.0,70.0,2.0,1.0,70.0,,,,,,,33.0,19.0,2.0,135.0,7.1,289.0,95.0,23.0,2248.0,7.8
2018,Kamryn Pettway,RB,Auburn,6-0,233.0,4.74,33.5,22.0,116.0,,,False,,,kamryn pettway,RB,2018,kamryn pettway,100.0,kamryn pettway,2017.0,RB,,,,,,,,2.0,2.0,0.0,,,,,,,,,,,,,,,,,,,,,,,,,,,,,,,,,,,16.0,3.0,0.0,32.0,10.7,76.0,38.0,6.0,305.0,4.0
2018,Harrison Phillips,DT,Stanford,6-4,307.0,5.21,32.0,42.0,103.0,7.28,4.5,True,3.0,96.0,harrison phillips,DT,2018,harrison phillips,100.0,harrison phillips,2017.0,DT,0.0,5.0,7.0,39.0,0.0,15.0,93.0,0.0,0.0,2.0,,,,,,,,,,,,,,,,,,,,,,,,,,,,,,,,,,,,,,,,,,,,
2018,Eddy Pineiro,K,Florida,6-0,185.0,,,,,,,False,,,eddy pineiro,K,2018,eddy pineiro,100.0,eddy pineiro,2017.0,PK,,,,,,,,,,,,,,,,,,,,18.0,17.0,50.0,0.944,75.0,26.0,24.0,,,,,,,,,,,,,,,,,,,,,,,,,,,,
2018,Byron Pringle,WR,Kansas State,6-1,203.0,4.46,33.5,15.0,120.0,6.87,4.4,False,,,byron pringle,WR,2018,byron pringle,100.0,byron pringle,2017.0,WR,0.0,0.0,0.0,0.0,1.0,0.0,0.0,1.0,1.0,0.0,,,,,26.1,89.0,16.0,1.0,417.0,,,,,,,,1.0,0.0,0.0,0.0,0.0,0.0,0.0,11.2,34.0,5.0,0.0,56.0,,,,,,,60.0,30.0,6.0,724.0,24.1,1.0,15.0,0.0,15.0,15.0
2018,Trey Quinn,WR,SMU,5-11,203.0,4.55,33.5,17.0,116.0,6.91,4.19,True,7.0,256.0,trey quinn,WR,2018,trey quinn,100.0,trey quinn,2017.0,WR,0.0,0.0,0.0,2.0,0.0,0.0,2.0,,,,,,,,22.6,32.0,5.0,0.0,113.0,,,,,,,,2.0,1.0,1.0,0.5,0.0,34.0,17.0,2.6,8.0,5.0,0.0,13.0,,,,,,,77.0,114.0,13.0,1236.0,10.8,1.0,0.0,0.0,0.0,0.0
2018,Martinas Rankin,OL,Mississippi State,6-4,308.0,,,24.0,,,,True,3.0,80.0,martinas rankin,OL,2018,martinas rankin,100.0,martinas rankin,2016.0,OL,0.0,0.0,0.0,0.0,0.0,0.0,2.0,,,,,,,,,,,,,,,,,,,,,,,,,,,,,,,,,,,,,,,,,,,,,,,
2018,Demario Richard,RB,Arizona State,5-9,218.0,4.7,29.5,12.0,115.0,,,False,,,demario richard,RB,2018,demario richard,100.0,demario richard,2017.0,RB,0.0,0.0,0.0,1.0,0.0,0.0,1.0,,,,,,,,11.0,11.0,1.0,0.0,11.0,,,,,,,,,,,,,,,,,,,,,,,,,,34.0,8.0,0.0,67.0,8.4,198.0,63.0,12.0,1027.0,5.2
2018,Will Richardson,OT,North Carolina State,6-6,306.0,5.26,31.5,,108.0,7.8,4.83,True,4.0,129.0,will richardson,OT,2018,will richardson,100.0,will richardson,2017.0,OT,0.0,0.0,0.0,1.0,0.0,0.0,1.0,,,,,,,,,,,,,,,,,,,,,,,,,,,,,,,,,,,,,,,,,,,,,,,
2018,Calvin Ridley,WR,Alabama,6-0,189.0,4.43,31.0,15.0,110.0,6.88,4.41,True,1.0,26.0,calvin ridley,WR,2018,calvin ridley,100.0,calvin ridley,2017.0,WR,,,,,,,,,,,,,,,,,,,,,,,,,,,,,,,,,,,,,,,,,,,,,78.0,63.0,5.0,967.0,15.3,2.0,13.0,0.0,17.0,8.5
2018,Korey Robertson,WR,Southern Miss,6-1,212.0,4.56,34.0,13.0,123.0,,,False,,,korey robertson,WR,2018,korey robertson,100.0,korey robertson,2017.0,WR,,,,,,,,1.0,0.0,0.0,,,,,,,,,,,,,,,,,,,,,,,,,,,,,,,,,,,70.0,76.0,12.0,1106.0,14.6,,,,,
2018,Josh Rosen,QB,UCLA,6-4,226.0,4.92,31.0,,111.0,7.09,4.28,True,1.0,10.0,josh rosen,QB,2018,josh rosen,100.0,josh rosen,2017.0,QB,0.0,0.0,0.0,1.0,0.0,0.0,1.0,8.0,3.0,0.0,,,,,,,,,,,,,,,,,451.0,282.0,10.0,0.625,26.0,3717.0,8.2,,,,,,,,,,,,,,,,,50.0,14.0,2.0,,
2018,Nick Nelson,CB,Wisconsin,5-11,208.0,4.52,,17.0,123.0,,,True,4.0,110.0,nick nelson,CB,2018,nick nelson,100.0,nick nelson,2017.0,CB,17.0,2.0,0.0,21.0,1.0,0.0,30.0,1.0,0.0,0.0,,,,,,,,,,,,,,,,,,,,,,,,8.6,50.0,24.0,1.0,206.0,,,,,,,,,,,,,,,,
2018,Ryan Nall,RB,Oregon State,6-2,232.0,4.58,33.0,15.0,122.0,6.95,4.16,False,,,ryan nall,RB,2018,ryan nall,100.0,ryan nall,2017.0,RB,0.0,0.0,0.0,2.0,0.0,0.0,2.0,3.0,2.0,0.0,,,,,,,,,,,,,,,,,,,,,,,,,,,,,,,,,,,44.0,27.0,2.0,240.0,8.9,165.0,75.0,8.0,810.0,4.9
2018,Jmon Moore,WR,Missouri,6-3,207.0,4.6,38.0,21.0,120.0,6.56,4.04,False,,,jmon moore,WR,2018,jmon moore,100.0,jmon moore,2017.0,WR,0.0,0.0,0.0,1.0,0.0,0.0,1.0,,,,,,,,,,,,,,,,,,,,,,,,,,,,,,,,,,,,,,71.0,65.0,10.0,1082.0,16.6,,,,,
2018,Tanner Lee,QB,Nebraska,6-4,218.0,4.98,32.0,,115.0,7.0,4.41,True,6.0,203.0,tanner lee,QB,2018,tanner lee,100.0,tanner lee,2017.0,QB,0.0,0.0,0.0,2.0,0.0,0.0,2.0,3.0,0.0,0.0,,,,,,,,,,,,,,,,,428.0,246.0,16.0,0.575,23.0,3143.0,7.3,,,,,,,,,,,,,,,,,30.0,6.0,2.0,,
2018,Christian Kirk,WR,Texas A&M,5-10,201.0,4.47,35.5,20.0,115.0,7.09,4.45,True,2.0,47.0,christian kirk,WR,2018,christian kirk,100.0,christian kirk,2017.0,WR,0.0,0.0,0.0,0.0,2.0,0.0,0.0,3.0,2.0,0.0,,,,,22.3,100.0,22.0,1.0,490.0,,,,,,,,,,,,,,,19.1,90.0,10.0,1.0,191.0,,,,,,,81.0,71.0,10.0,919.0,12.9,4.0,28.0,0.0,31.0,7.8
2018,Micah Kiser,ILB,Virginia,6-2,238.0,4.66,35.5,,121.0,7.05,4.24,True,5.0,147.0,micah kiser,ILB,2018,micah kiser,100.0,micah kiser,2017.0,ILB,4.0,2.0,5.0,50.0,0.0,9.5,143.0,0.0,0.0,2.0,,,,,,,,,,,,,,,,,,,,,,,,,,,,,,,,,,,,,,,,,,,,
2018,Chris Lacy,WR,Oklahoma State,6-3,205.0,4.51,33.5,11.0,120.0,,,False,,,chris lacy,WR,2018,chris lacy,100.0,chris lacy,2017.0,WR,,,,,,,,1.0,0.0,0.0,,,,,11.0,15.0,2.0,0.0,22.0,,,,,,,,,,,,,,,,,,,,,,,,,,32.0,20.0,0.0,264.0,13.2,1.0,26.0,0.0,26.0,26.0
2018,Jordan Lasley,WR,UCLA,6-1,203.0,4.5,34.5,8.0,112.0,,4.19,True,5.0,162.0,jordan lasley,WR,2018,jordan lasley,100.0,jordan lasley,2017.0,WR,0.0,0.0,0.0,1.0,0.0,0.0,1.0,,,,,,,,19.3,25.0,3.0,0.0,58.0,,,,,,,,,,,,,,,,,,,,,,,,,,59.0,69.0,9.0,1264.0,18.3,4.0,5.0,0.0,,
2018,Kyle Lauletta,QB,Richmond,6-3,222.0,4.81,31.0,,113.0,6.95,4.07,True,4.0,108.0,kyle lauletta,QB,2018,kyle lauletta,100.0,kyle lauletta,2016.0,QB,,,,,,,,2.0,0.0,0.0,,,,,,,,,,,,,,,,,35.0,24.0,0.0,0.686,3.0,337.0,9.6,,,,,,,,,,,,,,,,,5.0,9.0,0.0,,
2018,Allen Lazard,WR,Iowa State,6-5,227.0,4.55,38.0,17.0,122.0,,,False,,,allen lazard,WR,2018,allen lazard,100.0,allen lazard,2017.0,WR,0.0,0.0,0.0,2.0,0.0,0.0,2.0,,,,,,,,,,,,,,,,,,,,,,,,,,,0.0,0.0,2.0,0.0,0.0,,,,,,,36.0,71.0,10.0,941.0,13.3,,,,,
2018,Chase Litton,QB,Marshall,6-5,230.0,4.9,29.5,,106.0,7.49,4.53,False,,,chase litton,QB,2018,chase litton,100.0,chase litton,2017.0,QB,0.0,0.0,0.0,2.0,0.0,0.0,2.0,3.0,2.0,0.0,,,,,,,,,,,,,,,,,443.0,266.0,14.0,0.6,25.0,3115.0,7.0,,,,,,,,,,,,,,,,,35.0,14.0,1.0,12.0,0.3
2018,Steven Mitchell,WR,USC,5-10,189.0,4.56,32.5,13.0,121.0,6.75,4.4,False,,,steven mitchell,WR,2018,steven mitchell,100.0,steven mitchell,2017.0,WR,,,,,,,,,,,,,,,,,,,,,,,,,,,,,,,,,,,,,,,,,,,,,49.0,41.0,4.0,644.0,15.7,1.0,10.0,0.0,10.0,10.0
2018,James Looney,DE,California,6-3,287.0,4.89,35.5,28.0,113.0,7.32,4.37,True,7.0,232.0,james looney,DE,2018,james looney,100.0,james looney,2017.0,DE,0.0,3.0,3.5,19.0,0.0,9.5,41.0,0.0,0.0,2.0,,,,,,,,,,,,,,,,,,,,,,,,,,,,,,,,,,,,,,,,,,,,
2018,Lowell Lotulelei,DT,Utah,6-2,315.0,,,28.0,,,,False,,,lowell lotulelei,DT,2018,lowell lotulelei,100.0,lowell lotulelei,2017.0,DT,1.0,1.0,1.5,6.0,0.0,3.5,16.0,,,,,,,,,,,,,,,,,,,,,,,,,,,,,,,,,,,,,,,,,,,,,,,
2018,Cole Madison,OL,Washington State,6-5,308.0,5.33,28.5,26.0,97.0,7.86,4.88,True,5.0,138.0,cole madison,OL,2018,cole madison,100.0,cole madison,2016.0,OL,0.0,0.0,0.0,0.0,0.0,0.0,1.0,,,,,,,,,,,,,,,,,,,,,,,,,,,,,,,,,,,,,,,,,,,,,,,
2018,Baker Mayfield,QB,Oklahoma,6-1,215.0,4.84,29.0,,111.0,7.0,4.28,True,1.0,1.0,baker mayfield,QB,2018,baker mayfield,100.0,baker mayfield,2017.0,QB,0.0,0.0,0.0,1.0,0.0,0.0,1.0,1.0,0.0,0.0,,,,,,,,,,,,,,,,,404.0,285.0,6.0,0.705,43.0,4627.0,11.5,,,,,,,,,,,,2.0,1.0,1.0,2.0,2.0,97.0,54.0,5.0,311.0,3.2
2018,Ray-ray McCloud,WR,Clemson,5-9,190.0,4.53,34.5,13.0,113.0,,,True,6.0,187.0,rayray mccloud,WR,2018,rayray mccloud,100.0,rayray mccloud,2017.0,WR,0.0,0.0,0.0,3.0,1.0,0.0,3.0,5.0,2.0,0.0,,,,,12.0,12.0,1.0,0.0,12.0,,,,,,,,,,,,,,,12.1,77.0,25.0,1.0,303.0,,,,,,,79.0,49.0,1.0,503.0,10.3,6.0,11.0,0.0,30.0,5.0
2018,Anthony Miller,WR,Memphis,5-11,201.0,,,22.0,,,,True,2.0,51.0,anthony miller,WR,2018,anthony miller,100.0,anthony miller,2017.0,WR,0.0,0.0,0.0,1.0,0.0,0.0,2.0,3.0,1.0,0.0,,,,,15.5,17.0,2.0,0.0,31.0,,,,,,,,3.0,1.0,0.0,0.333,0.0,35.0,11.7,5.5,6.0,2.0,0.0,11.0,,,,,,,89.0,96.0,18.0,1462.0,15.2,10.0,7.0,0.0,25.0,2.5
2018,Chase Edmonds,RB,Fordham,5-9,205.0,4.55,34.0,19.0,122.0,6.79,4.07,True,4.0,134.0,chase edmonds,RB,2018,chase edmonds,100.0,chase edmonds,2017.0,RB,,,,,,,,,,,,,,,11.5,15.0,2.0,0.0,23.0,,,,,,,,,,,,,,,,,,,,,,,,,,11.0,2.0,0.0,21.0,10.5,15.0,11.0,1.0,42.0,2.8
2018,Will Dissly,TE,Washington,6-4,262.0,4.87,28.0,15.0,111.0,7.07,4.4,True,4.0,120.0,will dissly,TE,2018,will dissly,100.0,will dissly,2017.0,TE,0.0,0.0,0.0,1.0,0.0,0.0,1.0,,,,,,,,,,,,,,,,,,,,,,,,,,,,,,,,,,,,,,52.0,20.0,2.0,281.0,14.1,,,,,
2018,Michael Dickson,P,Texas,6-2,208.0,,,,,,,True,5.0,149.0,michael dickson,P,2018,michael dickson,100.0,michael dickson,2017.0,P,0.0,0.0,0.0,1.0,0.0,0.0,1.0,,,,,,,,,,,,,,,,,,,,,,,,,,,,,,,,0.0,76.0,84.0,0.0,3984.0,47.4,,,,,,,,,,
2018,Joseph Davidson,P,Bowling Green,6-7,232.0,,,,,,,False,,,joseph davidson,P,2018,joseph davidson,100.0,joseph davidson,2017.0,P,,,,,,,,,,,,,,,,,,,,,,,,,,,,,,,,,,,,,,,0.0,65.0,60.0,0.0,2641.0,44.0,,,,,,0.0,14.0,0.0,14.0,0.0
2017,Jack Tocho,CB,North Carolina State,6-0,202.0,4.54,35.0,21.0,125.0,,,True,7.0,245.0,jack tocho,CB,2017,jack tocho,100.0,jack tocho,2016.0,CB,9.0,0.0,1.0,33.0,0.0,2.0,37.0,,,,0.0,2.0,0.0,0.0,,,,,,,,,,,,,,,,,,,,,,,,,,,,,,,,,,,,,,,,
2017,Stevie Tu'Ikolovatu,DT,USC,6-1,331.0,5.45,24.5,28.0,91.0,7.83,5.0,True,7.0,223.0,stevie tuikolovatu,DT,2017,stevie tuikolovatu,100.0,stevie tuikolovatu,2016.0,DT,1.0,0.0,0.5,29.0,0.0,2.0,53.0,,,,,,,,,,,,,,,,,,,,,,,,,,,,,,,,,,,,,,,,,,,,,,,
2017,Conrad Ukropina,K,Stanford,6-0,190.0,,,,,,,False,,,conrad ukropina,K,2017,conrad ukropina,100.0,conrad ukropina,2016.0,PK,,,,,,,,,,,,,,,,,,,,27.0,22.0,52.0,0.815,100.0,34.0,34.0,,,,,,,,,,,,,,,,,,,,,,,,,,,,
2017,Justin Vogel,P,Miami (FL),6-4,219.0,4.7,34.0,,,,,False,,,justin vogel,P,2017,justin vogel,100.0,justin vogel,2016.0,P,0.0,0.0,0.0,2.0,0.0,0.0,2.0,,,,,,,,,,,,,,,,,,,,,,,,,,,,,,,,0.0,63.0,64.0,0.0,2803.0,43.8,,,,,,,,,,
2017,DeMarcus Walker,DE,Florida State,6-4,280.0,,,18.0,,,,True,2.0,51.0,demarcus walker,DE,2017,demarcus walker,100.0,demarcus walker,2016.0,DE,2.0,4.0,16.0,45.0,0.0,20.5,67.0,0.0,0.0,2.0,,,,,,,,,,,,,,,,,,,,,,,,,,,,,,,,,,,,,,,,,,,,
2017,Carlos Watkins,DT,Clemson,6-3,309.0,,,25.0,,,,True,4.0,142.0,carlos watkins,DT,2017,carlos watkins,100.0,carlos watkins,2016.0,DT,4.0,4.0,10.5,30.0,0.0,13.5,50.0,0.0,0.0,1.0,,,,,,,,,,,,,,,,,,,,,,,,,,,,,,,,,,,,,,,,,,,,
2017,Deshaun Watson,QB,Clemson,6-2,221.0,4.66,32.5,,119.0,6.95,4.31,True,1.0,12.0,deshaun watson,QB,2017,deshaun watson,100.0,deshaun watson,2016.0,QB,,,,,,,,3.0,2.0,0.0,,,,,,,,,,,,,,,,,578.0,387.0,17.0,0.67,41.0,4593.0,7.9,,,,,,0.0,38.0,1.0,0.0,38.0,38.0,,,,,,165.0,33.0,9.0,629.0,3.8
2017,T.J. Watt,OLB,Wisconsin,6-4,252.0,4.69,37.0,21.0,128.0,6.79,4.13,True,1.0,30.0,tj watt,OLB,2017,tj watt,100.0,tj watt,2016.0,OLB,4.0,13.0,11.5,38.0,1.0,15.5,63.0,0.0,0.0,1.0,17.0,1.0,1.0,17.0,,,,,,,,,,,,,,,,,,,,,,,,,,,,,,,,,,,,,,,,
2017,Davis Webb,QB,California,6-5,229.0,4.79,33.0,,118.0,6.92,4.21,True,3.0,87.0,davis webb,QB,2017,davis webb,100.0,davis webb,2016.0,QB,0.0,0.0,0.0,1.0,0.0,0.0,1.0,5.0,1.0,0.0,,,,,,,,,,,,,,,,,620.0,382.0,12.0,0.616,37.0,4295.0,6.9,,,,,,0.0,52.0,7.0,0.0,275.0,39.3,,,,,,33.0,8.0,6.0,,
2017,Dede Westbrook,WR,Oklahoma,6-0,178.0,,,,,,,True,4.0,110.0,dede westbrook,WR,2017,dede westbrook,100.0,dede westbrook,2016.0,WR,0.0,0.0,0.0,1.0,1.0,0.0,1.0,1.0,1.0,0.0,,,,,27.1,63.0,9.0,0.0,244.0,,,,,,,,2.0,0.0,0.0,0.0,0.0,0.0,0.0,16.2,71.0,5.0,1.0,81.0,,,,,,,88.0,80.0,17.0,1524.0,19.1,10.0,35.0,0.0,101.0,10.1
2017,TreDavious White,CB,LSU,5-11,192.0,4.47,32.0,16.0,119.0,6.9,4.32,True,1.0,27.0,tredavious white,CB,2017,tredavious white,100.0,tredavious white,2016.0,CB,14.0,0.0,0.5,19.0,2.0,4.0,35.0,1.0,1.0,0.0,10.5,2.0,1.0,21.0,,,,,,,,,,,,,,,,,,,,7.8,60.0,24.0,1.0,186.0,,,,,,,,,,,,,,,,
2017,Kermit Whitfield,WR,Florida State,5-8,185.0,4.44,32.5,8.0,120.0,7.17,4.37,False,,,kermit whitfield,WR,2017,kermit whitfield,100.0,kermit whitfield,2016.0,WR,,,,,,,,,,,,,,,22.9,53.0,26.0,0.0,595.0,,,,,,,,,,,,,,,,,,,,,,,,,,28.0,34.0,1.0,395.0,11.6,8.0,21.0,1.0,79.0,9.9
2017,Jamaal Williams,RB,BYU,6-0,212.0,4.59,30.0,,123.0,7.25,4.53,True,4.0,134.0,jamaal williams,RB,2017,jamaal williams,100.0,jamaal williams,2016.0,RB,0.0,0.0,0.0,0.0,0.0,0.0,1.0,2.0,2.0,0.0,,,,,,,,,,,,,,,,,,,,,,,,,,,,,,,,,,,39.0,7.0,0.0,80.0,11.4,234.0,62.0,12.0,1375.0,5.9
2017,Stanley Williams,RB,Kentucky,5-7,190.0,4.51,36.0,18.0,121.0,6.86,4.18,False,,,stanley williams,RB,2017,stanley williams,100.0,stanley williams,2016.0,RB,0.0,0.0,0.0,0.0,0.0,0.0,1.0,3.0,2.0,0.0,,,,,,,,,,,,,,,,,,,,,,,,,,,,,,,,,,,15.0,8.0,1.0,56.0,7.0,171.0,63.0,7.0,1170.0,6.8
2017,Howard Wilson,CB,Houston,6-1,184.0,4.57,33.5,,119.0,6.68,3.94,True,4.0,126.0,howard wilson,CB,2017,howard wilson,100.0,howard wilson,2016.0,CB,10.0,0.0,0.0,45.0,1.0,2.5,54.0,0.0,0.0,2.0,11.6,5.0,1.0,58.0,,,,,,,,,,,,,,,,,,,,,,,,,,,,,,,,,,,,,,,,
2017,Solomon Thomas,DE,Stanford,6-3,273.0,4.69,35.0,30.0,126.0,6.95,4.28,True,1.0,3.0,solomon thomas,DE,2017,solomon thomas,100.0,solomon thomas,2016.0,DE,0.0,7.0,8.0,40.0,0.0,14.0,61.0,0.0,0.0,2.0,,,,,,,,,,,,,,,,,,,,,,,,,,,,,,,,,,,,,,,,,,,,
2017,Noel Thomas,WR,Connecticut,6-0,205.0,4.63,32.5,9.0,118.0,,,False,,,noel thomas,WR,2017,noel thomas,100.0,noel thomas,2016.0,WR,,,,,,,,2.0,1.0,0.0,,,,,,,,,,,,,,,,,1.0,1.0,0.0,1.0,0.0,11.0,11.0,,,,,,,,,,,,62.0,100.0,3.0,1179.0,11.8,13.0,17.0,0.0,60.0,4.6
2017,Jahad Thomas,RB,Temple,5-10,190.0,4.62,32.0,11.0,116.0,,,False,,,jahad thomas,RB,2017,jahad thomas,100.0,jahad thomas,2016.0,RB,0.0,0.0,0.0,1.0,0.0,0.0,1.0,3.0,0.0,0.0,,,,,14.0,15.0,2.0,0.0,28.0,,,,,,,,,,,,,,,12.6,37.0,8.0,0.0,101.0,,,,,,,61.0,33.0,6.0,418.0,12.7,207.0,56.0,13.0,953.0,4.6
2017,Jeremy Sprinkle,TE,Arkansas,6-5,252.0,4.69,29.0,,116.0,,,True,5.0,154.0,jeremy sprinkle,TE,2017,jeremy sprinkle,100.0,jeremy sprinkle,2016.0,TE,,,,,,,,,,,,,,,,,,,,,,,,,,,,,,,,,,,,,,,,,,,,,31.0,33.0,4.0,380.0,11.5,,,,,
2017,Sojourn Shelton,CB,Wisconsin,5-9,177.0,4.51,35.0,10.0,120.0,6.92,4.02,False,,,sojourn shelton,CB,2017,sojourn shelton,100.0,sojourn shelton,2016.0,CB,12.0,1.0,0.0,23.0,0.0,1.0,30.0,0.0,0.0,1.0,12.0,4.0,0.0,48.0,,,,,,,,,,,,,,,,,,,,,,,,,,,,,,,,,,,,,,,,
2017,Garrett Sickels,DE,Penn State,6-3,261.0,4.9,28.0,20.0,105.0,7.21,4.41,False,,,garrett sickels,DE,2017,garrett sickels,100.0,garrett sickels,2016.0,DE,0.0,2.0,6.0,23.0,0.0,12.5,47.0,,,,,,,,,,,,,,,,,,,,,,,,,,,,,,,,,,,,,,,,,,,,,,,
2017,Tanzel Smart,DT,Tulane,6-1,296.0,5.24,27.0,22.0,105.0,7.53,4.57,True,6.0,189.0,tanzel smart,DT,2017,tanzel smart,100.0,tanzel smart,2016.0,DT,0.0,2.0,5.5,34.0,0.0,19.0,68.0,0.0,0.0,1.0,,,,,,,,,,,,,,,,,,,,,,,,,,,,,,,,,,,,,,,,,,,,
2017,De'Veon Smith,RB,Michigan,5-11,223.0,,29.0,22.0,108.0,7.3,4.56,False,,,deveon smith,RB,2017,deveon smith,100.0,deveon smith,2016.0,RB,0.0,0.0,0.0,1.0,0.0,0.0,1.0,1.0,1.0,0.0,,,,,,,,,,,,,,,,,,,,,,,,,,,,,,,,,,,17.0,16.0,0.0,66.0,4.1,181.0,42.0,10.0,846.0,4.7
2017,Jonnu Smith,TE,Florida International,6-3,248.0,4.62,38.0,22.0,127.0,,4.18,True,3.0,100.0,jonnu smith,TE,2017,jonnu smith,100.0,jonnu smith,2016.0,TE,0.0,0.0,0.0,2.0,0.0,0.0,2.0,,,,,,,,0.0,0.0,1.0,0.0,0.0,,,,,,,,,,,,,,,,,,,,,,,,,,40.0,42.0,4.0,506.0,12.0,1.0,5.0,0.0,5.0,5.0
2017,JuJu Smith-Schuster,WR,USC,6-1,215.0,4.54,32.5,15.0,120.0,,,True,2.0,62.0,juju smithschuster,WR,2017,juju smithschuster,100.0,juju smithschuster,2016.0,WR,0.0,0.0,0.0,2.0,0.0,0.0,2.0,,,,,,,,2.0,2.0,1.0,0.0,2.0,,,,,,,,,,,,,,,,,,,,,,,,,,67.0,70.0,10.0,914.0,13.1,5.0,20.0,0.0,27.0,5.4
2017,Jamari Staples,WR,Louisville,6-3,195.0,4.51,36.0,,130.0,,,False,,,jamari staples,WR,2017,jamari staples,100.0,jamari staples,2016.0,WR,0.0,0.0,0.0,1.0,0.0,0.0,1.0,,,,,,,,,,,,,,,,,,,,,,,,,,,,,,,,,,,,,,55.0,36.0,2.0,615.0,17.1,,,,,
2017,Vincent Taylor,DT,Oklahoma State,6-3,304.0,5.07,28.5,26.0,108.0,7.58,4.72,True,6.0,194.0,vincent taylor,DT,2017,vincent taylor,100.0,vincent taylor,2016.0,DT,1.0,2.0,7.0,29.0,0.0,12.5,51.0,0.0,0.0,2.0,,,,,,,,,,,,,,,,,,,,,,,,,,,,,,,,,,,,,,,,,,,,
2017,Freddie Stevenson,FB,Florida State,6-0,234.0,4.75,28.0,24.0,111.0,7.65,4.45,False,,,freddie stevenson,FB,2017,freddie stevenson,100.0,freddie stevenson,2016.0,FB,0.0,0.0,0.0,0.0,0.0,0.0,2.0,,,,,,,,12.0,12.0,1.0,0.0,12.0,,,,,,,,,,,,,,,,,,,,,,,,,,6.0,1.0,1.0,6.0,6.0,13.0,38.0,4.0,90.0,6.9
2017,ArDarius Stewart,WR,Alabama,5-11,204.0,4.49,34.0,,124.0,,,True,3.0,79.0,ardarius stewart,WR,2017,ardarius stewart,100.0,ardarius stewart,2016.0,WR,,,,,,,,1.0,1.0,0.0,,,,,20.1,30.0,8.0,0.0,161.0,,,,,,,,2.0,2.0,0.0,1.0,0.0,36.0,18.0,,,,,,,,,,,,71.0,54.0,8.0,864.0,16.0,8.0,25.0,0.0,68.0,8.5
2017,Channing Stribling,CB,Michigan,6-1,188.0,4.6,31.5,5.0,114.0,6.94,4.56,False,,,channing stribling,CB,2017,channing stribling,100.0,channing stribling,2016.0,CB,12.0,1.0,1.0,21.0,1.0,3.0,29.0,,,,15.0,4.0,1.0,60.0,,,,,,,,,,,,,,,,,,,,,,,,,,,,,,,,,,,,,,,,
2017,Ryan Switzer,WR,North Carolina,5-8,181.0,4.51,32.0,11.0,116.0,6.77,4.0,True,4.0,133.0,ryan switzer,WR,2017,ryan switzer,100.0,ryan switzer,2016.0,WR,,,,,,,,2.0,2.0,0.0,,,,,,,,,,,,,,,,,1.0,0.0,0.0,0.0,0.0,0.0,0.0,6.6,31.0,16.0,0.0,106.0,,,,,,,75.0,96.0,6.0,1112.0,11.6,3.0,7.0,0.0,14.0,4.7
2017,Cordrea Tankersley,CB,Clemson,6-1,199.0,4.4,29.5,13.0,121.0,7.0,4.32,True,3.0,97.0,cordrea tankersley,CB,2017,cordrea tankersley,100.0,cordrea tankersley,2016.0,CB,11.0,0.0,0.0,39.0,0.0,6.0,52.0,,,,5.5,4.0,0.0,22.0,,,,,,,,,,,,,,,,,,,,,,,,,,,,,,,,,,,,,,,,
2017,Taywan Taylor,WR,Western Kentucky,5-11,203.0,4.5,33.5,13.0,132.0,6.57,4.21,True,3.0,72.0,taywan taylor,WR,2017,taywan taylor,100.0,taywan taylor,2016.0,WR,0.0,0.0,0.0,1.0,0.0,0.0,1.0,2.0,1.0,1.0,,,,,,,,,,,,,,,,,,,,,,,,,,,,,,,,,,,80.0,98.0,17.0,1730.0,17.7,6.0,16.0,0.0,36.0,6.0
2017,Jesus Wilson,WR,Florida State,5-9,189.0,4.57,,10.0,119.0,,4.57,False,,,jesus wilson,WR,2017,jesus wilson,100.0,jesus wilson,2016.0,WR,0.0,0.0,0.0,0.0,1.0,0.0,0.0,1.0,0.0,0.0,,,,,,,,,,,,,,,,,,,,,,,,17.2,89.0,9.0,1.0,155.0,,,,,,,34.0,30.0,1.0,390.0,13.0,1.0,6.0,0.0,6.0,6.0
2017,Xavier Woods,S,Louisiana Tech,5-11,197.0,4.54,33.5,19.0,122.0,6.72,4.13,True,6.0,191.0,xavier woods,S,2017,xavier woods,100.0,xavier woods,2016.0,S,6.0,1.0,3.0,60.0,0.0,6.5,89.0,,,,9.0,5.0,0.0,45.0,,,,,,,,,,,,,,,,,,,,,,,,,,,,,,,,,,,,,,,,
2018,Dante Pettis,WR,Washington,6-0,186.0,,,,,,,True,2.0,44.0,dante pettis,WR,2018,dante pettis,100.0,dante pettis,2017.0,WR,0.0,0.0,0.0,0.0,3.0,0.0,0.0,3.0,2.0,0.0,,,,,,,,,,,,,,,,,1.0,1.0,0.0,1.0,0.0,36.0,36.0,19.5,77.0,22.0,4.0,428.0,,,,,,,73.0,63.0,7.0,761.0,12.1,3.0,32.0,0.0,50.0,16.7
2018,Simmie Cobbs,WR,Indiana,6-3,220.0,4.64,30.0,11.0,113.0,6.7,4.32,False,,,simmie cobbs,WR,2018,simmie cobbs,100.0,simmie cobbs,2017.0,WR,0.0,0.0,0.0,1.0,0.0,0.0,1.0,2.0,1.0,0.0,,,,,,,,,,,,,,,,,,,,,,,,,,,,,,,,,,,35.0,72.0,8.0,841.0,11.7,0.0,0.0,1.0,0.0,0.0
2018,Tanner Carew,LS,Oregon,6-1,243.0,5.0,30.0,18.0,111.0,7.26,4.28,False,,,tanner carew,LS,2018,tanner carew,100.0,tanner carew,2017.0,LS,0.0,0.0,0.0,1.0,0.0,0.0,1.0,,,,,,,,,,,,,,,,,,,,,,,,,,,,,,,,,,,,,,,,,,,,,,,
2018,Daniel Carlson,K,Auburn,6-5,213.0,,,,,,,True,5.0,167.0,daniel carlson,K,2018,daniel carlson,100.0,daniel carlson,2017.0,PK,0.0,0.0,0.0,1.0,0.0,0.0,1.0,,,,,,,,,,,,,31.0,23.0,54.0,0.742,126.0,57.0,57.0,,,,,,,,,,,,,,,,,,,,,,,,,,,,
2018,Andre Chachere,CB,San Jose State,6-0,200.0,4.49,38.0,13.0,123.0,6.78,4.07,False,,,andre chachere,CB,2018,andre chachere,100.0,andre chachere,2017.0,CB,5.0,0.0,0.0,39.0,0.0,2.0,46.0,0.0,0.0,1.0,28.0,1.0,0.0,28.0,,,,,,,,,,,,,,,,,,,,,,,,,,,,,,,,,,,,,,,,
2018,D.J. Chark,WR,LSU,6-3,199.0,4.34,40.0,16.0,129.0,,,True,2.0,61.0,dj chark,WR,2018,dj chark,100.0,dj chark,2017.0,WR,0.0,0.0,0.0,1.0,2.0,0.0,1.0,2.0,1.0,0.0,,,,,12.0,12.0,1.0,0.0,12.0,,,,,,,,,,,,,,,10.6,75.0,18.0,2.0,190.0,,,,,,,68.0,40.0,3.0,874.0,21.9,12.0,20.0,1.0,63.0,5.3
2018,Bradley Chubb,DE,North Carolina State,6-4,269.0,4.65,36.0,24.0,121.0,7.37,4.41,True,1.0,5.0,bradley chubb,DE,2018,bradley chubb,100.0,bradley chubb,2017.0,DE,2.0,9.0,10.0,39.0,0.0,25.0,72.0,,,,,,,,,,,,,,,,,,,,,,,,,,,,,,,,,,,,,,,,,,,,,,,
2018,Jack Cichy,ILB,Wisconsin,6-2,238.0,,,18.0,,,,True,6.0,202.0,jack cichy,ILB,2018,jack cichy,100.0,jack cichy,2016.0,ILB,2.0,3.0,1.5,45.0,0.0,7.0,60.0,,,,,,,,,,,,,,,,,,,,,,,,,,,,,,,,,,,,,,,,,,,,,,,
2018,Tyler Conklin,TE,Central Michigan,6-3,254.0,4.8,38.0,18.0,120.0,7.13,4.23,True,5.0,157.0,tyler conklin,TE,2018,tyler conklin,100.0,tyler conklin,2017.0,TE,0.0,0.0,0.0,2.0,0.0,0.0,2.0,1.0,1.0,0.0,,,,,,,,,,,,,,,,,,,,,,,,,,,,,,,,,,,42.0,35.0,5.0,504.0,14.4,,,,,
2018,Antonio Callaway,WR,Florida,5-11,200.0,4.41,34.0,,121.0,,,True,4.0,105.0,antonio callaway,WR,2018,antonio callaway,100.0,antonio callaway,2016.0,WR,0.0,0.0,0.0,1.0,1.0,0.0,1.0,5.0,1.0,0.0,,,,,32.3,44.0,3.0,1.0,97.0,,,,,,,,,,,,,,,8.4,39.0,26.0,0.0,218.0,,,,,,,78.0,54.0,3.0,721.0,13.4,5.0,24.0,1.0,32.0,6.4
2018,Austin Corbett,OG,Nevada,6-4,306.0,5.15,28.0,19.0,106.0,7.87,4.5,True,2.0,33.0,austin corbett,OG,2018,austin corbett,100.0,austin corbett,2017.0,OL,,,,,,,,,,,,,,,,,,,,,,,,,,,,,,,,,,,,,,,,,,,,,,,,,,1.0,0.0,0.0,,
2018,Keke Coutee,WR,Texas Tech,5-10,181.0,4.43,34.5,14.0,113.0,6.93,4.15,True,4.0,103.0,keke coutee,WR,2018,keke coutee,100.0,keke coutee,2017.0,WR,0.0,0.0,0.0,0.0,1.0,0.0,0.0,,,,,,,,31.5,92.0,10.0,1.0,315.0,,,,,,,,,,,,,,,,,,,,,,,,,,77.0,93.0,10.0,1429.0,15.4,5.0,11.0,0.0,15.0,3.0
2018,Justin Crawford,RB,West Virginia,5-11,199.0,4.64,33.5,11.0,122.0,,,False,,,justin crawford,RB,2018,justin crawford,100.0,justin crawford,2017.0,RB,0.0,0.0,0.0,1.0,0.0,0.0,1.0,4.0,3.0,0.0,,,,,,,,,,,,,,,,,,,,,,,,,,,,,,,,,,,16.0,8.0,0.0,38.0,4.8,190.0,42.0,7.0,1061.0,5.6
2018,Trevor Daniel,P,Tennessee,6-1,230.0,4.98,32.5,23.0,119.0,,,False,,,trevor daniel,P,2018,trevor daniel,100.0,trevor daniel,2017.0,P,,,,,,,,,,,,,,,,,,,,,,,,,,,,,,,,,,,,,,,4.0,72.0,70.0,1.0,3323.0,47.5,,,,,,,,,,
2018,Sam Darnold,QB,USC,6-3,221.0,4.85,26.5,,105.0,6.96,4.4,True,1.0,3.0,sam darnold,QB,2018,sam darnold,100.0,sam darnold,2017.0,QB,0.0,0.0,0.0,2.0,0.0,0.0,2.0,12.0,9.0,0.0,,,,,,,,,,,,,,,,,480.0,303.0,13.0,0.631,26.0,4143.0,8.6,,,,,,,,,,,,,,,,,75.0,39.0,5.0,82.0,1.1
2018,Marcus Davenport,DE,Texas-San Antonio,6-6,264.0,4.58,33.5,22.0,124.0,7.2,4.41,True,1.0,14.0,marcus davenport,DE,2018,marcus davenport,100.0,marcus davenport,2017.0,DE,4.0,8.0,8.5,33.0,0.0,17.0,55.0,0.0,0.0,1.0,,,,,,,,,,,,,,,,,,,,,,,,,,,,,,,,,,,,,,,,,,,,
2018,Dylan Cantrell,WR,Texas Tech,6-3,226.0,4.59,38.5,18.0,130.0,6.56,4.03,True,6.0,191.0,dylan cantrell,WR,2018,dylan cantrell,100.0,dylan cantrell,2017.0,WR,,,,,,,,,,,,,,,,,,,,,,,,,,,,,,,,,,,,,,,,,,,,,42.0,71.0,7.0,816.0,11.5,1.0,3.0,1.0,3.0,3.0
2018,Deon Cain,WR,Clemson,6-2,202.0,4.43,33.5,11.0,115.0,6.71,4.37,True,6.0,185.0,deon cain,WR,2018,deon cain,100.0,deon cain,2017.0,WR,0.0,1.0,0.0,0.0,0.0,0.0,0.0,,,,,,,,,,,,,,,,,,,,,,,,,,,,,,,,,,,,,,61.0,58.0,6.0,734.0,12.7,,,,,
2018,Josh Adams,RB,Notre Dame,6-2,213.0,,,18.0,,,,False,,,josh adams,RB,2018,josh adams,100.0,josh adams,2017.0,RB,,,,,,,,,,,,,,,,,,,,,,,,,,,,,,,,,,,,,,,,,,,,,32.0,13.0,0.0,101.0,7.8,206.0,84.0,9.0,1430.0,6.9
2018,Saquon Barkley,RB,Penn State,6-0,233.0,4.4,41.0,29.0,,,4.24,True,1.0,2.0,saquon barkley,RB,2018,saquon barkley,100.0,saquon barkley,2017.0,RB,0.0,0.0,0.0,1.0,2.0,0.0,1.0,,,,,,,,28.4,98.0,15.0,2.0,426.0,,,,,,,,2.0,2.0,0.0,1.0,1.0,36.0,18.0,,,,,,,,,,,,85.0,54.0,3.0,632.0,11.7,217.0,92.0,18.0,1271.0,5.9
2018,Jaire Alexander,CB,Louisville,5-11,192.0,4.38,35.0,14.0,127.0,6.71,3.98,True,1.0,18.0,jaire alexander,CB,2018,jaire alexander,100.0,jaire alexander,2017.0,CB,4.0,0.0,0.0,13.0,0.0,1.0,19.0,,,,0.0,1.0,0.0,0.0,,,,,,,,,,,,,,,,,,,,6.0,6.0,1.0,0.0,6.0,,,,,,,,,,,,,,,,
2018,Mark Andrews,TE,Oklahoma,6-5,256.0,4.67,31.0,17.0,113.0,7.34,4.38,True,3.0,86.0,mark andrews,TE,2018,mark andrews,100.0,mark andrews,2017.0,TE,,,,,,,,3.0,1.0,0.0,,,,,,,,,,,,,,,,,,,,,,,,,,,,,,,,,,,59.0,62.0,8.0,958.0,15.5,,,,,
2018,Troy Apke,S,Penn State,6-2,198.0,4.34,41.0,16.0,131.0,6.56,4.03,True,4.0,109.0,troy apke,S,2018,troy apke,100.0,troy apke,2017.0,S,5.0,3.0,0.0,37.0,0.0,3.0,54.0,,,,1.0,1.0,0.0,1.0,,,,,,,,,,,,,,,,,,,,3.0,3.0,1.0,0.0,3.0,,,,,,,,,,,,,,,,
2018,Ade Aruna,DE,Tulane,6-6,262.0,4.6,38.5,18.0,128.0,7.53,4.48,True,6.0,218.0,ade aruna,DE,2018,ade aruna,100.0,ade aruna,2017.0,DE,2.0,3.0,3.0,15.0,0.0,3.0,25.0,0.0,0.0,1.0,,,,,,,,,,,,,,,,,,,,,,,,,,,,,,,,,,,,,,,,,,,,
2018,Marcell Ateman,WR,Oklahoma State,6-4,216.0,4.62,34.0,13.0,121.0,7.07,4.25,True,7.0,228.0,marcell ateman,WR,2018,marcell ateman,100.0,marcell ateman,2017.0,WR,,,,,,,,1.0,0.0,0.0,,,,,,,,,,,,,,,,,,,,,,,,,,,,,,,,,,,69.0,59.0,8.0,1156.0,19.6,,,,,
2018,Kalen Ballage,RB,Arizona State,6-1,228.0,4.46,33.5,15.0,122.0,6.91,4.35,True,4.0,131.0,kalen ballage,RB,2018,kalen ballage,100.0,kalen ballage,2017.0,RB,0.0,0.0,0.0,0.0,0.0,0.0,1.0,1.0,0.0,0.0,,,,,20.8,51.0,21.0,0.0,437.0,,,,,,,,,,,,,,,,,,,,,,,,,,10.0,20.0,0.0,91.0,4.6,157.0,35.0,6.0,669.0,4.3
2018,J.T. Barrett,QB,Ohio State,6-1,224.0,4.7,30.0,,108.0,7.38,4.44,False,,,jt barrett,QB,2018,jt barrett,100.0,jt barrett,2017.0,QB,0.0,0.0,0.0,1.0,0.0,0.0,1.0,2.0,1.0,0.0,,,,,,,,,,,,,,,,,371.0,240.0,9.0,0.647,35.0,3053.0,8.2,,,,,,,,,,,,,,,,,165.0,37.0,12.0,798.0,4.8
2018,Deontay Burnett,WR,USC,6-0,186.0,,,,,,,False,,,deontay burnett,WR,2018,deontay burnett,100.0,deontay burnett,2017.0,WR,,,,,,,,1.0,1.0,0.0,,,,,,,,,,,,,,,,,,,,,,,,,,,,,,,,,,,42.0,86.0,9.0,1114.0,13.0,2.0,3.0,0.0,,
2018,Marcus Baugh,TE,Ohio State,6-3,247.0,4.81,33.0,,117.0,7.28,4.51,False,,,marcus baugh,TE,2018,marcus baugh,100.0,marcus baugh,2017.0,TE,0.0,0.0,0.0,1.0,0.0,0.0,1.0,,,,,,,,,,,,,,,,,,,,,,,,,,,,,,,,,,,,,,31.0,28.0,5.0,304.0,10.9,1.0,5.0,0.0,5.0,5.0
2018,Nick Bawden,FB,San Diego State,6-2,245.0,,,,,,,True,7.0,237.0,nick bawden,FB,2018,nick bawden,100.0,nick bawden,2017.0,FB,0.0,0.0,0.0,1.0,0.0,0.0,1.0,,,,,,,,,,,,,,,,,,,,,,,,,,,,,,,,,,,,,,24.0,15.0,1.0,103.0,6.9,,,,,
2018,Kurt Benkert,QB,Virginia,6-3,218.0,4.95,31.0,16.0,112.0,7.15,4.33,False,,,kurt benkert,QB,2018,kurt benkert,100.0,kurt benkert,2017.0,QB,,,,,,,,11.0,3.0,0.0,,,,,,,,,,,,,,,,,509.0,298.0,9.0,0.585,25.0,3207.0,6.3,,,,,,,,,,,,,,,,,65.0,15.0,0.0,,
2018,Braxton Berrios,WR,Miami (FL),5-9,184.0,,,11.0,,,,True,6.0,210.0,braxton berrios,WR,2018,braxton berrios,100.0,braxton berrios,2017.0,WR,,,,,,,,,,,,,,,,,,,,,,,,,,,1.0,1.0,0.0,1.0,0.0,17.0,17.0,15.9,44.0,13.0,0.0,207.0,,,,,,,55.0,54.0,9.0,670.0,12.4,1.0,9.0,0.0,9.0,9.0
2018,Drew Brown,K,Nebraska,5-10,208.0,,,,,,,False,,,drew brown,K,2018,drew brown,100.0,drew brown,2017.0,PK,0.0,0.0,0.0,3.0,0.0,0.0,3.0,,,,,,,,,,,,,14.0,12.0,44.0,0.857,73.0,37.0,37.0,,,,,,,,,,,,,,,,,,,,,,,,,,,,
2018,Equanimeous St. brown,WR,Notre Dame,6-5,214.0,4.48,,20.0,,,,True,6.0,207.0,equanimeous st brown,WR,2018,equanimeous st brown,100.0,equanimeous st brown,2017.0,WR,,,,,,,,,,,,,,,,,,,,,,,,,,,,,,,,,,,,,,,,,,,,,75.0,33.0,4.0,515.0,15.6,,,,,
2016,Darian Thompson,S,Boise State,6-2,208.0,4.69,32.5,12.0,118.0,7.26,4.33,True,3.0,71.0,darian thompson,S,2016,darian thompson,100.0,darian thompson,2015.0,S,,,,,,,,,,,9.2,5.0,0.0,46.0,,,,,,,,,,,,,,,,,,,,,,,,,,,,,,,0.0,0.0,0.0,,0.0,,,,,
2016,Carson Wentz,QB,North Dakota State,6-5,237.0,4.77,30.5,,118.0,6.86,4.15,True,1.0,2.0,carson wentz,QB,2016,carson wentz,100.0,carson wentz,2014.0,QB,,,,,,,,,,,,,,,,,,,,,,,,,,,28.0,18.0,0.0,0.643,0.0,204.0,7.3,,,,,,,,,,,,,,,,,8.0,20.0,0.0,38.0,4.8
2016,Nate Sudfeld,QB,Indiana,6-6,234.0,5.02,29.0,,105.0,,,True,6.0,187.0,nate sudfeld,QB,2016,nate sudfeld,100.0,nate sudfeld,2015.0,QB,,,,,,,,,,,,,,,,,,,,,,,,,,,412.0,247.0,7.0,0.6,27.0,3573.0,8.7,,,,,,,,,,,,,,,,,46.0,21.0,5.0,61.0,1.3
2015,Devin Funchess,WR,Michigan,6-4,232.0,4.7,38.5,17.0,122.0,,,True,2.0,41.0,devin funchess,WR,2015,devin funchess,100.0,devin funchess,2014.0,WR,,,,,,,,,,,,,,,,,,,,,,,,,,,,,,,,,,,,,,,,,,,,,45.0,62.0,4.0,733.0,11.8,2.0,0.0,0.0,,
2015,Antwan Goodley,WR,Baylor,5-10,209.0,4.44,,,,,,False,,,antwan goodley,WR,2015,antwan goodley,100.0,antwan goodley,2014.0,WR,,,,,,,,,,,,,,,19.0,19.0,1.0,0.0,19.0,,,,,,,,,,,,,,,,,,,,,,,,,,66.0,60.0,6.0,830.0,13.8,8.0,33.0,0.0,71.0,8.9
2015,Melvin Gordon,RB,Wisconsin,6-1,215.0,4.52,35.0,19.0,126.0,7.04,4.07,True,1.0,15.0,melvin gordon,RB,2015,melvin gordon,100.0,melvin gordon,2014.0,RB,,,,,,,,,,,,,,,,,,,,,,,,,,,,,,,,,,,,,,,,,,,,,35.0,19.0,3.0,153.0,8.1,343.0,88.0,29.0,2587.0,7.5
2015,Doran Grant,CB,Ohio State,5-10,200.0,4.44,33.0,21.0,116.0,,4.33,True,4.0,121.0,doran grant,CB,2015,doran grant,100.0,doran grant,2014.0,CB,,,,,,,,,,,21.2,5.0,0.0,106.0,,,,,,,,,,,,,,,,,,,,,,,,,,,,,,,,,,,,,,,,
2015,Garrett Grayson,QB,Colorado State,6-2,213.0,4.75,,,,,,True,3.0,75.0,garrett grayson,QB,2015,garrett grayson,100.0,garrett grayson,2014.0,QB,,,,,,,,,,,,,,,,,,,,,,,,,,,420.0,270.0,7.0,0.643,32.0,4006.0,9.5,,,,,,,,,,,,39.0,1.0,1.0,39.0,39.0,57.0,19.0,0.0,,
2015,Dorial Green-Beckham,WR,Oklahoma,6-5,237.0,4.49,33.5,13.0,119.0,6.89,4.45,True,2.0,40.0,dorial greenbeckham,WR,2015,dorial greenbeckham,100.0,dorial greenbeckham,2013.0,WR,,,,,,,,,,,,,,,,,,,,,,,,,,,,,,,,,,,,,,,,,,,,,68.0,59.0,12.0,883.0,15.0,1.0,3.0,0.0,3.0,3.0
2015,Randy Gregory,DE,Nebraska,6-5,235.0,4.64,36.5,24.0,125.0,,,True,2.0,60.0,randy gregory,DE,2015,randy gregory,100.0,randy gregory,2014.0,DE,,,,,,,,,,,0.0,1.0,0.0,0.0,,,,,,,,,,,,,,,,,,,,,,,,,,,,,,,,,,,,,,,,
2015,Obum Gwacham,DE,Oregon State,6-5,246.0,4.72,36.0,22.0,121.0,7.28,4.28,True,6.0,209.0,obum gwacham,DE,2015,obum gwacham,100.0,obum gwacham,2013.0,DE,,,,,,,,,,,,,,,,,,,,,,,,,,,,,,,,,,,,,,,,,,,,,6.0,1.0,0.0,6.0,6.0,,,,,
2015,Chris Hackett,S,TCU,6-0,195.0,4.81,32.0,,110.0,7.12,4.2,False,,,chris hackett,S,2015,chris hackett,100.0,chris hackett,2014.0,S,,,,,,,,,,,18.7,7.0,0.0,131.0,,,,,,,,,,,,,,,,,,,,6.0,6.0,1.0,0.0,6.0,,,,,,,,,,,,,,,,
2015,Rannell Hall,WR,Central Florida,6-0,198.0,4.6,41.0,16.0,132.0,6.86,4.15,False,,,rannell hall,WR,2015,rannell hall,100.0,rannell hall,2014.0,WR,,,,,,,,,,,,,,,27.5,58.0,12.0,0.0,330.0,,,,,,,,,,,,,,,,,,,,,,,,,,34.0,49.0,0.0,500.0,10.2,25.0,32.0,1.0,129.0,5.2
2015,Connor Halliday,QB,Washington State,6-3,204.0,4.87,,,,,,False,,,connor halliday,QB,2015,connor halliday,100.0,connor halliday,2014.0,QB,,,,,,,,,,,,,,,,,,,,,,,,,,,526.0,354.0,11.0,0.673,32.0,3873.0,7.4,,,,,,,,,,,,,,,,,29.0,13.0,0.0,,
2015,Justin Hardy,WR,East Carolina,5-10,192.0,4.56,36.5,11.0,114.0,6.63,4.21,True,4.0,107.0,justin hardy,WR,2015,justin hardy,100.0,justin hardy,2014.0,WR,,,,,,,,,,,,,,,,,,,,,,,,,,,4.0,1.0,0.0,0.25,1.0,41.0,10.3,4.0,20.0,24.0,0.0,95.0,,,,,,,66.0,121.0,10.0,1494.0,12.3,1.0,7.0,1.0,7.0,7.0
2015,Josh Harper,WR,Fresno State,6-1,191.0,4.64,32.0,13.0,108.0,7.15,4.36,False,,,josh harper,WR,2015,josh harper,100.0,josh harper,2014.0,WR,,,,,,,,,,,,,,,,,,,,,,,,,,,,,,,,,,,,,,,,,,,,,58.0,90.0,7.0,1097.0,12.2,2.0,2.0,0.0,,
2015,Dee Hart,RB,Colorado State,5-7,199.0,4.8,33.0,,113.0,7.2,4.38,False,,,dee hart,RB,2015,dee hart,100.0,dee hart,2014.0,RB,,,,,,,,,,,,,,,19.0,43.0,3.0,0.0,57.0,,,,,,,,,,,,,,,4.6,11.0,9.0,0.0,41.0,,,,,,,24.0,18.0,2.0,189.0,10.5,194.0,76.0,16.0,1275.0,6.6
2015,Braylon Heard,RB,Kentucky,5-10,198.0,4.63,30.5,19.0,116.0,7.19,4.4,False,,,braylon heard,RB,2015,braylon heard,100.0,braylon heard,2014.0,RB,,,,,,,,,,,,,,,16.5,20.0,2.0,0.0,33.0,,,,,,,,,,,,,,,,,,,,,,,,,,21.0,21.0,0.0,108.0,5.1,72.0,73.0,4.0,366.0,5.1
2015,Amarlo Herrera,ILB,Georgia,6-1,244.0,4.83,32.0,23.0,111.0,7.35,4.27,True,6.0,207.0,amarlo herrera,ILB,2015,amarlo herrera,100.0,amarlo herrera,2014.0,ILB,,,,,,,,,,,0.0,1.0,0.0,0.0,,,,,,,,,,,,,,,,,,,,,,,,,,,,,,,,,,,,,,,,
2015,Charles Gaines,CB,Louisville,5-10,180.0,4.44,34.5,,123.0,7.07,4.2,True,6.0,189.0,charles gaines,CB,2015,charles gaines,100.0,charles gaines,2014.0,CB,,,,,,,,,,,6.0,2.0,0.0,12.0,19.0,22.0,2.0,0.0,38.0,,,,,,,,,,,,,,,,,,,,,,,,,,,,,,,,,,,
2015,Sam Ficken,K,Penn State,6-1,191.0,5.06,,,,,,False,,,sam ficken,K,2015,sam ficken,100.0,sam ficken,2014.0,PK,,,,,,,,,,,,,,,,,,,,29.0,24.0,50.0,0.828,100.0,28.0,28.0,,,,,,,,,,,,,,,,,,,,,,,,,,,,
2015,Sean Hickey,OT,Syracuse,6-5,309.0,5.39,,35.0,,,,False,,,sean hickey,OT,2015,sean hickey,100.0,sean hickey,2013.0,OT,,,,,,,,,,,,,,,,,,,,,,,,,,,,,,,,,,,,,,,,,,,,,0.0,1.0,0.0,0.0,0.0,,,,,
2015,Cody Fajardo,QB,Nevada,6-1,223.0,4.63,32.5,,118.0,6.95,4.1,False,,,cody fajardo,QB,2015,cody fajardo,100.0,cody fajardo,2014.0,QB,,,,,,,,,,,,,,,,,,,,,,,,,,,405.0,239.0,11.0,0.59,18.0,2498.0,6.2,,,,,,,,,,,,,,,,,177.0,60.0,13.0,1046.0,5.9
2015,Jalen Collins,CB,LSU,6-1,203.0,4.48,36.0,,124.0,6.77,4.27,True,2.0,42.0,jalen collins,CB,2015,jalen collins,100.0,jalen collins,2014.0,CB,,,,,,,,,,,4.0,1.0,0.0,4.0,,,,,,,,,,,,,,,,,,,,,,,,,,,,,,,,,,,,,,,,
2015,Amari Cooper,WR,Alabama,6-1,211.0,4.42,33.0,,120.0,6.71,3.98,True,1.0,4.0,amari cooper,WR,2015,amari cooper,100.0,amari cooper,2014.0,WR,,,,,,,,,,,,,,,,,,,,,,,,,,,,,,,,,,,,,,,,,,,,,80.0,124.0,16.0,1727.0,13.9,5.0,20.0,0.0,23.0,4.6
2015,Corey Crawford,DE,Clemson,6-5,299.0,5.01,33.0,,110.0,7.64,4.65,False,,,corey crawford,DE,2015,corey crawford,100.0,corey crawford,2013.0,DE,,,,,,,,,,,18.0,1.0,0.0,18.0,,,,,,,,,,,,,,,,,,,,,,,,,,,,,,,,,,,,,,,,
2015,John Crockett,RB,North Dakota State,6-0,217.0,4.62,40.0,15.0,125.0,7.15,4.25,False,,,john crockett,RB,2015,john crockett,100.0,john crockett,2014.0,RB,,,,,,,,,,,,,,,,,,,,,,,,,,,,,,,,,,,,,,,,,,,,,26.0,1.0,0.0,26.0,26.0,17.0,80.0,3.0,139.0,8.2
2015,Jamison Crowder,WR,Duke,5-8,185.0,4.56,37.0,10.0,115.0,7.17,4.32,True,4.0,105.0,jamison crowder,WR,2015,jamison crowder,100.0,jamison crowder,2014.0,WR,,,,,,,,,,,,,,,26.0,26.0,1.0,0.0,26.0,,,,,,,,1.0,1.0,0.0,1.0,1.0,12.0,12.0,12.7,68.0,22.0,2.0,280.0,,,,,,,52.0,85.0,6.0,1044.0,12.3,2.0,6.0,0.0,9.0,4.5
2015,DaVaris Daniels,WR,Notre Dame,6-1,201.0,4.62,37.0,13.0,122.0,,,False,,,davaris daniels,WR,2015,davaris daniels,100.0,davaris daniels,2013.0,WR,,,,,,,,,,,,,,,,,,,,,,,,,,,,,,,,,,,,,,,,,,,,,82.0,49.0,7.0,745.0,15.2,2.0,2.0,0.0,,
2015,Ronald Darby,CB,Florida State,5-11,193.0,4.38,41.5,12.0,129.0,6.94,4.14,True,2.0,50.0,ronald darby,CB,2015,ronald darby,100.0,ronald darby,2013.0,CB,,,,,,,,,,,8.0,2.0,0.0,16.0,,,,,,,,,,,,,,,,,,,,,,,,,,,,,,,,,,,,,,,,
2015,Geremy Davis,WR,Connecticut,6-2,216.0,4.49,36.5,23.0,124.0,6.86,4.18,True,6.0,186.0,geremy davis,WR,2015,geremy davis,100.0,geremy davis,2014.0,WR,,,,,,,,,,,,,,,,,,,,,,,,,,,,,,,,,,,,,,,,,,,,,39.0,44.0,3.0,521.0,11.8,,,,,
2015,Quandre Diggs,CB,Texas,5-9,196.0,4.56,35.5,17.0,113.0,7.22,4.15,True,6.0,200.0,quandre diggs,CB,2015,quandre diggs,100.0,quandre diggs,2014.0,CB,,,,,,,,,,,4.7,3.0,0.0,14.0,,,,,,,,,,,,,,,,,,,,,,2.0,0.0,,,,,,,,,,,,,,,,,
2015,Stefon Diggs,WR,Maryland,6-0,195.0,4.46,35.0,,115.0,7.03,4.32,True,5.0,146.0,stefon diggs,WR,2015,stefon diggs,100.0,stefon diggs,2014.0,WR,,,,,,,,,,,,,,,23.9,59.0,20.0,0.0,478.0,,,,,,,,,,,,,,,,,,,,,,,,,,77.0,62.0,5.0,792.0,12.8,5.0,12.0,0.0,28.0,5.6
2015,Phillip Dorsett,WR,Miami (FL),5-10,185.0,4.33,37.0,13.0,122.0,6.7,4.11,True,1.0,29.0,phillip dorsett,WR,2015,phillip dorsett,100.0,phillip dorsett,2014.0,WR,,,,,,,,,,,,,,,14.5,22.0,8.0,0.0,116.0,,,,,,,,,,,,,,,,0.0,1.0,0.0,,,,,,,,79.0,36.0,10.0,871.0,24.2,2.0,1.0,0.0,,
2015,Lorenzo Doss,CB,Tulane,5-10,182.0,4.5,33.5,9.0,115.0,7.2,4.26,True,5.0,164.0,lorenzo doss,CB,2015,lorenzo doss,100.0,lorenzo doss,2014.0,CB,,,,,,,,,,,2.3,3.0,0.0,7.0,,,,,,,,,,,,,,,,,,,,,,,,,,,,,,,,,,,,,,,,
2015,Kurtis Drummond,S,Michigan State,6-1,208.0,4.65,39.5,,119.0,7.09,4.33,False,,,kurtis drummond,S,2015,kurtis drummond,100.0,kurtis drummond,2014.0,S,,,,,,,,,,,13.0,4.0,0.0,52.0,,,,,,,,,,,,,,,,,,,,,,,,,,,,,,,,,,,,,,,,
2015,Michael Dyer,RB,Louisville,5-8,218.0,4.58,34.0,26.0,120.0,,,False,,,michael dyer,RB,2015,michael dyer,100.0,michael dyer,2014.0,RB,,,,,,,,,,,,,,,,,,,,,,,,,,,,,,,,,,,,,,,,,,,,,32.0,3.0,0.0,40.0,13.3,110.0,46.0,5.0,481.0,4.4
2015,Jahwan Edwards,RB,Ball State,5-9,220.0,4.8,35.5,16.0,117.0,7.63,4.5,False,,,jahwan edwards,RB,2015,jahwan edwards,100.0,jahwan edwards,2014.0,RB,,,,,,,,,,,,,,,13.3,23.0,4.0,0.0,53.0,,,,,,,,,,,,,,,,,,,,,,,,,,20.0,29.0,0.0,236.0,8.1,262.0,56.0,12.0,1252.0,4.8
2015,Jeff Heuerman,TE,Ohio State,6-5,254.0,4.81,,26.0,,,,True,3.0,92.0,jeff heuerman,TE,2015,jeff heuerman,100.0,jeff heuerman,2014.0,TE,,,,,,,,,,,,,,,,,,,,,,,,,,,,,,,,,,,,,,,,,,,,,32.0,17.0,2.0,207.0,12.2,,,,,
2015,Kenny Hilliard,RB,LSU,6-0,226.0,4.83,27.0,,111.0,7.17,4.4,True,7.0,235.0,kenny hilliard,RB,2015,kenny hilliard,100.0,kenny hilliard,2014.0,RB,,,,,,,,,,,,,,,,,,,,,,,,,,,,,,,,,,,,,,,,,,,,,12.0,4.0,0.0,35.0,8.8,90.0,28.0,6.0,447.0,5.0
2015,Wes Saxton,TE,South Alabama,6-3,248.0,4.65,36.0,,119.0,7.29,4.49,False,,,wes saxton,TE,2015,wes saxton,100.0,wes saxton,2014.0,TE,,,,,,,,,,,,,,,,,,,,,,,,,,,,,,,,,,,,,,,,,,,,,25.0,20.0,0.0,155.0,7.8,,,,,
2015,Marcus Mariota,QB,Oregon,6-4,222.0,4.52,36.0,,121.0,6.87,4.11,True,1.0,2.0,marcus mariota,QB,2015,marcus mariota,100.0,marcus mariota,2014.0,QB,,,,,,,,,,,,,,,,,,,,,,,,,,,445.0,304.0,4.0,0.683,42.0,4454.0,10.0,,,,,,,,,,,,26.0,1.0,1.0,26.0,26.0,135.0,61.0,15.0,770.0,5.7
2015,Joey Mbu,DT,Houston,6-3,313.0,5.54,22.5,,97.0,8.2,5.01,False,,,joey mbu,DT,2015,joey mbu,100.0,joey mbu,2014.0,DT,,,,,,,,,,,0.0,1.0,0.0,0.0,,,,,,,,,,,,,,,,,,,,,,,,,,,,,,,,,,,,,,,,
2015,Ty Montgomery,WR,Stanford,6-0,221.0,4.55,40.5,,121.0,6.97,4.21,True,3.0,94.0,ty montgomery,WR,2015,ty montgomery,100.0,ty montgomery,2014.0,WR,,,,,,,,,,,,,,,25.2,62.0,17.0,0.0,429.0,,,,,,,,,,,,,,,18.3,60.0,13.0,2.0,238.0,,,,,,,44.0,61.0,3.0,604.0,9.9,23.0,18.0,1.0,144.0,6.3
2015,Keith Mumphery,WR,Michigan State,6-0,215.0,4.54,32.5,,121.0,7.07,4.25,True,5.0,175.0,keith mumphery,WR,2015,keith mumphery,100.0,keith mumphery,2014.0,WR,,,,,,,,,,,,,,,,,,,,,,,,,,,,,,,,,,,,,,,,,,,,,62.0,26.0,3.0,495.0,19.0,6.0,33.0,1.0,85.0,14.2
2015,J.J. Nelson,WR,Ala-Birmingham,5-10,156.0,4.28,36.0,,127.0,7.02,4.15,True,5.0,159.0,jj nelson,WR,2015,jj nelson,100.0,jj nelson,2014.0,WR,,,,,,,,,,,,,,,38.3,100.0,22.0,4.0,843.0,,,,,,,,,,,,,,,10.7,35.0,26.0,0.0,277.0,,,,,,,88.0,35.0,4.0,655.0,18.7,5.0,18.0,0.0,45.0,9.0
2015,Steven Nelson,CB,Oregon State,5-10,197.0,4.49,34.5,19.0,115.0,6.88,4.07,True,3.0,98.0,steven nelson,CB,2015,steven nelson,100.0,steven nelson,2014.0,CB,,,,,,,,,,,0.0,2.0,0.0,0.0,,,,,,,,,,,,,,,,,,,,0.3,5.0,3.0,0.0,1.0,,,,,,,,,,,,,,,,
2015,Nick O'Leary,TE,Florida State,6-3,252.0,4.93,30.5,21.0,110.0,7.4,4.5,True,6.0,194.0,nick oleary,TE,2015,nick oleary,100.0,nick oleary,2014.0,TE,,,,,,,,,,,,,,,,,,,,,,,,,,,,,,,,,,,,,,,,,,,,,46.0,48.0,6.0,618.0,12.9,0.0,0.0,1.0,0.0,0.0
2015,Trevor Pardula,P,Kansas,6-4,227.0,5.12,,,,,,False,,,trevor pardula,P,2015,trevor pardula,100.0,trevor pardula,2014.0,P,,,,,,,,,,,,,,,,,,,,,,,,,,,,,,,,,,,,,,,24.0,72.0,83.0,10.0,3673.0,44.3,,,,,,,,,,
2015,DeVante Parker,WR,Louisville,6-3,209.0,4.45,36.5,17.0,125.0,,,True,1.0,14.0,devante parker,WR,2015,devante parker,100.0,devante parker,2014.0,WR,,,,,,,,,,,,,,,,,,,,,,,,,,,,,,,,,,,,,,,,,,,,,71.0,43.0,5.0,855.0,19.9,,,,,
2015,Breshad Perriman,WR,Central Florida,6-2,212.0,,,,,,,True,1.0,26.0,breshad perriman,WR,2015,breshad perriman,100.0,breshad perriman,2014.0,WR,,,,,,,,,,,,,,,,,,,,,,,,,,,,,,,,,,,,,,,,,,,,,61.0,50.0,9.0,1044.0,20.9,1.0,0.0,0.0,0.0,0.0
2015,Garry Peters,CB,Clemson,6-0,191.0,4.61,32.5,7.0,119.0,6.8,4.0,False,,,garry peters,CB,2015,garry peters,100.0,garry peters,2014.0,CB,,,,,,,,,,,12.0,1.0,0.0,12.0,,,,,,,,,,,,,,,,,,,,,,,,,,,,,,,,,,,,,,,,
2015,Bradley Pinion,P,Clemson,6-5,229.0,5.18,,,,,,True,5.0,165.0,bradley pinion,P,2015,bradley pinion,100.0,bradley pinion,2014.0,P,,,,,,,,,,,,,,,,,,,,0.0,0.0,0.0,0.0,3.0,3.0,3.0,,,,,,,,,,,,,28.0,60.0,75.0,2.0,3194.0,42.6,,,,,,,,,,
2016,Joel Stave,QB,Wisconsin,6-5,236.0,4.8,33.5,,115.0,7.29,4.33,False,,,joel stave,QB,2016,joel stave,100.0,joel stave,2015.0,QB,,,,,,,,,,,,,,,,,,,,,,,,,,,370.0,225.0,11.0,0.608,11.0,2687.0,7.3,,,,,,,,,,,,,,,,,33.0,11.0,1.0,,
2015,Jared Roberts,K,Colorado State,6-0,210.0,5.02,,,,,,False,,,jared roberts,K,2015,jared roberts,100.0,jared roberts,2014.0,PK,,,,,,,,,,,,,,,,,,,,20.0,12.0,53.0,0.6,93.0,58.0,57.0,,,,,,,,,,,,,,,,,,,,,,,,,,,,
2015,Spencer Roth,P,Baylor,6-4,227.0,5.06,,,,,,False,,,spencer roth,P,2015,spencer roth,100.0,spencer roth,2014.0,P,,,,,,,,,,,,,,,,,,,,,,,,,,,,,,,,,,,,,,,19.0,69.0,47.0,2.0,2040.0,43.4,,,,,,1.0,19.0,0.0,19.0,19.0
2015,Ezell Ruffin,WR,San Diego State,6-0,218.0,4.68,27.5,17.0,110.0,7.35,4.58,False,,,ezell ruffin,WR,2015,ezell ruffin,100.0,ezell ruffin,2014.0,WR,,,,,,,,,,,,,,,,,,,,,,,,,,,,,,,,,,,,,,,,,,,,,59.0,26.0,2.0,422.0,16.2,2.0,0.0,0.0,,
2015,Vince Mayle,WR,Washington State,6-2,224.0,4.67,35.5,,117.0,6.93,4.13,True,4.0,123.0,vince mayle,WR,2015,vince mayle,100.0,vince mayle,2014.0,WR,,,,,,,,,,,,,,,19.7,39.0,9.0,0.0,177.0,,,,,,,,,,,,,,,,,,,,,,,,,,90.0,106.0,9.0,1483.0,14.0,,,,,
2015,Justin Manton,K,La-Monroe,6-3,196.0,4.93,,,,,,False,,,justin manton,K,2015,justin manton,100.0,justin manton,2014.0,P,,,,,,,,,,,,,,,,,,,,24.0,20.0,51.0,0.833,83.0,23.0,23.0,1.0,1.0,0.0,1.0,0.0,,,,,,,,20.0,67.0,76.0,8.0,3222.0,42.4,,,,,,2.0,3.0,0.0,,
2015,Gerod Holliman,S,Louisville,6-0,218.0,4.62,,17.0,,,,True,7.0,239.0,gerod holliman,S,2015,gerod holliman,100.0,gerod holliman,2014.0,S,,,,,,,,,,,17.5,14.0,1.0,245.0,,,,,,,,,,,,,,,,,,,,,,,,,,,,,,,,,,,,,,,,
2015,Sean Mannion,QB,Oregon State,6-6,229.0,5.14,31.0,,105.0,7.29,4.39,True,3.0,89.0,sean mannion,QB,2015,sean mannion,100.0,sean mannion,2014.0,QB,,,,,,,,,,,,,,,,,,,,,,,,,,,453.0,282.0,8.0,0.623,15.0,3164.0,7.0,,,,,,,,,,,,,,,,,48.0,8.0,1.0,,
2015,Brett Hundley,QB,UCLA,6-3,226.0,4.63,36.0,,120.0,6.93,3.98,True,5.0,147.0,brett hundley,QB,2015,brett hundley,100.0,brett hundley,2014.0,QB,,,,,,,,,,,,,,,,,,,,,,,,,,,392.0,271.0,5.0,0.691,22.0,3155.0,8.0,,,,,,,,,,,,9.0,1.0,0.0,9.0,9.0,159.0,40.0,10.0,644.0,4.1
2015,Jesse James,TE,Penn State,6-7,261.0,4.83,37.5,26.0,121.0,7.53,4.5,True,5.0,160.0,jesse james,TE,2015,jesse james,100.0,jesse james,2014.0,TE,,,,,,,,,,,,,,,,,,,,,,,,,,,,,,,,,,,,,,,,,,,,,44.0,38.0,3.0,396.0,10.4,,,,,
2015,Gus Johnson,RB,Stephen F. Austin,5-10,215.0,4.7,36.5,26.0,120.0,7.09,4.13,False,,,gus johnson,RB,2015,gus johnson,100.0,gus johnson,2014.0,RB,,,,,,,,,,,,,,,,,,,,0.0,0.0,0.0,0.0,0.0,1.0,0.0,,,,,,,,,,,,,,,,,,,4.0,1.0,0.0,4.0,4.0,8.0,30.0,1.0,26.0,3.3
2015,Byron Jones,CB,Connecticut,6-1,199.0,4.43,44.5,,147.0,6.78,3.94,True,1.0,27.0,byron jones,CB,2015,byron jones,100.0,byron jones,2014.0,CB,,,,,,,,,,,35.0,2.0,1.0,70.0,,,,,,,,,,,,,,,,,,,,,,,,,,,,,,,,,,,,,,,,
2015,Christion Jones,WR,Alabama,5-10,182.0,4.63,32.5,8.0,119.0,6.91,4.19,False,,,christion jones,WR,2015,christion jones,100.0,christion jones,2014.0,WR,,,,,,,,,,,,,,,23.0,38.0,37.0,0.0,851.0,,,,,,,,,,,,,,,8.0,47.0,19.0,0.0,152.0,,,,,,,41.0,19.0,1.0,264.0,13.9,1.0,0.0,0.0,,
2015,Ben Koyack,TE,Notre Dame,6-5,255.0,4.79,,,,,,True,7.0,229.0,ben koyack,TE,2015,ben koyack,100.0,ben koyack,2014.0,TE,,,,,,,,,,,,,,,,,1.0,0.0,,,,,,,,,,,,,,,,,,,,,,,,,,,28.0,30.0,2.0,317.0,10.6,,,,,
2015,Tyler Kroft,TE,Rutgers,6-5,246.0,4.75,,17.0,,,,True,3.0,85.0,tyler kroft,TE,2015,tyler kroft,100.0,tyler kroft,2014.0,TE,,,,,,,,,,,,,,,,,,,,,,,,,,,,,,,,,,,,,,,,,,,,,27.0,24.0,0.0,269.0,11.2,,,,,
2015,Josh Lambo,K,Texas A&M,6-0,216.0,5.16,,,,,,False,,,josh lambo,K,2015,josh lambo,100.0,josh lambo,2014.0,PK,,,,,,,,,,,,,,,,,,,,15.0,13.0,50.0,0.867,98.0,59.0,59.0,,,,,,,,,,,,,,,,,,,,,,,,,,,,
2015,Jeremy Langford,RB,Michigan State,6-0,208.0,4.42,34.5,,118.0,7.22,4.32,True,4.0,106.0,jeremy langford,RB,2015,jeremy langford,100.0,jeremy langford,2014.0,RB,,,,,,,,,,,,,,,,,,,,,,,,,,,,,,,,,,,,,,,,,,,,,18.0,11.0,0.0,62.0,5.6,276.0,65.0,22.0,1522.0,5.5
2015,Tony Lippett,WR,Michigan State,6-2,192.0,4.61,36.0,10.0,114.0,6.92,4.13,True,5.0,156.0,tony lippett,WR,2015,tony lippett,100.0,tony lippett,2014.0,WR,,,,,,,,,,,,,,,,,,,,,,,,,,,,,,,,,,,,,,,,,,,,,71.0,65.0,11.0,1198.0,18.4,2.0,32.0,1.0,51.0,25.5
2015,Tyler Lockett,WR,Kansas State,5-10,182.0,4.4,35.5,,121.0,6.89,4.07,True,3.0,69.0,tyler lockett,WR,2015,tyler lockett,100.0,tyler lockett,2014.0,WR,,,,,,,,,,,,,,,20.1,33.0,18.0,0.0,362.0,,,,,,,,1.0,0.0,0.0,0.0,0.0,0.0,0.0,19.1,58.0,21.0,2.0,402.0,,,,,,,70.0,106.0,11.0,1515.0,14.3,3.0,9.0,0.0,17.0,5.7
2015,Deon Long,WR,Maryland,6-0,192.0,4.51,34.0,12.0,120.0,6.98,4.27,False,,,deon long,WR,2015,deon long,100.0,deon long,2014.0,WR,,,,,,,,,,,,,,,,,,,,,,,,,,,,,,,,,,,,,,,,,,,,,50.0,51.0,2.0,575.0,11.3,1.0,9.0,0.0,9.0,9.0
2015,Jerry Lovelocke,QB,Prairie View,6-4,248.0,4.99,31.5,,113.0,7.3,4.51,False,,,jerry lovelocke,QB,2015,jerry lovelocke,100.0,jerry lovelocke,2013.0,QB,,,,,,,,,,,,,,,,,,,,,,,,,,,27.0,16.0,0.0,0.593,0.0,109.0,4.0,,,,,,,,,,,,,,,,,,,,,
2015,Terrence Magee,RB,LSU,5-8,213.0,4.62,37.0,22.0,115.0,7.52,4.37,False,,,terrence magee,RB,2015,terrence magee,100.0,terrence magee,2014.0,RB,,,,,,,,,,,,,,,49.0,49.0,1.0,0.0,49.0,,,,,,,,1.0,1.0,0.0,1.0,0.0,44.0,44.0,,,,,,,,,,,,32.0,17.0,0.0,171.0,10.1,112.0,38.0,3.0,571.0,5.1
2015,Craig Mager,CB,Texas State,5-11,201.0,4.44,38.0,17.0,130.0,6.83,4.07,True,3.0,83.0,craig mager,CB,2015,craig mager,100.0,craig mager,2014.0,CB,,,,,,,,,,,7.0,3.0,0.0,21.0,,,,,,,,,,,,,,,,,,,,12.3,43.0,10.0,0.0,123.0,,,,,,,,,,,,,,,,
2015,Tevin Coleman,RB,Indiana,5-11,206.0,4.4,,22.0,,,,True,3.0,73.0,tevin coleman,RB,2015,tevin coleman,100.0,tevin coleman,2014.0,RB,,,,,,,,,,,,,,,,,,,,,,,,,,,,,,,,,,,,,,,,,,,,,44.0,25.0,0.0,141.0,5.6,270.0,90.0,15.0,2036.0,7.5
2015,David Cobb,RB,Minnesota,5-11,229.0,4.81,38.5,17.0,121.0,,,True,5.0,138.0,david cobb,RB,2015,david cobb,100.0,david cobb,2014.0,RB,,,,,,,,,,,,,,,,,,,,,,,,,,,1.0,1.0,0.0,1.0,0.0,9.0,9.0,,,,,,,,,,,,33.0,16.0,0.0,162.0,10.1,315.0,67.0,13.0,1629.0,5.2
2015,Sammie Coates,WR,Auburn,6-1,212.0,4.43,41.0,23.0,131.0,6.98,4.06,True,3.0,87.0,sammie coates,WR,2015,sammie coates,100.0,sammie coates,2014.0,WR,,,,,,,,,,,,,,,,,,,,,,,,,,,,,,,,,,,,,,,,,,,,,68.0,34.0,4.0,741.0,21.8,,,,,
2014,LaDarius Perkins,RB,Mississippi State,5-7,195.0,4.46,35.5,23.0,124.0,7.08,4.3,False,,,ladarius perkins,RB,2014,ladarius perkins,100.0,ladarius perkins,2013.0,RB,,,,,,,,,,,,,,,,,,,,,,,,,,,,,,,,,,,,,,,,,,,,,32.0,27.0,3.0,248.0,9.2,137.0,35.0,2.0,542.0,4.0
2014,Tevin Reese,WR,Baylor,5-10,163.0,4.46,41.0,,132.0,6.63,4.18,True,7.0,240.0,tevin reese,WR,2014,tevin reese,100.0,tevin reese,2013.0,WR,,,,,,,,,,,,,,,,,,,,,,,,,,,,,,,,,,,,,,,,,,,,,93.0,38.0,8.0,867.0,22.8,,,,,
2014,Bryn Renner,QB,North Carolina,6-3,228.0,4.87,25.5,,108.0,7.22,4.3,False,,,bryn renner,QB,2014,bryn renner,100.0,bryn renner,2013.0,QB,,,,,,,,,,,,,,,,,,,,,,,,,,,231.0,152.0,5.0,0.658,10.0,1765.0,7.6,,,,,,,,,,,,,,,,,46.0,17.0,2.0,,
2014,Rashaad Reynolds,CB,Oregon State,5-10,189.0,4.51,37.5,20.0,123.0,6.72,4.0,False,,,rashaad reynolds,CB,2014,rashaad reynolds,100.0,rashaad reynolds,2013.0,CB,,,,,,,,,,,11.5,6.0,0.0,69.0,,,,,,,,,,,,,,,,,,,,5.2,11.0,6.0,0.0,31.0,,,,,,,,,,,,,,,,
2014,Paul Richardson,WR,Colorado,6-0,175.0,4.4,38.0,,124.0,7.09,,True,2.0,45.0,paul richardson,WR,2014,paul richardson,100.0,paul richardson,2013.0,WR,,,,,,,,,,,,,,,,,,,,,,,,,,,2.0,1.0,0.0,0.5,1.0,75.0,37.5,,,,,,,,,,,,82.0,83.0,10.0,1343.0,16.2,1.0,7.0,0.0,7.0,7.0
2014,Allen Robinson,WR,Penn State,6-3,220.0,4.6,39.0,,127.0,7.0,4.0,True,2.0,61.0,allen robinson,WR,2014,allen robinson,100.0,allen robinson,2013.0,WR,,,,,,,,,,,,,,,,,,,,,,,,,,,,,,,,,,,,,,,,,,,,,65.0,97.0,6.0,1432.0,14.8,6.0,14.0,0.0,36.0,6.0
2014,Bradley Roby,CB,Ohio State,5-11,194.0,4.39,38.5,17.0,124.0,,4.04,True,1.0,31.0,bradley roby,CB,2014,bradley roby,100.0,bradley roby,2013.0,CB,,,,,,,,,,,40.0,3.0,1.0,120.0,0.0,0.0,1.0,0.0,0.0,,,,,,,,,,,,,,,13.0,17.0,2.0,1.0,26.0,,,,,,,,,,,,,,,,
2014,Cairo Santos,K,Tulane,5-8,164.0,4.76,,,,,,False,,,cairo santos,K,2014,cairo santos,100.0,cairo santos,2013.0,PK,,,,,,,,,,,,,,,,,,,,22.0,16.0,56.0,0.727,86.0,38.0,38.0,,,,,,,,,,,,,,,,,,,,,,,,,,,,
2014,Jalen Saunders,WR,Oklahoma,5-9,165.0,4.44,34.0,,122.0,,,True,4.0,104.0,jalen saunders,WR,2014,jalen saunders,100.0,jalen saunders,2013.0,WR,,,,,,,,,,,,,,,55.0,55.0,1.0,0.0,55.0,,,,,,,,,,,,,,,15.4,91.0,20.0,2.0,308.0,,,,,,,76.0,61.0,8.0,729.0,12.0,5.0,37.0,0.0,44.0,8.8
2014,Tom Savage,QB,Pittsburgh,6-4,228.0,4.97,27.0,,105.0,7.33,4.36,True,4.0,135.0,tom savage,QB,2014,tom savage,100.0,tom savage,2013.0,QB,,,,,,,,,,,,,,,,,,,,,,,,,,,389.0,238.0,9.0,0.612,21.0,2958.0,7.6,,,,,,,,,,,,,,,,,76.0,12.0,3.0,,
2014,Lache Seastrunk,RB,Baylor,5-9,201.0,4.51,41.5,15.0,134.0,,,True,6.0,186.0,lache seastrunk,RB,2014,lache seastrunk,100.0,lache seastrunk,2013.0,RB,,,,,,,,,,,,,,,,,,,,,,,,,,,,,,,,,,,,,,,,,,,,,,,,,,158.0,80.0,11.0,1177.0,7.4
2014,Austin Seferian-Jenkins,TE,Washington,6-5,262.0,4.75,,20.0,,,,True,2.0,38.0,austin seferianjenkins,TE,2014,austin seferianjenkins,100.0,austin seferianjenkins,2013.0,TE,,,,,,,,,,,,,,,,,,,,,,,,,,,,,,,,,,,,,,,,,,,,,34.0,36.0,8.0,450.0,12.5,,,,,
2014,Connor Shaw,QB,South Carolina,6-0,206.0,4.66,34.0,,116.0,7.07,4.33,False,,,connor shaw,QB,2014,connor shaw,100.0,connor shaw,2013.0,QB,,,,,,,,,,,,,,,,,,,,,,,,,,,284.0,180.0,1.0,0.634,24.0,2447.0,8.6,,,,,,,,,,,,9.0,1.0,1.0,9.0,9.0,154.0,31.0,6.0,558.0,3.6
2014,Charles Sims,RB,West Virginia,6-0,214.0,4.48,37.5,17.0,126.0,7.16,4.3,True,3.0,69.0,charles sims,RB,2014,charles sims,100.0,charles sims,2013.0,RB,,,,,,,,,,,,,,,13.3,16.0,4.0,0.0,53.0,,,,,,,,,,,,,,,,,,,,,,,,,,38.0,45.0,3.0,401.0,8.9,208.0,76.0,11.0,1095.0,5.3
2014,Willie Snead,WR,Ball State,5-11,195.0,4.62,33.5,11.0,113.0,7.19,4.39,False,,,willie snead,WR,2014,willie snead,100.0,willie snead,2013.0,WR,,,,,,,,,,,,,,,,,,,,,,,,,,,,,,,,,,,,,,,,,,,,,55.0,106.0,15.0,1516.0,14.3,,,,,
2014,Dezmen Southward,S,Wisconsin,6-0,211.0,4.38,,,,,,True,3.0,68.0,dezmen southward,S,2014,dezmen southward,100.0,dezmen southward,2013.0,S,,,,,,,,,,,0.0,1.0,0.0,0.0,,,,,,,,,,,,,,,,,,,,,,,,,,,,,,,,,,,,,,,,
2014,Jabari Price,CB,North Carolina,5-11,200.0,4.45,,16.0,,7.04,4.3,True,7.0,225.0,jabari price,CB,2014,jabari price,100.0,jabari price,2012.0,CB,,,,,,,,,,,0.0,1.0,0.0,0.0,,,,,,,,,,,,,,,,,,,,,,,,,,,,,,,,,,,,,,,,
2014,Jacob Pedersen,TE,Wisconsin,6-3,238.0,4.82,28.5,,111.0,7.55,4.4,False,,,jacob pedersen,TE,2014,jacob pedersen,100.0,jacob pedersen,2013.0,TE,,,,,,,,,,,,,,,,,,,,,,,,,,,,,,,,,,,,,,,,,,,,,61.0,39.0,3.0,551.0,14.1,,,,,
2015,Kaelin Clay,WR,Utah,5-10,195.0,4.51,33.0,10.0,113.0,6.97,4.26,True,6.0,184.0,kaelin clay,WR,2015,kaelin clay,100.0,kaelin clay,2014.0,WR,,,,,,,,,,,,,,,24.9,100.0,22.0,1.0,548.0,,,,,,,,,,,,,,,15.0,66.0,23.0,3.0,346.0,,,,,,,78.0,43.0,4.0,523.0,12.2,4.0,3.0,0.0,4.0,1.0
2014,Pat O'Donnell,P,Miami (FL),6-4,220.0,4.64,30.5,23.0,120.0,,,True,6.0,191.0,pat odonnell,P,2014,pat odonnell,100.0,pat odonnell,2013.0,P,,,,,,,,,,,,,,,,,,,,,,,,,,,,,,,,,,,,,,,0.0,71.0,53.0,0.0,2498.0,47.1,,,,,,,,,,
2014,Johnny Manziel,QB,Texas A&M,6-0,207.0,4.68,31.5,,113.0,6.75,4.03,True,1.0,22.0,johnny manziel,QB,2014,johnny manziel,100.0,johnny manziel,2013.0,QB,,,,,,,,,,,,,,,,,,,,,,,,,,,429.0,300.0,13.0,0.699,37.0,4114.0,9.6,,,,,,,,,,,,,,,,,144.0,49.0,9.0,759.0,5.3
2014,Cassius Marsh,DE,UCLA,6-4,252.0,4.89,32.0,14.0,108.0,7.08,4.25,True,4.0,108.0,cassius marsh,DE,2014,cassius marsh,100.0,cassius marsh,2013.0,DE,,,,,,,,,,,,,,,,,,,,,,,,,,,,,,,,,,,,,,,,,,,,,2.0,1.0,1.0,2.0,2.0,,,,,
2014,Tre Mason,RB,Auburn,5-8,207.0,4.5,38.5,,126.0,,4.15,True,3.0,75.0,tre mason,RB,2014,tre mason,100.0,tre mason,2013.0,RB,,,,,,,,,,,,,,,26.3,100.0,15.0,1.0,395.0,,,,,,,,,,,,,,,,,,,,,,,,,,34.0,12.0,1.0,163.0,13.6,317.0,53.0,23.0,1816.0,5.7
2014,Josh Mauro,DE,Stanford,6-6,271.0,5.21,32.0,21.0,116.0,7.43,4.51,False,,,josh mauro,DE,2014,josh mauro,100.0,josh mauro,2013.0,DE,,,,,,,,,,,25.0,1.0,0.0,25.0,,,,,,,,,,,,,,,,,,,,,,,,,,,,,,,,,,,,,,,,
2014,A.J. McCarron,QB,Alabama,6-3,220.0,4.94,28.0,,99.0,7.18,4.34,True,5.0,164.0,aj mccarron,QB,2014,aj mccarron,100.0,aj mccarron,2013.0,QB,,,,,,,,,,,,,,,,,,,,,,,,,,,336.0,226.0,7.0,0.673,28.0,3063.0,9.1,,,,,,,,,,,,,,,,,34.0,15.0,0.0,,
2014,Zach Mettenberger,QB,LSU,6-5,224.0,,,,,,,True,6.0,178.0,zach mettenberger,QB,2014,zach mettenberger,100.0,zach mettenberger,2013.0,QB,,,,,,,,,,,,,,,,,,,,,,,,,,,296.0,192.0,8.0,0.649,22.0,3082.0,10.4,,,,,,,,,,,,,,,,,34.0,10.0,0.0,,
2014,Trey Millard,FB,Oklahoma,6-2,247.0,4.64,,,,,,True,7.0,245.0,trey millard,FB,2014,trey millard,100.0,trey millard,2013.0,FB,,,,,,,,,,,,,,,11.0,11.0,1.0,0.0,11.0,,,,,,,,,,,,,,,,,,,,,,,,,,29.0,11.0,1.0,78.0,7.1,17.0,33.0,1.0,97.0,5.7
2014,Donte Moncrief,WR,Mississippi,6-2,221.0,4.4,39.5,13.0,132.0,7.02,4.3,True,3.0,90.0,donte moncrief,WR,2014,donte moncrief,100.0,donte moncrief,2013.0,WR,,,,,,,,,,,,,,,,,,,,,,,,,,,,,,,,,,,,,,,,,,,,,67.0,59.0,6.0,938.0,15.9,,,,,
2014,Stephen Morris,QB,Miami (FL),6-2,213.0,4.63,30.0,,111.0,7.36,4.49,False,,,stephen morris,QB,2014,stephen morris,100.0,stephen morris,2013.0,QB,,,,,,,,,,,,,,,,,,,,,,,,,,,344.0,198.0,12.0,0.576,21.0,3028.0,8.8,,,,,,,,,,,,0.0,1.0,0.0,,,28.0,16.0,0.0,,
2014,Adam Muema,RB,San Diego State,5-10,202.0,4.56,,,,,,False,,,adam muema,RB,2014,adam muema,100.0,adam muema,2013.0,RB,,,,,,,,,,,,,,,,,,,,,,,,,,,,,,,,,,,,,,,,,,,,,14.0,18.0,0.0,98.0,5.4,256.0,57.0,15.0,1244.0,4.9
2014,Jake Murphy,TE,Utah,6-4,249.0,4.79,33.0,24.0,114.0,7.18,4.27,False,,,jake murphy,TE,2014,jake murphy,100.0,jake murphy,2013.0,TE,,,,,,,,,,,,,,,,,,,,,,,,,,,,,,,,,,,,,,,,,,,,,64.0,25.0,5.0,417.0,16.7,,,,,
2014,Aaron Murray,QB,Georgia,6-0,207.0,4.84,,,,,,True,5.0,163.0,aaron murray,QB,2014,aaron murray,100.0,aaron murray,2013.0,QB,,,,,,,,,,,,,,,,,,,,,,,,,,,347.0,225.0,9.0,0.648,26.0,3075.0,8.9,,,,,,,,,,,,,,,,,53.0,57.0,7.0,186.0,3.5
2014,Jordan Najvar,TE,Baylor,6-6,256.0,4.93,32.5,18.0,112.0,7.14,4.47,False,,,jordan najvar,TE,2014,jordan najvar,100.0,jordan najvar,2013.0,TE,,,,,,,,,,,,,,,,,,,,,,,,,,,,,,,,,,,,,,,,,,,,,18.0,10.0,0.0,85.0,8.5,,,,,
2014,Troy Niklas,TE,Notre Dame,6-6,270.0,4.84,32.0,27.0,114.0,7.57,4.55,True,2.0,52.0,troy niklas,TE,2014,troy niklas,100.0,troy niklas,2013.0,TE,,,,,,,,,,,,,,,,,,,,,,,,,,,,,,,,,,,,,,,,,,,,,66.0,32.0,5.0,498.0,15.6,,,,,
2014,Kevin Norwood,WR,Alabama,6-2,198.0,4.48,33.0,8.0,121.0,6.68,4.32,True,4.0,123.0,kevin norwood,WR,2014,kevin norwood,100.0,kevin norwood,2013.0,WR,,,,,,,,,,,,,,,,,,,,,,,,,,,,,,,,,,,,,,,,,,,,,50.0,38.0,7.0,568.0,14.9,,,,,
2014,Devin Street,WR,Pittsburgh,6-3,198.0,4.55,37.0,,124.0,6.89,4.01,True,5.0,146.0,devin street,WR,2014,devin street,100.0,devin street,2013.0,WR,,,,,,,,,,,,,,,,,,,,,,,,,,,,,,,,,,,,,,,,,,,,,67.0,51.0,7.0,854.0,16.7,3.0,3.0,0.0,6.0,2.0
2014,Will Sutton,DT,Arizona State,6-0,303.0,5.36,28.5,24.0,99.0,7.93,4.82,True,3.0,82.0,will sutton,DT,2014,will sutton,100.0,will sutton,2013.0,DT,,,,,,,,,,,2.0,1.0,0.0,2.0,,,,,,,,,,,,,,,,,,,,,,,,,,,,,,,,,,,,,,,,
2014,De'Anthony Thomas,RB,Oregon,5-9,174.0,4.39,32.0,8.0,124.0,,,True,4.0,124.0,deanthony thomas,RB,2014,deanthony thomas,100.0,deanthony thomas,2013.0,RB,,,,,,,,,,,,,,,24.4,86.0,21.0,1.0,513.0,,,,,,,,,,,,,,,,,,,,,,,,,,28.0,22.0,1.0,246.0,11.2,96.0,40.0,8.0,594.0,6.2
2014,Logan Thomas,QB,Virginia Tech,6-6,248.0,4.61,35.5,,118.0,7.05,4.18,True,4.0,120.0,logan thomas,QB,2014,logan thomas,100.0,logan thomas,2013.0,QB,,,,,,,,,,,,,,,,,,,,,,,,,,,402.0,227.0,13.0,0.565,16.0,2907.0,7.2,,,,,,,,,,,,9.0,1.0,0.0,9.0,9.0,162.0,26.0,4.0,344.0,2.1
2015,Kenny Bell,WR,Nebraska,6-1,197.0,4.42,41.5,7.0,129.0,6.66,4.15,True,5.0,162.0,kenny bell,WR,2015,kenny bell,100.0,kenny bell,2014.0,WR,,,,,,,,,,,,,,,23.9,35.0,8.0,0.0,191.0,,,,,,,,,,,,,,,2.5,3.0,2.0,0.0,5.0,,,,,,,73.0,47.0,6.0,788.0,16.8,,,,,
2015,Bryan Bennett,QB,SE Louisiana,6-2,211.0,4.81,37.0,,125.0,7.13,4.2,False,,,bryan bennett,QB,2015,bryan bennett,100.0,bryan bennett,2014.0,QB,,,,,,,,,,,,,,,,,,,,,,,,,,,34.0,16.0,2.0,0.471,1.0,213.0,6.3,,,,,,,,,,,,,,,,,13.0,8.0,1.0,,
2015,E.J. Bibbs,TE,Iowa State,6-2,258.0,4.88,,20.0,,,,False,,,ej bibbs,TE,2015,ej bibbs,100.0,ej bibbs,2014.0,TE,,,,,,,,,,,,,,,,,,,,,,,,,,,,,,,,,,,,,,,,,,,,,33.0,45.0,8.0,382.0,8.5,,,,,
2015,Anthony Boone,QB,Duke,6-0,231.0,5.03,26.5,,100.0,7.47,4.62,False,,,anthony boone,QB,2015,anthony boone,100.0,anthony boone,2014.0,QB,,,,,,,,,,,,,,,,,,,,,,,,,,,453.0,255.0,8.0,0.563,19.0,2700.0,6.0,,,,,,,,,,,,0.0,1.0,0.0,,,94.0,30.0,5.0,375.0,4.0
2015,Brandon Bridge,QB,South Alabama,6-4,229.0,4.72,33.0,,110.0,7.18,4.37,False,,,brandon bridge,QB,2015,brandon bridge,100.0,brandon bridge,2014.0,QB,,,,,,,,,,,,,,,,,,,,,,,,,,,307.0,160.0,8.0,0.521,15.0,1927.0,6.3,,,,,,,,,,,,,,,,,101.0,65.0,4.0,297.0,2.9
2015,Kyle Brindza,K,Notre Dame,6-1,236.0,5.17,,14.0,,,,False,,,kyle brindza,K,2015,kyle brindza,100.0,kyle brindza,2014.0,PK,,,,,,,,,,,,,,,,,,,,23.0,14.0,48.0,0.609,93.0,52.0,51.0,,,,,,,,,,,,,17.0,55.0,51.0,7.0,2115.0,41.5,,,,,,,,,,
2015,Da'Ron Brown,WR,Northern Illinois,6-0,205.0,4.54,37.0,17.0,120.0,7.04,4.11,True,7.0,233.0,daron brown,WR,2015,daron brown,100.0,daron brown,2014.0,WR,,,,,,,,,,,,,,,,,,,,,,,,,,,,,,,,,,,,,,,,,,,,,64.0,68.0,6.0,1065.0,15.7,10.0,61.0,1.0,108.0,10.8
2015,Dominique Brown,RB,Louisville,6-2,234.0,4.63,,17.0,,,,False,,,dominique brown,RB,2015,dominique brown,100.0,dominique brown,2014.0,RB,,,,,,,,,,,,,,,,,,,,,,,,,,,,,,,,,,,,,,,,,,,,,39.0,7.0,0.0,85.0,12.1,96.0,33.0,4.0,378.0,3.9
2015,Michael Burton,FB,Rutgers,5-11,242.0,4.65,33.0,25.0,115.0,7.2,4.34,True,5.0,168.0,michael burton,FB,2015,michael burton,100.0,michael burton,2014.0,FB,,,,,,,,,,,,,,,,,,,,,,,,,,,1.0,1.0,0.0,1.0,0.0,,,,,,,,,,,,,,34.0,15.0,0.0,150.0,10.0,1.0,2.0,0.0,2.0,2.0
2015,Ibraheim Campbell,S,Northwestern,5-11,208.0,4.52,,23.0,,,,True,4.0,115.0,ibraheim campbell,S,2015,ibraheim campbell,100.0,ibraheim campbell,2014.0,S,,,,,,,,,,,26.3,3.0,0.0,79.0,7.0,7.0,1.0,0.0,7.0,,,,,,,,,,,,,,,5.0,7.0,2.0,0.0,10.0,,,,,,,,,,,,,,,,
2015,Shane Carden,QB,East Carolina,6-2,218.0,4.94,29.5,,104.0,7.17,4.45,False,,,shane carden,QB,2015,shane carden,100.0,shane carden,2014.0,QB,,,,,,,,,,,,,,,,,,,,,,,,,,,617.0,392.0,10.0,0.635,30.0,4736.0,7.7,,,,,,,,,,,,0.0,1.0,0.0,0.0,0.0,96.0,23.0,6.0,76.0,0.8
2015,Alex Carter,CB,Stanford,6-0,196.0,4.51,40.0,17.0,121.0,7.05,4.07,True,3.0,80.0,alex carter,CB,2015,alex carter,100.0,alex carter,2014.0,CB,,,,,,,,,,,0.0,1.0,0.0,0.0,,,,,,,,,,,,,,,,,,,,,,,,,,,,,,,,,,,,,,,,
2015,Donald Celiscar,CB,West. Michigan,5-11,194.0,4.62,,,120.0,,,False,,,donald celiscar,CB,2015,donald celiscar,100.0,donald celiscar,2014.0,CB,,,,,,,,,,,0.8,4.0,0.0,3.0,16.5,22.0,2.0,0.0,33.0,,,,,,,,,,,,,,,,,,,,,,,,,,,,,,,,,,,
2015,Gerald Christian,TE,Louisville,6-3,244.0,4.87,,28.0,,7.62,4.7,True,7.0,256.0,gerald christian,TE,2015,gerald christian,100.0,gerald christian,2014.0,TE,,,,,,,,,,,,,,,,,,,,,,,,,,,,,,,,,,,,,,,,,,,,,45.0,32.0,5.0,384.0,12.0,,,,,
2015,Kyle Christy,P,Florida,6-2,202.0,4.93,,,,,,False,,,kyle christy,P,2015,kyle christy,100.0,kyle christy,2014.0,P,,,,,,,,,,,,,,,,,,,,,,,,,,,,,,,,,,,,,,,22.0,66.0,64.0,7.0,2832.0,44.3,,,,,,,,,,
2015,Blake Bell,TE,Oklahoma,6-6,252.0,4.8,33.0,14.0,116.0,6.85,4.32,True,4.0,117.0,blake bell,TE,2015,blake bell,100.0,blake bell,2014.0,TE,,,,,,,,,,,,,,,,,,,,,,,,,,,,,,,,,,,,,,,,,,,,,47.0,16.0,4.0,214.0,13.4,2.0,2.0,0.0,4.0,2.0
2015,Cameron Artis-Payne,RB,Auburn,5-10,212.0,4.53,36.5,,118.0,7.13,,True,5.0,174.0,cameron artispayne,RB,2015,cameron artispayne,100.0,cameron artispayne,2014.0,RB,,,,,,,,,,,,,,,,,,,,,,,,,,,,,,,,,,,,,,,,,,,,,19.0,13.0,0.0,147.0,11.3,303.0,37.0,13.0,1608.0,5.3
2015,Rory Anderson,TE,South Carolina,6-5,244.0,4.73,,,,,,True,7.0,254.0,rory anderson,TE,2015,rory anderson,100.0,rory anderson,2014.0,TE,,,,,,,,,,,,,,,,,,,,,,,,,,,,,,,,,,,,,,,,,,,,,29.0,22.0,1.0,260.0,11.8,,,,,
2014,Chris Whaley,DT,Texas,6-3,269.0,5.02,,,,,,False,,,chris whaley,DT,2014,chris whaley,100.0,chris whaley,2013.0,DT,,,,,,,,,,,31.0,1.0,1.0,31.0,,,,,,,,,,,,,,,,,,,,,,,,,,,,,,,,,,,,,,,,
2014,D.J. Tialavea,TE,Utah State,6-3,267.0,4.95,,,,,,False,,,dj tialavea,TE,2014,dj tialavea,100.0,dj tialavea,2013.0,TE,,,,,,,,,,,,,,,,,,,,,,,,,,,1.0,0.0,0.0,0.0,0.0,0.0,0.0,,,,,,,,,,,,15.0,17.0,3.0,93.0,5.5,,,,,
2014,Jason Verrett,CB,TCU,5-9,189.0,4.38,39.0,,128.0,6.69,4.0,True,1.0,25.0,jason verrett,CB,2014,jason verrett,100.0,jason verrett,2013.0,CB,,,,,,,,,,,0.0,2.0,0.0,0.0,,,,,,,,,,,,,,,,,,,,,,,,,,,,,,,,,,,,,,,,
2014,Jimmie Ward,S,Northern Illinois,5-11,193.0,4.59,,9.0,,,,True,1.0,30.0,jimmie ward,S,2014,jimmie ward,100.0,jimmie ward,2013.0,S,,,,,,,,,,,14.6,7.0,1.0,102.0,,,,,,,,,,,,,,,,,,,,,,,,,,,,,,,,,,,,,,,,
2014,L'Damian Washington,WR,Missouri,6-4,195.0,4.46,32.0,8.0,115.0,7.19,4.35,False,,,ldamian washington,WR,2014,ldamian washington,100.0,ldamian washington,2013.0,WR,,,,,,,,,,,,,,,,,,,,,,,,,,,,,,,,,,,,,,,,,,,,,96.0,50.0,10.0,893.0,17.9,,,,,
2014,Sammy Watkins,WR,Clemson,6-1,211.0,4.43,34.0,16.0,126.0,6.95,4.34,True,1.0,4.0,sammy watkins,WR,2014,sammy watkins,100.0,sammy watkins,2013.0,WR,,,,,,,,,,,,,,,20.9,33.0,14.0,0.0,293.0,,,,,,,,2.0,0.0,1.0,0.0,0.0,0.0,0.0,0.0,0.0,1.0,0.0,0.0,,,,,,,96.0,101.0,12.0,1464.0,14.5,6.0,3.0,0.0,11.0,1.8
2014,Keith Wenning,QB,Ball State,6-3,218.0,5.0,28.0,,100.0,7.07,4.25,True,6.0,194.0,keith wenning,QB,2014,keith wenning,100.0,keith wenning,2013.0,QB,,,,,,,,,,,,,,,,,,,,,,,,,,,498.0,319.0,7.0,0.641,35.0,4148.0,8.3,,,,,,0.0,33.0,1.0,0.0,33.0,33.0,,,,,,45.0,12.0,5.0,44.0,1.0
2014,Damien Williams,RB,Oklahoma,5-11,222.0,4.45,35.5,16.0,121.0,7.37,4.25,False,,,damien williams,RB,2014,damien williams,100.0,damien williams,2013.0,RB,,,,,,,,,,,,,,,,,,,,,,,,,,,,,,,,,,,,,,,,,,,,,30.0,9.0,0.0,90.0,10.0,114.0,69.0,7.0,553.0,4.9
2015,Dres Anderson,WR,Utah,6-1,187.0,4.54,,13.0,,,,False,,,dres anderson,WR,2015,dres anderson,100.0,dres anderson,2014.0,WR,,,,,,,,,,,,,,,,,,,,,,,,,,,,,,,,,,,,,,,,,,,,,48.0,22.0,4.0,355.0,16.1,1.0,6.0,0.0,6.0,6.0
2014,Albert Wilson,WR,Georgia State,5-9,202.0,4.43,37.5,10.0,123.0,7.0,4.21,False,,,albert wilson,WR,2014,albert wilson,100.0,albert wilson,2013.0,WR,,,,,,,,,,,,,,,23.5,71.0,31.0,0.0,730.0,,,,,,,,,,,,,,,8.3,62.0,15.0,0.0,125.0,,,,,,,75.0,71.0,8.0,1177.0,16.6,24.0,80.0,1.0,251.0,10.5
2015,Ameer Abdullah,RB,Nebraska,5-9,205.0,4.6,42.5,24.0,130.0,6.79,3.95,True,2.0,54.0,ameer abdullah,RB,2015,ameer abdullah,100.0,ameer abdullah,2014.0,RB,,,,,,,,,,,,,,,28.0,76.0,14.0,0.0,392.0,,,,,,,,,,,,,,,,,,,,,,,,,,58.0,22.0,3.0,269.0,12.2,264.0,57.0,19.0,1611.0,6.1
2015,Nelson Agholor,WR,USC,6-0,198.0,4.42,,12.0,,,,True,1.0,20.0,nelson agholor,WR,2015,nelson agholor,100.0,nelson agholor,2014.0,WR,,,,,,,,,,,,,,,16.3,21.0,9.0,0.0,147.0,,,,,,,,,,,,,,,9.9,65.0,20.0,2.0,197.0,,,,,,,87.0,104.0,12.0,1313.0,12.6,4.0,4.0,0.0,3.0,0.8
2015,Jay Ajayi,RB,Boise State,6-0,221.0,4.57,39.0,19.0,121.0,7.1,4.1,True,5.0,149.0,jay ajayi,RB,2015,jay ajayi,100.0,jay ajayi,2014.0,RB,,,,,,,,,,,,,,,,,,,,,,,,,,,,,,,,,,,,,,,,,,,,,75.0,50.0,4.0,535.0,10.7,347.0,74.0,28.0,1823.0,5.3
2015,Mario Alford,WR,West Virginia,5-8,180.0,4.43,34.0,13.0,121.0,6.64,4.07,True,7.0,238.0,mario alford,WR,2015,mario alford,100.0,mario alford,2014.0,WR,,,,,,,,,,,,,,,28.6,100.0,26.0,2.0,743.0,,,,,,,,,,,,,,,,,2.0,0.0,,,,,,,,79.0,65.0,11.0,945.0,14.5,2.0,19.0,0.0,14.0,7.0
2015,Adrian Amos,S,Penn State,6-0,218.0,4.56,35.5,,122.0,7.09,4.03,True,5.0,142.0,adrian amos,S,2015,adrian amos,100.0,adrian amos,2014.0,S,,,,,,,,,,,11.7,3.0,0.0,35.0,,,,,,,,,,,,,,,,,,,,,,,,,,,,,,,,,,,,,,,,
2015,James Sample,S,Louisville,6-2,209.0,4.56,32.5,,123.0,7.04,,True,4.0,104.0,james sample,S,2015,james sample,100.0,james sample,2014.0,S,,,,,,,,,,,9.0,4.0,0.0,36.0,,,,,,,,,,,,,,,,,,,,,,,,,,,,,,,,,,,,,,,,
2015,Thomas Rawls,RB,Central Michigan,5-9,215.0,4.65,35.5,15.0,116.0,,,False,,,thomas rawls,RB,2015,thomas rawls,100.0,thomas rawls,2014.0,RB,,,,,,,,,,,,,,,,,,,,,,,,,,,,,,,,,,,,,,,,,,,,,40.0,10.0,0.0,93.0,9.3,210.0,46.0,10.0,1103.0,5.3
2015,JaCorey Shepherd,CB,Kansas,5-11,199.0,4.62,,14.0,,,,True,6.0,191.0,jacorey shepherd,CB,2015,jacorey shepherd,100.0,jacorey shepherd,2014.0,CB,,,,,,,,,,,0.0,3.0,0.0,0.0,20.9,33.0,37.0,0.0,773.0,,,,,,,,,,,,,,,,,,,,,,,,,,,,,,,,,,,
2016,Kendall Fuller,CB,Virginia Tech,5-11,187.0,4.48,,15.0,,,,True,3.0,84.0,kendall fuller,CB,2016,kendall fuller,100.0,kendall fuller,2014.0,CB,,,,,,,,,,,23.5,2.0,1.0,47.0,,,,,,,,,,,,,,,,,,,,1.0,5.0,2.0,0.0,2.0,,,,,,,,,,,,,,,,
2016,Cardale Jones,QB,Ohio State,6-5,253.0,4.81,36.0,,,,,True,4.0,139.0,cardale jones,QB,2016,cardale jones,100.0,cardale jones,2015.0,QB,,,,,,,,,,,,,,,,,,,,,,,,,,,176.0,110.0,5.0,0.625,8.0,1460.0,8.3,,,,,,,,,,,,,,,,,64.0,38.0,2.0,193.0,3.0
2016,Cayleb Jones,WR,Arizona,6-3,209.0,4.65,33.5,9.0,,6.99,4.14,False,,,cayleb jones,WR,2016,cayleb jones,100.0,cayleb jones,2015.0,WR,,,,,,,,,,,,,,,,,,,,,,,,,,,1.0,1.0,0.0,1.0,0.0,25.0,25.0,,,,,,,,,,,,78.0,55.0,5.0,904.0,16.4,,,,,
2016,Karl Joseph,S,West Virginia,5-10,205.0,4.57,,,,,,True,1.0,14.0,karl joseph,S,2016,karl joseph,100.0,karl joseph,2015.0,S,,,,,,,,,,,1.4,5.0,0.0,7.0,,,,,,,,,,,,,,,,,,,,,,,,,,,,,,,,,,,,,,,,
2016,Drew Kaser,P,Texas A&M,6-2,212.0,4.95,,,,,,True,6.0,179.0,drew kaser,P,2016,drew kaser,100.0,drew kaser,2015.0,P,,,,,,,,,,,,,,,,,,,,,,,,,,,,,,,,,,,,,,,0.0,71.0,60.0,0.0,2848.0,47.5,,,,,,,,,,
2016,Jayron Kearse,S,Clemson,6-4,216.0,4.62,31.5,16.0,124.0,7.06,,True,7.0,244.0,jayron kearse,S,2016,jayron kearse,100.0,jayron kearse,2015.0,S,,,,,,,,,,,0.0,1.0,0.0,0.0,,,,,,,,,,,,,,,,,,,,,,,,,,,,,,,,,,,,,,,,
2016,Cody Kessler,QB,USC,6-1,220.0,4.89,29.5,,104.0,7.32,4.0,True,3.0,93.0,cody kessler,QB,2016,cody kessler,100.0,cody kessler,2015.0,QB,,,,,,,,,,,,,,,,,,,,,,,,,,,446.0,298.0,7.0,0.668,29.0,3536.0,7.9,,,,,,,,,,,,,,,,,61.0,21.0,4.0,,
2016,Derrick Kindred,S,TCU,5-10,207.0,4.5,37.5,,123.0,7.05,4.29,True,4.0,129.0,derrick kindred,S,2016,derrick kindred,100.0,derrick kindred,2015.0,S,,,,,,,,,,,30.0,2.0,1.0,60.0,,,,,,,,,,,,,,,,,,,,,,,,,,,,,,,,,,,,,,,,
2016,Marshall Koehn,K,Iowa,6-1,197.0,4.61,,,,,,False,,,marshall koehn,K,2016,marshall koehn,100.0,marshall koehn,2015.0,PK,,,,,,,,,,,,,,,,,,,,20.0,16.0,57.0,0.8,95.0,53.0,47.0,,,,,,,,,,,,,0.0,64.0,8.0,0.0,327.0,40.9,,,,,,2.0,17.0,0.0,25.0,12.5
2016,Daniel Lasco,RB,California,6-0,209.0,4.46,41.5,23.0,135.0,7.22,4.26,True,7.0,237.0,daniel lasco,RB,2016,daniel lasco,100.0,daniel lasco,2015.0,RB,,,,,,,,,,,,,,,5.0,5.0,1.0,0.0,5.0,,,,,,,,,,,,,,,,,,,,,,,,,,20.0,4.0,0.0,24.0,6.0,65.0,22.0,3.0,331.0,5.1
2016,Darius Latham,DT,Indiana,6-4,311.0,5.32,29.0,,100.0,7.76,4.63,False,,,darius latham,DT,2016,darius latham,100.0,darius latham,2015.0,DT,,,,,,,,,,,6.0,1.0,0.0,6.0,,,,,,,,,,,,,,,,,,,,,,,,,,,,,,,,,,,,,,,,
2016,Kenny Lawler,WR,California,6-2,203.0,4.64,31.0,,111.0,7.13,4.2,True,7.0,243.0,kenny lawler,WR,2016,kenny lawler,100.0,kenny lawler,2015.0,WR,,,,,,,,,,,,,,,,,,,,,,,,,,,,,,,,,,,,,,,,,,,,,52.0,52.0,13.0,658.0,12.7,1.0,5.0,0.0,5.0,5.0
2016,Roger Lewis,WR,Bowling Green,6-0,201.0,4.57,33.5,8.0,116.0,,,False,,,roger lewis,WR,2016,roger lewis,100.0,roger lewis,2015.0,WR,,,,,,,,,,,,,,,,,,,,,,,,,,,,,,,,,,,,,,,,,,,,,94.0,85.0,16.0,1544.0,18.2,,,,,
2016,Kolby Listenbee,WR,TCU,6-0,197.0,4.39,35.5,15.0,129.0,,,True,6.0,192.0,kolby listenbee,WR,2016,kolby listenbee,100.0,kolby listenbee,2015.0,WR,,,,,,,,,,,,,,,19.0,24.0,4.0,0.0,76.0,,,,,,,,,,,,,,,,,,,,,,,,,,60.0,30.0,5.0,597.0,19.9,1.0,11.0,0.0,11.0,11.0
2016,Cory Littleton,OLB,Washington,6-3,238.0,4.73,29.5,,114.0,7.11,4.32,False,,,cory littleton,OLB,2016,cory littleton,100.0,cory littleton,2014.0,OLB,,,,,,,,,,,,,,,2.0,2.0,1.0,0.0,2.0,,,,,,,,,,,,,,,,,,,,,,,,,,,,,,,,,,,
2016,Ricardo Louis,WR,Auburn,6-2,215.0,4.43,38.0,18.0,132.0,,,True,4.0,114.0,ricardo louis,WR,2016,ricardo louis,100.0,ricardo louis,2015.0,WR,,,,,,,,,,,,,,,22.0,22.0,1.0,0.0,22.0,,,,,,,,,,,,,,,,,,,,,,,,,,56.0,46.0,3.0,716.0,15.6,29.0,18.0,1.0,158.0,5.4
2016,Andy Janovich,FB,Nebraska,6-1,238.0,4.81,34.0,30.0,119.0,7.28,4.32,True,6.0,176.0,andy janovich,FB,2016,andy janovich,100.0,andy janovich,2015.0,FB,,,,,,,,,,,,,,,15.5,22.0,2.0,0.0,31.0,,,,,,,,,,,,,,,,,,,,,,,,,,53.0,2.0,0.0,58.0,29.0,42.0,55.0,3.0,265.0,6.3
2016,William Jackson III,CB,Houston,6-0,189.0,4.37,,10.0,116.0,,,True,1.0,24.0,william jackson,CB,2016,william jackson,100.0,william jackson,2015.0,CB,,,,,,,,,,,22.0,5.0,2.0,110.0,,,,,,,,,,,,,,,,,,,,,,,,,,,,,,,,,,,,,,,,
2016,Cleveland Wallace III,CB,San Jose State,5-11,188.0,4.68,35.5,,123.0,,,False,,,cleveland wallace,CB,2016,cleveland wallace,100.0,cleveland wallace,2015.0,CB,,,,,,,,,,,24.0,3.0,1.0,72.0,,,,,,,,,,,,,,,,,,,,,,,,,,,,,,,,,,,,,,,,
2016,Derrick Henry,RB,Alabama,6-3,247.0,4.54,37.0,22.0,130.0,7.2,4.38,True,2.0,45.0,derrick henry,RB,2016,derrick henry,100.0,derrick henry,2015.0,RB,,,,,,,,,,,,,,,,,,,,,,,,,,,,,,,,,,,,,,,,,,,,,28.0,11.0,0.0,91.0,8.3,395.0,74.0,28.0,2219.0,5.6
2016,Jared Goff,QB,California,6-4,215.0,4.82,27.0,,110.0,7.17,4.47,True,1.0,1.0,jared goff,QB,2016,jared goff,100.0,jared goff,2015.0,QB,,,,,,,,,,,,,,,,,,,,,,,,,,,529.0,341.0,13.0,0.645,43.0,4719.0,8.9,,,,,,0.0,45.0,6.0,0.0,209.0,34.8,11.0,1.0,0.0,11.0,11.0,56.0,20.0,0.0,,
2016,David Grinnage,TE,North Carolina State,6-5,248.0,4.9,29.5,,106.0,,,False,,,david grinnage,TE,2016,david grinnage,100.0,david grinnage,2015.0,TE,,,,,,,,,,,,,,,,,,,,,,,,,,,,,,,,,,,,,,,,,,,,,21.0,25.0,3.0,290.0,11.6,,,,,
2016,Glenn Gronkowski,FB,Kansas State,6-2,239.0,4.71,33.0,17.0,120.0,7.1,4.45,False,,,glenn gronkowski,FB,2016,glenn gronkowski,100.0,glenn gronkowski,2015.0,FB,,,,,,,,,,,,,,,,,,,,,,,,,,,2.0,1.0,0.0,0.5,1.0,4.0,2.0,,,,,,,,,,,,31.0,5.0,1.0,76.0,15.2,11.0,11.0,1.0,45.0,4.1
2015,Jean Sifrin,TE,Massachusetts,6-5,245.0,4.84,33.0,,114.0,7.5,4.6,False,,,jean sifrin,TE,2015,jean sifrin,100.0,jean sifrin,2014.0,TE,,,,,,,,,,,,,,,,,,,,,,,,,,,,,,,,,,,,,,,,,,,,,76.0,41.0,6.0,637.0,15.5,,,,,
2016,Tom Hackett,P,Utah,5-10,198.0,4.86,,,,,,False,,,tom hackett,P,2016,tom hackett,100.0,tom hackett,2015.0,P,,,,,,,,,,,,,,,,,,,,,,,,,,,,,,,,,,,,,,,0.0,76.0,61.0,0.0,2925.0,48.0,,,,,,2.0,33.0,0.0,54.0,27.0
2016,Jerald Hawkins,OT,LSU,6-6,305.0,5.23,23.5,23.0,100.0,8.19,4.89,True,4.0,123.0,jerald hawkins,OT,2016,jerald hawkins,100.0,jerald hawkins,2015.0,OT,,,,,,,,,,,,,,,,,,,,,,,,,,,,,,,,,,,,,,,,,,,,,2.0,1.0,0.0,2.0,2.0,,,,,
2016,Willie Henry,DT,Michigan,6-3,303.0,5.0,30.5,28.0,110.0,7.57,4.53,True,4.0,132.0,willie henry,DT,2016,willie henry,100.0,willie henry,2014.0,DT,,,,,,,,,,,7.0,1.0,1.0,7.0,,,,,,,,,,,,,,,,,,,,,,,,,,,,,,,,,,,,,,,,
2016,Xavien Howard,CB,Baylor,6-0,201.0,4.58,33.0,11.0,122.0,7.18,4.15,True,2.0,38.0,xavien howard,CB,2016,xavien howard,100.0,xavien howard,2015.0,CB,,,,,,,,,,,14.8,5.0,0.0,74.0,,,,,,,,,,,,,,,,,,,,,,,,,,,,,,,,,,,,,,,,
2016,Quayvon Hicks,FB,Georgia,6-1,259.0,4.82,,,,,,False,,,quayvon hicks,FB,2016,quayvon hicks,100.0,quayvon hicks,2015.0,FB,,,,,,,,,,,,,,,,,,,,,,,,,,,,,,,,,,,,,,,,,,,,,15.0,3.0,0.0,34.0,11.3,4.0,6.0,0.0,9.0,2.3
2016,Tyler Higbee,TE,Western Kentucky,6-6,249.0,4.77,,,,,,True,4.0,110.0,tyler higbee,TE,2016,tyler higbee,100.0,tyler higbee,2015.0,TE,,,,,,,,,,,,,,,,,,,,,,,,,,,,,,,,,,,,,,,,,,,,,65.0,38.0,8.0,563.0,14.8,,,,,
2016,Rashard Higgins,WR,Colorado State,6-1,196.0,4.64,32.0,13.0,116.0,,,True,5.0,172.0,rashard higgins,WR,2016,rashard higgins,100.0,rashard higgins,2015.0,WR,,,,,,,,,,,,,,,,,,,,,,,,,,,,,,,,,,,,,,,,,,,,,46.0,75.0,8.0,1062.0,14.2,1.0,20.0,0.0,20.0,20.0
2016,Kevin Hogan,QB,Stanford,6-3,218.0,4.78,32.5,,113.0,6.9,4.31,True,5.0,162.0,kevin hogan,QB,2016,kevin hogan,100.0,kevin hogan,2015.0,QB,,,,,,,,,,,,,,,,,,,,,,,,,,,304.0,206.0,8.0,0.678,27.0,2867.0,9.4,,,,,,,,,,,,11.0,1.0,1.0,11.0,11.0,85.0,59.0,6.0,336.0,4.0
2016,Johnny Holton,WR,Cincinnati,6-1,190.0,4.54,31.5,8.0,123.0,,,False,,,johnny holton,WR,2016,johnny holton,100.0,johnny holton,2015.0,WR,,,,,,,,,,,,,,,22.0,40.0,10.0,0.0,220.0,,,,,,,,,,,,,,,,,,,,,,,,,,78.0,17.0,5.0,461.0,27.1,,,,,
2016,Austin Hooper,TE,Stanford,6-4,254.0,4.72,33.0,19.0,117.0,7.0,4.32,True,3.0,81.0,austin hooper,TE,2016,austin hooper,100.0,austin hooper,2015.0,TE,,,,,,,,,,,,,,,,,,,,,,,,,,,,,,,,,,,,,,,,,,,,,42.0,34.0,6.0,438.0,12.9,,,,,
2016,Jordan Lucas,S,Penn State,6-0,201.0,4.54,,,,,,True,6.0,204.0,jordan lucas,S,2016,jordan lucas,100.0,jordan lucas,2014.0,S,,,,,,,,,,,,,,,,,,,,,,,,,,,,,,,,,,1.0,1.0,1.0,0.0,1.0,,,,,,,,,,,,,,,,
2016,Paxton Lynch,QB,Memphis,6-7,244.0,4.86,36.0,,118.0,7.14,4.26,True,1.0,26.0,paxton lynch,QB,2016,paxton lynch,100.0,paxton lynch,2015.0,QB,,,,,,,,,,,,,,,,,,,,,,,,,,,443.0,296.0,4.0,0.668,28.0,3776.0,8.5,,,,,,,,,,,,,,,,,87.0,23.0,2.0,239.0,2.7
2016,Ryan Malleck,TE,Virginia Tech,6-4,247.0,4.77,34.5,18.0,121.0,7.0,4.33,False,,,ryan malleck,TE,2016,ryan malleck,100.0,ryan malleck,2015.0,TE,,,,,,,,,,,,,,,,,,,,,,,,,,,,,,,,,,,,,,,,,,,,,71.0,21.0,2.0,289.0,13.8,,,,,
2016,Kevon Seymour,CB,USC,5-11,186.0,4.39,35.0,12.0,124.0,,4.18,True,6.0,218.0,kevon seymour,CB,2016,kevon seymour,100.0,kevon seymour,2015.0,CB,,,,,,,,,,,27.0,1.0,0.0,27.0,,,,,,,,,,,,,,,,,,,,,,,,,,,,,,,,,,,,,,,,
2016,Jimmy Pruitt,CB,San Jose State,6-0,198.0,4.73,32.0,19.0,117.0,,,False,,,jimmy pruitt,CB,2016,jimmy pruitt,100.0,jimmy pruitt,2015.0,CB,,,,,,,,,,,18.7,3.0,1.0,56.0,,,,,,,,,,,,,,,,,,,,,,,,,,,,,,,,,,,,,,,,
2016,Demarcus Robinson,WR,Florida,6-1,203.0,4.59,34.5,,123.0,6.77,4.19,True,4.0,126.0,demarcus robinson,WR,2016,demarcus robinson,100.0,demarcus robinson,2015.0,WR,,,,,,,,,,,,,,,,,,,,,,,,,,,1.0,0.0,0.0,0.0,0.0,0.0,0.0,,,,,,,,,,,,38.0,48.0,2.0,522.0,10.9,1.0,1.0,0.0,1.0,1.0
2016,Alonzo Russell,WR,Toledo,6-4,206.0,4.54,29.5,12.0,112.0,7.18,4.33,False,,,alonzo russell,WR,2016,alonzo russell,100.0,alonzo russell,2015.0,WR,,,,,,,,,,,,,,,23.0,23.0,1.0,0.0,23.0,,,,,,,,,,,,,,,0.0,0.0,1.0,0.0,0.0,,,,,,,51.0,36.0,5.0,618.0,17.2,,,,,
2016,Keivarae Russell,CB,Notre Dame,5-11,192.0,4.49,,17.0,,,,True,3.0,74.0,keivarae russell,CB,2016,keivarae russell,100.0,keivarae russell,2015.0,CB,,,,,,,,,,,0.0,2.0,0.0,0.0,,,,,,,,,,,,,,,,,,,,,,,,,,,,,,,,,,,,,,,,
2016,Joe Schobert,OLB,Wisconsin,6-1,244.0,4.76,33.5,22.0,111.0,7.11,4.3,True,4.0,99.0,joe schobert,OLB,2016,joe schobert,100.0,joe schobert,2015.0,OLB,,,,,,,,,,,14.0,1.0,0.0,14.0,,,,,,,,,,,,,,,,,,,,,,,,,,,,,,,,,,,,1.0,57.0,0.0,57.0,57.0
2016,Rashawn Scott,WR,Miami (FL),6-1,199.0,4.54,32.5,17.0,116.0,,,False,,,rashawn scott,WR,2016,rashawn scott,100.0,rashawn scott,2015.0,WR,,,,,,,,,,,,,,,27.0,27.0,1.0,0.0,27.0,,,,,,,,,,,,,,,,,,,,,,,,,,58.0,52.0,5.0,695.0,13.4,,,,,
2016,Hunter Sharp,WR,Utah State,5-11,198.0,4.58,32.5,12.0,116.0,7.12,4.19,False,,,hunter sharp,WR,2016,hunter sharp,100.0,hunter sharp,2015.0,WR,,,,,,,,,,,,,,,35.4,96.0,7.0,1.0,248.0,,,,,,,,,,,,,,,6.4,27.0,10.0,0.0,64.0,,,,,,,49.0,71.0,9.0,835.0,11.8,8.0,8.0,0.0,20.0,2.5
2016,Dak Prescott,QB,Mississippi State,6-2,226.0,4.79,32.5,,116.0,7.11,4.32,True,4.0,135.0,dak prescott,QB,2016,dak prescott,100.0,dak prescott,2015.0,QB,,,,,,,,,,,,,,,,,,,,,,,,,,,477.0,316.0,5.0,0.662,29.0,3793.0,8.0,,,,,,,,,,,,,,,,,160.0,49.0,10.0,588.0,3.7
2016,Tajae Sharpe,WR,Massachusetts,6-2,194.0,4.55,33.5,11.0,114.0,,,True,5.0,140.0,tajae sharpe,WR,2016,tajae sharpe,100.0,tajae sharpe,2015.0,WR,,,,,,,,,,,,,,,,,,,,,,,,,,,,,,,,,,,,,,,,,,,,,49.0,111.0,5.0,1319.0,11.9,1.0,0.0,0.0,,
2016,Sterling Shepard,WR,Oklahoma,5-10,194.0,4.48,41.0,20.0,123.0,7.0,4.35,True,2.0,40.0,sterling shepard,WR,2016,sterling shepard,100.0,sterling shepard,2015.0,WR,,,,,,,,,,,,,,,,,,,,,,,,,,,,,,,,,,7.8,27.0,19.0,0.0,148.0,,,,,,,74.0,86.0,11.0,1288.0,15.0,1.0,5.0,0.0,5.0,5.0
2016,Elijah Shumate,S,Notre Dame,6-0,216.0,4.58,33.0,18.0,119.0,,4.51,False,,,elijah shumate,S,2016,elijah shumate,100.0,elijah shumate,2015.0,S,,,,,,,,,,,0.0,1.0,0.0,0.0,,,,,,,,,,,,,,,,,,,,,,,,,,,,,,,,,,,,,,,,
2016,Wendell Smallwood,RB,West Virginia,5-10,208.0,4.47,33.5,14.0,120.0,6.83,4.28,True,5.0,153.0,wendell smallwood,RB,2016,wendell smallwood,100.0,wendell smallwood,2015.0,RB,,,,,,,,,,,,,,,,,,,,,,,,,,,,,,,,,,,,,,,,,,,,,15.0,26.0,0.0,160.0,6.2,238.0,52.0,9.0,1519.0,6.4
2016,Nelson Spruce,WR,Colorado,6-1,206.0,4.69,35.0,12.0,114.0,7.09,4.2,False,,,nelson spruce,WR,2016,nelson spruce,100.0,nelson spruce,2015.0,WR,,,,,,,,,,,,,,,,,,,,,,,,,,,4.0,1.0,0.0,0.25,0.0,12.0,3.0,6.1,45.0,10.0,0.0,61.0,,,,,,,50.0,89.0,4.0,1053.0,11.8,,,,,
2016,A.J. Stamps,S,Kentucky,5-11,193.0,4.79,33.0,15.0,115.0,7.17,4.25,False,,,aj stamps,S,2016,aj stamps,100.0,aj stamps,2015.0,S,,,,,,,,,,,35.0,1.0,0.0,35.0,,,,,,,,,,,,,,,,,,,,,,,,,,,,,,,,,,,,,,,,
2016,C.J. Prosise,RB,Notre Dame,6-0,220.0,4.48,35.5,,121.0,,,True,3.0,90.0,cj prosise,RB,2016,cj prosise,100.0,cj prosise,2015.0,RB,,,,,,,,,,,,,,,,,,,,,,,,,,,,,,,,,,,,,,,,,,,,,56.0,26.0,1.0,308.0,11.8,156.0,91.0,11.0,1032.0,6.6
2016,Tyvis Powell,S,Ohio State,6-3,211.0,4.46,34.5,15.0,120.0,7.03,4.25,False,,,tyvis powell,S,2016,tyvis powell,100.0,tyvis powell,2015.0,S,,,,,,,,,,,9.7,3.0,0.0,29.0,,,,,,,,,,,,,,,,,,,,,,,,,,,,,,,,,,,,,,,,
2016,Byron Marshall,WR,Oregon,5-9,201.0,4.42,,17.0,,,,False,,,byron marshall,WR,2016,byron marshall,100.0,byron marshall,2015.0,WR,,,,,,,,,,,,,,,27.5,77.0,14.0,0.0,385.0,,,,,,,,,,,,,,,,,,,,,,,,,,25.0,9.0,2.0,121.0,13.4,,,,,
2016,Carl Nassib,DE,Penn State,6-7,277.0,4.84,28.5,21.0,114.0,7.27,4.37,True,3.0,65.0,carl nassib,DE,2016,carl nassib,100.0,carl nassib,2015.0,DE,,,,,,,,,,,10.0,1.0,0.0,10.0,,,,,,,,,,,,,,,,,,,,,,,,,,,,,,,,,,,,,,,,
2016,Blake Martinez,ILB,Stanford,6-2,237.0,4.71,28.5,22.0,113.0,6.98,4.2,True,4.0,131.0,blake martinez,ILB,2016,blake martinez,100.0,blake martinez,2015.0,ILB,,,,,,,,,,,10.0,1.0,0.0,10.0,,,,,,,,,,,,,,,,,,,,,,,,,,,,,,,,,,,,,,,,
2016,Jake McGee,TE,Florida,6-5,250.0,4.83,,17.0,,,,False,,,jake mcgee,TE,2016,jake mcgee,100.0,jake mcgee,2015.0,TE,,,,,,,,,,,,,,,,,,,,,,,,,,,,,,,,,,,,,,,,,,,,,19.0,41.0,4.0,381.0,9.3,,,,,
2016,Mekale McKay,WR,Cincinnati,6-4,207.0,4.55,35.0,12.0,123.0,7.08,4.63,False,,,mekale mckay,WR,2016,mekale mckay,100.0,mekale mckay,2015.0,WR,,,,,,,,,,,,,,,,,,,,,,,,,,,,,,,,,,,,,,,,,,,,,88.0,27.0,2.0,507.0,18.8,,,,,
2016,Jalen Mills,S,LSU,6-0,191.0,4.61,37.0,16.0,123.0,6.86,4.0,True,7.0,233.0,jalen mills,S,2016,jalen mills,100.0,jalen mills,2014.0,S,,,,,,,,,,,0.0,1.0,0.0,0.0,,,,,,,,,,,,,,,,,,,,,,,,,,,,,,,,,,,,,,,,
2016,Will Monday,P,Duke,6-4,212.0,5.1,,,,,,False,,,will monday,P,2016,will monday,100.0,will monday,2015.0,P,,,,,,,,,,,,,,,,,,,,,,,,,,,1.0,0.0,0.0,0.0,0.0,0.0,0.0,,,,,,0.0,71.0,65.0,0.0,2826.0,43.5,,,,,,1.0,3.0,0.0,3.0,3.0
2016,David Morgan,TE,Texas-San Antonio,6-4,262.0,,,,,,,True,6.0,188.0,david morgan,TE,2016,david morgan,100.0,david morgan,2015.0,TE,,,,,,,,,,,,,,,,,,,,,,,,,,,,,,,,,,,,,,,,,,,,,32.0,45.0,5.0,566.0,12.6,,,,,
2016,Robert Nkemdiche,DT,Mississippi,6-3,294.0,4.87,35.0,28.0,116.0,,,True,1.0,29.0,robert nkemdiche,DT,2016,robert nkemdiche,100.0,robert nkemdiche,2015.0,DT,,,,,,,,,,,,,,,,,,,,,,,,,,,,,,,,,,,,,,,,,,,,,31.0,1.0,1.0,31.0,31.0,4.0,1.0,2.0,2.0,0.5
2016,Kevin Peterson,CB,Oklahoma State,5-10,181.0,4.58,35.5,14.0,121.0,6.94,4.31,False,,,kevin peterson,CB,2016,kevin peterson,100.0,kevin peterson,2015.0,CB,,,,,,,,,,,9.0,1.0,0.0,9.0,,,,,,,,,,,,,,,,,,,,,,,,,,,,,,,,,,,,,,,,
2016,Marquez North,WR,Tennessee,6-2,223.0,4.48,35.0,17.0,123.0,6.9,4.13,False,,,marquez north,WR,2016,marquez north,100.0,marquez north,2015.0,WR,,,,,,,,,,,,,,,,,,,,,,,,,,,,,,,,,,,,,,,,,,,,,16.0,6.0,0.0,58.0,9.7,,,,,
2016,Nick O'Toole,P,West Virginia,6-3,219.0,5.05,,,,,,False,,,nick otoole,P,2016,nick otoole,100.0,nick otoole,2015.0,P,,,,,,,,,,,,,,,,,,,,,,,,,,,,,,,,,,,,,,,0.0,65.0,71.0,0.0,3223.0,45.4,,,,,,1.0,13.0,0.0,13.0,13.0
2016,Jaden Oberkrom,K,TCU,6-2,186.0,4.96,,,,,,False,,,jaden oberkrom,K,2016,jaden oberkrom,100.0,jaden oberkrom,2015.0,PK,,,,,,,,,,,,,,,,,,,,25.0,21.0,57.0,0.84,122.0,60.0,59.0,,,,,,,,,,,,,,,,,,,,,,,,,,,,
2016,Jordan Payton,WR,UCLA,6-1,207.0,4.47,34.5,,121.0,7.08,4.33,True,5.0,154.0,jordan payton,WR,2016,jordan payton,100.0,jordan payton,2015.0,WR,,,,,,,,,,,,,,,,,,,,,,,,,,,,,,,,,,,,,,,,,,,,,59.0,78.0,5.0,1106.0,14.2,,,,,
2016,Charone Peake,WR,Clemson,6-2,209.0,4.45,35.5,12.0,122.0,6.96,4.46,True,7.0,241.0,charone peake,WR,2016,charone peake,100.0,charone peake,2015.0,WR,,,,,,,,,,,,,,,,,,,,,,,,,,,,,,,,,,,,,,,,,,,,,64.0,50.0,5.0,716.0,14.3,,,,,
2016,Paul Perkins,RB,UCLA,5-10,208.0,4.54,32.0,19.0,124.0,,,True,5.0,149.0,paul perkins,RB,2016,paul perkins,100.0,paul perkins,2015.0,RB,,,,,,,,,,,,,,,,,,,,,,,,,,,,,,,,,,,,,,,,,,,,,31.0,30.0,1.0,242.0,8.1,237.0,82.0,14.0,1343.0,5.7
2016,Keyarris Garrett,WR,Tulsa,6-3,220.0,4.53,36.5,14.0,128.0,7.3,4.33,False,,,keyarris garrett,WR,2016,keyarris garrett,100.0,keyarris garrett,2015.0,WR,,,,,,,,,,,,,,,,,,,,,,,,,,,,,,,,,,,,,,,,,,,,,50.0,96.0,8.0,1588.0,16.5,,,,,
2016,Christian Hackenberg,QB,Penn State,6-4,223.0,4.78,31.0,,114.0,7.04,4.33,True,2.0,51.0,christian hackenberg,QB,2016,christian hackenberg,100.0,christian hackenberg,2015.0,QB,,,,,,,,,,,,,,,,,,,,,,,,,,,359.0,192.0,6.0,0.535,16.0,2525.0,7.0,,,,,,,,,,,,14.0,1.0,1.0,14.0,14.0,66.0,22.0,2.0,,
2016,Trevone Boykin,QB,TCU,6-0,212.0,4.77,32.0,,110.0,,4.4,False,,,trevone boykin,QB,2016,trevone boykin,100.0,trevone boykin,2015.0,QB,,,,,,,,,,,,,,,,,,,,,,,,,,,396.0,257.0,10.0,0.649,31.0,3575.0,9.0,,,,,,0.0,18.0,1.0,0.0,18.0,18.0,,,,,,123.0,69.0,9.0,612.0,5.0
2016,Jerell Adams,TE,South Carolina,6-5,247.0,4.64,32.5,,117.0,7.05,4.31,True,6.0,184.0,jerell adams,TE,2016,jerell adams,100.0,jerell adams,2015.0,TE,,,,,,,,,,,,,,,,,,,,,,,,,,,,,,,,,,,,,,,,,,,,,36.0,28.0,3.0,421.0,15.0,,,,,
2016,Roberto Aguayo,K,Florida State,6-0,207.0,4.96,,,,,,True,2.0,59.0,roberto aguayo,K,2016,roberto aguayo,100.0,roberto aguayo,2015.0,PK,,,,,,,,,,,,,,,,,,,,25.0,21.0,51.0,0.84,112.0,49.0,49.0,,,,,,,,,,,,,,,,,,,,,,,,,,,,
2016,Brandon Allen,QB,Arkansas,6-1,217.0,4.84,28.0,,110.0,7.06,4.33,True,6.0,201.0,brandon allen,QB,2016,brandon allen,100.0,brandon allen,2015.0,QB,,,,,,,,,,,,,,,,,,,,,,,,,,,370.0,244.0,8.0,0.659,30.0,3440.0,9.3,,,,,,,,,,,,11.0,1.0,0.0,11.0,11.0,56.0,22.0,1.0,107.0,1.9
2016,Jack Allen,C,Michigan State,6-1,294.0,5.29,26.5,23.0,101.0,7.9,4.73,False,,,jack allen,C,2016,jack allen,100.0,jack allen,2015.0,C,,,,,,,,,,,,,,,,,,,,,,,,,,,,,,,,,,,,,,,,,,,,,,,,,,1.0,9.0,1.0,9.0,9.0
2016,Geronimo Allison,WR,Illinois,6-3,196.0,4.67,33.0,,127.0,7.4,4.28,False,,,geronimo allison,WR,2016,geronimo allison,100.0,geronimo allison,2015.0,WR,,,,,,,,,,,,,,,,,,,,,,,,,,,1.0,0.0,1.0,0.0,0.0,0.0,0.0,,,,,,,,,,,,53.0,65.0,3.0,882.0,13.6,,,,,
2016,Stephen Anderson,TE,California,6-2,230.0,4.59,38.0,16.0,119.0,,,False,,,stephen anderson,TE,2016,stephen anderson,100.0,stephen anderson,2015.0,TE,,,,,,,,,,,,,,,,,,,,,,,,,,,,,,,,,,,,,,,,,,,,,34.0,41.0,2.0,474.0,11.6,,,,,
2016,Eli Apple,CB,Ohio State,6-1,199.0,4.4,,13.0,,,,True,1.0,10.0,eli apple,CB,2016,eli apple,100.0,eli apple,2015.0,CB,,,,,,,,,,,8.0,1.0,0.0,8.0,,,,,,,,,,,,,,,,,,,,,,,,,,,,,,,,,,,,,,,,
2016,Demarcus Ayers,WR,Houston,5-9,182.0,4.72,33.0,,123.0,,,True,7.0,229.0,demarcus ayers,WR,2016,demarcus ayers,100.0,demarcus ayers,2015.0,WR,,,,,,,,,,,,,,,,,,,,,,,,,,,3.0,2.0,0.0,0.667,2.0,49.0,16.3,10.4,73.0,28.0,1.0,290.0,,,,,,,67.0,98.0,6.0,1222.0,12.5,25.0,53.0,1.0,147.0,5.9
2016,Peyton Barber,RB,Auburn,5-10,228.0,4.64,32.5,20.0,111.0,7.0,4.21,False,,,peyton barber,RB,2016,peyton barber,100.0,peyton barber,2015.0,RB,,,,,,,,,,,,,,,,,,,,,,,,,,,,,,,,,,,,,,,,,,,,,28.0,11.0,0.0,112.0,10.2,238.0,36.0,13.0,1017.0,4.3
2016,Vonn Bell,S,Ohio State,5-11,199.0,4.52,,16.0,,,,True,2.0,61.0,vonn bell,S,2016,vonn bell,100.0,vonn bell,2015.0,S,,,,,,,,,,,8.0,2.0,1.0,16.0,,,,,,,,,,,,,,,,,,,,,,,,,,,,,,,,,,,,,,,,
2016,Devontae Booker,RB,Utah,5-11,219.0,4.56,,22.0,,,,True,4.0,136.0,devontae booker,RB,2016,devontae booker,100.0,devontae booker,2015.0,RB,,,,,,,,,,,,,,,,,,,,,,,,,,,1.0,1.0,0.0,1.0,1.0,25.0,25.0,,,,,,,,,,,,43.0,37.0,0.0,318.0,8.6,268.0,62.0,11.0,1261.0,4.7
2016,Joey Bosa,DE,Ohio State,6-5,269.0,4.86,32.0,24.0,120.0,6.89,4.21,True,1.0,3.0,joey bosa,DE,2016,joey bosa,100.0,joey bosa,2015.0,DE,,,,,,,,,,,28.0,1.0,0.0,28.0,,,,,,,,,,,,,,,,,,,,,,,,,,,,,,,,,,,,,,,,
2016,Tyler Boyd,WR,Pittsburgh,6-1,197.0,4.58,34.0,11.0,119.0,6.9,4.35,True,2.0,55.0,tyler boyd,WR,2016,tyler boyd,100.0,tyler boyd,2015.0,WR,,,,,,,,,,,,,,,23.4,31.0,11.0,0.0,257.0,,,,,,,,3.0,2.0,0.0,0.667,0.0,67.0,22.3,0.9,7.0,8.0,0.0,7.0,,,,,,,51.0,91.0,6.0,926.0,10.2,40.0,37.0,0.0,349.0,8.7
2016,D.J. Foster,WR,Arizona State,5-10,193.0,4.57,35.5,14.0,117.0,6.75,4.07,False,,,dj foster,WR,2016,dj foster,100.0,dj foster,2015.0,WR,,,,,,,,,,,,,,,,,,,,,,,,,,,,,,,,,,,,,,,,,,,,,33.0,59.0,3.0,584.0,9.9,55.0,63.0,1.0,280.0,5.1
2016,Jacoby Brissett,QB,North Carolina State,6-4,231.0,4.94,31.0,,113.0,7.17,4.53,True,3.0,91.0,jacoby brissett,QB,2016,jacoby brissett,100.0,jacoby brissett,2015.0,QB,,,,,,,,,,,,,,,,,,,,,,,,,,,395.0,237.0,6.0,0.6,20.0,2662.0,6.7,,,,,,,,,,,,,,,,,139.0,31.0,6.0,370.0,2.7
2016,Aaron Burbridge,WR,Michigan State,6-0,206.0,4.56,30.5,20.0,115.0,7.22,4.31,True,6.0,213.0,aaron burbridge,WR,2016,aaron burbridge,100.0,aaron burbridge,2015.0,WR,,,,,,,,,,,,,,,,,,,,,,,,,,,,,,,,,,,,,,,,,,,,,56.0,85.0,7.0,1258.0,14.8,9.0,13.0,0.0,44.0,4.9
2016,Bralon Addison,WR,Oregon,5-9,197.0,4.66,34.5,13.0,116.0,6.95,4.14,False,,,bralon addison,WR,2016,bralon addison,100.0,bralon addison,2015.0,WR,,,,,,,,,,,,,,,19.0,87.0,9.0,0.0,171.0,,,,,,,,2.0,1.0,0.0,0.5,1.0,39.0,19.5,11.6,81.0,13.0,1.0,151.0,,,,,,,48.0,63.0,10.0,804.0,12.8,17.0,13.0,2.0,84.0,4.9
2016,Vernon Adams,QB,Oregon,5-11,200.0,4.83,29.5,,114.0,6.82,4.2,False,,,vernon adams,QB,2016,vernon adams,100.0,vernon adams,2015.0,QB,,,,,,,,,,,,,,,,,,,,,,,,,,,259.0,168.0,6.0,0.649,26.0,2643.0,10.2,,,,,,,,,,,,,,,,,83.0,24.0,2.0,147.0,1.8
2016,Devon Cajuste,WR,Stanford,6-4,234.0,4.62,36.0,12.0,123.0,6.49,4.2,False,,,devon cajuste,WR,2016,devon cajuste,100.0,devon cajuste,2015.0,WR,,,,,,,,,,,,,,,,,,,,,,,,,,,,,,,,,,,,,,,,,,,,,42.0,27.0,3.0,383.0,14.2,,,,,
2015,T.J. Yeldon,RB,Alabama,6-1,226.0,4.61,36.0,22.0,117.0,7.19,4.22,True,2.0,36.0,tj yeldon,RB,2015,tj yeldon,100.0,tj yeldon,2014.0,RB,,,,,,,,,,,,,,,,,,,,,,,,,,,,,,,,,,,,,,,,,,,,,37.0,15.0,1.0,180.0,12.0,194.0,31.0,11.0,979.0,5.0
2015,Blake Sims,QB,Alabama,5-11,218.0,4.57,30.5,,115.0,,,False,,,blake sims,QB,2015,blake sims,100.0,blake sims,2014.0,QB,,,,,,,,,,,,,,,,,,,,,,,,,,,391.0,252.0,10.0,0.645,28.0,3487.0,8.9,,,,,,,,,,,,,,,,,83.0,43.0,7.0,350.0,4.2
2015,DeAndre Smelter,WR,Georgia Tech,6-2,226.0,4.52,,,,,,True,4.0,132.0,deandre smelter,WR,2015,deandre smelter,100.0,deandre smelter,2014.0,WR,,,,,,,,,,,,,,,,,,,,,,,,,,,,,,,,,,,,,,,,,,,,,71.0,35.0,7.0,715.0,20.4,3.0,75.0,1.0,103.0,34.3
2015,Jaelen Strong,WR,Arizona State,6-2,217.0,4.44,42.0,,123.0,,,True,3.0,70.0,jaelen strong,WR,2015,jaelen strong,100.0,jaelen strong,2014.0,WR,,,,,,,,,,,,,,,,,,,,,,,,,,,,,,,,,,,,,,,,,,,,,77.0,82.0,10.0,1165.0,14.2,,,,,
2015,Damian Swann,CB,Georgia,6-0,189.0,4.5,33.0,,118.0,,,True,5.0,167.0,damian swann,CB,2015,damian swann,100.0,damian swann,2014.0,CB,,,,,,,,,,,4.5,4.0,0.0,18.0,,,,,,,,,,,,,,,,,,,,,,,,,,,,,,,,,,,,,,,,
2015,Randall Telfer,TE,USC,6-4,250.0,4.83,,20.0,,,,True,6.0,198.0,randall telfer,TE,2015,randall telfer,100.0,randall telfer,2014.0,TE,,,,,,,,,,,,,,,,,,,,,,,,,,,,,,,,,,,,,,,,,,,,,21.0,21.0,2.0,197.0,9.4,,,,,
2015,Eric Tomlinson,TE,Texas-El Paso,6-6,263.0,4.98,30.5,19.0,110.0,7.46,4.54,False,,,eric tomlinson,TE,2015,eric tomlinson,100.0,eric tomlinson,2014.0,TE,,,,,,,,,,,,,,,,,,,,,,,,,,,,,,,,,,,,,,,,,,,,,14.0,19.0,1.0,134.0,7.1,,,,,
2015,Max Valles,OLB,Virginia,6-5,251.0,4.83,36.5,,121.0,7.59,4.37,True,6.0,179.0,max valles,OLB,2015,max valles,100.0,max valles,2014.0,OLB,,,,,,,,,,,35.0,1.0,1.0,35.0,,,,,,,,,,,,,,,,,,,,,,,,,,,,,,,,,,,,,,,,
2015,Clive Walford,TE,Miami (FL),6-4,251.0,4.79,35.0,20.0,120.0,7.32,4.57,True,3.0,68.0,clive walford,TE,2015,clive walford,100.0,clive walford,2014.0,TE,,,,,,,,,,,,,,,,,,,,,,,,,,,,,,,,,,,,,,,,,,,,,61.0,44.0,7.0,676.0,15.4,,,,,
2015,Darren Waller,WR,Georgia Tech,6-6,238.0,4.46,37.0,12.0,125.0,7.07,4.25,True,6.0,204.0,darren waller,WR,2015,darren waller,100.0,darren waller,2014.0,WR,,,,,,,,,,,,,,,,,,,,,,,,,,,,,,,,,,,,,,,,,,,,,55.0,26.0,6.0,442.0,17.0,,,,,
2015,Trae Waynes,CB,Michigan State,6-0,186.0,4.31,38.0,19.0,122.0,7.06,4.39,True,1.0,11.0,trae waynes,CB,2015,trae waynes,100.0,trae waynes,2014.0,CB,,,,,,,,,,,0.0,3.0,0.0,0.0,,,,,,,,,,,,,,,,,,,,,,,,,,,,,,,,,,,,,,,,
2015,DeAndrew White,WR,Alabama,5-11,193.0,4.44,34.5,,118.0,6.97,4.18,False,,,deandrew white,WR,2015,deandrew white,100.0,deandrew white,2014.0,WR,,,,,,,,,,,,,,,1.0,1.0,1.0,0.0,1.0,,,,,,,,,,,,,,,,,,,,,,,,,,58.0,40.0,4.0,504.0,12.6,2.0,0.0,0.0,,
2015,Karlos Williams,RB,Florida State,6-1,230.0,4.48,33.5,16.0,117.0,7.16,4.46,True,5.0,155.0,karlos williams,RB,2015,karlos williams,100.0,karlos williams,2014.0,RB,,,,,,,,,,,,,,,13.7,14.0,3.0,0.0,41.0,,,,,,,,,,,,,,,,,,,,,,,,,,27.0,29.0,1.0,265.0,9.1,150.0,28.0,11.0,689.0,4.6
2015,Maxx Williams,TE,Minnesota,6-4,249.0,4.78,34.5,17.0,117.0,7.3,4.37,True,2.0,55.0,maxx williams,TE,2015,maxx williams,100.0,maxx williams,2014.0,TE,,,,,,,,,,,,,,,,,,,,,,,,,,,,,,,,,,,,,,,,,,,,,54.0,36.0,8.0,569.0,15.8,,,,,
2015,Jameis Winston,QB,Florida State,6-4,231.0,4.97,28.5,,103.0,7.16,4.36,True,1.0,1.0,jameis winston,QB,2015,jameis winston,100.0,jameis winston,2014.0,QB,,,,,,,,,,,,,,,,,,,,,,,,,,,467.0,305.0,18.0,0.653,25.0,3907.0,8.4,,,,,,,,,,,,,,,,,57.0,28.0,3.0,65.0,1.1
2015,Cam Worthy,WR,East Carolina,6-2,211.0,4.59,,12.0,,,,False,,,cam worthy,WR,2015,cam worthy,100.0,cam worthy,2014.0,WR,,,,,,,,,,,,,,,,,,,,,,,,,,,,,,,,,,,,,,,,,,,,,53.0,55.0,4.0,1016.0,18.5,,,,,
2016,Juston Burris,CB,North Carolina State,6-0,212.0,4.53,36.5,19.0,122.0,7.1,4.4,True,4.0,118.0,juston burris,CB,2016,juston burris,100.0,juston burris,2015.0,CB,,,,,,,,,,,6.0,1.0,0.0,6.0,,,,,,,,,,,,,,,,,,,,,,,,,,,,,,,,,,,,,,,,
2023,Bryce Young,QB,Alabama,5-10,204.0,,,,,,,True,1.0,1.0,bryce young,QB,2023,bryce young,100.0,bryce young,2022.0,QB,,,,,,,,1.0,0.0,0.0,,,,,,,,,,,,,,,,,380.0,245.0,5.0,0.645,32.0,3328.0,8.8,,,,,,,,,,,,,,,,,49.0,63.0,4.0,185.0,3.8
2016,Maurice Canady,CB,Virginia,6-1,193.0,4.49,38.0,16.0,124.0,7.03,4.09,True,6.0,209.0,maurice canady,CB,2016,maurice canady,100.0,maurice canady,2015.0,CB,,,,,,,,,,,,,,,,,,,,,,,,,,,,,,,,,,25.2,74.0,5.0,1.0,126.0,,,,,,,,,,,,,,,,
2016,Marshaun Coprich,RB,Illinois State,5-8,207.0,4.47,34.0,17.0,112.0,7.26,4.58,False,,,marshaun coprich,RB,2016,marshaun coprich,100.0,marshaun coprich,2015.0,RB,,,,,,,,,,,,,,,,,,,,,,,,,,,,,,,,,,,,,,,,,,,,,13.0,4.0,0.0,33.0,8.3,13.0,7.0,0.0,32.0,2.5
2016,Josh Ferguson,RB,Illinois,5-9,198.0,4.48,34.5,21.0,120.0,,,False,,,josh ferguson,RB,2016,josh ferguson,100.0,josh ferguson,2015.0,RB,,,,,,,,,,,,,,,,,,,,,,,,,,,,,,,,,,,,,,,,,,,,,34.0,37.0,2.0,280.0,7.6,129.0,52.0,3.0,708.0,5.5
2016,Jason Fanaika,DE,Utah,6-2,271.0,4.92,35.5,23.0,113.0,7.06,4.39,False,,,jason fanaika,DE,2016,jason fanaika,100.0,jason fanaika,2014.0,DE,,,,,,,,,,,3.0,1.0,0.0,3.0,,,,,,,,,,,,,,,,,,,,,,,,,,,,,,,,,,,,,,,,
2016,Ka'Imi Fairbairn,K,UCLA,5-11,183.0,4.96,,,,,,False,,,kaimi fairbairn,K,2016,kaimi fairbairn,100.0,kaimi fairbairn,2015.0,PK,,,,,,,,,,,,,,,,,,,,24.0,20.0,60.0,0.833,107.0,47.0,47.0,,,,,,,,,,,,,,,,,,,,,,,,,,,,
2016,Tyler Ervin,RB,San Jose State,5-10,192.0,4.41,39.0,17.0,130.0,,,True,4.0,119.0,tyler ervin,RB,2016,tyler ervin,100.0,tyler ervin,2015.0,RB,,,,,,,,,,,,,,,23.9,71.0,25.0,0.0,597.0,,,,,,,,,,,,,,,13.1,85.0,8.0,1.0,105.0,,,,,,,24.0,45.0,2.0,334.0,7.4,294.0,71.0,13.0,1601.0,5.4
2016,Ezekiel Elliott,RB,Ohio State,6-0,225.0,4.47,32.5,,118.0,,,True,1.0,4.0,ezekiel elliott,RB,2016,ezekiel elliott,100.0,ezekiel elliott,2015.0,RB,,,,,,,,,,,,,,,,,,,,,,,,,,,,,,,,,,6.5,10.0,2.0,0.0,13.0,,,,,,,30.0,27.0,0.0,206.0,7.6,289.0,80.0,23.0,1821.0,6.3
2016,Jeff Driskel,QB,Louisiana Tech,6-4,234.0,4.56,32.0,,122.0,7.19,4.25,True,6.0,207.0,jeff driskel,QB,2016,jeff driskel,100.0,jeff driskel,2015.0,QB,,,,,,,,,,,,,,,,,,,,,,,,,,,450.0,281.0,8.0,0.624,27.0,4033.0,9.0,,,,,,,,,,,,,,,,,92.0,37.0,5.0,323.0,3.5
2016,Kenyan Drake,RB,Alabama,6-1,210.0,4.45,34.5,10.0,123.0,7.04,4.21,True,3.0,73.0,kenyan drake,RB,2016,kenyan drake,100.0,kenyan drake,2015.0,RB,,,,,,,,,,,,,,,25.3,95.0,20.0,1.0,505.0,,,,,,,,,,,,,,,,,,,,,,,,,,69.0,29.0,1.0,276.0,9.5,77.0,58.0,1.0,408.0,5.3
2016,Brandon Doughty,QB,Western Kentucky,6-3,213.0,5.22,27.0,,103.0,7.49,4.52,True,7.0,223.0,brandon doughty,QB,2016,brandon doughty,100.0,brandon doughty,2015.0,QB,,,,,,,,,,,,,,,,,,,,,,,,,,,540.0,388.0,9.0,0.719,48.0,5055.0,9.4,,,,,,,,,,,,7.0,1.0,1.0,7.0,7.0,27.0,11.0,1.0,,
2016,Josh Doctson,WR,TCU,6-2,202.0,4.5,41.0,14.0,131.0,6.84,4.08,True,1.0,22.0,josh doctson,WR,2016,josh doctson,100.0,josh doctson,2015.0,WR,,,,,,,,,,,,,,,,,,,,,,,,,,,,,,,,,,,,,,,,,,,,,55.0,79.0,14.0,1327.0,16.8,1.0,6.0,0.0,6.0,6.0
2016,Riley Dixon,P,Syracuse,6-4,221.0,5.04,,,,,,True,7.0,228.0,riley dixon,P,2016,riley dixon,100.0,riley dixon,2015.0,P,,,,,,,,,,,,,,,,,,,,,,,,,,,1.0,1.0,0.0,1.0,0.0,,,,,,,,0.0,64.0,65.0,0.0,2839.0,43.7,,,,,,3.0,15.0,0.0,29.0,9.7
2016,Kenneth Dixon,RB,Louisiana Tech,5-10,215.0,4.56,37.5,18.0,121.0,6.97,4.28,True,4.0,134.0,kenneth dixon,RB,2016,kenneth dixon,100.0,kenneth dixon,2015.0,RB,,,,,,,,,,,,,,,,,,,,,,,,,,,,,,,,,,,,,,,,,,,,,59.0,34.0,7.0,467.0,13.7,197.0,65.0,19.0,1070.0,5.4
2016,KJ Dillon,S,West Virginia,6-0,210.0,4.53,,11.0,121.0,,,True,5.0,159.0,kj dillon,S,2016,kj dillon,100.0,kj dillon,2015.0,S,,,,,,,,,,,12.5,2.0,0.0,25.0,13.0,27.0,2.0,0.0,26.0,,,,,,,,,,,,,,,6.3,19.0,8.0,0.0,50.0,,,,,,,,,,,,,,,,
2016,Brad Craddock,K,Maryland,6-0,186.0,4.88,,,,,,False,,,brad craddock,K,2016,brad craddock,100.0,brad craddock,2015.0,PK,,,,,,,,,,,,,,,,,,,,10.0,8.0,44.0,0.8,46.0,23.0,22.0,,,,,,,,,,,,,0.0,52.0,9.0,0.0,328.0,36.4,,,,,,,,,,
2016,Cody Core,WR,Mississippi,6-3,205.0,4.47,31.5,14.0,119.0,,,True,6.0,199.0,cody core,WR,2016,cody core,100.0,cody core,2015.0,WR,,,,,,,,,,,,,,,,,,,,,,,,,,,,,,,,,,,,,,,,,,,,,73.0,37.0,4.0,644.0,17.4,1.0,1.0,0.0,1.0,1.0
2016,Jeremy Cash,S,Duke,6-0,212.0,4.56,,,,,,False,,,jeremy cash,S,2016,jeremy cash,100.0,jeremy cash,2014.0,S,,,,,,,,,,,19.0,2.0,0.0,38.0,,,,,,,,,,,,,,,,,,,,,,,,,,,,,,,,,,,,,,,,
2016,Connor Cook,QB,Michigan State,6-4,217.0,4.79,33.0,,113.0,7.21,4.28,True,4.0,100.0,connor cook,QB,2016,connor cook,100.0,connor cook,2015.0,QB,,,,,,,,,,,,,,,,,,,,,,,,,,,408.0,229.0,7.0,0.561,24.0,3131.0,7.7,,,,,,,,,,,,,,,,,52.0,22.0,0.0,56.0,1.1
2016,Tra Carson,RB,Texas A&M,5-11,227.0,4.63,,19.0,,,,False,,,tra carson,RB,2016,tra carson,100.0,tra carson,2015.0,RB,,,,,,,,,,,,,,,,,,,,,,,,,,,2.0,1.0,0.0,0.5,0.0,28.0,14.0,,,,,,,,,,,,31.0,29.0,1.0,183.0,6.3,242.0,55.0,7.0,1165.0,4.8
2016,Corey Coleman,WR,Baylor,5-11,194.0,4.42,40.5,17.0,129.0,,,True,1.0,15.0,corey coleman,WR,2016,corey coleman,100.0,corey coleman,2015.0,WR,,,,,,,,,,,,,,,12.0,18.0,3.0,0.0,36.0,,,,,,,,,,,,,,,3.0,9.0,3.0,0.0,9.0,,,,,,,81.0,74.0,20.0,1363.0,18.4,22.0,24.0,0.0,111.0,5.0
2016,Leonte Carroo,WR,Rutgers,6-0,211.0,4.5,35.5,14.0,120.0,,,True,3.0,86.0,leonte carroo,WR,2016,leonte carroo,100.0,leonte carroo,2015.0,WR,,,,,,,,,,,,,,,,,1.0,0.0,,,,,,,,,,,,,,,,,,,,,,,,,,,58.0,39.0,10.0,809.0,20.7,,,,,
2016,Pharoh Cooper,WR,South Carolina,5-11,203.0,4.52,31.0,15.0,115.0,,,True,4.0,117.0,pharoh cooper,WR,2016,pharoh cooper,100.0,pharoh cooper,2015.0,WR,,,,,,,,,,,,,,,,,,,,,,,,,,,5.0,2.0,0.0,0.4,1.0,11.0,2.2,4.6,24.0,12.0,0.0,55.0,,,,,,,78.0,66.0,8.0,973.0,14.7,24.0,29.0,1.0,111.0,4.6
2016,Alex Collins,RB,Arkansas,5-10,217.0,4.59,28.5,18.0,113.0,,,True,5.0,171.0,alex collins,RB,2016,alex collins,100.0,alex collins,2015.0,RB,,,,,,,,,,,,,,,37.0,68.0,2.0,0.0,74.0,,,,,,,,,,,,,,,,,,,,,,,,,,31.0,13.0,0.0,95.0,7.3,271.0,80.0,20.0,1577.0,5.8
2022,Tyrese Robinson,OG,Oklahoma,6-3,317.0,5.25,22.5,,100.0,8.35,4.94,False,,,tyrese robinson,OG,2022,tyree robinson,96.55172413793103,tyree robinson,2021.0,DB,1.0,0.0,0.0,1.0,0.0,0.0,1.0,0.0,0.0,2.0,,,,,,,,,,,,,,,,,,,,,,,,,,,,,,,,,,,,,,,,,,,,
2023,Henry To'oTo'o,LB,Alabama,6-1,227.0,4.62,32.0,,116.0,,4.4,True,5.0,167.0,henry tootoo,LB,2023,henry too too,96.0,henry too too,2022.0,LB,0.0,1.0,2.5,43.0,0.0,7.0,89.0,,,,,,,,,,,,,,,,,,,,,,,,,,,,,,,,,,,,,,,,,,,,,,,
2015,Will Baumann,P,Boise State,6-6,187.0,5.14,,,,,,False,,,will baumann,P,2015,wil baumann,95.65217391304348,wil baumann,2014.0,P,,,,,,,,,,,,,,,,,,,,,,,,,,,,,,,,,,,,,,,23.0,67.0,60.0,4.0,2724.0,45.4,,,,,,,,,,
2022,Zach Thomas,OG,San Diego St.,6-5,308.0,4.96,22.5,21.0,107.0,7.4,4.65,False,,,zach thomas,OG,2022,zac thomas,95.23809523809523,zac thomas,2020.0,QB,0.0,0.0,0.0,1.0,0.0,0.0,1.0,5.0,0.0,0.0,,,,,,,,,,,,,,,,,291.0,186.0,11.0,0.639,20.0,2189.0,7.5,,,,,,1.0,30.0,1.0,0.0,30.0,30.0,,,,,,90.0,60.0,2.0,313.0,3.5
2022,Sean Rhyan,OG,UCLA,6-5,321.0,5.25,33.5,,110.0,7.55,4.81,True,3.0,92.0,sean rhyan,OG,2022,sean ryan,94.73684210526316,sean ryan,2022.0,WR,,,,,,,,,,,,,,,,,,,,,,,,,,,,,,,,,,,,,,,,,,,,,55.0,26.0,3.0,440.0,16.9,,,,,
2022,Isiah Pacheco,RB,Rutgers,5-10,216.0,4.37,33.0,,118.0,,,True,7.0,251.0,isiah pacheco,RB,2022,isaih pacheco,92.3076923076923,isaih pacheco,2021.0,RB,0.0,0.0,0.0,1.0,0.0,0.0,2.0,1.0,0.0,0.0,,,,,,,,,,,,,,,,,1.0,1.0,0.0,1.0,0.0,1.0,1.0,,,,,,,,,,,,11.0,13.0,0.0,25.0,1.9,167.0,26.0,5.0,647.0,3.9
2016,Duke Williams,WR,Auburn,6-2,229.0,4.72,30.0,14.0,121.0,7.43,4.47,False,,,duke williams,WR,2016,william dukes,92.3076923076923,william dukes,2014.0,WR,,,,,,,,,,,,,,,,,,,,,,,,,,,,,,,,,,,,,,,,,,,,,74.0,15.0,1.0,259.0,17.3,,,,,
2011,Chris Rucker,CB,Michigan State,6-0,195.0,4.54,,10.0,,,,True,6.0,188.0,chris rucker,CB,2011,chris l rucker,92.3076923076923,chris l rucker,2010.0,CB,,,,,,,,,,,10.0,2.0,0.0,20.0,,,,,,,,,,,,,,,,,,,,,,,,,,,,,,,,,,,,,,,,
2020,Jet Anderson,RB,TCU,5-10,208.0,4.61,36.0,19.0,128.0,,4.19,False,,,jet anderson,RB,2020,jaret anderson,92.3076923076923,jaret anderson,2019.0,RB,,,,,,,,,,,,,,,,,,,,,,,,,,,,,,,,,,,,,,,,,,,,,,,,,,5.0,5.0,0.0,15.0,3.0
2023,Jason Taylor II,DB,Oklahoma St.,6-0,204.0,4.5,43.0,14.0,129.0,,,False,,,jason taylor,DB,2023,mason taylor,91.66666666666666,mason taylor,2023.0,DB,0.0,0.0,0.0,5.0,0.0,0.0,5.0,,,,,,,,,,,,,,,,,,,,,,,,,,,,,,,,,,,,,,,,,,,,,,,
2011,Lestar Jean,WR,Florida Atlantic,6-3,215.0,4.61,37.5,14.0,113.0,7.45,4.43,False,,,lestar jean,WR,2011,lester jean,90.9090909090909,lester jean,2010.0,WR,,,,,,,,,,,,,,,,,,,,,,,,,,,,,,,,,,0.5,1.0,2.0,0.0,1.0,,,,,,,80.0,64.0,8.0,988.0,15.4,2.0,0.0,0.0,,
2013,Brad McDougald,S,Illinois,6-0,215.0,4.51,34.5,19.0,122.0,7.07,4.44,False,,,brad mcdougald,S,2013,bradley mcdougald,90.32258064516128,bradley mcdougald,2012.0,S,,,,,,,,,,,21.0,3.0,0.0,63.0,,,,,,,,,,,,,,,,,,,,9.8,19.0,4.0,0.0,39.0,,,,,,,,,,,,,,,,
2017,Mitchell Trubisky,QB,North Carolina,6-2,222.0,4.67,27.5,,116.0,6.87,4.25,True,1.0,2.0,mitchell trubisky,QB,2017,mitch trubisky,90.32258064516128,mitch trubisky,2016.0,QB,,,,,,,,4.0,3.0,0.0,,,,,,,,,,,,,,,,,446.0,304.0,6.0,0.682,30.0,3748.0,8.4,,,,,,,,,,,,8.0,1.0,0.0,8.0,8.0,93.0,39.0,5.0,308.0,3.3
2022,Tré Turner,WR,Virginia Tech,6-1,184.0,4.51,27.0,,113.0,7.45,4.53,False,,,tré turner,WR,2022,tre turner,90.0,tre turner,2021.0,DL,0.0,0.0,0.0,0.0,0.0,0.0,1.0,,,,,,,,,,,,,,,,,,,,,,,,,,,,,,,,,,,,,,,,,,,,,,,
2017,Davon Gaudchaux,DT,LSU,6-3,310.0,5.27,,18.0,,,,True,5.0,178.0,davon gaudchaux,DT,2017,davon godchaux,89.65517241379311,davon godchaux,2016.0,DT,1.0,3.0,6.5,24.0,0.0,8.5,62.0,0.0,0.0,2.0,,,,,,,,,,,,,,,,,,,,,,,,,,,,,,,,,,,,,,,,,,,,
2014,Anthony Steen,OG,Alabama,6-3,314.0,5.33,,,,,,False,,,anthony steen,OG,2014,anthony stephens,89.65517241379311,anthony stephens,2013.0,WR,,,,,,,,,,,,,,,,,,,,,,,,,,,,,,,,,,0.0,0.0,1.0,0.0,0.0,,,,,,,12.0,10.0,0.0,58.0,5.8,,,,,
2016,Jalin Marshall,WR,Ohio State,5-10,200.0,4.6,37.5,16.0,125.0,6.8,4.13,False,,,jalin marshall,WR,2016,jaylon marshall,89.65517241379311,jaylon marshall,2016.0,WR,,,,,,,,,,,,,,,,,,,,,,,,,,,,,,,,,,,,,,,,,,,,,13.0,1.0,0.0,13.0,13.0,,,,,
2019,Jeff Allison,LB,Fresno State,5-11,228.0,4.82,31.0,12.0,115.0,7.2,4.45,False,,,jeff allison,LB,2019,jeffrey allison,88.88888888888889,jeffrey allison,2018.0,LB,1.0,3.0,0.5,71.0,0.0,5.0,131.0,,,,13.5,2.0,0.0,27.0,,,,,,,,,,,,,,,,,,,,,,,,,,,,,,,,,,,,,,,,
2010,Chris DeGeare,OG,Wake Forest,6-4,325.0,5.12,32.5,27.0,103.0,7.84,4.9,True,5.0,161.0,chris degeare,OG,2010,chris degeorge,88.88888888888889,chris degeorge,2009.0,TE,,,,,,,,,,,,,,,2.0,2.0,1.0,0.0,2.0,,,,,,,,,,,,,,,,,,,,,,,,,,,,,,,,,,,
2021,Seth Williams,WR,Auburn,6-3,211.0,4.49,37.0,12.0,124.0,7.2,4.43,True,6.0,219.0,seth williams,WR,2021,ethon williams,88.88888888888889,ethon williams,2020.0,WR,,,,,,,,,,,,,,,,,,,,,,,,,,,,,,,,,,,,,,,,,,,,,9.0,1.0,0.0,9.0,9.0,,,,,
2018,Olubunmi Rotimi,DE,Old Dominion,6-4,273.0,,32.0,21.0,113.0,7.46,4.7,False,,,olubunmi rotimi,DE,2018,bunmi rotimi,88.88888888888889,bunmi rotimi,2017.0,DE,0.0,4.0,5.5,13.0,0.0,7.0,29.0,,,,,,,,,,,,,,,,,,,,,,,,,,,,,,,,,,,,,,,,,,,,,,,
2013,Eric Herman,OG,Ohio,6-4,320.0,5.25,28.0,36.0,95.0,7.99,5.09,True,7.0,225.0,eric herman,OG,2013,derrick herman,88.0,derrick herman,2011.0,WR,,,,,,,,,,,,,,,21.7,44.0,3.0,0.0,65.0,,,,,,,,,,,,,,,,,,,,,,,,,,12.0,4.0,0.0,30.0,7.5,,,,,
2018,Jeff Wilson,RB,North Texas,5-11,210.0,,,15.0,,,,False,,,jeff wilson,RB,2018,jeffery wilson,88.0,jeffery wilson,2017.0,RB,,,,,,,,5.0,5.0,0.0,,,,,,,,,,,,,,,,,,,,,,,,,,,,,,,,,,,20.0,24.0,0.0,168.0,7.0,188.0,66.0,16.0,1215.0,6.5
2020,Jeff Okudah,CB,Ohio State,6-1,205.0,4.48,41.0,11.0,135.0,,,True,1.0,3.0,jeff okudah,CB,2020,jeffrey okudah,88.0,jeffrey okudah,2019.0,CB,9.0,0.0,0.0,28.0,0.0,1.0,34.0,,,,0.0,3.0,0.0,0.0,,,,,,,,,,,,,,,,,,,,,,,,,,,,,,,,,,,,,,,,
